scraped_on,scraped_at,flight_date,days_left,origin,destination,route,airline_code,airlines,num_airlines,price,currency,num_stops,layover_airports,dep_time,dep_hour,arr_time,arr_hour,arrives_next_day,total_duration_min,flying_min,layover_min,plane_types,carbon_kg,carbon_typical_kg
2026-10-08,2026-10-08 16:28,2026-10-09,1,DEL,BOM,DEL-BOM,AI,Air India,1,6797,INR,0,,05:00,5,07:25,7,False,145,145,0,Airbus A320neo,102.0,100.0
2026-10-08,2026-10-08 16:28,2026-10-09,1,DEL,BOM,DEL-BOM,AI,Air India,1,6897,INR,0,,07:30,7,09:55,9,False,145,145,0,Airbus A350,100.0,100.0
2026-10-08,2026-10-08 16:28,2026-10-09,1,DEL,BOM,DEL-BOM,AI,Air India,1,6897,INR,0,,08:30,8,10:40,10,False,130,130,0,Airbus A320neo,102.0,100.0
2026-10-08,2026-10-08 16:28,2026-10-09,1,DEL,BOM,DEL-BOM,AI,Air India,1,6897,INR,0,,10:00,10,12:25,12,False,145,145,0,Airbus A320neo,102.0,100.0
2026-10-08,2026-10-08 16:28,2026-10-09,1,DEL,BOM,DEL-BOM,AI,Air India,1,6897,INR,0,,11:00,11,13:25,13,False,145,145,0,Airbus A320neo,102.0,100.0
2026-10-08,2026-10-08 16:28,2026-10-09,1,DEL,BOM,DEL-BOM,AI,Air India,1,6897,INR,0,,14:10,14,16:35,16,False,145,145,0,Airbus A320neo,102.0,100.0
2026-10-08,2026-10-08 16:28,2026-10-09,1,DEL,BOM,DEL-BOM,AI,Air India,1,6897,INR,0,,15:30,15,17:55,17,False,145,145,0,Airbus A320neo,102.0,100.0
2026-10-08,2026-10-08 16:28,2026-10-09,1,DEL,BOM,DEL-BOM,AI,Air India,1,6897,INR,0,,16:00,16,18:25,18,False,145,145,0,Airbus A320neo,102.0,100.0
2026-10-08,2026-10-08 16:28,2026-10-09,1,DEL,BOM,DEL-BOM,AI,Air India,1,7160,INR,0,,09:30,9,12:00,12,False,150,150,0,Airbus A320neo,102.0,100.0
2026-10-08,2026-10-08 16:28,2026-10-09,1,DEL,BOM,DEL-BOM,AI,Air India,1,7160,INR,0,,13:30,13,15:50,15,False,140,140,0,Airbus A320neo,102.0,100.0
2026-10-08,2026-10-08 16:28,2026-10-09,1,DEL,BOM,DEL-BOM,QP,Akasa Air,1,7201,INR,0,,10:00,10,12:20,12,False,140,140,0,Boeing 737MAX 8 Passenger,86.0,100.0
2026-10-08,2026-10-08 16:28,2026-10-09,1,DEL,BOM,DEL-BOM,AI,Air India,1,7475,INR,0,,12:00,12,14:25,14,False,145,145,0,Airbus A320neo,102.0,100.0
2026-10-08,2026-10-08 16:28,2026-10-09,1,DEL,BOM,DEL-BOM,QP,Akasa Air,1,7851,INR,0,,06:50,6,09:05,9,False,135,135,0,Boeing 737MAX 8 Passenger,90.0,100.0
2026-10-08,2026-10-08 16:28,2026-10-09,1,DEL,BOM,DEL-BOM,QP,Akasa Air,1,7851,INR,0,,16:00,16,18:20,18,False,140,140,0,Boeing 737MAX 8 Passenger,90.0,100.0
2026-10-08,2026-10-08 16:28,2026-10-09,1,DEL,BOM,DEL-BOM,AI,Air India,1,8157,INR,0,,06:30,6,08:50,8,False,140,140,0,Airbus A320neo,102.0,100.0
2026-10-08,2026-10-08 16:28,2026-10-09,1,DEL,BOM,DEL-BOM,SG,SpiceJet,1,8544,INR,0,,22:30,22,01:10,1,True,160,160,0,De Havilland-Bombardier Dash-8,118.0,100.0
2026-10-08,2026-10-08 16:28,2026-10-09,1,DEL,BOM,DEL-BOM,SG,SpiceJet,1,9505,INR,0,,19:55,19,22:40,22,False,165,165,0,Boeing 737,122.0,100.0
2026-10-08,2026-10-08 16:28,2026-10-09,1,DEL,BOM,DEL-BOM,AI,Air India,1,9569,INR,0,,17:00,17,19:25,19,False,145,145,0,Boeing 777,115.0,100.0
2026-10-08,2026-10-08 16:28,2026-10-09,1,DEL,BOM,DEL-BOM,QP,Akasa Air,1,9699,INR,0,,17:30,17,19:50,19,False,140,140,0,Boeing 737MAX 8 Passenger,86.0,100.0
2026-10-08,2026-10-08 16:28,2026-10-09,1,DEL,BOM,DEL-BOM,IX,Air India Express,1,10534,INR,0,,23:25,23,01:50,1,True,145,145,0,Boeing 737MAX 8 Passenger,103.0,100.0
2026-10-08,2026-10-08 16:28,2026-10-09,1,DEL,BOM,DEL-BOM,IX,Air India Express,1,11393,INR,0,,17:50,17,20:10,20,False,140,140,0,Airbus A320,116.0,100.0
2026-10-08,2026-10-08 16:28,2026-10-09,1,DEL,BOM,DEL-BOM,QP,Akasa Air,1,16154,INR,0,,19:55,19,22:20,22,False,145,145,0,Boeing 737MAX 8 Passenger,89.0,100.0
2026-10-08,2026-10-08 16:28,2026-10-09,1,DEL,BOM,DEL-BOM,AI,Air India,1,16583,INR,0,,20:30,20,23:05,23,False,155,155,0,Airbus A320neo,102.0,100.0
2026-10-08,2026-10-08 16:28,2026-10-09,1,DEL,BOM,DEL-BOM,AI,Air India,1,16583,INR,0,,21:30,21,23:55,23,False,145,145,0,Airbus A320neo,102.0,100.0
2026-10-08,2026-10-08 16:28,2026-10-09,1,DEL,BOM,DEL-BOM,AI,Air India,1,16583,INR,0,,22:55,22,01:25,1,True,150,150,0,Airbus A320neo,102.0,100.0
2026-10-08,2026-10-08 16:28,2026-10-09,1,DEL,BOM,DEL-BOM,AI,Air India,1,17198,INR,0,,19:30,19,21:55,21,False,145,145,0,Airbus A320neo,102.0,100.0
2026-10-08,2026-10-08 16:28,2026-10-09,1,DEL,BOM,DEL-BOM,AI,Air India,1,17198,INR,0,,20:00,20,22:30,22,False,150,150,0,Boeing 787,100.0,100.0
2026-10-08,2026-10-08 16:28,2026-10-09,1,DEL,BOM,DEL-BOM,AI,Air India,1,20657,INR,0,,21:00,21,23:20,23,False,140,140,0,Airbus A320neo,102.0,100.0
2026-10-08,2026-10-08 16:28,2026-10-09,1,DEL,BOM,DEL-BOM,AI,Air India,1,21629,INR,0,,18:00,18,20:25,20,False,145,145,0,Airbus A320neo,102.0,100.0
2026-10-08,2026-10-08 16:28,2026-10-09,1,DEL,BOM,DEL-BOM,AI,Air India,1,21629,INR,0,,19:00,19,21:25,21,False,145,145,0,Airbus A320neo,102.0,100.0
2026-10-08,2026-10-08 16:28,2026-10-11,3,DEL,BOM,DEL-BOM,AI,Air India,1,6897,INR,0,,05:00,5,07:25,7,False,145,145,0,Airbus A320neo,102.0,100.0
2026-10-08,2026-10-08 16:28,2026-10-11,3,DEL,BOM,DEL-BOM,AI,Air India,1,6897,INR,0,,06:30,6,08:50,8,False,140,140,0,Airbus A320neo,102.0,100.0
2026-10-08,2026-10-08 16:28,2026-10-11,3,DEL,BOM,DEL-BOM,AI,Air India,1,6897,INR,0,,07:00,7,09:25,9,False,145,145,0,Airbus A320neo,102.0,100.0
2026-10-08,2026-10-08 16:28,2026-10-11,3,DEL,BOM,DEL-BOM,AI,Air India,1,6897,INR,0,,07:30,7,09:55,9,False,145,145,0,Airbus A350,100.0,100.0
2026-10-08,2026-10-08 16:28,2026-10-11,3,DEL,BOM,DEL-BOM,AI,Air India,1,6897,INR,0,,08:30,8,10:40,10,False,130,130,0,Airbus A320neo,102.0,100.0
2026-10-08,2026-10-08 16:28,2026-10-11,3,DEL,BOM,DEL-BOM,AI,Air India,1,6897,INR,0,,09:00,9,11:15,11,False,135,135,0,Airbus A320neo,102.0,100.0
2026-10-08,2026-10-08 16:28,2026-10-11,3,DEL,BOM,DEL-BOM,AI,Air India,1,6897,INR,0,,09:30,9,12:00,12,False,150,150,0,Airbus A320neo,102.0,100.0
2026-10-08,2026-10-08 16:28,2026-10-11,3,DEL,BOM,DEL-BOM,AI,Air India,1,6897,INR,0,,10:00,10,12:25,12,False,145,145,0,Airbus A320neo,102.0,100.0
2026-10-08,2026-10-08 16:28,2026-10-11,3,DEL,BOM,DEL-BOM,AI,Air India,1,6897,INR,0,,21:30,21,23:55,23,False,145,145,0,Airbus A320neo,102.0,100.0
2026-10-08,2026-10-08 16:28,2026-10-11,3,DEL,BOM,DEL-BOM,AI,Air India,1,7070,INR,0,,22:55,22,01:25,1,True,150,150,0,Airbus A320neo,102.0,100.0
2026-10-08,2026-10-08 16:28,2026-10-11,3,DEL,BOM,DEL-BOM,QP,Akasa Air,1,7079,INR,0,,08:40,8,11:05,11,False,145,145,0,Boeing 737MAX 8 Passenger,90.0,100.0
2026-10-08,2026-10-08 16:28,2026-10-11,3,DEL,BOM,DEL-BOM,AI,Air India,1,7160,INR,0,,11:00,11,13:25,13,False,145,145,0,Boeing 787,103.0,100.0
2026-10-08,2026-10-08 16:28,2026-10-11,3,DEL,BOM,DEL-BOM,AI,Air India,1,7160,INR,0,,20:30,20,23:05,23,False,155,155,0,Airbus A320neo,102.0,100.0
2026-10-08,2026-10-08 16:28,2026-10-11,3,DEL,BOM,DEL-BOM,QP,Akasa Air,1,7201,INR,0,,06:50,6,09:05,9,False,135,135,0,Boeing 737MAX 8 Passenger,90.0,100.0
2026-10-08,2026-10-08 16:28,2026-10-11,3,DEL,BOM,DEL-BOM,AI,Air India,1,7338,INR,0,,21:00,21,23:20,23,False,140,140,0,Airbus A320neo,102.0,100.0
2026-10-08,2026-10-08 16:28,2026-10-11,3,DEL,BOM,DEL-BOM,AI,Air India,1,7475,INR,0,,12:00,12,14:25,14,False,145,145,0,Airbus A320neo,102.0,100.0
2026-10-08,2026-10-08 16:28,2026-10-11,3,DEL,BOM,DEL-BOM,AI,Air India,1,7475,INR,0,,17:00,17,19:25,19,False,145,145,0,Boeing 777,115.0,100.0
2026-10-08,2026-10-08 16:28,2026-10-11,3,DEL,BOM,DEL-BOM,AI,Air India,1,7475,INR,0,,20:00,20,22:30,22,False,150,150,0,Airbus A321,130.0,100.0
2026-10-08,2026-10-08 16:28,2026-10-11,3,DEL,BOM,DEL-BOM,AI,Air India,1,7664,INR,0,,15:30,15,17:55,17,False,145,145,0,Airbus A320neo,102.0,100.0
2026-10-08,2026-10-08 16:28,2026-10-11,3,DEL,BOM,DEL-BOM,QP,Akasa Air,1,7716,INR,0,,19:55,19,22:20,22,False,145,145,0,Boeing 737MAX 8 Passenger,89.0,100.0
2026-10-08,2026-10-08 16:28,2026-10-11,3,DEL,BOM,DEL-BOM,AI,Air India,1,7727,INR,0,,16:00,16,18:25,18,False,145,145,0,Airbus A320neo,102.0,100.0
2026-10-08,2026-10-08 16:28,2026-10-11,3,DEL,BOM,DEL-BOM,IX,Air India Express,1,7996,INR,0,,17:50,17,20:10,20,False,140,140,0,Airbus A320,116.0,100.0
2026-10-08,2026-10-08 16:28,2026-10-11,3,DEL,BOM,DEL-BOM,AI,Air India,1,8225,INR,0,,18:00,18,20:25,20,False,145,145,0,Airbus A320neo,102.0,100.0
2026-10-08,2026-10-08 16:28,2026-10-11,3,DEL,BOM,DEL-BOM,QP,Akasa Air,1,9033,INR,0,,17:30,17,19:50,19,False,140,140,0,Boeing 737MAX 8 Passenger,90.0,100.0
2026-10-08,2026-10-08 16:28,2026-10-11,3,DEL,BOM,DEL-BOM,QP,Akasa Air,1,9873,INR,0,,16:00,16,18:20,18,False,140,140,0,Boeing 737MAX 8 Passenger,90.0,100.0
2026-10-08,2026-10-08 16:28,2026-10-11,3,DEL,BOM,DEL-BOM,AI,Air India,1,12887,INR,0,,19:30,19,21:55,21,False,145,145,0,Airbus A320neo,102.0,100.0
2026-10-08,2026-10-08 16:28,2026-10-11,3,DEL,BOM,DEL-BOM,AI,Air India,1,23844,INR,0,,14:10,14,16:35,16,False,145,145,0,Airbus A320neo,102.0,100.0
2026-10-08,2026-10-08 16:28,2026-10-15,7,DEL,BOM,DEL-BOM,IX,Air India Express,1,6610,INR,0,,23:25,23,01:50,1,True,145,145,0,Boeing 737MAX 8 Passenger,103.0,100.0
2026-10-08,2026-10-08 16:28,2026-10-15,7,DEL,BOM,DEL-BOM,QP,Akasa Air,1,6880,INR,0,,19:55,19,22:20,22,False,145,145,0,Boeing 737MAX 8 Passenger,90.0,100.0
2026-10-08,2026-10-08 16:28,2026-10-15,7,DEL,BOM,DEL-BOM,AI,Air India,1,6897,INR,0,,05:00,5,07:25,7,False,145,145,0,Airbus A320neo,102.0,100.0
2026-10-08,2026-10-08 16:28,2026-10-15,7,DEL,BOM,DEL-BOM,AI,Air India,1,6897,INR,0,,06:30,6,08:50,8,False,140,140,0,Airbus A320neo,102.0,100.0
2026-10-08,2026-10-08 16:28,2026-10-15,7,DEL,BOM,DEL-BOM,AI,Air India,1,6897,INR,0,,09:00,9,11:15,11,False,135,135,0,Airbus A320neo,102.0,100.0
2026-10-08,2026-10-08 16:28,2026-10-15,7,DEL,BOM,DEL-BOM,AI,Air India,1,6897,INR,0,,10:00,10,12:25,12,False,145,145,0,Boeing 787,103.0,100.0
2026-10-08,2026-10-08 16:28,2026-10-15,7,DEL,BOM,DEL-BOM,AI,Air India,1,6897,INR,0,,11:00,11,13:25,13,False,145,145,0,Airbus A320neo,102.0,100.0
2026-10-08,2026-10-08 16:28,2026-10-15,7,DEL,BOM,DEL-BOM,AI,Air India,1,6897,INR,0,,12:00,12,14:25,14,False,145,145,0,Airbus A320neo,102.0,100.0
2026-10-08,2026-10-08 16:28,2026-10-15,7,DEL,BOM,DEL-BOM,AI,Air India,1,6897,INR,0,,13:30,13,15:50,15,False,140,140,0,Airbus A320neo,102.0,100.0
2026-10-08,2026-10-08 16:28,2026-10-15,7,DEL,BOM,DEL-BOM,AI,Air India,1,6897,INR,0,,14:10,14,16:35,16,False,145,145,0,Airbus A320neo,102.0,100.0
2026-10-08,2026-10-08 16:28,2026-10-15,7,DEL,BOM,DEL-BOM,AI,Air India,1,6897,INR,0,,16:00,16,18:25,18,False,145,145,0,Airbus A320neo,102.0,100.0
2026-10-08,2026-10-08 16:28,2026-10-15,7,DEL,BOM,DEL-BOM,AI,Air India,1,7013,INR,0,,08:30,8,10:40,10,False,130,130,0,Airbus A320neo,102.0,100.0
2026-10-08,2026-10-08 16:28,2026-10-15,7,DEL,BOM,DEL-BOM,AI,Air India,1,7070,INR,0,,07:30,7,09:55,9,False,145,145,0,Airbus A350,100.0,100.0
2026-10-08,2026-10-08 16:28,2026-10-15,7,DEL,BOM,DEL-BOM,QP,Akasa Air,1,7079,INR,0,,08:40,8,11:05,11,False,145,145,0,Boeing 737MAX 8 Passenger,90.0,100.0
2026-10-08,2026-10-08 16:28,2026-10-15,7,DEL,BOM,DEL-BOM,AI,Air India,1,7160,INR,0,,21:55,21,00:20,0,True,145,145,0,Airbus A321,130.0,100.0
2026-10-08,2026-10-08 16:28,2026-10-15,7,DEL,BOM,DEL-BOM,AI,Air India,1,7160,INR,0,,22:55,22,01:25,1,True,150,150,0,Airbus A320neo,102.0,100.0
2026-10-08,2026-10-08 16:28,2026-10-15,7,DEL,BOM,DEL-BOM,AI,Air India,1,7181,INR,0,,07:00,7,09:25,9,False,145,145,0,Airbus A320neo,102.0,100.0
2026-10-08,2026-10-08 16:28,2026-10-15,7,DEL,BOM,DEL-BOM,QP,Akasa Air,1,7201,INR,0,,06:50,6,09:05,9,False,135,135,0,Boeing 737MAX 8 Passenger,90.0,100.0
2026-10-08,2026-10-08 16:28,2026-10-15,7,DEL,BOM,DEL-BOM,QP,Akasa Air,1,7201,INR,0,,10:00,10,12:20,12,False,140,140,0,Boeing 737MAX 8 Passenger,86.0,100.0
2026-10-08,2026-10-08 16:28,2026-10-15,7,DEL,BOM,DEL-BOM,QP,Akasa Air,1,7201,INR,0,,17:30,17,19:50,19,False,140,140,0,Boeing 737MAX 8 Passenger,89.0,100.0
2026-10-08,2026-10-08 16:28,2026-10-15,7,DEL,BOM,DEL-BOM,AI,Air India,1,7338,INR,0,,21:30,21,23:55,23,False,145,145,0,Airbus A320neo,102.0,100.0
2026-10-08,2026-10-08 16:28,2026-10-15,7,DEL,BOM,DEL-BOM,AI,Air India,1,7454,INR,0,,20:00,20,22:30,22,False,150,150,0,Airbus A321,130.0,100.0
2026-10-08,2026-10-08 16:28,2026-10-15,7,DEL,BOM,DEL-BOM,AI,Air India,1,7475,INR,0,,21:00,21,23:20,23,False,140,140,0,Airbus A320neo,102.0,100.0
2026-10-08,2026-10-08 16:28,2026-10-15,7,DEL,BOM,DEL-BOM,AI,Air India,1,7601,INR,0,,20:30,20,23:05,23,False,155,155,0,Airbus A320neo,102.0,100.0
2026-10-08,2026-10-08 16:28,2026-10-15,7,DEL,BOM,DEL-BOM,AI,Air India,1,7664,INR,0,,19:30,19,21:55,21,False,145,145,0,Airbus A320neo,102.0,100.0
2026-10-08,2026-10-08 16:28,2026-10-15,7,DEL,BOM,DEL-BOM,AI,Air India,1,7847,INR,0,,19:00,19,21:25,21,False,145,145,0,Airbus A320neo,102.0,100.0
2026-10-08,2026-10-08 16:28,2026-10-15,7,DEL,BOM,DEL-BOM,AI,Air India,1,7973,INR,0,,18:00,18,20:25,20,False,145,145,0,Airbus A321,130.0,100.0
2026-10-08,2026-10-08 16:28,2026-10-22,14,DEL,BOM,DEL-BOM,IX,Air India Express,1,6610,INR,0,,23:25,23,01:50,1,True,145,145,0,Boeing 737MAX 8 Passenger,101.0,100.0
2026-10-08,2026-10-08 16:28,2026-10-22,14,DEL,BOM,DEL-BOM,AI,Air India,1,6850,INR,0,,07:30,7,09:55,9,False,145,145,0,Airbus A350,100.0,100.0
2026-10-08,2026-10-08 16:28,2026-10-22,14,DEL,BOM,DEL-BOM,QP,Akasa Air,1,6880,INR,0,,19:55,19,22:20,22,False,145,145,0,Boeing 737MAX 8 Passenger,90.0,100.0
2026-10-08,2026-10-08 16:28,2026-10-22,14,DEL,BOM,DEL-BOM,AI,Air India,1,6897,INR,0,,05:00,5,07:25,7,False,145,145,0,Airbus A320neo,102.0,100.0
2026-10-08,2026-10-08 16:28,2026-10-22,14,DEL,BOM,DEL-BOM,AI,Air India,1,6897,INR,0,,09:00,9,11:15,11,False,135,135,0,Airbus A320neo,102.0,100.0
2026-10-08,2026-10-08 16:28,2026-10-22,14,DEL,BOM,DEL-BOM,AI,Air India,1,6897,INR,0,,10:00,10,12:25,12,False,145,145,0,Airbus A320neo,102.0,100.0
2026-10-08,2026-10-08 16:28,2026-10-22,14,DEL,BOM,DEL-BOM,AI,Air India,1,6897,INR,0,,10:30,10,12:50,12,False,140,140,0,Boeing 787,103.0,100.0
2026-10-08,2026-10-08 16:28,2026-10-22,14,DEL,BOM,DEL-BOM,AI,Air India,1,6897,INR,0,,11:00,11,13:25,13,False,145,145,0,Airbus A320neo,102.0,100.0
2026-10-08,2026-10-08 16:28,2026-10-22,14,DEL,BOM,DEL-BOM,AI,Air India,1,6897,INR,0,,12:00,12,14:25,14,False,145,145,0,Airbus A320neo,102.0,100.0
2026-10-08,2026-10-08 16:28,2026-10-22,14,DEL,BOM,DEL-BOM,AI,Air India,1,6897,INR,0,,13:30,13,15:50,15,False,140,140,0,Airbus A320neo,102.0,100.0
2026-10-08,2026-10-08 16:28,2026-10-22,14,DEL,BOM,DEL-BOM,AI,Air India,1,6897,INR,0,,14:10,14,16:35,16,False,145,145,0,Airbus A320neo,102.0,100.0
2026-10-08,2026-10-08 16:28,2026-10-22,14,DEL,BOM,DEL-BOM,AI,Air India,1,6897,INR,0,,15:30,15,17:55,17,False,145,145,0,Airbus A320neo,102.0,100.0
2026-10-08,2026-10-08 16:28,2026-10-22,14,DEL,BOM,DEL-BOM,AI,Air India,1,6897,INR,0,,16:00,16,18:25,18,False,145,145,0,Airbus A320neo,102.0,100.0
2026-10-08,2026-10-08 16:28,2026-10-22,14,DEL,BOM,DEL-BOM,AI,Air India,1,6897,INR,0,,21:00,21,23:20,23,False,140,140,0,Airbus A320neo,102.0,100.0
2026-10-08,2026-10-08 16:28,2026-10-22,14,DEL,BOM,DEL-BOM,AI,Air India,1,6897,INR,0,,22:55,22,01:25,1,True,150,150,0,Airbus A320neo,102.0,100.0
2026-10-08,2026-10-08 16:28,2026-10-22,14,DEL,BOM,DEL-BOM,AI,Air India,1,7013,INR,0,,20:30,20,23:05,23,False,155,155,0,Airbus A320neo,102.0,100.0
2026-10-08,2026-10-08 16:28,2026-10-22,14,DEL,BOM,DEL-BOM,AI,Air India,1,7070,INR,0,,19:30,19,21:55,21,False,145,145,0,Airbus A321,130.0,100.0
2026-10-08,2026-10-08 16:28,2026-10-22,14,DEL,BOM,DEL-BOM,AI,Air India,1,7070,INR,0,,21:30,21,23:55,23,False,145,145,0,Airbus A320neo,102.0,100.0
2026-10-08,2026-10-08 16:28,2026-10-22,14,DEL,BOM,DEL-BOM,AI,Air India,1,7160,INR,0,,06:30,6,08:50,8,False,140,140,0,Airbus A320neo,102.0,100.0
2026-10-08,2026-10-08 16:28,2026-10-22,14,DEL,BOM,DEL-BOM,AI,Air India,1,7160,INR,0,,21:55,21,00:20,0,True,145,145,0,Airbus A321,130.0,100.0
2026-10-08,2026-10-08 16:28,2026-10-22,14,DEL,BOM,DEL-BOM,AI,Air India,1,7181,INR,0,,20:00,20,22:30,22,False,150,150,0,Airbus A321,130.0,100.0
2026-10-08,2026-10-08 16:28,2026-10-22,14,DEL,BOM,DEL-BOM,QP,Akasa Air,1,7201,INR,0,,06:50,6,09:05,9,False,135,135,0,Boeing 737MAX 8 Passenger,91.0,100.0
2026-10-08,2026-10-08 16:28,2026-10-22,14,DEL,BOM,DEL-BOM,QP,Akasa Air,1,7201,INR,0,,08:40,8,11:05,11,False,145,145,0,Boeing 737MAX 8 Passenger,86.0,100.0
2026-10-08,2026-10-08 16:28,2026-10-22,14,DEL,BOM,DEL-BOM,QP,Akasa Air,1,7201,INR,0,,10:00,10,12:20,12,False,140,140,0,Boeing 737MAX 8 Passenger,86.0,100.0
2026-10-08,2026-10-08 16:28,2026-10-22,14,DEL,BOM,DEL-BOM,QP,Akasa Air,1,7201,INR,0,,17:30,17,19:50,19,False,140,140,0,Boeing 737MAX 8 Passenger,86.0,100.0
2026-10-08,2026-10-08 16:28,2026-10-22,14,DEL,BOM,DEL-BOM,AI,Air India,1,7280,INR,0,,08:30,8,10:40,10,False,130,130,0,Airbus A320neo,102.0,100.0
2026-10-08,2026-10-08 16:28,2026-10-22,14,DEL,BOM,DEL-BOM,AI,Air India,1,7454,INR,0,,07:00,7,09:25,9,False,145,145,0,Airbus A320neo,102.0,100.0
2026-10-08,2026-10-08 16:28,2026-10-22,14,DEL,BOM,DEL-BOM,AI,Air India,1,7517,INR,0,,19:00,19,21:25,21,False,145,145,0,Airbus A320neo,102.0,100.0
2026-10-08,2026-10-08 16:28,2026-10-22,14,DEL,BOM,DEL-BOM,AI,Air India,1,7632,INR,0,,18:00,18,20:25,20,False,145,145,0,Airbus A320neo,102.0,100.0
2026-10-08,2026-10-08 16:28,2026-10-29,21,DEL,BOM,DEL-BOM,IX,Air India Express,1,6831,INR,0,,20:40,20,23:10,23,False,150,150,0,Boeing 737MAX 8 Passenger,101.0,100.0
2026-10-08,2026-10-08 16:28,2026-10-29,21,DEL,BOM,DEL-BOM,AI,Air India,1,7023,INR,0,,06:20,6,08:55,8,False,155,155,0,Airbus A320neo,102.0,100.0
2026-10-08,2026-10-08 16:28,2026-10-29,21,DEL,BOM,DEL-BOM,QP,Akasa Air,1,7201,INR,0,,07:10,7,09:30,9,False,140,140,0,Boeing 737MAX 8 Passenger,86.0,100.0
2026-10-08,2026-10-08 16:28,2026-10-29,21,DEL,BOM,DEL-BOM,QP,Akasa Air,1,7201,INR,0,,18:10,18,20:40,20,False,150,150,0,Boeing 737MAX 8 Passenger,90.0,100.0
2026-10-08,2026-10-08 16:28,2026-10-29,21,DEL,BOM,DEL-BOM,QP,Akasa Air,1,7201,INR,0,,19:55,19,22:25,22,False,150,150,0,Boeing 737MAX 8 Passenger,86.0,100.0
2026-10-08,2026-10-08 16:28,2026-10-29,21,DEL,BOM,DEL-BOM,QP,Akasa Air,1,7201,INR,0,,21:45,21,00:10,0,True,145,145,0,Boeing 737MAX 8 Passenger,85.0,100.0
2026-10-08,2026-10-08 16:28,2026-10-29,21,DEL,BOM,DEL-BOM,AI,Air India,1,7469,INR,0,,05:30,5,07:55,7,False,145,145,0,Airbus A321,130.0,100.0
2026-10-08,2026-10-08 16:28,2026-10-29,21,DEL,BOM,DEL-BOM,AI,Air India,1,7469,INR,0,,09:00,9,11:15,11,False,135,135,0,Airbus A320neo,102.0,100.0
2026-10-08,2026-10-08 16:28,2026-10-29,21,DEL,BOM,DEL-BOM,AI,Air India,1,7469,INR,0,,09:30,9,11:55,11,False,145,145,0,Airbus A320neo,102.0,100.0
2026-10-08,2026-10-08 16:28,2026-10-29,21,DEL,BOM,DEL-BOM,AI,Air India,1,7469,INR,0,,11:00,11,13:25,13,False,145,145,0,Boeing 787,102.0,100.0
2026-10-08,2026-10-08 16:28,2026-10-29,21,DEL,BOM,DEL-BOM,AI,Air India,1,7469,INR,0,,12:00,12,14:25,14,False,145,145,0,Airbus A321,130.0,100.0
2026-10-08,2026-10-08 16:28,2026-10-29,21,DEL,BOM,DEL-BOM,AI,Air India,1,7469,INR,0,,13:00,13,15:20,15,False,140,140,0,Airbus A320neo,102.0,100.0
2026-10-08,2026-10-08 16:28,2026-10-29,21,DEL,BOM,DEL-BOM,AI,Air India,1,7469,INR,0,,13:30,13,15:55,15,False,145,145,0,Airbus A320neo,102.0,100.0
2026-10-08,2026-10-08 16:28,2026-10-29,21,DEL,BOM,DEL-BOM,AI,Air India,1,7469,INR,0,,15:30,15,17:45,17,False,135,135,0,Airbus A320neo,102.0,100.0
2026-10-08,2026-10-08 16:28,2026-10-29,21,DEL,BOM,DEL-BOM,AI,Air India,1,7469,INR,0,,16:30,16,18:55,18,False,145,145,0,Airbus A320neo,102.0,100.0
2026-10-08,2026-10-08 16:28,2026-10-29,21,DEL,BOM,DEL-BOM,AI,Air India,1,7469,INR,0,,17:00,17,19:30,19,False,150,150,0,Boeing 777,115.0,100.0
2026-10-08,2026-10-08 16:28,2026-10-29,21,DEL,BOM,DEL-BOM,AI,Air India,1,7469,INR,0,,17:30,17,20:00,20,False,150,150,0,Airbus A321,130.0,100.0
2026-10-08,2026-10-08 16:28,2026-10-29,21,DEL,BOM,DEL-BOM,AI,Air India,1,7469,INR,0,,22:00,22,00:25,0,True,145,145,0,Airbus A321,130.0,100.0
2026-10-08,2026-10-08 16:28,2026-10-29,21,DEL,BOM,DEL-BOM,SG,SpiceJet,1,7511,INR,0,,05:45,5,08:05,8,False,140,140,0,Boeing 737,122.0,100.0
2026-10-08,2026-10-08 16:28,2026-10-29,21,DEL,BOM,DEL-BOM,SG,SpiceJet,1,7511,INR,0,,06:30,6,08:45,8,False,135,135,0,Boeing 737,102.0,100.0
2026-10-08,2026-10-08 16:28,2026-10-29,21,DEL,BOM,DEL-BOM,SG,SpiceJet,1,7511,INR,0,,19:00,19,21:10,21,False,130,130,0,Boeing 737,102.0,100.0
2026-10-08,2026-10-08 16:28,2026-10-29,21,DEL,BOM,DEL-BOM,AI,Air India,1,7595,INR,0,,08:30,8,10:45,10,False,135,135,0,Airbus A320neo,102.0,100.0
2026-10-08,2026-10-08 16:28,2026-10-29,21,DEL,BOM,DEL-BOM,AI,Air India,1,7595,INR,0,,20:30,20,23:00,23,False,150,150,0,Airbus A320neo,102.0,100.0
2026-10-08,2026-10-08 16:28,2026-10-29,21,DEL,BOM,DEL-BOM,AI,Air India,1,7658,INR,0,,07:30,7,09:45,9,False,135,135,0,Airbus A350,100.0,100.0
2026-10-08,2026-10-08 16:28,2026-10-29,21,DEL,BOM,DEL-BOM,AI,Air India,1,7658,INR,0,,19:30,19,21:55,21,False,145,145,0,Airbus A320neo,102.0,100.0
2026-10-08,2026-10-08 16:28,2026-10-29,21,DEL,BOM,DEL-BOM,AI,Air India,1,7679,INR,0,,21:00,21,23:25,23,False,145,145,0,Airbus A320neo,102.0,100.0
2026-10-08,2026-10-08 16:28,2026-10-29,21,DEL,BOM,DEL-BOM,AI,Air India,1,7679,INR,0,,23:00,23,01:25,1,True,145,145,0,Airbus A320neo,102.0,100.0
2026-10-08,2026-10-08 16:28,2026-10-29,21,DEL,BOM,DEL-BOM,AI,Air India,1,7779,INR,0,,07:00,7,09:20,9,False,140,140,0,Airbus A320neo,102.0,100.0
2026-10-08,2026-10-08 16:28,2026-10-29,21,DEL,BOM,DEL-BOM,AI,Air India,1,7779,INR,0,,20:00,20,22:25,22,False,145,145,0,Airbus A321,130.0,100.0
2026-10-08,2026-10-08 16:28,2026-10-29,21,DEL,BOM,DEL-BOM,AI,Air India,1,7842,INR,0,,19:00,19,21:25,21,False,145,145,0,Airbus A321,130.0,100.0
2026-10-08,2026-10-08 16:28,2026-10-29,21,DEL,BOM,DEL-BOM,AI,Air India,1,7842,INR,0,,21:30,21,23:50,23,False,140,140,0,Airbus A320neo,102.0,100.0
2026-10-08,2026-10-08 16:28,2026-10-29,21,DEL,BOM,DEL-BOM,AI,Air India,1,7968,INR,0,,18:00,18,20:25,20,False,145,145,0,Airbus A320neo,102.0,100.0
2026-10-08,2026-10-08 16:28,2026-11-07,30,DEL,BOM,DEL-BOM,QP,Akasa Air,1,7350,INR,0,,07:10,7,09:30,9,False,140,140,0,Boeing 737MAX 8 Passenger,84.0,100.0
2026-10-08,2026-10-08 16:28,2026-11-07,30,DEL,BOM,DEL-BOM,QP,Akasa Air,1,7350,INR,0,,10:15,10,12:40,12,False,145,145,0,Boeing 737MAX 8 Passenger,84.0,100.0
2026-10-08,2026-10-08 16:28,2026-11-07,30,DEL,BOM,DEL-BOM,QP,Akasa Air,1,7350,INR,0,,18:10,18,20:40,20,False,150,150,0,Boeing 737MAX 8 Passenger,88.0,100.0
2026-10-08,2026-10-08 16:28,2026-11-07,30,DEL,BOM,DEL-BOM,QP,Akasa Air,1,7350,INR,0,,19:55,19,22:25,22,False,150,150,0,Boeing 737MAX 8 Passenger,84.0,100.0
2026-10-08,2026-10-08 16:28,2026-11-07,30,DEL,BOM,DEL-BOM,QP,Akasa Air,1,7350,INR,0,,21:45,21,00:10,0,True,145,145,0,Boeing 737MAX 8 Passenger,83.0,100.0
2026-10-08,2026-10-08 16:28,2026-11-07,30,DEL,BOM,DEL-BOM,SG,SpiceJet,1,7511,INR,0,,05:45,5,08:05,8,False,140,140,0,Boeing 737,99.0,100.0
2026-10-08,2026-10-08 16:28,2026-11-07,30,DEL,BOM,DEL-BOM,SG,SpiceJet,1,7511,INR,0,,06:20,6,08:40,8,False,140,140,0,Boeing 737,99.0,100.0
2026-10-08,2026-10-08 16:28,2026-11-07,30,DEL,BOM,DEL-BOM,SG,SpiceJet,1,7511,INR,0,,07:00,7,09:15,9,False,135,135,0,Boeing 737,99.0,100.0
2026-10-08,2026-10-08 16:28,2026-11-07,30,DEL,BOM,DEL-BOM,SG,SpiceJet,1,7511,INR,0,,09:30,9,11:50,11,False,140,140,0,Boeing 737,99.0,100.0
2026-10-08,2026-10-08 16:28,2026-11-07,30,DEL,BOM,DEL-BOM,SG,SpiceJet,1,7511,INR,0,,09:50,9,12:05,12,False,135,135,0,Boeing 737,99.0,100.0
2026-10-08,2026-10-08 16:28,2026-11-07,30,DEL,BOM,DEL-BOM,AI,Air India,1,7522,INR,0,,20:30,20,23:00,23,False,150,150,0,Airbus A320neo,100.0,100.0
2026-10-08,2026-10-08 16:28,2026-11-07,30,DEL,BOM,DEL-BOM,AI,Air India,1,7700,INR,0,,05:30,5,07:55,7,False,145,145,0,Airbus A321,127.0,100.0
2026-10-08,2026-10-08 16:28,2026-11-07,30,DEL,BOM,DEL-BOM,AI,Air India,1,7700,INR,0,,06:20,6,08:55,8,False,155,155,0,Airbus A320neo,100.0,100.0
2026-10-08,2026-10-08 16:28,2026-11-07,30,DEL,BOM,DEL-BOM,AI,Air India,1,7700,INR,0,,10:25,10,12:55,12,False,150,150,0,Airbus A320neo,100.0,100.0
2026-10-08,2026-10-08 16:28,2026-11-07,30,DEL,BOM,DEL-BOM,AI,Air India,1,7700,INR,0,,11:00,11,13:25,13,False,145,145,0,Airbus A320neo,100.0,100.0
2026-10-08,2026-10-08 16:28,2026-11-07,30,DEL,BOM,DEL-BOM,AI,Air India,1,7700,INR,0,,12:00,12,14:25,14,False,145,145,0,Airbus A321,127.0,100.0
2026-10-08,2026-10-08 16:28,2026-11-07,30,DEL,BOM,DEL-BOM,AI,Air India,1,7700,INR,0,,16:30,16,18:55,18,False,145,145,0,Airbus A320neo,100.0,100.0
2026-10-08,2026-10-08 16:28,2026-11-07,30,DEL,BOM,DEL-BOM,AI,Air India,1,7700,INR,0,,17:00,17,19:30,19,False,150,150,0,Boeing 777,113.0,100.0
2026-10-08,2026-10-08 16:28,2026-11-07,30,DEL,BOM,DEL-BOM,AI,Air India,1,7700,INR,0,,17:30,17,20:00,20,False,150,150,0,Airbus A320neo,100.0,100.0
2026-10-08,2026-10-08 16:28,2026-11-07,30,DEL,BOM,DEL-BOM,AI,Air India,1,7700,INR,0,,21:00,21,23:25,23,False,145,145,0,Airbus A320neo,100.0,100.0
2026-10-08,2026-10-08 16:28,2026-11-07,30,DEL,BOM,DEL-BOM,AI,Air India,1,7700,INR,0,,21:30,21,23:50,23,False,140,140,0,Airbus A320neo,100.0,100.0
2026-10-08,2026-10-08 16:28,2026-11-07,30,DEL,BOM,DEL-BOM,AI,Air India,1,7700,INR,0,,22:00,22,00:25,0,True,145,145,0,Airbus A321,127.0,100.0
2026-10-08,2026-10-08 16:28,2026-11-07,30,DEL,BOM,DEL-BOM,AI,Air India,1,7700,INR,0,,22:30,22,00:55,0,True,145,145,0,Airbus A320neo,100.0,100.0
2026-10-08,2026-10-08 16:28,2026-11-07,30,DEL,BOM,DEL-BOM,AI,Air India,1,7700,INR,0,,23:00,23,01:25,1,True,145,145,0,Airbus A320neo,100.0,100.0
2026-10-08,2026-10-08 16:28,2026-11-07,30,DEL,BOM,DEL-BOM,AI,Air India,1,7895,INR,0,,07:30,7,09:45,9,False,135,135,0,Airbus A350,98.0,100.0
2026-10-08,2026-10-08 16:28,2026-11-07,30,DEL,BOM,DEL-BOM,AI,Air India,1,8015,INR,0,,09:00,9,11:15,11,False,135,135,0,Airbus A320neo,100.0,100.0
2026-10-08,2026-10-08 16:28,2026-11-07,30,DEL,BOM,DEL-BOM,AI,Air India,1,8089,INR,0,,18:00,18,20:25,20,False,145,145,0,Airbus A320neo,100.0,100.0
2026-10-08,2026-10-08 16:28,2026-11-07,30,DEL,BOM,DEL-BOM,AI,Air India,1,8089,INR,0,,21:30,21,23:55,23,False,145,145,0,Boeing 787,98.0,100.0
2026-10-08,2026-10-08 16:28,2026-11-07,30,DEL,BOM,DEL-BOM,AI,Air India,1,8315,INR,0,,13:30,13,15:55,15,False,145,145,0,Airbus A320neo,100.0,100.0
2026-10-08,2026-10-08 16:28,2026-11-07,30,DEL,BOM,DEL-BOM,AI,Air India,1,8525,INR,0,,15:30,15,17:45,17,False,135,135,0,Airbus A320neo,100.0,100.0
2026-10-08,2026-10-08 16:28,2026-11-07,30,DEL,BOM,DEL-BOM,AI,Air India,1,8745,INR,0,,19:30,19,21:55,21,False,145,145,0,Airbus A321,127.0,100.0
2026-10-08,2026-10-08 16:28,2026-11-07,30,DEL,BOM,DEL-BOM,IX,Air India Express,1,9812,INR,0,,08:50,8,11:15,11,False,145,145,0,Boeing 737MAX 8 Passenger,98.0,100.0
2026-10-08,2026-10-08 16:28,2026-11-22,45,DEL,BOM,DEL-BOM,AI,Air India,1,7223,INR,0,,06:20,6,08:55,8,False,155,155,0,Airbus A320neo,100.0,100.0
2026-10-08,2026-10-08 16:28,2026-11-22,45,DEL,BOM,DEL-BOM,AI,Air India,1,7401,INR,0,,07:30,7,09:45,9,False,135,135,0,Airbus A350,98.0,100.0
2026-10-08,2026-10-08 16:28,2026-11-22,45,DEL,BOM,DEL-BOM,SG,SpiceJet,1,7511,INR,0,,05:45,5,08:05,8,False,140,140,0,Boeing 737,99.0,100.0
2026-10-08,2026-10-08 16:28,2026-11-22,45,DEL,BOM,DEL-BOM,SG,SpiceJet,1,7511,INR,0,,06:20,6,08:40,8,False,140,140,0,Boeing 737,99.0,100.0
2026-10-08,2026-10-08 16:28,2026-11-22,45,DEL,BOM,DEL-BOM,6E,IndiGo,1,7677,INR,1,BDQ,05:00,5,10:25,10,False,325,170,155,Airbus A321neo | Airbus A320neo,108.0,100.0
2026-10-08,2026-10-08 16:28,2026-11-22,45,DEL,BOM,DEL-BOM,SG,SpiceJet,1,7889,INR,0,,09:30,9,11:50,11,False,140,140,0,Boeing 737,99.0,100.0
2026-10-08,2026-10-08 16:28,2026-11-22,45,DEL,BOM,DEL-BOM,AI,Air India,1,8015,INR,0,,09:00,9,11:15,11,False,135,135,0,Airbus A320neo,100.0,100.0
2026-10-08,2026-10-08 16:28,2026-11-22,45,DEL,BOM,DEL-BOM,AI,Air India,1,8015,INR,0,,10:25,10,12:55,12,False,150,150,0,Airbus A320neo,100.0,100.0
2026-10-08,2026-10-08 16:28,2026-11-22,45,DEL,BOM,DEL-BOM,AI,Air India,1,8015,INR,0,,11:00,11,13:25,13,False,145,145,0,Airbus A320neo,100.0,100.0
2026-10-08,2026-10-08 16:28,2026-11-22,45,DEL,BOM,DEL-BOM,AI,Air India,1,8015,INR,0,,22:30,22,00:55,0,True,145,145,0,Airbus A320neo,100.0,100.0
2026-10-08,2026-10-08 16:28,2026-11-22,45,DEL,BOM,DEL-BOM,AI,Air India,1,8015,INR,0,,23:00,23,01:25,1,True,145,145,0,Airbus A320neo,100.0,100.0
2026-10-08,2026-10-08 16:28,2026-11-22,45,DEL,BOM,DEL-BOM,QP,Akasa Air,1,8272,INR,0,,10:15,10,12:40,12,False,145,145,0,Boeing 737MAX 8 Passenger,84.0,100.0
2026-10-08,2026-10-08 16:28,2026-11-22,45,DEL,BOM,DEL-BOM,AI,Air India,1,8525,INR,0,,12:00,12,14:25,14,False,145,145,0,Airbus A321,127.0,100.0
2026-10-08,2026-10-08 16:28,2026-11-22,45,DEL,BOM,DEL-BOM,QP,Akasa Air,1,8720,INR,0,,16:20,16,18:45,18,False,145,145,0,Boeing 737MAX 8 Passenger,88.0,100.0
2026-10-08,2026-10-08 16:28,2026-11-22,45,DEL,BOM,DEL-BOM,AI,Air India,1,9013,INR,0,,05:30,5,07:55,7,False,145,145,0,Airbus A321,127.0,100.0
2026-10-08,2026-10-08 16:28,2026-11-22,45,DEL,BOM,DEL-BOM,AI,Air India,1,9013,INR,0,,13:00,13,15:20,15,False,140,140,0,Airbus A320neo,100.0,100.0
2026-10-08,2026-10-08 16:28,2026-11-22,45,DEL,BOM,DEL-BOM,AI,Air India,1,9013,INR,0,,17:30,17,20:00,20,False,150,150,0,Airbus A320neo,100.0,100.0
2026-10-08,2026-10-08 16:28,2026-11-22,45,DEL,BOM,DEL-BOM,AI,Air India,1,9013,INR,0,,22:00,22,00:25,0,True,145,145,0,Airbus A321,127.0,100.0
2026-10-08,2026-10-08 16:28,2026-11-22,45,DEL,BOM,DEL-BOM,QP,Akasa Air,1,9033,INR,0,,18:10,18,20:40,20,False,150,150,0,Boeing 737MAX 8 Passenger,88.0,100.0
2026-10-08,2026-10-08 16:28,2026-11-22,45,DEL,BOM,DEL-BOM,QP,Akasa Air,1,9033,INR,0,,19:55,19,22:25,22,False,150,150,0,Boeing 737MAX 8 Passenger,84.0,100.0
2026-10-08,2026-10-08 16:28,2026-11-22,45,DEL,BOM,DEL-BOM,AI,Air India,1,9244,INR,0,,19:30,19,21:55,21,False,145,145,0,Airbus A321,127.0,100.0
2026-10-08,2026-10-08 16:28,2026-11-22,45,DEL,BOM,DEL-BOM,AI,Air India,1,9244,INR,0,,21:30,21,23:50,23,False,140,140,0,Airbus A320neo,100.0,100.0
2026-10-08,2026-10-08 16:28,2026-11-22,45,DEL,BOM,DEL-BOM,AI,Air India,1,9401,INR,0,,16:30,16,18:55,18,False,145,145,0,Airbus A320neo,100.0,100.0
2026-10-08,2026-10-08 16:28,2026-11-22,45,DEL,BOM,DEL-BOM,AI,Air India,1,9401,INR,0,,17:00,17,19:30,19,False,150,150,0,Boeing 777,113.0,100.0
2026-10-08,2026-10-08 16:28,2026-11-22,45,DEL,BOM,DEL-BOM,AI,Air India,1,9401,INR,0,,20:30,20,23:00,23,False,150,150,0,Airbus A320neo,100.0,100.0
2026-10-08,2026-10-08 16:28,2026-11-22,45,DEL,BOM,DEL-BOM,AI,Air India,1,9632,INR,0,,18:00,18,20:25,20,False,145,145,0,Airbus A320neo,100.0,100.0
2026-10-08,2026-10-08 16:28,2026-11-22,45,DEL,BOM,DEL-BOM,AI,Air India,1,9632,INR,0,,19:00,19,21:25,21,False,145,145,0,Airbus A321,127.0,100.0
2026-10-08,2026-10-08 16:28,2026-11-22,45,DEL,BOM,DEL-BOM,IX,Air India Express,1,9812,INR,0,,08:50,8,11:15,11,False,145,145,0,Boeing 737MAX 8 Passenger,98.0,100.0
2026-10-08,2026-10-08 16:28,2026-11-22,45,DEL,BOM,DEL-BOM,QP,Akasa Air,1,9873,INR,0,,21:45,21,00:10,0,True,145,145,0,Boeing 737MAX 8 Passenger,83.0,100.0
2026-10-08,2026-10-08 16:28,2026-11-22,45,DEL,BOM,DEL-BOM,AI,Air India,1,9968,INR,0,,13:30,13,15:55,15,False,145,145,0,Airbus A320neo,100.0,100.0
2026-10-08,2026-10-08 16:28,2026-11-22,45,DEL,BOM,DEL-BOM,AI,Air India,1,10409,INR,0,,15:30,15,17:45,17,False,135,135,0,Airbus A320neo,100.0,100.0
2026-10-08,2026-10-08 16:28,2026-11-22,45,DEL,BOM,DEL-BOM,AI,Air India,1,10493,INR,0,,21:00,21,23:25,23,False,145,145,0,Airbus A320neo,100.0,100.0
2026-10-08,2026-10-08 16:28,2026-11-22,45,DEL,BOM,DEL-BOM,SG,SpiceJet,1,10688,INR,0,,17:10,17,19:25,19,False,135,135,0,Boeing 737,99.0,100.0
2026-10-08,2026-10-08 16:28,2026-11-22,45,DEL,BOM,DEL-BOM,SG,SpiceJet,1,10688,INR,0,,19:00,19,21:10,21,False,130,130,0,Boeing 737,99.0,100.0
2026-10-08,2026-10-08 16:28,2026-11-22,45,DEL,BOM,DEL-BOM,IX,Air India Express,1,12504,INR,0,,20:40,20,23:10,23,False,150,150,0,Boeing 737MAX 8 Passenger,98.0,100.0
2026-10-08,2026-10-08 16:28,2026-12-07,60,DEL,BOM,DEL-BOM,SG,SpiceJet,1,7511,INR,0,,05:45,5,08:05,8,False,140,140,0,Boeing 737,98.0,100.0
2026-10-08,2026-10-08 16:28,2026-12-07,60,DEL,BOM,DEL-BOM,SG,SpiceJet,1,7511,INR,0,,06:20,6,08:40,8,False,140,140,0,Boeing 737,98.0,100.0
2026-10-08,2026-10-08 16:28,2026-12-07,60,DEL,BOM,DEL-BOM,SG,SpiceJet,1,7511,INR,0,,07:00,7,09:15,9,False,135,135,0,Boeing 737,98.0,100.0
2026-10-08,2026-10-08 16:28,2026-12-07,60,DEL,BOM,DEL-BOM,SG,SpiceJet,1,7511,INR,0,,09:30,9,11:50,11,False,140,140,0,Boeing 737,98.0,100.0
2026-10-08,2026-10-08 16:28,2026-12-07,60,DEL,BOM,DEL-BOM,SG,SpiceJet,1,7511,INR,0,,17:10,17,19:25,19,False,135,135,0,Boeing 737,98.0,100.0
2026-10-08,2026-10-08 16:28,2026-12-07,60,DEL,BOM,DEL-BOM,AI,Air India,1,7522,INR,0,,11:00,11,13:25,13,False,145,145,0,Airbus A320neo,97.0,100.0
2026-10-08,2026-10-08 16:28,2026-12-07,60,DEL,BOM,DEL-BOM,AI,Air India,1,7522,INR,0,,12:00,12,14:25,14,False,145,145,0,Airbus A321,123.0,100.0
2026-10-08,2026-10-08 16:28,2026-12-07,60,DEL,BOM,DEL-BOM,AI,Air India,1,7522,INR,0,,17:00,17,19:30,19,False,150,150,0,Boeing 777,109.0,100.0
2026-10-08,2026-10-08 16:28,2026-12-07,60,DEL,BOM,DEL-BOM,AI,Air India,1,7522,INR,0,,17:30,17,20:00,20,False,150,150,0,Airbus A320neo,97.0,100.0
2026-10-08,2026-10-08 16:28,2026-12-07,60,DEL,BOM,DEL-BOM,AI,Air India,1,7522,INR,0,,20:00,20,22:25,22,False,145,145,0,Airbus A321,123.0,100.0
2026-10-08,2026-10-08 16:28,2026-12-07,60,DEL,BOM,DEL-BOM,AI,Air India,1,7522,INR,0,,21:00,21,23:25,23,False,145,145,0,Airbus A320neo,97.0,100.0
2026-10-08,2026-10-08 16:28,2026-12-07,60,DEL,BOM,DEL-BOM,AI,Air India,1,7522,INR,0,,22:00,22,00:25,0,True,145,145,0,Airbus A321,123.0,100.0
2026-10-08,2026-10-08 16:28,2026-12-07,60,DEL,BOM,DEL-BOM,AI,Air India,1,7522,INR,0,,22:30,22,00:55,0,True,145,145,0,Airbus A320neo,97.0,100.0
2026-10-08,2026-10-08 16:28,2026-12-07,60,DEL,BOM,DEL-BOM,AI,Air India,1,7522,INR,0,,23:00,23,01:25,1,True,145,145,0,Airbus A320neo,97.0,100.0
2026-10-08,2026-10-08 16:28,2026-12-07,60,DEL,BOM,DEL-BOM,QP,Akasa Air,1,7583,INR,0,,07:10,7,09:30,9,False,140,140,0,Boeing 737MAX 8 Passenger,83.0,100.0
2026-10-08,2026-10-08 16:28,2026-12-07,60,DEL,BOM,DEL-BOM,AI,Air India,1,7700,INR,0,,13:30,13,15:55,15,False,145,145,0,Airbus A320neo,97.0,100.0
2026-10-08,2026-10-08 16:28,2026-12-07,60,DEL,BOM,DEL-BOM,AI,Air India,1,7700,INR,0,,16:30,16,18:55,18,False,145,145,0,Airbus A320neo,97.0,100.0
2026-10-08,2026-10-08 16:28,2026-12-07,60,DEL,BOM,DEL-BOM,AI,Air India,1,7700,INR,0,,20:30,20,23:00,23,False,150,150,0,Airbus A320neo,97.0,100.0
2026-10-08,2026-10-08 16:28,2026-12-07,60,DEL,BOM,DEL-BOM,AI,Air India,1,7711,INR,0,,19:30,19,21:55,21,False,145,145,0,Airbus A320neo,97.0,100.0
2026-10-08,2026-10-08 16:28,2026-12-07,60,DEL,BOM,DEL-BOM,QP,Akasa Air,1,7716,INR,0,,18:10,18,20:40,20,False,150,150,0,Boeing 737MAX 8 Passenger,86.0,100.0
2026-10-08,2026-10-08 16:28,2026-12-07,60,DEL,BOM,DEL-BOM,QP,Akasa Air,1,7716,INR,0,,19:55,19,22:25,22,False,150,150,0,Boeing 737MAX 8 Passenger,83.0,100.0
2026-10-08,2026-10-08 16:28,2026-12-07,60,DEL,BOM,DEL-BOM,QP,Akasa Air,1,7716,INR,0,,21:45,21,00:10,0,True,145,145,0,Boeing 737MAX 8 Passenger,81.0,100.0
2026-10-08,2026-10-08 16:28,2026-12-07,60,DEL,BOM,DEL-BOM,QP,Akasa Air,1,7851,INR,0,,10:15,10,12:40,12,False,145,145,0,Boeing 737MAX 8 Passenger,83.0,100.0
2026-10-08,2026-10-08 16:28,2026-12-07,60,DEL,BOM,DEL-BOM,AI,Air India,1,7895,INR,0,,09:30,9,11:55,11,False,145,145,0,Airbus A320neo,97.0,100.0
2026-10-08,2026-10-08 16:28,2026-12-07,60,DEL,BOM,DEL-BOM,AI,Air India,1,7900,INR,0,,18:00,18,20:25,20,False,145,145,0,Airbus A320neo,97.0,100.0
2026-10-08,2026-10-08 16:28,2026-12-07,60,DEL,BOM,DEL-BOM,AI,Air India,1,8021,INR,0,,09:00,9,11:15,11,False,135,135,0,Airbus A320neo,97.0,100.0
2026-10-08,2026-10-08 16:28,2026-12-07,60,DEL,BOM,DEL-BOM,AI,Air India,1,8026,INR,0,,19:00,19,21:25,21,False,145,145,0,Airbus A321,123.0,100.0
2026-10-08,2026-10-08 16:28,2026-12-07,60,DEL,BOM,DEL-BOM,IX,Air India Express,1,8160,INR,0,,20:40,20,23:10,23,False,150,150,0,Boeing 737MAX 8 Passenger,95.0,100.0
2026-10-08,2026-10-08 16:28,2026-12-07,60,DEL,BOM,DEL-BOM,AI,Air India,1,8220,INR,0,,07:30,7,09:45,9,False,135,135,0,Airbus A350,95.0,100.0
2026-10-08,2026-10-08 16:28,2026-12-07,60,DEL,BOM,DEL-BOM,AI,Air India,1,8525,INR,0,,05:30,5,07:55,7,False,145,145,0,Airbus A321,123.0,100.0
2026-10-08,2026-10-08 16:28,2026-12-07,60,DEL,BOM,DEL-BOM,AI,Air India,1,9401,INR,0,,07:00,7,09:20,9,False,140,140,0,Airbus A320neo,97.0,100.0
2026-10-08,2026-10-08 16:28,2026-12-07,60,DEL,BOM,DEL-BOM,AI,Air India,1,9401,INR,0,,08:30,8,10:45,10,False,135,135,0,Airbus A320neo,97.0,100.0
2026-10-08,2026-10-08 16:28,2026-12-07,60,DEL,BOM,DEL-BOM,IX,Air India Express,1,9812,INR,0,,08:50,8,11:15,11,False,145,145,0,Boeing 737MAX 8 Passenger,95.0,100.0
2026-10-08,2026-10-08 16:28,2026-12-07,60,DEL,BOM,DEL-BOM,AI,Air India,1,9968,INR,0,,15:30,15,17:45,17,False,135,135,0,Airbus A320neo,97.0,100.0
2026-10-08,2026-10-08 16:28,2026-10-09,1,BOM,DEL,BOM-DEL,AI,Air India,1,6829,INR,0,,03:05,3,05:25,5,False,140,140,0,Airbus A320neo,105.0,102.0
2026-10-08,2026-10-08 16:28,2026-10-09,1,BOM,DEL,BOM-DEL,AI,Air India,1,6929,INR,0,,11:25,11,13:50,13,False,145,145,0,Airbus A350,103.0,102.0
2026-10-08,2026-10-08 16:28,2026-10-09,1,BOM,DEL,BOM-DEL,AI,Air India,1,6929,INR,0,,13:00,13,15:15,15,False,135,135,0,Airbus A320neo,105.0,102.0
2026-10-08,2026-10-08 16:28,2026-10-09,1,BOM,DEL,BOM-DEL,AI,Air India,1,6929,INR,0,,14:35,14,16:55,16,False,140,140,0,Airbus A320neo,105.0,102.0
2026-10-08,2026-10-08 16:28,2026-10-09,1,BOM,DEL,BOM-DEL,AI,Air India,1,6929,INR,0,,15:00,15,17:20,17,False,140,140,0,Airbus A320neo,105.0,102.0
2026-10-08,2026-10-08 16:28,2026-10-09,1,BOM,DEL,BOM-DEL,QP,Akasa Air,1,7111,INR,0,,13:00,13,15:20,15,False,140,140,0,Boeing 737MAX 8 Passenger,93.0,102.0
2026-10-08,2026-10-08 16:28,2026-10-09,1,BOM,DEL,BOM-DEL,QP,Akasa Air,1,7111,INR,0,,14:30,14,16:50,16,False,140,140,0,Boeing 737MAX 8 Passenger,89.0,102.0
2026-10-08,2026-10-08 16:28,2026-10-09,1,BOM,DEL,BOM-DEL,AI,Air India,1,7192,INR,0,,06:30,6,08:40,8,False,130,130,0,Airbus A320neo,105.0,102.0
2026-10-08,2026-10-08 16:28,2026-10-09,1,BOM,DEL,BOM-DEL,AI,Air India,1,7192,INR,0,,07:00,7,09:15,9,False,135,135,0,Airbus A320neo,105.0,102.0
2026-10-08,2026-10-08 16:28,2026-10-09,1,BOM,DEL,BOM-DEL,AI,Air India,1,7192,INR,0,,07:30,7,09:45,9,False,135,135,0,Airbus A320neo,105.0,102.0
2026-10-08,2026-10-08 16:28,2026-10-09,1,BOM,DEL,BOM-DEL,AI,Air India,1,7192,INR,0,,09:30,9,11:50,11,False,140,140,0,Airbus A320neo,105.0,102.0
2026-10-08,2026-10-08 16:28,2026-10-09,1,BOM,DEL,BOM-DEL,AI,Air India,1,7192,INR,0,,10:00,10,12:20,12,False,140,140,0,Airbus A320neo,105.0,102.0
2026-10-08,2026-10-08 16:28,2026-10-09,1,BOM,DEL,BOM-DEL,AI,Air India,1,7192,INR,0,,15:30,15,17:50,17,False,140,140,0,Airbus A320neo,105.0,102.0
2026-10-08,2026-10-08 16:28,2026-10-09,1,BOM,DEL,BOM-DEL,QP,Akasa Air,1,7485,INR,0,,10:25,10,12:45,12,False,140,140,0,Boeing 737MAX 8 Passenger,93.0,102.0
2026-10-08,2026-10-08 16:28,2026-10-09,1,BOM,DEL,BOM-DEL,AI,Air India,1,7507,INR,0,,08:00,8,10:20,10,False,140,140,0,Airbus A320neo,105.0,102.0
2026-10-08,2026-10-08 16:28,2026-10-09,1,BOM,DEL,BOM-DEL,AI,Air India,1,7507,INR,0,,08:30,8,10:50,10,False,140,140,0,Airbus A320neo,105.0,102.0
2026-10-08,2026-10-08 16:28,2026-10-09,1,BOM,DEL,BOM-DEL,SG,SpiceJet,1,13478,INR,0,,01:50,1,04:30,4,False,160,160,0,De Havilland-Bombardier Dash-8,122.0,102.0
2026-10-08,2026-10-08 16:28,2026-10-09,1,BOM,DEL,BOM-DEL,IX,Air India Express,1,13895,INR,0,,16:45,16,19:05,19,False,140,140,0,Boeing 737MAX 8 Passenger,104.0,102.0
2026-10-08,2026-10-08 16:28,2026-10-09,1,BOM,DEL,BOM-DEL,SG,SpiceJet,1,14348,INR,0,,23:25,23,01:50,1,True,145,145,0,Boeing 737,125.0,102.0
2026-10-08,2026-10-08 16:28,2026-10-09,1,BOM,DEL,BOM-DEL,AI,Air India,1,17077,INR,0,,16:30,16,19:00,19,False,150,150,0,Boeing 787,103.0,102.0
2026-10-08,2026-10-08 16:28,2026-10-09,1,BOM,DEL,BOM-DEL,AI,Air India,1,17077,INR,0,,23:55,23,02:15,2,True,140,140,0,Airbus A320neo,105.0,102.0
2026-10-08,2026-10-08 16:28,2026-10-09,1,BOM,DEL,BOM-DEL,QP,Akasa Air,1,19338,INR,0,,16:55,16,19:15,19,False,140,140,0,Boeing 737MAX 8 Passenger,91.0,102.0
2026-10-08,2026-10-08 16:28,2026-10-09,1,BOM,DEL,BOM-DEL,AI,Air India,1,20689,INR,0,,21:30,21,23:45,23,False,135,135,0,Airbus A320neo,105.0,102.0
2026-10-08,2026-10-08 16:28,2026-10-09,1,BOM,DEL,BOM-DEL,QP,Akasa Air,1,21151,INR,0,,19:00,19,21:15,21,False,135,135,0,Boeing 737MAX 8 Passenger,93.0,102.0
2026-10-08,2026-10-08 16:28,2026-10-09,1,BOM,DEL,BOM-DEL,AI,Air India,1,21272,INR,0,,20:00,20,22:20,22,False,140,140,0,Airbus A320neo,105.0,102.0
2026-10-08,2026-10-08 16:28,2026-10-09,1,BOM,DEL,BOM-DEL,AI,Air India,1,21272,INR,0,,20:30,20,22:50,22,False,140,140,0,Airbus A320neo,105.0,102.0
2026-10-08,2026-10-08 16:28,2026-10-09,1,BOM,DEL,BOM-DEL,AI,Air India,1,21272,INR,0,,21:00,21,23:15,23,False,135,135,0,Boeing 777,118.0,102.0
2026-10-08,2026-10-08 16:28,2026-10-09,1,BOM,DEL,BOM-DEL,AI,Air India,1,21466,INR,0,,19:30,19,21:45,21,False,135,135,0,Airbus A320neo,105.0,102.0
2026-10-08,2026-10-08 16:28,2026-10-09,1,BOM,DEL,BOM-DEL,AI,Air India,1,23876,INR,0,,18:30,18,20:50,20,False,140,140,0,Airbus A320neo,105.0,102.0
2026-10-08,2026-10-08 16:28,2026-10-09,1,BOM,DEL,BOM-DEL,AI,Air India,1,23876,INR,0,,22:35,22,01:00,1,True,145,145,0,Airbus A320neo,105.0,102.0
2026-10-08,2026-10-08 16:28,2026-10-09,1,BOM,DEL,BOM-DEL,AI,Air India,1,24779,INR,0,,18:00,18,20:20,20,False,140,140,0,Airbus A320neo,105.0,102.0
2026-10-08,2026-10-08 16:28,2026-10-11,3,BOM,DEL,BOM-DEL,AI,Air India,1,6719,INR,0,,23:55,23,02:15,2,True,140,140,0,Airbus A320neo,105.0,102.0
2026-10-08,2026-10-08 16:28,2026-10-11,3,BOM,DEL,BOM-DEL,AI,Air India,1,6929,INR,0,,01:00,1,03:20,3,False,140,140,0,Airbus A320neo,105.0,102.0
2026-10-08,2026-10-08 16:28,2026-10-11,3,BOM,DEL,BOM-DEL,AI,Air India,1,6929,INR,0,,06:30,6,08:40,8,False,130,130,0,Airbus A320neo,105.0,102.0
2026-10-08,2026-10-08 16:28,2026-10-11,3,BOM,DEL,BOM-DEL,AI,Air India,1,6929,INR,0,,07:00,7,09:15,9,False,135,135,0,Airbus A320neo,105.0,102.0
2026-10-08,2026-10-08 16:28,2026-10-11,3,BOM,DEL,BOM-DEL,AI,Air India,1,6929,INR,0,,07:30,7,09:45,9,False,135,135,0,Airbus A321,133.0,102.0
2026-10-08,2026-10-08 16:28,2026-10-11,3,BOM,DEL,BOM-DEL,AI,Air India,1,6929,INR,0,,08:00,8,10:20,10,False,140,140,0,Airbus A320neo,105.0,102.0
2026-10-08,2026-10-08 16:28,2026-10-11,3,BOM,DEL,BOM-DEL,AI,Air India,1,6929,INR,0,,08:30,8,10:50,10,False,140,140,0,Airbus A320neo,105.0,102.0
2026-10-08,2026-10-08 16:28,2026-10-11,3,BOM,DEL,BOM-DEL,AI,Air India,1,6929,INR,0,,09:30,9,11:50,11,False,140,140,0,Airbus A320neo,105.0,102.0
2026-10-08,2026-10-08 16:28,2026-10-11,3,BOM,DEL,BOM-DEL,AI,Air India,1,6929,INR,0,,11:25,11,13:50,13,False,145,145,0,Airbus A350,103.0,102.0
2026-10-08,2026-10-08 16:28,2026-10-11,3,BOM,DEL,BOM-DEL,AI,Air India,1,6929,INR,0,,20:00,20,22:20,22,False,140,140,0,Airbus A320neo,105.0,102.0
2026-10-08,2026-10-08 16:28,2026-10-11,3,BOM,DEL,BOM-DEL,AI,Air India,1,6929,INR,0,,20:30,20,22:50,22,False,140,140,0,Airbus A320neo,105.0,102.0
2026-10-08,2026-10-08 16:28,2026-10-11,3,BOM,DEL,BOM-DEL,AI,Air India,1,6929,INR,0,,21:00,21,23:15,23,False,135,135,0,Boeing 777,118.0,102.0
2026-10-08,2026-10-08 16:28,2026-10-11,3,BOM,DEL,BOM-DEL,AI,Air India,1,6929,INR,0,,21:30,21,23:45,23,False,135,135,0,Airbus A320neo,105.0,102.0
2026-10-08,2026-10-08 16:28,2026-10-11,3,BOM,DEL,BOM-DEL,AI,Air India,1,6929,INR,0,,22:35,22,01:00,1,True,145,145,0,Airbus A320neo,105.0,102.0
2026-10-08,2026-10-08 16:28,2026-10-11,3,BOM,DEL,BOM-DEL,QP,Akasa Air,1,7111,INR,0,,07:00,7,09:20,9,False,140,140,0,Boeing 737MAX 8 Passenger,89.0,102.0
2026-10-08,2026-10-08 16:28,2026-10-11,3,BOM,DEL,BOM-DEL,AI,Air India,1,7155,INR,0,,18:00,18,20:20,20,False,140,140,0,Airbus A320neo,105.0,102.0
2026-10-08,2026-10-08 16:28,2026-10-11,3,BOM,DEL,BOM-DEL,AI,Air India,1,7192,INR,0,,15:30,15,17:50,17,False,140,140,0,Airbus A320neo,105.0,102.0
2026-10-08,2026-10-08 16:28,2026-10-11,3,BOM,DEL,BOM-DEL,QP,Akasa Air,1,7233,INR,0,,19:00,19,21:15,21,False,135,135,0,Boeing 737MAX 8 Passenger,93.0,102.0
2026-10-08,2026-10-08 16:28,2026-10-11,3,BOM,DEL,BOM-DEL,AI,Air India,1,7370,INR,0,,16:30,16,19:00,19,False,150,150,0,Airbus A321,133.0,102.0
2026-10-08,2026-10-08 16:28,2026-10-11,3,BOM,DEL,BOM-DEL,QP,Akasa Air,1,7382,INR,0,,10:25,10,12:45,12,False,140,140,0,Boeing 737MAX 8 Passenger,93.0,102.0
2026-10-08,2026-10-08 16:28,2026-10-11,3,BOM,DEL,BOM-DEL,QP,Akasa Air,1,7382,INR,0,,13:00,13,15:20,15,False,140,140,0,Boeing 737MAX 8 Passenger,93.0,102.0
2026-10-08,2026-10-08 16:28,2026-10-11,3,BOM,DEL,BOM-DEL,AI,Air India,1,7507,INR,0,,13:00,13,15:15,15,False,135,135,0,Airbus A320neo,105.0,102.0
2026-10-08,2026-10-08 16:28,2026-10-11,3,BOM,DEL,BOM-DEL,AI,Air India,1,7507,INR,0,,15:00,15,17:20,17,False,140,140,0,Airbus A320neo,105.0,102.0
2026-10-08,2026-10-08 16:28,2026-10-11,3,BOM,DEL,BOM-DEL,AI,Air India,1,8872,INR,0,,19:30,19,21:45,21,False,135,135,0,Airbus A320neo,105.0,102.0
2026-10-08,2026-10-08 16:28,2026-10-11,3,BOM,DEL,BOM-DEL,QP,Akasa Air,1,9065,INR,0,,14:30,14,16:50,16,False,140,140,0,Boeing 737MAX 8 Passenger,93.0,102.0
2026-10-08,2026-10-08 16:28,2026-10-11,3,BOM,DEL,BOM-DEL,IX,Air India Express,1,9227,INR,0,,14:45,14,17:00,17,False,135,135,0,Airbus A320,120.0,102.0
2026-10-08,2026-10-08 16:28,2026-10-11,3,BOM,DEL,BOM-DEL,AI,Air India,1,12919,INR,0,,12:00,12,14:20,14,False,140,140,0,Airbus A320neo,105.0,102.0
2026-10-08,2026-10-08 16:28,2026-10-15,7,BOM,DEL,BOM-DEL,IX,Air India Express,1,6603,INR,0,,16:45,16,19:05,19,False,140,140,0,Boeing 737MAX 8 Passenger,104.0,102.0
2026-10-08,2026-10-08 16:28,2026-10-15,7,BOM,DEL,BOM-DEL,AI,Air India,1,6719,INR,0,,18:00,18,20:25,20,False,145,145,0,Boeing 787,106.0,102.0
2026-10-08,2026-10-08 16:28,2026-10-15,7,BOM,DEL,BOM-DEL,QP,Akasa Air,1,6873,INR,0,,13:00,13,15:20,15,False,140,140,0,Boeing 737MAX 8 Passenger,93.0,102.0
2026-10-08,2026-10-08 16:28,2026-10-15,7,BOM,DEL,BOM-DEL,AI,Air India,1,6929,INR,0,,01:00,1,03:20,3,False,140,140,0,Airbus A320neo,105.0,102.0
2026-10-08,2026-10-08 16:28,2026-10-15,7,BOM,DEL,BOM-DEL,AI,Air India,1,6929,INR,0,,11:25,11,13:50,13,False,145,145,0,Airbus A350,103.0,102.0
2026-10-08,2026-10-08 16:28,2026-10-15,7,BOM,DEL,BOM-DEL,AI,Air India,1,6929,INR,0,,13:00,13,15:15,15,False,135,135,0,Airbus A320neo,105.0,102.0
2026-10-08,2026-10-08 16:28,2026-10-15,7,BOM,DEL,BOM-DEL,AI,Air India,1,6929,INR,0,,14:35,14,16:55,16,False,140,140,0,Airbus A320neo,105.0,102.0
2026-10-08,2026-10-08 16:28,2026-10-15,7,BOM,DEL,BOM-DEL,AI,Air India,1,6929,INR,0,,15:30,15,17:50,17,False,140,140,0,Airbus A320neo,105.0,102.0
2026-10-08,2026-10-08 16:28,2026-10-15,7,BOM,DEL,BOM-DEL,AI,Air India,1,6929,INR,0,,16:30,16,19:00,19,False,150,150,0,Airbus A321,133.0,102.0
2026-10-08,2026-10-08 16:28,2026-10-15,7,BOM,DEL,BOM-DEL,AI,Air India,1,6929,INR,0,,21:00,21,23:15,23,False,135,135,0,Boeing 777,118.0,102.0
2026-10-08,2026-10-08 16:28,2026-10-15,7,BOM,DEL,BOM-DEL,AI,Air India,1,6929,INR,0,,21:30,21,23:45,23,False,135,135,0,Airbus A320neo,105.0,102.0
2026-10-08,2026-10-08 16:28,2026-10-15,7,BOM,DEL,BOM-DEL,AI,Air India,1,6929,INR,0,,22:35,22,01:00,1,True,145,145,0,Airbus A320neo,105.0,102.0
2026-10-08,2026-10-08 16:28,2026-10-15,7,BOM,DEL,BOM-DEL,SG,SpiceJet,1,6960,INR,0,,09:50,9,12:10,12,False,140,140,0,Boeing 737,105.0,102.0
2026-10-08,2026-10-08 16:28,2026-10-15,7,BOM,DEL,BOM-DEL,AI,Air India,1,7102,INR,0,,09:30,9,11:50,11,False,140,140,0,Airbus A320neo,105.0,102.0
2026-10-08,2026-10-08 16:28,2026-10-15,7,BOM,DEL,BOM-DEL,AI,Air India,1,7102,INR,0,,10:00,10,12:20,12,False,140,140,0,Airbus A320neo,105.0,102.0
2026-10-08,2026-10-08 16:28,2026-10-15,7,BOM,DEL,BOM-DEL,AI,Air India,1,7102,INR,0,,17:30,17,19:50,19,False,140,140,0,Airbus A321,133.0,102.0
2026-10-08,2026-10-08 16:28,2026-10-15,7,BOM,DEL,BOM-DEL,QP,Akasa Air,1,7111,INR,0,,07:00,7,09:20,9,False,140,140,0,Boeing 737MAX 8 Passenger,89.0,102.0
2026-10-08,2026-10-08 16:28,2026-10-15,7,BOM,DEL,BOM-DEL,AI,Air India,1,7192,INR,0,,20:30,20,22:50,22,False,140,140,0,Airbus A320neo,105.0,102.0
2026-10-08,2026-10-08 16:28,2026-10-15,7,BOM,DEL,BOM-DEL,QP,Akasa Air,1,7233,INR,0,,10:05,10,12:25,12,False,140,140,0,Boeing 737MAX 8 Passenger,93.0,102.0
2026-10-08,2026-10-08 16:28,2026-10-15,7,BOM,DEL,BOM-DEL,QP,Akasa Air,1,7233,INR,0,,16:55,16,19:15,19,False,140,140,0,Boeing 737MAX 8 Passenger,93.0,102.0
2026-10-08,2026-10-08 16:28,2026-10-15,7,BOM,DEL,BOM-DEL,AI,Air India,1,7428,INR,0,,18:30,18,20:50,20,False,140,140,0,Airbus A320neo,105.0,102.0
2026-10-08,2026-10-08 16:28,2026-10-15,7,BOM,DEL,BOM-DEL,AI,Air India,1,7816,INR,0,,07:00,7,09:15,9,False,135,135,0,Airbus A320neo,105.0,102.0
2026-10-08,2026-10-08 16:28,2026-10-15,7,BOM,DEL,BOM-DEL,QP,Akasa Air,1,8161,INR,0,,19:00,19,21:15,21,False,135,135,0,Boeing 737MAX 8 Passenger,93.0,102.0
2026-10-08,2026-10-08 16:28,2026-10-15,7,BOM,DEL,BOM-DEL,AI,Air India,1,8872,INR,0,,08:30,8,10:50,10,False,140,140,0,Airbus A320neo,105.0,102.0
2026-10-08,2026-10-08 16:28,2026-10-15,7,BOM,DEL,BOM-DEL,AI,Air India,1,10000,INR,0,,06:30,6,08:40,8,False,130,130,0,Airbus A320neo,105.0,102.0
2026-10-08,2026-10-08 16:28,2026-10-15,7,BOM,DEL,BOM-DEL,AI,Air India,1,10000,INR,0,,20:00,20,22:20,22,False,140,140,0,Airbus A321,133.0,102.0
2026-10-08,2026-10-08 16:28,2026-10-22,14,BOM,DEL,BOM-DEL,AI,Air India,1,6719,INR,0,,11:25,11,13:50,13,False,145,145,0,Airbus A350,103.0,102.0
2026-10-08,2026-10-08 16:28,2026-10-22,14,BOM,DEL,BOM-DEL,AI,Air India,1,6719,INR,0,,21:00,21,23:15,23,False,135,135,0,Boeing 777,118.0,102.0
2026-10-08,2026-10-08 16:28,2026-10-22,14,BOM,DEL,BOM-DEL,AI,Air India,1,6929,INR,0,,18:00,18,20:25,20,False,145,145,0,Boeing 787,106.0,102.0
2026-10-08,2026-10-08 16:28,2026-10-22,14,BOM,DEL,BOM-DEL,AI,Air India,1,6929,INR,0,,22:35,22,01:00,1,True,145,145,0,Airbus A320neo,105.0,102.0
2026-10-08,2026-10-08 16:28,2026-10-22,14,BOM,DEL,BOM-DEL,AI,Air India,1,7102,INR,0,,17:30,17,19:50,19,False,140,140,0,Airbus A321,133.0,102.0
2026-10-08,2026-10-08 16:28,2026-10-22,14,BOM,DEL,BOM-DEL,AI,Air India,1,7155,INR,0,,18:30,18,20:50,20,False,140,140,0,Airbus A320neo,105.0,102.0
2026-10-08,2026-10-08 16:28,2026-10-22,14,BOM,DEL,BOM-DEL,AI,Air India,1,7192,INR,0,,01:00,1,03:20,3,False,140,140,0,Airbus A320neo,105.0,102.0
2026-10-08,2026-10-08 16:28,2026-10-22,14,BOM,DEL,BOM-DEL,AI,Air India,1,7192,INR,0,,15:30,15,17:50,17,False,140,140,0,Airbus A320neo,105.0,102.0
2026-10-08,2026-10-08 16:28,2026-10-22,14,BOM,DEL,BOM-DEL,AI,Air India,1,7192,INR,0,,16:30,16,19:00,19,False,150,150,0,Airbus A321,133.0,102.0
2026-10-08,2026-10-08 16:28,2026-10-22,14,BOM,DEL,BOM-DEL,AI,Air India,1,7192,INR,0,,20:00,20,22:20,22,False,140,140,0,Airbus A321,133.0,102.0
2026-10-08,2026-10-08 16:28,2026-10-22,14,BOM,DEL,BOM-DEL,AI,Air India,1,7192,INR,0,,20:30,20,22:50,22,False,140,140,0,Airbus A320neo,105.0,102.0
2026-10-08,2026-10-08 16:28,2026-10-22,14,BOM,DEL,BOM-DEL,AI,Air India,1,7192,INR,0,,21:30,21,23:45,23,False,135,135,0,Airbus A320neo,105.0,102.0
2026-10-08,2026-10-08 16:28,2026-10-22,14,BOM,DEL,BOM-DEL,QP,Akasa Air,1,7233,INR,0,,16:55,16,19:15,19,False,140,140,0,Boeing 737MAX 8 Passenger,93.0,102.0
2026-10-08,2026-10-08 16:28,2026-10-22,14,BOM,DEL,BOM-DEL,AI,Air India,1,7370,INR,0,,19:30,19,21:45,21,False,135,135,0,Airbus A320neo,105.0,102.0
2026-10-08,2026-10-08 16:28,2026-10-22,14,BOM,DEL,BOM-DEL,QP,Akasa Air,1,7382,INR,0,,19:00,19,21:15,21,False,135,135,0,Boeing 737MAX 8 Passenger,89.0,102.0
2026-10-08,2026-10-08 16:28,2026-10-22,14,BOM,DEL,BOM-DEL,AI,Air India,1,7486,INR,0,,07:00,7,09:15,9,False,135,135,0,Airbus A320neo,105.0,102.0
2026-10-08,2026-10-08 16:28,2026-10-22,14,BOM,DEL,BOM-DEL,AI,Air India,1,7507,INR,0,,06:30,6,08:40,8,False,130,130,0,Airbus A320neo,105.0,102.0
2026-10-08,2026-10-08 16:28,2026-10-22,14,BOM,DEL,BOM-DEL,AI,Air India,1,7507,INR,0,,08:30,8,10:50,10,False,140,140,0,Airbus A320neo,105.0,102.0
2026-10-08,2026-10-08 16:28,2026-10-22,14,BOM,DEL,BOM-DEL,AI,Air India,1,7507,INR,0,,14:35,14,16:55,16,False,140,140,0,Airbus A320neo,105.0,102.0
2026-10-08,2026-10-08 16:28,2026-10-22,14,BOM,DEL,BOM-DEL,SG,SpiceJet,1,7602,INR,0,,09:50,9,12:10,12,False,140,140,0,Boeing 737,105.0,102.0
2026-10-08,2026-10-08 16:28,2026-10-22,14,BOM,DEL,BOM-DEL,QP,Akasa Air,1,7615,INR,0,,13:00,13,15:20,15,False,140,140,0,Boeing 737MAX 8 Passenger,89.0,102.0
2026-10-08,2026-10-08 16:28,2026-10-22,14,BOM,DEL,BOM-DEL,AI,Air India,1,7696,INR,0,,07:30,7,09:45,9,False,135,135,0,Airbus A320neo,105.0,102.0
2026-10-08,2026-10-08 16:28,2026-10-22,14,BOM,DEL,BOM-DEL,AI,Air India,1,7696,INR,0,,08:00,8,10:20,10,False,140,140,0,Airbus A320neo,105.0,102.0
2026-10-08,2026-10-08 16:28,2026-10-22,14,BOM,DEL,BOM-DEL,AI,Air India,1,7696,INR,0,,09:30,9,11:50,11,False,140,140,0,Airbus A320neo,105.0,102.0
2026-10-08,2026-10-08 16:28,2026-10-22,14,BOM,DEL,BOM-DEL,AI,Air India,1,7696,INR,0,,10:00,10,12:20,12,False,140,140,0,Airbus A320neo,105.0,102.0
2026-10-08,2026-10-08 16:28,2026-10-22,14,BOM,DEL,BOM-DEL,AI,Air India,1,7822,INR,0,,13:00,13,15:15,15,False,135,135,0,Airbus A320neo,105.0,102.0
2026-10-08,2026-10-08 16:28,2026-10-22,14,BOM,DEL,BOM-DEL,QP,Akasa Air,1,7883,INR,0,,07:00,7,09:20,9,False,140,140,0,Boeing 737MAX 8 Passenger,89.0,102.0
2026-10-08,2026-10-08 16:28,2026-10-22,14,BOM,DEL,BOM-DEL,QP,Akasa Air,1,7883,INR,0,,10:05,10,12:25,12,False,140,140,0,Boeing 737MAX 8 Passenger,93.0,102.0
2026-10-08,2026-10-08 16:28,2026-10-22,14,BOM,DEL,BOM-DEL,IX,Air India Express,1,8508,INR,0,,14:45,14,17:00,17,False,135,135,0,Airbus A320,120.0,102.0
2026-10-08,2026-10-08 16:28,2026-10-29,21,BOM,DEL,BOM-DEL,QP,Akasa Air,1,7382,INR,0,,20:55,20,23:15,23,False,140,140,0,Boeing 737MAX 8 Passenger,89.0,102.0
2026-10-08,2026-10-08 16:28,2026-10-29,21,BOM,DEL,BOM-DEL,QP,Akasa Air,1,7485,INR,0,,07:00,7,09:25,9,False,145,145,0,Boeing 737MAX 8 Passenger,89.0,102.0
2026-10-08,2026-10-08 16:28,2026-10-29,21,BOM,DEL,BOM-DEL,QP,Akasa Air,1,7485,INR,0,,18:35,18,21:00,21,False,145,145,0,Boeing 737MAX 8 Passenger,87.0,102.0
2026-10-08,2026-10-08 16:28,2026-10-29,21,BOM,DEL,BOM-DEL,QP,Akasa Air,1,7615,INR,0,,10:10,10,12:40,12,False,150,150,0,Boeing 737MAX 8 Passenger,89.0,102.0
2026-10-08,2026-10-08 16:28,2026-10-29,21,BOM,DEL,BOM-DEL,QP,Akasa Air,1,7615,INR,0,,15:05,15,17:25,17,False,140,140,0,Boeing 737MAX 8 Passenger,93.0,102.0
2026-10-08,2026-10-08 16:28,2026-10-29,21,BOM,DEL,BOM-DEL,IX,Air India Express,1,7678,INR,1,GOX,22:10,22,11:40,11,True,810,235,575,Boeing 737MAX 8 Passenger | Airbus A321,192.0,102.0
2026-10-08,2026-10-08 16:28,2026-10-29,21,BOM,DEL,BOM-DEL,AI,Air India,1,7711,INR,0,,06:30,6,08:45,8,False,135,135,0,Airbus A320neo,105.0,102.0
2026-10-08,2026-10-08 16:28,2026-10-29,21,BOM,DEL,BOM-DEL,AI,Air India,1,7711,INR,0,,08:30,8,10:45,10,False,135,135,0,Airbus A320neo,105.0,102.0
2026-10-08,2026-10-08 16:28,2026-10-29,21,BOM,DEL,BOM-DEL,AI,Air India,1,7711,INR,0,,11:15,11,13:35,13,False,140,140,0,Airbus A350,103.0,102.0
2026-10-08,2026-10-08 16:28,2026-10-29,21,BOM,DEL,BOM-DEL,AI,Air India,1,7711,INR,0,,13:00,13,15:15,15,False,135,135,0,Airbus A320neo,105.0,102.0
2026-10-08,2026-10-08 16:28,2026-10-29,21,BOM,DEL,BOM-DEL,AI,Air India,1,7711,INR,0,,15:30,15,17:50,17,False,140,140,0,Airbus A321,133.0,102.0
2026-10-08,2026-10-08 16:28,2026-10-29,21,BOM,DEL,BOM-DEL,AI,Air India,1,7711,INR,0,,20:00,20,22:15,22,False,135,135,0,Airbus A320neo,105.0,102.0
2026-10-08,2026-10-08 16:28,2026-10-29,21,BOM,DEL,BOM-DEL,AI,Air India,1,7711,INR,0,,20:30,20,22:50,22,False,140,140,0,Airbus A320neo,105.0,102.0
2026-10-08,2026-10-08 16:28,2026-10-29,21,BOM,DEL,BOM-DEL,AI,Air India,1,7711,INR,0,,21:00,21,23:15,23,False,135,135,0,Boeing 777,118.0,102.0
2026-10-08,2026-10-08 16:28,2026-10-29,21,BOM,DEL,BOM-DEL,AI,Air India,1,7711,INR,0,,21:30,21,23:45,23,False,135,135,0,Airbus A321,133.0,102.0
2026-10-08,2026-10-08 16:28,2026-10-29,21,BOM,DEL,BOM-DEL,AI,Air India,1,7711,INR,0,,22:35,22,00:50,0,True,135,135,0,Airbus A321,133.0,102.0
2026-10-08,2026-10-08 16:28,2026-10-29,21,BOM,DEL,BOM-DEL,AI,Air India,1,7711,INR,0,,23:55,23,02:15,2,True,140,140,0,Airbus A320neo,105.0,102.0
2026-10-08,2026-10-08 16:28,2026-10-29,21,BOM,DEL,BOM-DEL,AI,Air India,1,7906,INR,0,,07:30,7,09:50,9,False,140,140,0,Airbus A320neo,105.0,102.0
2026-10-08,2026-10-08 16:28,2026-10-29,21,BOM,DEL,BOM-DEL,AI,Air India,1,7906,INR,0,,08:00,8,10:15,10,False,135,135,0,Airbus A320neo,105.0,102.0
2026-10-08,2026-10-08 16:28,2026-10-29,21,BOM,DEL,BOM-DEL,AI,Air India,1,7906,INR,0,,09:30,9,11:45,11,False,135,135,0,Airbus A320neo,105.0,102.0
2026-10-08,2026-10-08 16:28,2026-10-29,21,BOM,DEL,BOM-DEL,AI,Air India,1,7906,INR,0,,17:30,17,19:45,19,False,135,135,0,Airbus A320neo,105.0,102.0
2026-10-08,2026-10-08 16:28,2026-10-29,21,BOM,DEL,BOM-DEL,AI,Air India,1,7906,INR,0,,19:00,19,21:20,21,False,140,140,0,Airbus A320neo,105.0,102.0
2026-10-08,2026-10-08 16:28,2026-10-29,21,BOM,DEL,BOM-DEL,SG,SpiceJet,1,7916,INR,0,,21:50,21,23:55,23,False,125,125,0,Boeing 737,105.0,102.0
2026-10-08,2026-10-08 16:28,2026-10-29,21,BOM,DEL,BOM-DEL,AI,Air India,1,7969,INR,0,,18:30,18,20:45,20,False,135,135,0,Airbus A321,133.0,102.0
2026-10-08,2026-10-08 16:28,2026-10-29,21,BOM,DEL,BOM-DEL,AI,Air India,1,7969,INR,0,,19:30,19,21:45,21,False,135,135,0,Boeing 787,106.0,102.0
2026-10-08,2026-10-08 16:28,2026-10-29,21,BOM,DEL,BOM-DEL,AI,Air India,1,8310,INR,0,,07:00,7,09:15,9,False,135,135,0,Airbus A320neo,105.0,102.0
2026-10-08,2026-10-08 16:28,2026-10-29,21,BOM,DEL,BOM-DEL,SG,SpiceJet,1,8364,INR,0,,08:45,8,11:05,11,False,140,140,0,Boeing 737,125.0,102.0
2026-10-08,2026-10-08 16:28,2026-10-29,21,BOM,DEL,BOM-DEL,IX,Air India Express,1,8508,INR,0,,05:30,5,07:55,7,False,145,145,0,Boeing 737MAX 8 Passenger,104.0,102.0
2026-10-08,2026-10-08 16:28,2026-10-29,21,BOM,DEL,BOM-DEL,IX,Air India Express,1,9844,INR,0,,17:20,17,19:35,19,False,135,135,0,Boeing 737MAX 8 Passenger,104.0,102.0
2026-10-08,2026-10-08 16:28,2026-10-29,21,BOM,DEL,BOM-DEL,AI,Air India,1,10000,INR,0,,16:30,16,18:50,18,False,140,140,0,Airbus A321,133.0,102.0
2026-10-08,2026-10-08 16:28,2026-11-07,30,BOM,DEL,BOM-DEL,IX,Air India Express,1,10169,INR,1,GOX,22:10,22,11:40,11,True,810,235,575,Boeing 737MAX 8 Passenger | Airbus A321,186.0,102.0
2026-10-08,2026-10-08 16:28,2026-11-07,30,BOM,DEL,BOM-DEL,IX,Air India Express,1,12250,INR,1,GOI,18:45,18,00:35,0,True,350,240,110,Boeing 737MAX 8 Passenger | Airbus A320neo,170.0,102.0
2026-10-08,2026-10-08 16:28,2026-11-07,30,BOM,DEL,BOM-DEL,SG,SpiceJet,1,12266,INR,0,,23:20,23,01:40,1,True,140,140,0,Boeing 737,102.0,102.0
2026-10-08,2026-10-08 16:28,2026-11-07,30,BOM,DEL,BOM-DEL,SG,SpiceJet,1,13154,INR,0,,21:50,21,23:55,23,False,125,125,0,Boeing 737,102.0,102.0
2026-10-08,2026-10-08 16:28,2026-11-07,30,BOM,DEL,BOM-DEL,AI,Air India,1,13502,INR,0,,19:00,19,21:15,21,False,135,135,0,Airbus A320neo,103.0,102.0
2026-10-08,2026-10-08 16:28,2026-11-07,30,BOM,DEL,BOM-DEL,AI,Air India,1,13502,INR,0,,19:30,19,21:50,21,False,140,140,0,Airbus A320neo,103.0,102.0
2026-10-08,2026-10-08 16:28,2026-11-07,30,BOM,DEL,BOM-DEL,AI,Air India,1,13502,INR,0,,20:30,20,22:50,22,False,140,140,0,Airbus A320neo,103.0,102.0
2026-10-08,2026-10-08 16:28,2026-11-07,30,BOM,DEL,BOM-DEL,AI,Air India,1,13502,INR,0,,21:00,21,23:15,23,False,135,135,0,Boeing 777,116.0,102.0
2026-10-08,2026-10-08 16:28,2026-11-07,30,BOM,DEL,BOM-DEL,AI,Air India,1,13502,INR,0,,21:30,21,23:45,23,False,135,135,0,Airbus A320neo,103.0,102.0
2026-10-08,2026-10-08 16:28,2026-11-07,30,BOM,DEL,BOM-DEL,QP,Akasa Air,1,14819,INR,0,,20:55,20,23:15,23,False,140,140,0,Boeing 737MAX 8 Passenger,87.0,102.0
2026-10-08,2026-10-08 16:28,2026-11-07,30,BOM,DEL,BOM-DEL,QP,Akasa Air,1,16186,INR,0,,07:00,7,09:25,9,False,145,145,0,Boeing 737MAX 8 Passenger,87.0,102.0
2026-10-08,2026-10-08 16:28,2026-11-07,30,BOM,DEL,BOM-DEL,QP,Akasa Air,1,16186,INR,0,,10:10,10,12:40,12,False,150,150,0,Boeing 737MAX 8 Passenger,87.0,102.0
2026-10-08,2026-10-08 16:28,2026-11-07,30,BOM,DEL,BOM-DEL,QP,Akasa Air,1,16186,INR,0,,13:00,13,15:25,15,False,145,145,0,Boeing 737MAX 8 Passenger,90.0,102.0
2026-10-08,2026-10-08 16:28,2026-11-07,30,BOM,DEL,BOM-DEL,QP,Akasa Air,1,16186,INR,0,,15:05,15,17:25,17,False,140,140,0,Boeing 737MAX 8 Passenger,90.0,102.0
2026-10-08,2026-10-08 16:28,2026-11-07,30,BOM,DEL,BOM-DEL,SG,SpiceJet,1,16354,INR,0,,13:05,13,15:20,15,False,135,135,0,Boeing 737,102.0,102.0
2026-10-08,2026-10-08 16:28,2026-11-07,30,BOM,DEL,BOM-DEL,AI,Air India,1,17382,INR,0,,22:35,22,00:50,0,True,135,135,0,Airbus A321,131.0,102.0
2026-10-08,2026-10-08 16:28,2026-11-07,30,BOM,DEL,BOM-DEL,SG,SpiceJet,1,17629,INR,0,,08:45,8,11:05,11,False,140,140,0,Boeing 737,102.0,102.0
2026-10-08,2026-10-08 16:28,2026-11-07,30,BOM,DEL,BOM-DEL,AI,Air India,1,17844,INR,0,,17:30,17,19:45,19,False,135,135,0,Airbus A320neo,103.0,102.0
2026-10-08,2026-10-08 16:28,2026-11-07,30,BOM,DEL,BOM-DEL,SG,SpiceJet,1,19023,INR,0,,06:25,6,08:45,8,False,140,140,0,Boeing 737,102.0,102.0
2026-10-08,2026-10-08 16:28,2026-11-07,30,BOM,DEL,BOM-DEL,IX,Air India Express,1,19996,INR,0,,17:20,17,19:35,19,False,135,135,0,Boeing 737MAX 8 Passenger,101.0,102.0
2026-10-08,2026-10-08 16:28,2026-11-07,30,BOM,DEL,BOM-DEL,AI,Air India,1,21661,INR,0,,13:00,13,15:15,15,False,135,135,0,Airbus A320neo,103.0,102.0
2026-10-08,2026-10-08 16:28,2026-11-07,30,BOM,DEL,BOM-DEL,AI,Air India,1,21661,INR,0,,18:00,18,20:15,20,False,135,135,0,Airbus A320neo,103.0,102.0
2026-10-08,2026-10-08 16:28,2026-11-07,30,BOM,DEL,BOM-DEL,AI,Air India,1,21661,INR,0,,23:55,23,02:15,2,True,140,140,0,Airbus A320neo,103.0,102.0
2026-10-08,2026-10-08 16:28,2026-11-07,30,BOM,DEL,BOM-DEL,AI,Air India,1,21855,INR,0,,18:30,18,20:45,20,False,135,135,0,Airbus A321,131.0,102.0
2026-10-08,2026-10-08 16:28,2026-11-07,30,BOM,DEL,BOM-DEL,AI,Air India,1,22243,INR,0,,08:00,8,10:15,10,False,135,135,0,Airbus A320neo,103.0,102.0
2026-10-08,2026-10-08 16:28,2026-11-07,30,BOM,DEL,BOM-DEL,IX,Air India Express,1,23104,INR,0,,05:30,5,07:55,7,False,145,145,0,Boeing 737MAX 8 Passenger,101.0,102.0
2026-10-08,2026-10-08 16:28,2026-11-07,30,BOM,DEL,BOM-DEL,AI,Air India,1,25005,INR,0,,07:00,7,09:15,9,False,135,135,0,Airbus A320neo,103.0,102.0
2026-10-08,2026-10-08 16:28,2026-11-07,30,BOM,DEL,BOM-DEL,AI,Air India,1,25005,INR,0,,08:30,8,10:45,10,False,135,135,0,Airbus A320neo,103.0,102.0
2026-10-08,2026-10-08 16:28,2026-11-07,30,BOM,DEL,BOM-DEL,AI,Air India,1,25005,INR,0,,09:00,9,11:10,11,False,130,130,0,Airbus A321,131.0,102.0
2026-10-08,2026-10-08 16:28,2026-11-07,30,BOM,DEL,BOM-DEL,AI,Air India,1,25005,INR,0,,11:15,11,13:35,13,False,140,140,0,Airbus A350,101.0,102.0
2026-10-08,2026-10-08 16:28,2026-11-07,30,BOM,DEL,BOM-DEL,AI,Air India,1,25005,INR,0,,12:10,12,14:35,14,False,145,145,0,Airbus A320neo,103.0,102.0
2026-10-08,2026-10-08 16:28,2026-11-07,30,BOM,DEL,BOM-DEL,AI,Air India,1,25005,INR,0,,16:30,16,18:50,18,False,140,140,0,Airbus A321,131.0,102.0
2026-10-08,2026-10-08 16:28,2026-11-07,30,BOM,DEL,BOM-DEL,AI,Air India,1,25682,INR,0,,07:30,7,09:50,9,False,140,140,0,Airbus A320neo,103.0,102.0
2026-10-08,2026-10-08 16:28,2026-11-07,30,BOM,DEL,BOM-DEL,AI,Air India,1,32410,INR,0,,15:00,15,17:15,17,False,135,135,0,Airbus A320neo,103.0,102.0
2026-10-08,2026-10-08 16:28,2026-11-22,45,BOM,DEL,BOM-DEL,SG,SpiceJet,1,7538,INR,0,,06:25,6,08:45,8,False,140,140,0,Boeing 737,102.0,102.0
2026-10-08,2026-10-08 16:28,2026-11-22,45,BOM,DEL,BOM-DEL,SG,SpiceJet,1,7538,INR,0,,23:20,23,01:40,1,True,140,140,0,Boeing 737,102.0,102.0
2026-10-08,2026-10-08 16:28,2026-11-22,45,BOM,DEL,BOM-DEL,SG,SpiceJet,1,7538,INR,0,,23:30,23,02:15,2,True,165,165,0,Boeing 737,102.0,102.0
2026-10-08,2026-10-08 16:28,2026-11-22,45,BOM,DEL,BOM-DEL,AI,Air India,1,7575,INR,0,,01:10,1,03:30,3,False,140,140,0,Airbus A320neo,103.0,102.0
2026-10-08,2026-10-08 16:28,2026-11-22,45,BOM,DEL,BOM-DEL,AI,Air India,1,7575,INR,0,,23:55,23,02:15,2,True,140,140,0,Airbus A320neo,103.0,102.0
2026-10-08,2026-10-08 16:28,2026-11-22,45,BOM,DEL,BOM-DEL,AI,Air India,1,7748,INR,0,,07:00,7,09:15,9,False,135,135,0,Airbus A320neo,103.0,102.0
2026-10-08,2026-10-08 16:28,2026-11-22,45,BOM,DEL,BOM-DEL,AI,Air India,1,7748,INR,0,,21:00,21,23:15,23,False,135,135,0,Boeing 777,116.0,102.0
2026-10-08,2026-10-08 16:28,2026-11-22,45,BOM,DEL,BOM-DEL,AI,Air India,1,7748,INR,0,,21:30,21,23:45,23,False,135,135,0,Airbus A320neo,103.0,102.0
2026-10-08,2026-10-08 16:28,2026-11-22,45,BOM,DEL,BOM-DEL,SG,SpiceJet,1,7916,INR,0,,08:45,8,11:05,11,False,140,140,0,Boeing 737,102.0,102.0
2026-10-08,2026-10-08 16:28,2026-11-22,45,BOM,DEL,BOM-DEL,SG,SpiceJet,1,7916,INR,0,,20:30,20,22:45,22,False,135,135,0,Boeing 737,102.0,102.0
2026-10-08,2026-10-08 16:28,2026-11-22,45,BOM,DEL,BOM-DEL,AI,Air India,1,7942,INR,0,,08:00,8,10:15,10,False,135,135,0,Airbus A320neo,103.0,102.0
2026-10-08,2026-10-08 16:28,2026-11-22,45,BOM,DEL,BOM-DEL,QP,Akasa Air,1,8161,INR,0,,20:55,20,23:15,23,False,140,140,0,Boeing 737MAX 8 Passenger,87.0,102.0
2026-10-08,2026-10-08 16:28,2026-11-22,45,BOM,DEL,BOM-DEL,QP,Akasa Air,1,8304,INR,0,,10:10,10,12:40,12,False,150,150,0,Boeing 737MAX 8 Passenger,87.0,102.0
2026-10-08,2026-10-08 16:28,2026-11-22,45,BOM,DEL,BOM-DEL,AI,Air India,1,8347,INR,0,,19:30,19,21:50,21,False,140,140,0,Airbus A320neo,103.0,102.0
2026-10-08,2026-10-08 16:28,2026-11-22,45,BOM,DEL,BOM-DEL,AI,Air India,1,8347,INR,0,,20:30,20,22:50,22,False,140,140,0,Airbus A320neo,103.0,102.0
2026-10-08,2026-10-08 16:28,2026-11-22,45,BOM,DEL,BOM-DEL,QP,Akasa Air,1,8451,INR,0,,18:35,18,21:00,21,False,145,145,0,Boeing 737MAX 8 Passenger,85.0,102.0
2026-10-08,2026-10-08 16:28,2026-11-22,45,BOM,DEL,BOM-DEL,IX,Air India Express,1,8508,INR,0,,17:20,17,19:35,19,False,135,135,0,Boeing 737MAX 8 Passenger,101.0,102.0
2026-10-08,2026-10-08 16:28,2026-11-22,45,BOM,DEL,BOM-DEL,AI,Air India,1,8630,INR,0,,18:30,18,20:45,20,False,135,135,0,Airbus A321,131.0,102.0
2026-10-08,2026-10-08 16:28,2026-11-22,45,BOM,DEL,BOM-DEL,AI,Air India,1,8630,INR,0,,19:00,19,21:15,21,False,135,135,0,Airbus A320neo,103.0,102.0
2026-10-08,2026-10-08 16:28,2026-11-22,45,BOM,DEL,BOM-DEL,AI,Air India,1,8646,INR,0,,08:30,8,10:45,10,False,135,135,0,Airbus A320neo,103.0,102.0
2026-10-08,2026-10-08 16:28,2026-11-22,45,BOM,DEL,BOM-DEL,AI,Air India,1,8646,INR,0,,16:30,16,18:50,18,False,140,140,0,Airbus A321,131.0,102.0
2026-10-08,2026-10-08 16:28,2026-11-22,45,BOM,DEL,BOM-DEL,AI,Air India,1,8866,INR,0,,07:30,7,09:50,9,False,140,140,0,Airbus A320neo,103.0,102.0
2026-10-08,2026-10-08 16:28,2026-11-22,45,BOM,DEL,BOM-DEL,AI,Air India,1,8866,INR,0,,17:30,17,19:45,19,False,135,135,0,Airbus A320neo,103.0,102.0
2026-10-08,2026-10-08 16:28,2026-11-22,45,BOM,DEL,BOM-DEL,AI,Air India,1,9045,INR,0,,15:00,15,17:15,17,False,135,135,0,Airbus A320neo,103.0,102.0
2026-10-08,2026-10-08 16:28,2026-11-22,45,BOM,DEL,BOM-DEL,AI,Air India,1,9045,INR,0,,15:30,15,17:50,17,False,140,140,0,Airbus A321,131.0,102.0
2026-10-08,2026-10-08 16:28,2026-11-22,45,BOM,DEL,BOM-DEL,AI,Air India,1,9092,INR,0,,18:00,18,20:15,20,False,135,135,0,Airbus A320neo,103.0,102.0
2026-10-08,2026-10-08 16:28,2026-11-22,45,BOM,DEL,BOM-DEL,QP,Akasa Air,1,9392,INR,0,,13:00,13,15:25,15,False,145,145,0,Boeing 737MAX 8 Passenger,90.0,102.0
2026-10-08,2026-10-08 16:28,2026-11-22,45,BOM,DEL,BOM-DEL,QP,Akasa Air,1,9392,INR,0,,15:05,15,17:25,17,False,140,140,0,Boeing 737MAX 8 Passenger,90.0,102.0
2026-10-08,2026-10-08 16:28,2026-11-22,45,BOM,DEL,BOM-DEL,AI,Air India,1,10000,INR,0,,11:15,11,13:35,13,False,140,140,0,Airbus A350,101.0,102.0
2026-10-08,2026-10-08 16:28,2026-11-22,45,BOM,DEL,BOM-DEL,AI,Air India,1,10000,INR,0,,12:10,12,14:35,14,False,145,145,0,Airbus A320neo,103.0,102.0
2026-10-08,2026-10-08 16:28,2026-11-22,45,BOM,DEL,BOM-DEL,AI,Air India,1,10000,INR,0,,13:00,13,15:15,15,False,135,135,0,Airbus A320neo,103.0,102.0
2026-10-08,2026-10-08 16:28,2026-11-22,45,BOM,DEL,BOM-DEL,AI,Air India,1,12919,INR,0,,09:00,9,11:10,11,False,130,130,0,Airbus A321,131.0,102.0
2026-10-08,2026-10-08 16:28,2026-12-07,60,BOM,DEL,BOM-DEL,IX,Air India Express,1,6811,INR,0,,17:20,17,19:35,19,False,135,135,0,Boeing 737MAX 8 Passenger,98.0,102.0
2026-10-08,2026-10-08 16:28,2026-12-07,60,BOM,DEL,BOM-DEL,QP,Akasa Air,1,7233,INR,0,,10:10,10,12:40,12,False,150,150,0,Boeing 737MAX 8 Passenger,85.0,102.0
2026-10-08,2026-10-08 16:28,2026-12-07,60,BOM,DEL,BOM-DEL,AI,Air India,1,7255,INR,0,,12:10,12,14:35,14,False,145,145,0,Airbus A320neo,100.0,102.0
2026-10-08,2026-10-08 16:28,2026-12-07,60,BOM,DEL,BOM-DEL,AI,Air India,1,7255,INR,0,,14:35,14,16:55,16,False,140,140,0,Airbus A320neo,100.0,102.0
2026-10-08,2026-10-08 16:28,2026-12-07,60,BOM,DEL,BOM-DEL,AI,Air India,1,7255,INR,0,,15:00,15,17:15,17,False,135,135,0,Airbus A320neo,100.0,102.0
2026-10-08,2026-10-08 16:28,2026-12-07,60,BOM,DEL,BOM-DEL,AI,Air India,1,7255,INR,0,,15:30,15,17:50,17,False,140,140,0,Airbus A321,127.0,102.0
2026-10-08,2026-10-08 16:28,2026-12-07,60,BOM,DEL,BOM-DEL,SG,SpiceJet,1,7538,INR,0,,06:25,6,08:45,8,False,140,140,0,Boeing 737,101.0,102.0
2026-10-08,2026-10-08 16:28,2026-12-07,60,BOM,DEL,BOM-DEL,SG,SpiceJet,1,7538,INR,0,,08:45,8,11:05,11,False,140,140,0,Boeing 737,101.0,102.0
2026-10-08,2026-10-08 16:28,2026-12-07,60,BOM,DEL,BOM-DEL,SG,SpiceJet,1,7538,INR,0,,20:30,20,22:45,22,False,135,135,0,Boeing 737,101.0,102.0
2026-10-08,2026-10-08 16:28,2026-12-07,60,BOM,DEL,BOM-DEL,SG,SpiceJet,1,7538,INR,0,,21:50,21,23:55,23,False,125,125,0,Boeing 737,101.0,102.0
2026-10-08,2026-10-08 16:28,2026-12-07,60,BOM,DEL,BOM-DEL,SG,SpiceJet,1,7538,INR,0,,23:20,23,01:40,1,True,140,140,0,Boeing 737,101.0,102.0
2026-10-08,2026-10-08 16:28,2026-12-07,60,BOM,DEL,BOM-DEL,SG,SpiceJet,1,7538,INR,0,,23:30,23,02:15,2,True,165,165,0,Boeing 737,101.0,102.0
2026-10-08,2026-10-08 16:28,2026-12-07,60,BOM,DEL,BOM-DEL,AI,Air India,1,7575,INR,0,,11:15,11,13:35,13,False,140,140,0,Airbus A350,98.0,102.0
2026-10-08,2026-10-08 16:28,2026-12-07,60,BOM,DEL,BOM-DEL,AI,Air India,1,7575,INR,0,,19:00,19,21:15,21,False,135,135,0,Airbus A320neo,100.0,102.0
2026-10-08,2026-10-08 16:28,2026-12-07,60,BOM,DEL,BOM-DEL,AI,Air India,1,7575,INR,0,,19:30,19,21:50,21,False,140,140,0,Airbus A320neo,100.0,102.0
2026-10-08,2026-10-08 16:28,2026-12-07,60,BOM,DEL,BOM-DEL,AI,Air India,1,7575,INR,0,,20:30,20,22:50,22,False,140,140,0,Airbus A320neo,100.0,102.0
2026-10-08,2026-10-08 16:28,2026-12-07,60,BOM,DEL,BOM-DEL,AI,Air India,1,7575,INR,0,,21:00,21,23:15,23,False,135,135,0,Boeing 777,112.0,102.0
2026-10-08,2026-10-08 16:28,2026-12-07,60,BOM,DEL,BOM-DEL,AI,Air India,1,7575,INR,0,,21:30,21,23:45,23,False,135,135,0,Airbus A320neo,100.0,102.0
2026-10-08,2026-10-08 16:28,2026-12-07,60,BOM,DEL,BOM-DEL,AI,Air India,1,7575,INR,0,,22:35,22,00:50,0,True,135,135,0,Airbus A321,127.0,102.0
2026-10-08,2026-10-08 16:28,2026-12-07,60,BOM,DEL,BOM-DEL,QP,Akasa Air,1,7615,INR,0,,13:00,13,15:25,15,False,145,145,0,Boeing 737MAX 8 Passenger,89.0,102.0
2026-10-08,2026-10-08 16:28,2026-12-07,60,BOM,DEL,BOM-DEL,QP,Akasa Air,1,7615,INR,0,,15:05,15,17:25,17,False,140,140,0,Boeing 737MAX 8 Passenger,89.0,102.0
2026-10-08,2026-10-08 16:28,2026-12-07,60,BOM,DEL,BOM-DEL,AI,Air India,1,7638,INR,0,,18:30,18,20:45,20,False,135,135,0,Airbus A321,127.0,102.0
2026-10-08,2026-10-08 16:28,2026-12-07,60,BOM,DEL,BOM-DEL,QP,Akasa Air,1,7748,INR,0,,18:35,18,21:00,21,False,145,145,0,Boeing 737MAX 8 Passenger,84.0,102.0
2026-10-08,2026-10-08 16:28,2026-12-07,60,BOM,DEL,BOM-DEL,QP,Akasa Air,1,7883,INR,0,,20:55,20,23:15,23,False,140,140,0,Boeing 737MAX 8 Passenger,85.0,102.0
2026-10-08,2026-10-08 16:28,2026-12-07,60,BOM,DEL,BOM-DEL,AI,Air India,1,7953,INR,0,,01:10,1,03:30,3,False,140,140,0,Airbus A320neo,100.0,102.0
2026-10-08,2026-10-08 16:28,2026-12-07,60,BOM,DEL,BOM-DEL,AI,Air India,1,8152,INR,0,,17:30,17,19:45,19,False,135,135,0,Airbus A320neo,100.0,102.0
2026-10-08,2026-10-08 16:28,2026-12-07,60,BOM,DEL,BOM-DEL,AI,Air India,1,8347,INR,0,,06:30,6,08:45,8,False,135,135,0,Airbus A320neo,100.0,102.0
2026-10-08,2026-10-08 16:28,2026-12-07,60,BOM,DEL,BOM-DEL,AI,Air India,1,8347,INR,0,,08:30,8,10:45,10,False,135,135,0,Airbus A320neo,100.0,102.0
2026-10-08,2026-10-08 16:28,2026-12-07,60,BOM,DEL,BOM-DEL,AI,Air India,1,8347,INR,0,,09:00,9,11:10,11,False,130,130,0,Airbus A321,127.0,102.0
2026-10-08,2026-10-08 16:28,2026-12-07,60,BOM,DEL,BOM-DEL,AI,Air India,1,8562,INR,0,,08:00,8,10:15,10,False,135,135,0,Airbus A320neo,100.0,102.0
2026-10-08,2026-10-08 16:28,2026-12-07,60,BOM,DEL,BOM-DEL,AI,Air India,1,8646,INR,0,,23:55,23,02:15,2,True,140,140,0,Airbus A320neo,100.0,102.0
2026-10-08,2026-10-08 16:28,2026-12-07,60,BOM,DEL,BOM-DEL,AI,Air India,1,8704,INR,0,,07:00,7,09:15,9,False,135,135,0,Airbus A320neo,100.0,102.0
2026-10-08,2026-10-08 16:28,2026-12-07,60,BOM,DEL,BOM-DEL,AI,Air India,1,9045,INR,0,,16:30,16,18:50,18,False,140,140,0,Airbus A321,127.0,102.0
2026-10-08,2026-10-08 16:28,2026-12-07,60,BOM,DEL,BOM-DEL,AI,Air India,1,10263,INR,0,,09:30,9,11:45,11,False,135,135,0,Airbus A320neo,100.0,102.0
2026-10-08,2026-10-08 16:28,2026-10-09,1,BLR,DEL,BLR-DEL,6E,IndiGo,1,16525,INR,1,AMD,01:10,1,06:45,6,False,335,235,100,Airbus A320neo | Airbus A321neo,160.0,120.0
2026-10-08,2026-10-08 16:28,2026-10-09,1,BLR,DEL,BLR-DEL,6E,IndiGo,1,16525,INR,1,AMD,20:00,20,02:00,2,True,360,245,115,Airbus A320neo | Airbus A321neo,160.0,120.0
2026-10-08,2026-10-08 16:28,2026-10-09,1,BLR,DEL,BLR-DEL,IX,Air India Express,1,16864,INR,1,COK,08:40,8,14:05,14,False,325,275,50,Boeing 737MAX 8 Passenger | Airbus A320neo,207.0,120.0
2026-10-08,2026-10-08 16:28,2026-10-09,1,BLR,DEL,BLR-DEL,6E,IndiGo,1,17141,INR,1,IXE,18:50,18,23:45,23,False,295,220,75,Airbus A320neo | Airbus A320,197.0,120.0
2026-10-08,2026-10-08 16:28,2026-10-09,1,BLR,DEL,BLR-DEL,AI,Air India,1,21771,INR,0,,06:00,6,08:45,8,False,165,165,0,Airbus A320neo,142.0,120.0
2026-10-08,2026-10-08 16:28,2026-10-09,1,BLR,DEL,BLR-DEL,AI,Air India,1,21771,INR,0,,15:00,15,18:00,18,False,180,180,0,Airbus A320neo,142.0,120.0
2026-10-08,2026-10-08 16:28,2026-10-09,1,BLR,DEL,BLR-DEL,QP,Akasa Air,1,21940,INR,0,,04:10,4,07:00,7,False,170,170,0,Boeing 737MAX 8 Passenger,124.0,120.0
2026-10-08,2026-10-08 16:28,2026-10-09,1,BLR,DEL,BLR-DEL,QP,Akasa Air,1,21940,INR,0,,05:30,5,08:25,8,False,175,175,0,Boeing 737MAX 8 Passenger,124.0,120.0
2026-10-08,2026-10-08 16:28,2026-10-09,1,BLR,DEL,BLR-DEL,QP,Akasa Air,1,24354,INR,0,,06:05,6,08:50,8,False,165,165,0,Boeing 737MAX 8 Passenger,119.0,120.0
2026-10-08,2026-10-08 16:28,2026-10-09,1,BLR,DEL,BLR-DEL,QP,Akasa Air,1,24354,INR,0,,13:05,13,16:00,16,False,175,175,0,Boeing 737MAX 8 Passenger,119.0,120.0
2026-10-08,2026-10-08 16:28,2026-10-09,1,BLR,DEL,BLR-DEL,IX,Air India Express,1,24858,INR,0,,01:15,1,04:10,4,False,175,175,0,Airbus A320neo,134.0,120.0
2026-10-08,2026-10-08 16:28,2026-10-09,1,BLR,DEL,BLR-DEL,AI,Air India,1,25834,INR,0,,00:15,0,03:10,3,False,175,175,0,Airbus A320neo,142.0,120.0
2026-10-08,2026-10-08 16:28,2026-10-09,1,BLR,DEL,BLR-DEL,AI,Air India,1,25834,INR,0,,05:30,5,08:25,8,False,175,175,0,Airbus A320neo,142.0,120.0
2026-10-08,2026-10-08 16:28,2026-10-09,1,BLR,DEL,BLR-DEL,AI,Air India,1,25834,INR,0,,07:00,7,10:00,10,False,180,180,0,Airbus A320neo,142.0,120.0
2026-10-08,2026-10-08 16:28,2026-10-09,1,BLR,DEL,BLR-DEL,AI,Air India,1,25834,INR,0,,10:00,10,13:00,13,False,180,180,0,Airbus A320neo,142.0,120.0
2026-10-08,2026-10-08 16:28,2026-10-09,1,BLR,DEL,BLR-DEL,AI,Air India,1,25834,INR,0,,11:00,11,14:00,14,False,180,180,0,Airbus A320neo,142.0,120.0
2026-10-08,2026-10-08 16:28,2026-10-09,1,BLR,DEL,BLR-DEL,AI,Air India,1,25834,INR,0,,14:00,14,16:45,16,False,165,165,0,Airbus A320neo,142.0,120.0
2026-10-08,2026-10-08 16:28,2026-10-09,1,BLR,DEL,BLR-DEL,AI,Air India,1,25834,INR,0,,15:30,15,18:15,18,False,165,165,0,Boeing 787,142.0,120.0
2026-10-08,2026-10-08 16:28,2026-10-09,1,BLR,DEL,BLR-DEL,AI,Air India,1,25834,INR,0,,16:30,16,19:25,19,False,175,175,0,Airbus A320neo,142.0,120.0
2026-10-08,2026-10-08 16:28,2026-10-09,1,BLR,DEL,BLR-DEL,AI,Air India,1,25834,INR,0,,17:25,17,20:30,20,False,185,185,0,Airbus A320neo,142.0,120.0
2026-10-08,2026-10-08 16:28,2026-10-09,1,BLR,DEL,BLR-DEL,AI,Air India,1,25834,INR,0,,19:40,19,22:35,22,False,175,175,0,Airbus A320neo,142.0,120.0
2026-10-08,2026-10-08 16:28,2026-10-09,1,BLR,DEL,BLR-DEL,AI,Air India,1,25834,INR,0,,20:00,20,22:45,22,False,165,165,0,Airbus A320neo,142.0,120.0
2026-10-08,2026-10-08 16:28,2026-10-09,1,BLR,DEL,BLR-DEL,AI,Air India,1,25834,INR,0,,22:30,22,01:25,1,True,175,175,0,Airbus A321,179.0,120.0
2026-10-08,2026-10-08 16:28,2026-10-09,1,BLR,DEL,BLR-DEL,AI,Air India,1,35637,INR,0,,22:00,22,00:55,0,True,175,175,0,Airbus A320neo,142.0,120.0
2026-10-08,2026-10-08 16:28,2026-10-09,1,BLR,DEL,BLR-DEL,AI,Air India,1,36605,INR,0,,18:20,18,21:10,21,False,170,170,0,Airbus A320neo,142.0,120.0
2026-10-08,2026-10-08 16:28,2026-10-11,3,BLR,DEL,BLR-DEL,6E,IndiGo,1,13212,INR,1,NAG,17:15,17,23:00,23,False,345,210,135,Airbus A320neo | Airbus A320neo,147.0,120.0
2026-10-08,2026-10-08 16:28,2026-10-11,3,BLR,DEL,BLR-DEL,QP,Akasa Air,1,15069,INR,0,,04:10,4,07:00,7,False,170,170,0,Boeing 737MAX 8 Passenger,124.0,120.0
2026-10-08,2026-10-08 16:28,2026-10-11,3,BLR,DEL,BLR-DEL,AI,Air India,1,15634,INR,0,,00:15,0,03:10,3,False,175,175,0,Airbus A320neo,142.0,120.0
2026-10-08,2026-10-08 16:28,2026-10-11,3,BLR,DEL,BLR-DEL,AI,Air India,1,15634,INR,0,,05:30,5,08:25,8,False,175,175,0,Airbus A320neo,142.0,120.0
2026-10-08,2026-10-08 16:28,2026-10-11,3,BLR,DEL,BLR-DEL,AI,Air India,1,15634,INR,0,,22:30,22,01:25,1,True,175,175,0,Airbus A321,179.0,120.0
2026-10-08,2026-10-08 16:28,2026-10-11,3,BLR,DEL,BLR-DEL,AI,Air India,1,17902,INR,0,,06:00,6,08:45,8,False,165,165,0,Airbus A320neo,142.0,120.0
2026-10-08,2026-10-08 16:28,2026-10-11,3,BLR,DEL,BLR-DEL,AI,Air India,1,17902,INR,0,,15:00,15,18:00,18,False,180,180,0,Airbus A320neo,142.0,120.0
2026-10-08,2026-10-08 16:28,2026-10-11,3,BLR,DEL,BLR-DEL,AI,Air India,1,17902,INR,0,,15:30,15,18:05,18,False,155,155,0,Boeing 787,142.0,120.0
2026-10-08,2026-10-08 16:28,2026-10-11,3,BLR,DEL,BLR-DEL,AI,Air India,1,17902,INR,0,,16:30,16,19:25,19,False,175,175,0,Airbus A320neo,142.0,120.0
2026-10-08,2026-10-08 16:28,2026-10-11,3,BLR,DEL,BLR-DEL,AI,Air India,1,17902,INR,0,,17:25,17,20:30,20,False,185,185,0,Airbus A320neo,142.0,120.0
2026-10-08,2026-10-08 16:28,2026-10-11,3,BLR,DEL,BLR-DEL,AI,Air India,1,17902,INR,0,,18:20,18,21:10,21,False,170,170,0,Airbus A320neo,142.0,120.0
2026-10-08,2026-10-08 16:28,2026-10-11,3,BLR,DEL,BLR-DEL,AI,Air India,1,17902,INR,0,,19:40,19,22:35,22,False,175,175,0,Airbus A320neo,142.0,120.0
2026-10-08,2026-10-08 16:28,2026-10-11,3,BLR,DEL,BLR-DEL,AI,Air India,1,17902,INR,0,,20:00,20,22:45,22,False,165,165,0,Airbus A320neo,142.0,120.0
2026-10-08,2026-10-08 16:28,2026-10-11,3,BLR,DEL,BLR-DEL,AI,Air India,1,17902,INR,0,,22:00,22,00:55,0,True,175,175,0,Airbus A320neo,142.0,120.0
2026-10-08,2026-10-08 16:28,2026-10-11,3,BLR,DEL,BLR-DEL,QP,Akasa Air,1,19778,INR,0,,05:00,5,07:50,7,False,170,170,0,Boeing 737MAX 8 Passenger,124.0,120.0
2026-10-08,2026-10-08 16:28,2026-10-11,3,BLR,DEL,BLR-DEL,AI,Air India,1,20810,INR,0,,07:00,7,10:00,10,False,180,180,0,Airbus A320neo,142.0,120.0
2026-10-08,2026-10-08 16:28,2026-10-11,3,BLR,DEL,BLR-DEL,AI,Air India,1,20810,INR,0,,10:00,10,13:00,13,False,180,180,0,Airbus A320neo,142.0,120.0
2026-10-08,2026-10-08 16:28,2026-10-11,3,BLR,DEL,BLR-DEL,AI,Air India,1,20810,INR,0,,11:00,11,14:00,14,False,180,180,0,Airbus A320neo,142.0,120.0
2026-10-08,2026-10-08 16:28,2026-10-11,3,BLR,DEL,BLR-DEL,AI,Air India,1,20810,INR,0,,14:00,14,16:45,16,False,165,165,0,Airbus A320neo,142.0,120.0
2026-10-08,2026-10-08 16:28,2026-10-11,3,BLR,DEL,BLR-DEL,QP,Akasa Air,1,24354,INR,0,,13:05,13,16:00,16,False,175,175,0,Boeing 737MAX 8 Passenger,119.0,120.0
2026-10-08,2026-10-08 16:28,2026-10-15,7,BLR,DEL,BLR-DEL,6E,IndiGo,1,10357,INR,1,NAG,15:35,15,20:30,20,False,295,210,85,Airbus A321neo | Airbus A320neo,142.0,120.0
2026-10-08,2026-10-08 16:28,2026-10-15,7,BLR,DEL,BLR-DEL,IX,Air India Express,1,10492,INR,1,GOI,05:20,5,10:40,10,False,320,225,95,Airbus A320 | Airbus A321,210.0,120.0
2026-10-08,2026-10-08 16:28,2026-10-15,7,BLR,DEL,BLR-DEL,IX,Air India Express,1,11031,INR,0,,17:35,17,20:25,20,False,170,170,0,Boeing 737MAX 8 Passenger,142.0,120.0
2026-10-08,2026-10-08 16:28,2026-10-15,7,BLR,DEL,BLR-DEL,AI,Air India,1,11901,INR,0,,00:15,0,03:10,3,False,175,175,0,Airbus A320neo,142.0,120.0
2026-10-08,2026-10-08 16:28,2026-10-15,7,BLR,DEL,BLR-DEL,QP,Akasa Air,1,11906,INR,0,,04:10,4,07:00,7,False,170,170,0,Boeing 737MAX 8 Passenger,124.0,120.0
2026-10-08,2026-10-08 16:28,2026-10-15,7,BLR,DEL,BLR-DEL,QP,Akasa Air,1,11906,INR,0,,06:05,6,08:50,8,False,165,165,0,Boeing 737MAX 8 Passenger,119.0,120.0
2026-10-08,2026-10-08 16:28,2026-10-15,7,BLR,DEL,BLR-DEL,QP,Akasa Air,1,12124,INR,0,,13:05,13,16:00,16,False,175,175,0,Boeing 737MAX 8 Passenger,119.0,120.0
2026-10-08,2026-10-08 16:28,2026-10-15,7,BLR,DEL,BLR-DEL,AI,Air India,1,12594,INR,0,,05:30,5,08:25,8,False,175,175,0,Airbus A320neo,142.0,120.0
2026-10-08,2026-10-08 16:28,2026-10-15,7,BLR,DEL,BLR-DEL,AI,Air India,1,12594,INR,0,,15:00,15,18:00,18,False,180,180,0,Airbus A320neo,142.0,120.0
2026-10-08,2026-10-08 16:28,2026-10-15,7,BLR,DEL,BLR-DEL,AI,Air India,1,12594,INR,0,,22:00,22,00:55,0,True,175,175,0,Airbus A320neo,142.0,120.0
2026-10-08,2026-10-08 16:28,2026-10-15,7,BLR,DEL,BLR-DEL,AI,Air India,1,13334,INR,0,,10:00,10,13:00,13,False,180,180,0,Airbus A320neo,142.0,120.0
2026-10-08,2026-10-08 16:28,2026-10-15,7,BLR,DEL,BLR-DEL,AI,Air India,1,13334,INR,0,,11:00,11,14:00,14,False,180,180,0,Airbus A320neo,142.0,120.0
2026-10-08,2026-10-08 16:28,2026-10-15,7,BLR,DEL,BLR-DEL,AI,Air India,1,13334,INR,0,,14:00,14,16:45,16,False,165,165,0,Airbus A320neo,142.0,120.0
2026-10-08,2026-10-08 16:28,2026-10-15,7,BLR,DEL,BLR-DEL,AI,Air India,1,13560,INR,0,,22:30,22,01:25,1,True,175,175,0,Airbus A321,179.0,120.0
2026-10-08,2026-10-08 16:28,2026-10-15,7,BLR,DEL,BLR-DEL,AI,Air India,1,14127,INR,0,,20:00,20,22:45,22,False,165,165,0,Airbus A320neo,142.0,120.0
2026-10-08,2026-10-08 16:28,2026-10-15,7,BLR,DEL,BLR-DEL,AI,Air India,1,15634,INR,0,,06:00,6,08:45,8,False,165,165,0,Airbus A320neo,142.0,120.0
2026-10-08,2026-10-08 16:28,2026-10-15,7,BLR,DEL,BLR-DEL,AI,Air India,1,15634,INR,0,,15:30,15,18:15,18,False,165,165,0,Boeing 787,142.0,120.0
2026-10-08,2026-10-08 16:28,2026-10-15,7,BLR,DEL,BLR-DEL,AI,Air India,1,15634,INR,0,,17:25,17,20:30,20,False,185,185,0,Airbus A320neo,142.0,120.0
2026-10-08,2026-10-08 16:28,2026-10-15,7,BLR,DEL,BLR-DEL,AI,Air India,1,15907,INR,0,,18:20,18,21:10,21,False,170,170,0,Airbus A320neo,142.0,120.0
2026-10-08,2026-10-08 16:28,2026-10-15,7,BLR,DEL,BLR-DEL,AI,Air India,1,15907,INR,0,,19:40,19,22:35,22,False,175,175,0,Airbus A320neo,142.0,120.0
2026-10-08,2026-10-08 16:28,2026-10-15,7,BLR,DEL,BLR-DEL,AI,Air India,1,16043,INR,0,,16:30,16,19:25,19,False,175,175,0,Airbus A320neo,142.0,120.0
2026-10-08,2026-10-08 16:28,2026-10-22,14,BLR,DEL,BLR-DEL,IX,Air India Express,1,9794,INR,1,PNQ,12:45,12,21:15,21,False,510,240,270,Airbus A320 | Boeing 737MAX 8 Passenger,195.0,120.0
2026-10-08,2026-10-08 16:28,2026-10-22,14,BLR,DEL,BLR-DEL,IX,Air India Express,1,9794,INR,1,STV,16:10,16,23:45,23,False,455,235,220,Boeing 737 | Boeing 737MAX 8 Passenger,206.0,120.0
2026-10-08,2026-10-08 16:28,2026-10-22,14,BLR,DEL,BLR-DEL,IX,Air India Express,1,9794,INR,1,IXE,16:40,16,08:35,8,True,955,255,700,Boeing 737MAX 8 Passenger | Boeing 737MAX 8 Passenger,198.0,120.0
2026-10-08,2026-10-08 16:28,2026-10-22,14,BLR,DEL,BLR-DEL,AI,Air India,1,9906,INR,0,,00:15,0,03:10,3,False,175,175,0,Airbus A320neo,142.0,120.0
2026-10-08,2026-10-08 16:28,2026-10-22,14,BLR,DEL,BLR-DEL,AI,Air India,1,9906,INR,0,,22:00,22,00:55,0,True,175,175,0,Airbus A320neo,142.0,120.0
2026-10-08,2026-10-08 16:28,2026-10-22,14,BLR,DEL,BLR-DEL,AI,Air India,1,10231,INR,0,,05:30,5,08:25,8,False,175,175,0,Airbus A320neo,142.0,120.0
2026-10-08,2026-10-08 16:28,2026-10-22,14,BLR,DEL,BLR-DEL,AI,Air India,1,10231,INR,0,,06:00,6,08:45,8,False,165,165,0,Airbus A320neo,142.0,120.0
2026-10-08,2026-10-08 16:28,2026-10-22,14,BLR,DEL,BLR-DEL,AI,Air India,1,10231,INR,0,,15:00,15,18:00,18,False,180,180,0,Airbus A320neo,142.0,120.0
2026-10-08,2026-10-08 16:28,2026-10-22,14,BLR,DEL,BLR-DEL,AI,Air India,1,10231,INR,0,,15:30,15,18:15,18,False,165,165,0,Boeing 787,142.0,120.0
2026-10-08,2026-10-08 16:28,2026-10-22,14,BLR,DEL,BLR-DEL,AI,Air India,1,10231,INR,0,,17:25,17,20:30,20,False,185,185,0,Airbus A320neo,142.0,120.0
2026-10-08,2026-10-08 16:28,2026-10-22,14,BLR,DEL,BLR-DEL,IX,Air India Express,1,10321,INR,0,,01:15,1,04:10,4,False,175,175,0,Airbus A320neo,134.0,120.0
2026-10-08,2026-10-08 16:28,2026-10-22,14,BLR,DEL,BLR-DEL,IX,Air India Express,1,10321,INR,0,,06:40,6,09:25,9,False,165,165,0,Boeing 737MAX 8 Passenger,142.0,120.0
2026-10-08,2026-10-08 16:28,2026-10-22,14,BLR,DEL,BLR-DEL,AI,Air India,1,10483,INR,0,,16:30,16,19:25,19,False,175,175,0,Airbus A320neo,142.0,120.0
2026-10-08,2026-10-08 16:28,2026-10-22,14,BLR,DEL,BLR-DEL,QP,Akasa Air,1,10512,INR,0,,04:10,4,07:00,7,False,170,170,0,Boeing 737MAX 8 Passenger,124.0,120.0
2026-10-08,2026-10-08 16:28,2026-10-22,14,BLR,DEL,BLR-DEL,QP,Akasa Air,1,10512,INR,0,,06:05,6,08:50,8,False,165,165,0,Boeing 737MAX 8 Passenger,122.0,120.0
2026-10-08,2026-10-08 16:28,2026-10-22,14,BLR,DEL,BLR-DEL,AI,Air India,1,10909,INR,0,,18:20,18,21:10,21,False,170,170,0,Airbus A320neo,142.0,120.0
2026-10-08,2026-10-08 16:28,2026-10-22,14,BLR,DEL,BLR-DEL,SG,SpiceJet,1,11031,INR,0,,11:00,11,12:55,12,False,115,115,0,Airbus A321,151.0,120.0
2026-10-08,2026-10-08 16:28,2026-10-22,14,BLR,DEL,BLR-DEL,QP,Akasa Air,1,11087,INR,0,,13:05,13,16:00,16,False,175,175,0,Boeing 737MAX 8 Passenger,119.0,120.0
2026-10-08,2026-10-08 16:28,2026-10-22,14,BLR,DEL,BLR-DEL,AI,Air India,1,11224,INR,0,,11:00,11,14:00,14,False,180,180,0,Airbus A321,179.0,120.0
2026-10-08,2026-10-08 16:28,2026-10-22,14,BLR,DEL,BLR-DEL,AI,Air India,1,11413,INR,0,,19:40,19,22:35,22,False,175,175,0,Airbus A321,179.0,120.0
2026-10-08,2026-10-08 16:28,2026-10-22,14,BLR,DEL,BLR-DEL,AI,Air India,1,11743,INR,0,,14:00,14,16:45,16,False,165,165,0,Airbus A320neo,142.0,120.0
2026-10-08,2026-10-08 16:28,2026-10-22,14,BLR,DEL,BLR-DEL,AI,Air India,1,11880,INR,0,,20:00,20,22:45,22,False,165,165,0,Airbus A320neo,142.0,120.0
2026-10-08,2026-10-08 16:28,2026-10-22,14,BLR,DEL,BLR-DEL,AI,Air India,1,12862,INR,0,,10:00,10,13:00,13,False,180,180,0,Airbus A320neo,142.0,120.0
2026-10-08,2026-10-08 16:28,2026-10-29,21,BLR,DEL,BLR-DEL,6E,IndiGo,1,10357,INR,1,NAG,07:15,7,12:50,12,False,335,220,115,Airbus A321neo | Airbus A321neo,138.0,120.0
2026-10-08,2026-10-08 16:28,2026-10-29,21,BLR,DEL,BLR-DEL,6E,IndiGo,1,10436,INR,1,HYD,13:35,13,18:50,18,False,315,225,90,Airbus A320neo | Airbus A321neo,147.0,120.0
2026-10-08,2026-10-08 16:28,2026-10-29,21,BLR,DEL,BLR-DEL,6E,IndiGo,1,10436,INR,1,HYD,14:55,14,20:05,20,False,310,215,95,Airbus A321neo | Airbus A321neo,143.0,120.0
2026-10-08,2026-10-08 16:28,2026-10-29,21,BLR,DEL,BLR-DEL,IX,Air India Express,1,10492,INR,1,PNQ,03:45,3,16:10,16,False,745,245,500,Boeing 737MAX 8 Passenger | Airbus A321,197.0,120.0
2026-10-08,2026-10-08 16:28,2026-10-29,21,BLR,DEL,BLR-DEL,6E,IndiGo,1,10672,INR,1,AMD,08:00,8,13:55,13,False,355,235,120,Airbus A321neo | Airbus A321neo,155.0,120.0
2026-10-08,2026-10-08 16:28,2026-10-29,21,BLR,DEL,BLR-DEL,6E,IndiGo,1,10672,INR,1,AMD,18:55,18,00:05,0,True,310,230,80,Airbus A321neo | Airbus A321neo,155.0,120.0
2026-10-08,2026-10-08 16:28,2026-10-29,21,BLR,DEL,BLR-DEL,6E,IndiGo,1,10699,INR,1,GOI,12:25,12,17:55,17,False,330,235,95,Airbus A321neo | Airbus A321neo,158.0,120.0
2026-10-08,2026-10-08 16:28,2026-10-29,21,BLR,DEL,BLR-DEL,6E,IndiGo,1,10699,INR,1,JAI,18:25,18,23:35,23,False,310,225,85,Airbus A321neo | Airbus A320,152.0,120.0
2026-10-08,2026-10-08 16:28,2026-10-29,21,BLR,DEL,BLR-DEL,AI,Air India,1,12289,INR,0,,10:00,10,13:00,13,False,180,180,0,Airbus A321,179.0,120.0
2026-10-08,2026-10-08 16:28,2026-10-29,21,BLR,DEL,BLR-DEL,AI,Air India,1,12494,INR,0,,08:05,8,11:00,11,False,175,175,0,Airbus A320neo,142.0,120.0
2026-10-08,2026-10-08 16:28,2026-10-29,21,BLR,DEL,BLR-DEL,QP,Akasa Air,1,12796,INR,0,,04:10,4,07:00,7,False,170,170,0,Boeing 737MAX 8 Passenger,124.0,120.0
2026-10-08,2026-10-08 16:28,2026-10-29,21,BLR,DEL,BLR-DEL,SG,SpiceJet,1,12826,INR,0,,06:05,6,09:00,9,False,175,175,0,Airbus A321,151.0,120.0
2026-10-08,2026-10-08 16:28,2026-10-29,21,BLR,DEL,BLR-DEL,AI,Air India,1,12862,INR,0,,00:15,0,03:10,3,False,175,175,0,Airbus A320neo,142.0,120.0
2026-10-08,2026-10-08 16:28,2026-10-29,21,BLR,DEL,BLR-DEL,AI,Air India,1,12862,INR,0,,05:00,5,07:50,7,False,170,170,0,Airbus A320neo,142.0,120.0
2026-10-08,2026-10-08 16:28,2026-10-29,21,BLR,DEL,BLR-DEL,AI,Air India,1,12862,INR,0,,06:00,6,08:45,8,False,165,165,0,Airbus A320neo,142.0,120.0
2026-10-08,2026-10-08 16:28,2026-10-29,21,BLR,DEL,BLR-DEL,AI,Air India,1,12862,INR,0,,07:00,7,09:45,9,False,165,165,0,Airbus A320neo,142.0,120.0
2026-10-08,2026-10-08 16:28,2026-10-29,21,BLR,DEL,BLR-DEL,AI,Air India,1,12862,INR,0,,13:00,13,15:55,15,False,175,175,0,Airbus A320neo,142.0,120.0
2026-10-08,2026-10-08 16:28,2026-10-29,21,BLR,DEL,BLR-DEL,AI,Air India,1,12862,INR,0,,14:45,14,17:30,17,False,165,165,0,Boeing 787,142.0,120.0
2026-10-08,2026-10-08 16:28,2026-10-29,21,BLR,DEL,BLR-DEL,AI,Air India,1,12862,INR,0,,16:00,16,18:50,18,False,170,170,0,Airbus A320neo,142.0,120.0
2026-10-08,2026-10-08 16:28,2026-10-29,21,BLR,DEL,BLR-DEL,AI,Air India,1,13077,INR,0,,21:00,21,23:55,23,False,175,175,0,Airbus A320neo,142.0,120.0
2026-10-08,2026-10-08 16:28,2026-10-29,21,BLR,DEL,BLR-DEL,AI,Air India,1,13077,INR,0,,22:00,22,01:00,1,True,180,180,0,Airbus A320neo,142.0,120.0
2026-10-08,2026-10-08 16:28,2026-10-29,21,BLR,DEL,BLR-DEL,IX,Air India Express,1,13143,INR,0,,05:30,5,08:30,8,False,180,180,0,Airbus A320neo,139.0,120.0
2026-10-08,2026-10-08 16:28,2026-10-29,21,BLR,DEL,BLR-DEL,AI,Air India,1,13187,INR,0,,17:00,17,19:55,19,False,175,175,0,Airbus A320neo,142.0,120.0
2026-10-08,2026-10-08 16:28,2026-10-29,21,BLR,DEL,BLR-DEL,QP,Akasa Air,1,13266,INR,0,,05:00,5,07:55,7,False,175,175,0,Boeing 737MAX 8 Passenger,124.0,120.0
2026-10-08,2026-10-08 16:28,2026-10-29,21,BLR,DEL,BLR-DEL,QP,Akasa Air,1,13266,INR,0,,19:05,19,22:00,22,False,175,175,0,Boeing 737MAX 8 Passenger,124.0,120.0
2026-10-08,2026-10-08 16:28,2026-10-29,21,BLR,DEL,BLR-DEL,AI,Air India,1,13408,INR,0,,17:55,17,20:55,20,False,180,180,0,Airbus A320neo,142.0,120.0
2026-10-08,2026-10-08 16:28,2026-10-29,21,BLR,DEL,BLR-DEL,SG,SpiceJet,1,13576,INR,0,,12:50,12,14:50,14,False,120,120,0,Boeing 737,141.0,120.0
2026-10-08,2026-10-08 16:28,2026-10-29,21,BLR,DEL,BLR-DEL,AI,Air India,1,13623,INR,0,,20:00,20,22:55,22,False,175,175,0,Airbus A320neo,142.0,120.0
2026-10-08,2026-10-08 16:28,2026-10-29,21,BLR,DEL,BLR-DEL,QP,Akasa Air,1,13755,INR,0,,06:10,6,09:00,9,False,170,170,0,Boeing 737MAX 8 Passenger,119.0,120.0
2026-10-08,2026-10-08 16:28,2026-10-29,21,BLR,DEL,BLR-DEL,IX,Air India Express,1,13809,INR,0,,12:20,12,15:20,15,False,180,180,0,Boeing 737MAX 8 Passenger,142.0,120.0
2026-10-08,2026-10-08 16:28,2026-10-29,21,BLR,DEL,BLR-DEL,IX,Air India Express,1,14518,INR,0,,21:25,21,00:25,0,True,180,180,0,Boeing 737MAX 8 Passenger,142.0,120.0
2026-10-08,2026-10-08 16:28,2026-11-07,30,BLR,DEL,BLR-DEL,AI,Air India,1,16993,INR,0,,22:00,22,01:00,1,True,180,180,0,Airbus A320neo,139.0,120.0
2026-10-08,2026-10-08 16:28,2026-11-07,30,BLR,DEL,BLR-DEL,AI,Air India,1,17266,INR,0,,20:00,20,22:55,22,False,175,175,0,Airbus A320neo,139.0,120.0
2026-10-08,2026-10-08 16:28,2026-11-07,30,BLR,DEL,BLR-DEL,AI,Air India,1,17403,INR,0,,17:00,17,19:55,19,False,175,175,0,Airbus A320neo,139.0,120.0
2026-10-08,2026-10-08 16:28,2026-11-07,30,BLR,DEL,BLR-DEL,AI,Air India,1,17403,INR,0,,21:00,21,23:55,23,False,175,175,0,Airbus A320neo,139.0,120.0
2026-10-08,2026-10-08 16:28,2026-11-07,30,BLR,DEL,BLR-DEL,QP,Akasa Air,1,18459,INR,0,,05:00,5,07:55,7,False,175,175,0,Boeing 737MAX 8 Passenger,121.0,120.0
2026-10-08,2026-10-08 16:28,2026-11-07,30,BLR,DEL,BLR-DEL,AI,Air India,1,19529,INR,0,,08:05,8,11:00,11,False,175,175,0,Airbus A320neo,139.0,120.0
2026-10-08,2026-10-08 16:28,2026-11-07,30,BLR,DEL,BLR-DEL,AI,Air India,1,19529,INR,0,,10:00,10,13:00,13,False,180,180,0,Airbus A321,176.0,120.0
2026-10-08,2026-10-08 16:28,2026-11-07,30,BLR,DEL,BLR-DEL,AI,Air India,1,19529,INR,0,,11:00,11,13:50,13,False,170,170,0,Airbus A320neo,139.0,120.0
2026-10-08,2026-10-08 16:28,2026-11-07,30,BLR,DEL,BLR-DEL,AI,Air India,1,19529,INR,0,,13:00,13,15:55,15,False,175,175,0,Airbus A320neo,139.0,120.0
2026-10-08,2026-10-08 16:28,2026-11-07,30,BLR,DEL,BLR-DEL,AI,Air India,1,19529,INR,0,,14:45,14,17:30,17,False,165,165,0,Boeing 787,139.0,120.0
2026-10-08,2026-10-08 16:28,2026-11-07,30,BLR,DEL,BLR-DEL,AI,Air India,1,19529,INR,0,,16:00,16,18:50,18,False,170,170,0,Airbus A320neo,139.0,120.0
2026-10-08,2026-10-08 16:28,2026-11-07,30,BLR,DEL,BLR-DEL,SG,SpiceJet,1,20894,INR,0,,06:05,6,09:00,9,False,175,175,0,Airbus A321,148.0,120.0
2026-10-08,2026-10-08 16:28,2026-11-07,30,BLR,DEL,BLR-DEL,QP,Akasa Air,1,21940,INR,0,,04:10,4,07:00,7,False,170,170,0,Boeing 737MAX 8 Passenger,121.0,120.0
2026-10-08,2026-10-08 16:28,2026-11-07,30,BLR,DEL,BLR-DEL,IX,Air India Express,1,22626,INR,0,,05:30,5,08:30,8,False,180,180,0,Airbus A320neo,134.0,120.0
2026-10-08,2026-10-08 16:28,2026-11-07,30,BLR,DEL,BLR-DEL,IX,Air India Express,1,22626,INR,0,,12:20,12,15:20,15,False,180,180,0,Boeing 737MAX 8 Passenger,137.0,120.0
2026-10-08,2026-10-08 16:28,2026-11-07,30,BLR,DEL,BLR-DEL,AI,Air India,1,22726,INR,0,,00:15,0,03:10,3,False,175,175,0,Airbus A320neo,139.0,120.0
2026-10-08,2026-10-08 16:28,2026-11-07,30,BLR,DEL,BLR-DEL,AI,Air India,1,23687,INR,0,,05:00,5,07:50,7,False,170,170,0,Airbus A320neo,139.0,120.0
2026-10-08,2026-10-08 16:28,2026-11-07,30,BLR,DEL,BLR-DEL,AI,Air India,1,26984,INR,0,,06:00,6,08:45,8,False,165,165,0,Airbus A320neo,139.0,120.0
2026-10-08,2026-10-08 16:28,2026-11-07,30,BLR,DEL,BLR-DEL,QP,Akasa Air,1,27048,INR,0,,06:10,6,09:00,9,False,170,170,0,Boeing 737MAX 8 Passenger,116.0,120.0
2026-10-08,2026-10-08 16:28,2026-11-07,30,BLR,DEL,BLR-DEL,QP,Akasa Air,1,27048,INR,0,,13:55,13,16:45,16,False,170,170,0,Boeing 737MAX 8 Passenger,121.0,120.0
2026-10-08,2026-10-08 16:28,2026-11-22,45,BLR,DEL,BLR-DEL,AI,Air India,1,9958,INR,0,,00:15,0,03:10,3,False,175,175,0,Airbus A320neo,139.0,120.0
2026-10-08,2026-10-08 16:28,2026-11-22,45,BLR,DEL,BLR-DEL,SG,SpiceJet,1,9962,INR,0,,06:05,6,09:00,9,False,175,175,0,Airbus A321,148.0,120.0
2026-10-08,2026-10-08 16:28,2026-11-22,45,BLR,DEL,BLR-DEL,SG,SpiceJet,1,9962,INR,0,,21:15,21,00:10,0,True,175,175,0,Boeing 737,137.0,120.0
2026-10-08,2026-10-08 16:28,2026-11-22,45,BLR,DEL,BLR-DEL,QP,Akasa Air,1,10150,INR,0,,05:00,5,07:55,7,False,175,175,0,Boeing 737MAX 8 Passenger,121.0,120.0
2026-10-08,2026-10-08 16:28,2026-11-22,45,BLR,DEL,BLR-DEL,QP,Akasa Air,1,10150,INR,0,,06:10,6,09:00,9,False,170,170,0,Boeing 737MAX 8 Passenger,116.0,120.0
2026-10-08,2026-10-08 16:28,2026-11-22,45,BLR,DEL,BLR-DEL,AI,Air India,1,10279,INR,0,,06:00,6,08:45,8,False,165,165,0,Airbus A320neo,139.0,120.0
2026-10-08,2026-10-08 16:28,2026-11-22,45,BLR,DEL,BLR-DEL,IX,Air India Express,1,10321,INR,0,,05:30,5,08:30,8,False,180,180,0,Airbus A320neo,134.0,120.0
2026-10-08,2026-10-08 16:28,2026-11-22,45,BLR,DEL,BLR-DEL,IX,Air India Express,1,10321,INR,0,,21:25,21,00:25,0,True,180,180,0,Boeing 737MAX 8 Passenger,137.0,120.0
2026-10-08,2026-10-08 16:28,2026-11-22,45,BLR,DEL,BLR-DEL,QP,Akasa Air,1,10891,INR,0,,19:05,19,22:00,22,False,175,175,0,Boeing 737MAX 8 Passenger,121.0,120.0
2026-10-08,2026-10-08 16:28,2026-11-22,45,BLR,DEL,BLR-DEL,QP,Akasa Air,1,11488,INR,0,,13:55,13,16:45,16,False,170,170,0,Boeing 737MAX 8 Passenger,121.0,120.0
2026-10-08,2026-10-08 16:28,2026-11-22,45,BLR,DEL,BLR-DEL,AI,Air India,1,11560,INR,0,,21:00,21,23:55,23,False,175,175,0,Airbus A320neo,139.0,120.0
2026-10-08,2026-10-08 16:28,2026-11-22,45,BLR,DEL,BLR-DEL,AI,Air India,1,11796,INR,0,,10:00,10,13:00,13,False,180,180,0,Airbus A321,176.0,120.0
2026-10-08,2026-10-08 16:28,2026-11-22,45,BLR,DEL,BLR-DEL,AI,Air India,1,11995,INR,0,,08:05,8,11:00,11,False,175,175,0,Airbus A320neo,139.0,120.0
2026-10-08,2026-10-08 16:28,2026-11-22,45,BLR,DEL,BLR-DEL,AI,Air India,1,12095,INR,0,,11:00,11,13:50,13,False,170,170,0,Airbus A320neo,139.0,120.0
2026-10-08,2026-10-08 16:28,2026-11-22,45,BLR,DEL,BLR-DEL,AI,Air India,1,12342,INR,0,,22:00,22,01:00,1,True,180,180,0,Airbus A320neo,139.0,120.0
2026-10-08,2026-10-08 16:28,2026-11-22,45,BLR,DEL,BLR-DEL,AI,Air India,1,12547,INR,0,,14:45,14,17:30,17,False,165,165,0,Boeing 787,139.0,120.0
2026-10-08,2026-10-08 16:28,2026-11-22,45,BLR,DEL,BLR-DEL,AI,Air India,1,12547,INR,0,,20:00,20,22:55,22,False,175,175,0,Airbus A320neo,139.0,120.0
2026-10-08,2026-10-08 16:28,2026-11-22,45,BLR,DEL,BLR-DEL,AI,Air India,1,13245,INR,0,,13:00,13,15:55,15,False,175,175,0,Airbus A320neo,139.0,120.0
2026-10-08,2026-10-08 16:28,2026-11-22,45,BLR,DEL,BLR-DEL,AI,Air India,1,13460,INR,0,,16:00,16,18:50,18,False,170,170,0,Airbus A320neo,139.0,120.0
2026-10-08,2026-10-08 16:28,2026-11-22,45,BLR,DEL,BLR-DEL,AI,Air India,1,13460,INR,0,,17:00,17,19:55,19,False,175,175,0,Airbus A320neo,139.0,120.0
2026-10-08,2026-10-08 16:28,2026-11-22,45,BLR,DEL,BLR-DEL,AI,Air India,1,13875,INR,0,,17:55,17,20:55,20,False,180,180,0,Airbus A320neo,139.0,120.0
2026-10-08,2026-10-08 16:28,2026-12-07,60,BLR,DEL,BLR-DEL,QP,Akasa Air,1,9462,INR,0,,04:10,4,07:00,7,False,170,170,0,Boeing 737MAX 8 Passenger,119.0,120.0
2026-10-08,2026-10-08 16:28,2026-12-07,60,BLR,DEL,BLR-DEL,AI,Air India,1,9958,INR,0,,00:15,0,03:10,3,False,175,175,0,Airbus A320neo,135.0,120.0
2026-10-08,2026-10-08 16:28,2026-12-07,60,BLR,DEL,BLR-DEL,AI,Air India,1,9958,INR,0,,14:45,14,17:30,17,False,165,165,0,Boeing 787,135.0,120.0
2026-10-08,2026-10-08 16:28,2026-12-07,60,BLR,DEL,BLR-DEL,AI,Air India,1,9958,INR,0,,21:00,21,23:55,23,False,175,175,0,Airbus A320neo,135.0,120.0
2026-10-08,2026-10-08 16:28,2026-12-07,60,BLR,DEL,BLR-DEL,AI,Air India,1,9958,INR,0,,22:00,22,01:00,1,True,180,180,0,Airbus A320neo,135.0,120.0
2026-10-08,2026-10-08 16:28,2026-12-07,60,BLR,DEL,BLR-DEL,SG,SpiceJet,1,9962,INR,0,,06:05,6,09:00,9,False,175,175,0,Airbus A321,146.0,120.0
2026-10-08,2026-10-08 16:28,2026-12-07,60,BLR,DEL,BLR-DEL,SG,SpiceJet,1,9962,INR,0,,21:15,21,00:10,0,True,175,175,0,Boeing 737,136.0,120.0
2026-10-08,2026-10-08 16:28,2026-12-07,60,BLR,DEL,BLR-DEL,IX,Air India Express,1,10063,INR,0,,05:30,5,08:30,8,False,180,180,0,Airbus A320neo,130.0,120.0
2026-10-08,2026-10-08 16:28,2026-12-07,60,BLR,DEL,BLR-DEL,IX,Air India Express,1,10063,INR,0,,21:25,21,00:25,0,True,180,180,0,Boeing 737MAX 8 Passenger,134.0,120.0
2026-10-08,2026-10-08 16:28,2026-12-07,60,BLR,DEL,BLR-DEL,QP,Akasa Air,1,10150,INR,0,,19:05,19,22:00,22,False,175,175,0,Boeing 737MAX 8 Passenger,119.0,120.0
2026-10-08,2026-10-08 16:28,2026-12-07,60,BLR,DEL,BLR-DEL,AI,Air India,1,10279,INR,0,,10:00,10,13:00,13,False,180,180,0,Airbus A321,171.0,120.0
2026-10-08,2026-10-08 16:28,2026-12-07,60,BLR,DEL,BLR-DEL,QP,Akasa Air,1,10329,INR,0,,13:55,13,16:45,16,False,170,170,0,Boeing 737MAX 8 Passenger,118.0,120.0
2026-10-08,2026-10-08 16:28,2026-12-07,60,BLR,DEL,BLR-DEL,AI,Air India,1,10788,INR,0,,16:00,16,18:50,18,False,170,170,0,Airbus A320neo,135.0,120.0
2026-10-08,2026-10-08 16:28,2026-12-07,60,BLR,DEL,BLR-DEL,AI,Air India,1,10788,INR,0,,17:00,17,19:55,19,False,175,175,0,Airbus A320neo,135.0,120.0
2026-10-08,2026-10-08 16:28,2026-12-07,60,BLR,DEL,BLR-DEL,AI,Air India,1,10966,INR,0,,20:00,20,22:55,22,False,175,175,0,Airbus A320neo,135.0,120.0
2026-10-08,2026-10-08 16:28,2026-12-07,60,BLR,DEL,BLR-DEL,AI,Air India,1,11281,INR,0,,11:00,11,13:50,13,False,170,170,0,Airbus A320neo,135.0,120.0
2026-10-08,2026-10-08 16:28,2026-12-07,60,BLR,DEL,BLR-DEL,AI,Air India,1,11560,INR,0,,06:00,6,08:45,8,False,165,165,0,Airbus A320neo,135.0,120.0
2026-10-08,2026-10-08 16:28,2026-12-07,60,BLR,DEL,BLR-DEL,AI,Air India,1,11796,INR,0,,13:00,13,15:55,15,False,175,175,0,Airbus A320neo,135.0,120.0
2026-10-08,2026-10-08 16:28,2026-12-07,60,BLR,DEL,BLR-DEL,AI,Air India,1,11796,INR,0,,17:55,17,20:55,20,False,180,180,0,Airbus A320neo,135.0,120.0
2026-10-08,2026-10-08 16:28,2026-12-07,60,BLR,DEL,BLR-DEL,AI,Air India,1,14116,INR,0,,08:05,8,11:00,11,False,175,175,0,Airbus A320neo,135.0,120.0
2026-10-08,2026-10-08 16:28,2026-12-07,60,BLR,DEL,BLR-DEL,AI,Air India,1,14473,INR,0,,07:00,7,09:45,9,False,165,165,0,Airbus A320neo,135.0,120.0
2026-10-08,2026-10-08 16:28,2026-10-09,1,DEL,BLR,DEL-BLR,AI,Air India,1,9182,INR,0,,00:15,0,03:10,3,False,175,175,0,Airbus A320neo,142.0,120.0
2026-10-08,2026-10-08 16:28,2026-10-09,1,DEL,BLR,DEL-BLR,AI,Air India,1,9287,INR,0,,04:30,4,07:20,7,False,170,170,0,Airbus A320neo,142.0,120.0
2026-10-08,2026-10-08 16:28,2026-10-09,1,DEL,BLR,DEL-BLR,AI,Air India,1,9287,INR,0,,06:30,6,09:25,9,False,175,175,0,Airbus A320neo,142.0,120.0
2026-10-08,2026-10-08 16:28,2026-10-09,1,DEL,BLR,DEL-BLR,AI,Air India,1,9287,INR,0,,07:00,7,09:55,9,False,175,175,0,Airbus A320neo,142.0,120.0
2026-10-08,2026-10-08 16:28,2026-10-09,1,DEL,BLR,DEL-BLR,AI,Air India,1,9287,INR,0,,08:30,8,11:20,11,False,170,170,0,Boeing 787,143.0,120.0
2026-10-08,2026-10-08 16:28,2026-10-09,1,DEL,BLR,DEL-BLR,IX,Air India Express,1,9381,INR,0,,21:00,21,00:05,0,True,185,185,0,Airbus A320neo,134.0,120.0
2026-10-08,2026-10-08 16:28,2026-10-09,1,DEL,BLR,DEL-BLR,AI,Air India,1,9439,INR,0,,15:00,15,17:55,17,False,175,175,0,Airbus A320neo,142.0,120.0
2026-10-08,2026-10-08 16:28,2026-10-09,1,DEL,BLR,DEL-BLR,QP,Akasa Air,1,9508,INR,0,,22:55,22,01:45,1,True,170,170,0,Boeing 737MAX 8 Passenger,124.0,120.0
2026-10-08,2026-10-08 16:28,2026-10-09,1,DEL,BLR,DEL-BLR,AI,Air India,1,9770,INR,0,,09:30,9,12:25,12,False,175,175,0,Airbus A320neo,142.0,120.0
2026-10-08,2026-10-08 16:28,2026-10-09,1,DEL,BLR,DEL-BLR,AI,Air India,1,9770,INR,0,,10:30,10,13:20,13,False,170,170,0,Airbus A320neo,142.0,120.0
2026-10-08,2026-10-08 16:28,2026-10-09,1,DEL,BLR,DEL-BLR,QP,Akasa Air,1,9851,INR,0,,21:55,21,00:50,0,True,175,175,0,Boeing 737MAX 8 Passenger,124.0,120.0
2026-10-08,2026-10-08 16:28,2026-10-09,1,DEL,BLR,DEL-BLR,QP,Akasa Air,1,10392,INR,0,,16:40,16,19:40,19,False,180,180,0,Boeing 737MAX 8 Passenger,119.0,120.0
2026-10-08,2026-10-08 16:28,2026-10-09,1,DEL,BLR,DEL-BLR,AI,Air India,1,10831,INR,0,,16:30,16,19:15,19,False,165,165,0,Airbus A320neo,142.0,120.0
2026-10-08,2026-10-08 16:28,2026-10-09,1,DEL,BLR,DEL-BLR,AI,Air India,1,11020,INR,0,,13:00,13,15:55,15,False,175,175,0,Airbus A320neo,142.0,120.0
2026-10-08,2026-10-08 16:28,2026-10-09,1,DEL,BLR,DEL-BLR,AI,Air India,1,15104,INR,0,,18:00,18,20:55,20,False,175,175,0,Airbus A320neo,142.0,120.0
2026-10-08,2026-10-08 16:28,2026-10-09,1,DEL,BLR,DEL-BLR,AI,Air India,1,15514,INR,0,,21:30,21,00:25,0,True,175,175,0,Airbus A320neo,142.0,120.0
2026-10-08,2026-10-08 16:28,2026-10-09,1,DEL,BLR,DEL-BLR,QP,Akasa Air,1,17341,INR,0,,20:50,20,23:45,23,False,175,175,0,Boeing 737MAX 8 Passenger,124.0,120.0
2026-10-08,2026-10-08 16:28,2026-10-09,1,DEL,BLR,DEL-BLR,AI,Air India,1,17782,INR,0,,18:30,18,21:25,21,False,175,175,0,Airbus A321,180.0,120.0
2026-10-08,2026-10-08 16:28,2026-10-09,1,DEL,BLR,DEL-BLR,AI,Air India,1,17782,INR,0,,19:00,19,21:55,21,False,175,175,0,Airbus A320neo,142.0,120.0
2026-10-08,2026-10-08 16:28,2026-10-09,1,DEL,BLR,DEL-BLR,AI,Air India,1,21073,INR,0,,19:30,19,22:20,22,False,170,170,0,Airbus A320neo,142.0,120.0
2026-10-08,2026-10-08 16:28,2026-10-11,3,DEL,BLR,DEL-BLR,IX,Air India Express,1,9178,INR,1,LKO,23:25,23,12:20,12,True,775,245,530,Airbus A320neo | Boeing 737MAX 8 Passenger,183.0,120.0
2026-10-08,2026-10-08 16:28,2026-10-11,3,DEL,BLR,DEL-BLR,AI,Air India,1,9366,INR,0,,00:15,0,03:10,3,False,175,175,0,Airbus A320neo,142.0,120.0
2026-10-08,2026-10-08 16:28,2026-10-11,3,DEL,BLR,DEL-BLR,AI,Air India,1,9366,INR,0,,06:30,6,09:25,9,False,175,175,0,Airbus A320neo,142.0,120.0
2026-10-08,2026-10-08 16:28,2026-10-11,3,DEL,BLR,DEL-BLR,AI,Air India,1,9366,INR,0,,07:00,7,09:55,9,False,175,175,0,Airbus A320neo,142.0,120.0
2026-10-08,2026-10-08 16:28,2026-10-11,3,DEL,BLR,DEL-BLR,AI,Air India,1,9676,INR,0,,04:30,4,07:20,7,False,170,170,0,Airbus A320neo,142.0,120.0
2026-10-08,2026-10-08 16:28,2026-10-11,3,DEL,BLR,DEL-BLR,AI,Air India,1,9938,INR,0,,08:30,8,11:20,11,False,170,170,0,Boeing 787,143.0,120.0
2026-10-08,2026-10-08 16:28,2026-10-11,3,DEL,BLR,DEL-BLR,IX,Air India Express,1,10018,INR,0,,21:00,21,00:05,0,True,185,185,0,Airbus A320neo,134.0,120.0
2026-10-08,2026-10-08 16:28,2026-10-11,3,DEL,BLR,DEL-BLR,QP,Akasa Air,1,10581,INR,0,,21:55,21,00:50,0,True,175,175,0,Boeing 737MAX 8 Passenger,124.0,120.0
2026-10-08,2026-10-08 16:28,2026-10-11,3,DEL,BLR,DEL-BLR,AI,Air India,1,11298,INR,0,,19:00,19,21:55,21,False,175,175,0,Airbus A320neo,142.0,120.0
2026-10-08,2026-10-08 16:28,2026-10-11,3,DEL,BLR,DEL-BLR,QP,Akasa Air,1,11786,INR,0,,20:50,20,23:45,23,False,175,175,0,Boeing 737MAX 8 Passenger,124.0,120.0
2026-10-08,2026-10-08 16:28,2026-10-11,3,DEL,BLR,DEL-BLR,AI,Air India,1,11912,INR,0,,09:30,9,12:25,12,False,175,175,0,Airbus A320neo,142.0,120.0
2026-10-08,2026-10-08 16:28,2026-10-11,3,DEL,BLR,DEL-BLR,AI,Air India,1,11912,INR,0,,18:30,18,21:25,21,False,175,175,0,Airbus A321,180.0,120.0
2026-10-08,2026-10-08 16:28,2026-10-11,3,DEL,BLR,DEL-BLR,AI,Air India,1,12558,INR,0,,18:00,18,20:55,20,False,175,175,0,Airbus A320neo,142.0,120.0
2026-10-08,2026-10-08 16:28,2026-10-11,3,DEL,BLR,DEL-BLR,QP,Akasa Air,1,13146,INR,0,,16:40,16,19:40,19,False,180,180,0,Boeing 737MAX 8 Passenger,119.0,120.0
2026-10-08,2026-10-08 16:28,2026-10-11,3,DEL,BLR,DEL-BLR,AI,Air India,1,13702,INR,0,,19:30,19,22:20,22,False,170,170,0,Airbus A320neo,142.0,120.0
2026-10-08,2026-10-08 16:28,2026-10-11,3,DEL,BLR,DEL-BLR,AI,Air India,1,13939,INR,0,,16:00,16,18:45,18,False,165,165,0,Airbus A320neo,142.0,120.0
2026-10-08,2026-10-08 16:28,2026-10-11,3,DEL,BLR,DEL-BLR,AI,Air India,1,13939,INR,0,,16:30,16,19:15,19,False,165,165,0,Airbus A320neo,142.0,120.0
2026-10-08,2026-10-08 16:28,2026-10-11,3,DEL,BLR,DEL-BLR,AI,Air India,1,15787,INR,0,,10:30,10,13:20,13,False,170,170,0,Airbus A320neo,142.0,120.0
2026-10-08,2026-10-08 16:28,2026-10-11,3,DEL,BLR,DEL-BLR,AI,Air India,1,16060,INR,0,,13:00,13,15:55,15,False,175,175,0,Airbus A320neo,142.0,120.0
2026-10-08,2026-10-08 16:28,2026-10-11,3,DEL,BLR,DEL-BLR,AI,Air India,1,16060,INR,0,,15:00,15,17:55,17,False,175,175,0,Airbus A320neo,142.0,120.0
2026-10-08,2026-10-08 16:28,2026-10-15,7,DEL,BLR,DEL-BLR,IX,Air India Express,1,9178,INR,1,LKO,06:00,6,12:20,12,False,380,245,135,Airbus A320neo | Boeing 737MAX 8 Passenger,183.0,120.0
2026-10-08,2026-10-08 16:28,2026-10-15,7,DEL,BLR,DEL-BLR,AI,Air India,1,9287,INR,0,,00:15,0,03:10,3,False,175,175,0,Airbus A320neo,142.0,120.0
2026-10-08,2026-10-08 16:28,2026-10-15,7,DEL,BLR,DEL-BLR,AI,Air India,1,9287,INR,0,,04:30,4,07:20,7,False,170,170,0,Airbus A320neo,142.0,120.0
2026-10-08,2026-10-08 16:28,2026-10-15,7,DEL,BLR,DEL-BLR,AI,Air India,1,9287,INR,0,,06:30,6,09:25,9,False,175,175,0,Airbus A320neo,142.0,120.0
2026-10-08,2026-10-08 16:28,2026-10-15,7,DEL,BLR,DEL-BLR,AI,Air India,1,9287,INR,0,,07:00,7,09:55,9,False,175,175,0,Airbus A320neo,142.0,120.0
2026-10-08,2026-10-08 16:28,2026-10-15,7,DEL,BLR,DEL-BLR,AI,Air India,1,9287,INR,0,,08:30,8,11:20,11,False,170,170,0,Boeing 787,143.0,120.0
2026-10-08,2026-10-08 16:28,2026-10-15,7,DEL,BLR,DEL-BLR,AI,Air India,1,9287,INR,0,,09:30,9,12:25,12,False,175,175,0,Airbus A320neo,142.0,120.0
2026-10-08,2026-10-08 16:28,2026-10-15,7,DEL,BLR,DEL-BLR,AI,Air India,1,9287,INR,0,,10:30,10,13:20,13,False,170,170,0,Airbus A320neo,142.0,120.0
2026-10-08,2026-10-08 16:28,2026-10-15,7,DEL,BLR,DEL-BLR,AI,Air India,1,9287,INR,0,,18:00,18,20:55,20,False,175,175,0,Airbus A320neo,142.0,120.0
2026-10-08,2026-10-08 16:28,2026-10-15,7,DEL,BLR,DEL-BLR,AI,Air India,1,9287,INR,0,,18:30,18,21:25,21,False,175,175,0,Airbus A321,180.0,120.0
2026-10-08,2026-10-08 16:28,2026-10-15,7,DEL,BLR,DEL-BLR,AI,Air India,1,9287,INR,0,,19:00,19,21:55,21,False,175,175,0,Airbus A320neo,142.0,120.0
2026-10-08,2026-10-08 16:28,2026-10-15,7,DEL,BLR,DEL-BLR,AI,Air India,1,9287,INR,0,,19:30,19,22:20,22,False,170,170,0,Airbus A320neo,142.0,120.0
2026-10-08,2026-10-08 16:28,2026-10-15,7,DEL,BLR,DEL-BLR,AI,Air India,1,9287,INR,0,,21:30,21,00:25,0,True,175,175,0,Airbus A320neo,142.0,120.0
2026-10-08,2026-10-08 16:28,2026-10-15,7,DEL,BLR,DEL-BLR,AI,Air India,1,9439,INR,0,,13:00,13,15:55,15,False,175,175,0,Airbus A320neo,142.0,120.0
2026-10-08,2026-10-08 16:28,2026-10-15,7,DEL,BLR,DEL-BLR,AI,Air India,1,9439,INR,0,,15:00,15,17:55,17,False,175,175,0,Airbus A320neo,142.0,120.0
2026-10-08,2026-10-08 16:28,2026-10-15,7,DEL,BLR,DEL-BLR,QP,Akasa Air,1,9508,INR,0,,16:40,16,19:40,19,False,180,180,0,Boeing 737MAX 8 Passenger,119.0,120.0
2026-10-08,2026-10-08 16:28,2026-10-15,7,DEL,BLR,DEL-BLR,QP,Akasa Air,1,9508,INR,0,,21:55,21,00:50,0,True,175,175,0,Boeing 737MAX 8 Passenger,124.0,120.0
2026-10-08,2026-10-08 16:28,2026-10-15,7,DEL,BLR,DEL-BLR,IX,Air India Express,1,10018,INR,0,,21:00,21,00:05,0,True,185,185,0,Airbus A320neo,134.0,120.0
2026-10-08,2026-10-08 16:28,2026-10-15,7,DEL,BLR,DEL-BLR,IX,Air India Express,1,10018,INR,0,,22:00,22,00:55,0,True,175,175,0,Boeing 737MAX 8 Passenger,142.0,120.0
2026-10-08,2026-10-08 16:28,2026-10-15,7,DEL,BLR,DEL-BLR,QP,Akasa Air,1,10030,INR,0,,20:50,20,23:45,23,False,175,175,0,Boeing 737MAX 8 Passenger,124.0,120.0
2026-10-08,2026-10-08 16:28,2026-10-22,14,DEL,BLR,DEL-BLR,IX,Air India Express,1,9901,INR,1,LKO,06:00,6,12:20,12,False,380,245,135,Airbus A320neo | Boeing 737MAX 8 Passenger,177.0,120.0
2026-10-08,2026-10-08 16:28,2026-10-22,14,DEL,BLR,DEL-BLR,IX,Air India Express,1,10018,INR,0,,21:00,21,00:05,0,True,185,185,0,Airbus A320neo,134.0,120.0
2026-10-08,2026-10-08 16:28,2026-10-22,14,DEL,BLR,DEL-BLR,IX,Air India Express,1,10018,INR,0,,22:00,22,00:55,0,True,175,175,0,Boeing 737MAX 8 Passenger,142.0,120.0
2026-10-08,2026-10-08 16:28,2026-10-22,14,DEL,BLR,DEL-BLR,AI,Air India,1,10348,INR,0,,00:15,0,03:10,3,False,175,175,0,Airbus A320neo,142.0,120.0
2026-10-08,2026-10-08 16:28,2026-10-22,14,DEL,BLR,DEL-BLR,AI,Air India,1,10348,INR,0,,04:30,4,07:20,7,False,170,170,0,Airbus A320neo,142.0,120.0
2026-10-08,2026-10-08 16:28,2026-10-22,14,DEL,BLR,DEL-BLR,AI,Air India,1,10348,INR,0,,06:30,6,09:25,9,False,175,175,0,Airbus A320neo,142.0,120.0
2026-10-08,2026-10-08 16:28,2026-10-22,14,DEL,BLR,DEL-BLR,AI,Air India,1,10348,INR,0,,07:00,7,09:55,9,False,175,175,0,Airbus A321,180.0,120.0
2026-10-08,2026-10-08 16:28,2026-10-22,14,DEL,BLR,DEL-BLR,AI,Air India,1,10348,INR,0,,08:30,8,11:20,11,False,170,170,0,Boeing 787,143.0,120.0
2026-10-08,2026-10-08 16:28,2026-10-22,14,DEL,BLR,DEL-BLR,AI,Air India,1,10348,INR,0,,09:30,9,12:25,12,False,175,175,0,Airbus A320neo,142.0,120.0
2026-10-08,2026-10-08 16:28,2026-10-22,14,DEL,BLR,DEL-BLR,AI,Air India,1,10348,INR,0,,10:30,10,13:20,13,False,170,170,0,Airbus A320neo,142.0,120.0
2026-10-08,2026-10-08 16:28,2026-10-22,14,DEL,BLR,DEL-BLR,AI,Air India,1,10348,INR,0,,16:30,16,19:15,19,False,165,165,0,Airbus A320neo,142.0,120.0
2026-10-08,2026-10-08 16:28,2026-10-22,14,DEL,BLR,DEL-BLR,AI,Air India,1,10348,INR,0,,18:00,18,20:55,20,False,175,175,0,Airbus A320neo,142.0,120.0
2026-10-08,2026-10-08 16:28,2026-10-22,14,DEL,BLR,DEL-BLR,AI,Air India,1,10348,INR,0,,18:30,18,21:25,21,False,175,175,0,Airbus A321,180.0,120.0
2026-10-08,2026-10-08 16:28,2026-10-22,14,DEL,BLR,DEL-BLR,AI,Air India,1,10348,INR,0,,19:00,19,21:55,21,False,175,175,0,Airbus A320neo,142.0,120.0
2026-10-08,2026-10-08 16:28,2026-10-22,14,DEL,BLR,DEL-BLR,AI,Air India,1,10348,INR,0,,19:30,19,22:20,22,False,170,170,0,Airbus A320neo,142.0,120.0
2026-10-08,2026-10-08 16:28,2026-10-22,14,DEL,BLR,DEL-BLR,AI,Air India,1,10348,INR,0,,21:30,21,00:25,0,True,175,175,0,Airbus A320neo,142.0,120.0
2026-10-08,2026-10-08 16:28,2026-10-22,14,DEL,BLR,DEL-BLR,QP,Akasa Air,1,10392,INR,0,,16:40,16,19:40,19,False,180,180,0,Boeing 737MAX 8 Passenger,119.0,120.0
2026-10-08,2026-10-08 16:28,2026-10-22,14,DEL,BLR,DEL-BLR,AI,Air India,1,10526,INR,0,,15:00,15,17:55,17,False,175,175,0,Airbus A320neo,142.0,120.0
2026-10-08,2026-10-08 16:28,2026-10-22,14,DEL,BLR,DEL-BLR,QP,Akasa Air,1,10581,INR,0,,20:50,20,23:45,23,False,175,175,0,Boeing 737MAX 8 Passenger,125.0,120.0
2026-10-08,2026-10-08 16:28,2026-10-22,14,DEL,BLR,DEL-BLR,AI,Air India,1,11524,INR,0,,13:00,13,15:55,15,False,175,175,0,Airbus A320neo,142.0,120.0
2026-10-08,2026-10-08 16:28,2026-10-29,21,DEL,BLR,DEL-BLR,IX,Air India Express,1,9178,INR,1,LKO,06:55,6,16:20,16,False,565,230,335,Boeing 737MAX 8 Passenger | Boeing 737MAX 8 Passenger,181.0,120.0
2026-10-08,2026-10-08 16:28,2026-10-29,21,DEL,BLR,DEL-BLR,IX,Air India Express,1,9178,INR,1,LKO,15:50,15,23:00,23,False,430,215,215,Boeing 737MAX 8 Passenger | Boeing 737MAX 8 Passenger,181.0,120.0
2026-10-08,2026-10-08 16:28,2026-10-29,21,DEL,BLR,DEL-BLR,IX,Air India Express,1,10018,INR,0,,07:30,7,10:25,10,False,175,175,0,Boeing 737MAX 8 Passenger,142.0,120.0
2026-10-08,2026-10-08 16:28,2026-10-29,21,DEL,BLR,DEL-BLR,IX,Air India Express,1,10018,INR,0,,08:35,8,11:35,11,False,180,180,0,Boeing 737MAX 8 Passenger,142.0,120.0
2026-10-08,2026-10-08 16:28,2026-10-29,21,DEL,BLR,DEL-BLR,IX,Air India Express,1,10018,INR,0,,21:10,21,00:10,0,True,180,180,0,Airbus A320neo,139.0,120.0
2026-10-08,2026-10-08 16:28,2026-10-29,21,DEL,BLR,DEL-BLR,QP,Akasa Air,1,10030,INR,0,,22:55,22,02:00,2,True,185,185,0,Boeing 737MAX 8 Passenger,125.0,120.0
2026-10-08,2026-10-08 16:28,2026-10-29,21,DEL,BLR,DEL-BLR,QP,Akasa Air,1,10209,INR,0,,08:45,8,11:40,11,False,175,175,0,Boeing 737MAX 8 Passenger,125.0,120.0
2026-10-08,2026-10-08 16:28,2026-10-29,21,DEL,BLR,DEL-BLR,AI,Air India,1,10348,INR,0,,00:15,0,03:05,3,False,170,170,0,Airbus A320neo,142.0,120.0
2026-10-08,2026-10-08 16:28,2026-10-29,21,DEL,BLR,DEL-BLR,AI,Air India,1,10348,INR,0,,07:30,7,10:20,10,False,170,170,0,Airbus A320neo,142.0,120.0
2026-10-08,2026-10-08 16:28,2026-10-29,21,DEL,BLR,DEL-BLR,AI,Air India,1,10348,INR,0,,08:35,8,11:10,11,False,155,155,0,Boeing 787,143.0,120.0
2026-10-08,2026-10-08 16:28,2026-10-29,21,DEL,BLR,DEL-BLR,AI,Air India,1,10348,INR,0,,09:30,9,12:20,12,False,170,170,0,Airbus A320neo,142.0,120.0
2026-10-08,2026-10-08 16:28,2026-10-29,21,DEL,BLR,DEL-BLR,AI,Air India,1,10348,INR,0,,13:00,13,15:50,15,False,170,170,0,Airbus A320neo,142.0,120.0
2026-10-08,2026-10-08 16:28,2026-10-29,21,DEL,BLR,DEL-BLR,AI,Air India,1,10348,INR,0,,21:30,21,00:25,0,True,175,175,0,Airbus A320neo,142.0,120.0
2026-10-08,2026-10-08 16:28,2026-10-29,21,DEL,BLR,DEL-BLR,AI,Air India,1,10348,INR,0,,22:00,22,00:55,0,True,175,175,0,Airbus A320neo,142.0,120.0
2026-10-08,2026-10-08 16:28,2026-10-29,21,DEL,BLR,DEL-BLR,SG,SpiceJet,1,10510,INR,0,,15:40,15,17:40,17,False,120,120,0,Boeing 737,141.0,120.0
2026-10-08,2026-10-08 16:28,2026-10-29,21,DEL,BLR,DEL-BLR,SG,SpiceJet,1,10510,INR,0,,20:50,20,23:40,23,False,170,170,0,Airbus A321,151.0,120.0
2026-10-08,2026-10-08 16:28,2026-10-29,21,DEL,BLR,DEL-BLR,AI,Air India,1,10526,INR,0,,12:00,12,14:45,14,False,165,165,0,Airbus A320neo,142.0,120.0
2026-10-08,2026-10-08 16:28,2026-10-29,21,DEL,BLR,DEL-BLR,AI,Air India,1,10825,INR,0,,10:55,10,13:50,13,False,175,175,0,Airbus A320neo,142.0,120.0
2026-10-08,2026-10-08 16:28,2026-10-29,21,DEL,BLR,DEL-BLR,AI,Air India,1,10825,INR,0,,19:25,19,22:15,22,False,170,170,0,Airbus A320neo,142.0,120.0
2026-10-08,2026-10-08 16:28,2026-10-29,21,DEL,BLR,DEL-BLR,AI,Air India,1,10825,INR,0,,20:30,20,23:25,23,False,175,175,0,Airbus A320neo,142.0,120.0
2026-10-08,2026-10-08 16:28,2026-10-29,21,DEL,BLR,DEL-BLR,AI,Air India,1,11854,INR,0,,06:00,6,08:50,8,False,170,170,0,Airbus A321,180.0,120.0
2026-10-08,2026-10-08 16:28,2026-10-29,21,DEL,BLR,DEL-BLR,AI,Air India,1,11854,INR,0,,18:00,18,20:50,20,False,170,170,0,Airbus A320neo,142.0,120.0
2026-10-08,2026-10-08 16:28,2026-10-29,21,DEL,BLR,DEL-BLR,AI,Air India,1,12631,INR,0,,15:00,15,17:45,17,False,165,165,0,Airbus A320neo,142.0,120.0
2026-10-08,2026-10-08 16:28,2026-11-07,30,DEL,BLR,DEL-BLR,IX,Air India Express,1,10018,INR,0,,07:30,7,10:25,10,False,175,175,0,Boeing 737MAX 8 Passenger,138.0,120.0
2026-10-08,2026-10-08 16:28,2026-11-07,30,DEL,BLR,DEL-BLR,IX,Air India Express,1,10018,INR,0,,08:35,8,11:35,11,False,180,180,0,Boeing 737MAX 8 Passenger,138.0,120.0
2026-10-08,2026-10-08 16:28,2026-11-07,30,DEL,BLR,DEL-BLR,IX,Air India Express,1,10018,INR,0,,21:10,21,00:10,0,True,180,180,0,Airbus A320neo,134.0,120.0
2026-10-08,2026-10-08 16:28,2026-11-07,30,DEL,BLR,DEL-BLR,AI,Air India,1,10400,INR,0,,06:00,6,08:50,8,False,170,170,0,Airbus A321,176.0,120.0
2026-10-08,2026-10-08 16:28,2026-11-07,30,DEL,BLR,DEL-BLR,AI,Air India,1,10400,INR,0,,20:30,20,23:25,23,False,175,175,0,Airbus A320neo,139.0,120.0
2026-10-08,2026-10-08 16:28,2026-11-07,30,DEL,BLR,DEL-BLR,AI,Air India,1,10400,INR,0,,21:30,21,00:25,0,True,175,175,0,Airbus A320neo,139.0,120.0
2026-10-08,2026-10-08 16:28,2026-11-07,30,DEL,BLR,DEL-BLR,AI,Air India,1,10400,INR,0,,22:00,22,00:55,0,True,175,175,0,Airbus A320neo,139.0,120.0
2026-10-08,2026-10-08 16:28,2026-11-07,30,DEL,BLR,DEL-BLR,SG,SpiceJet,1,10510,INR,0,,06:30,6,09:25,9,False,175,175,0,Boeing 737,138.0,120.0
2026-10-08,2026-10-08 16:28,2026-11-07,30,DEL,BLR,DEL-BLR,SG,SpiceJet,1,10510,INR,0,,20:50,20,23:40,23,False,170,170,0,Airbus A321,148.0,120.0
2026-10-08,2026-10-08 16:28,2026-11-07,30,DEL,BLR,DEL-BLR,AI,Air India,1,10878,INR,0,,00:15,0,03:05,3,False,170,170,0,Airbus A320neo,139.0,120.0
2026-10-08,2026-10-08 16:28,2026-11-07,30,DEL,BLR,DEL-BLR,QP,Akasa Air,1,10967,INR,0,,08:45,8,11:40,11,False,175,175,0,Boeing 737MAX 8 Passenger,122.0,120.0
2026-10-08,2026-10-08 16:28,2026-11-07,30,DEL,BLR,DEL-BLR,AI,Air India,1,11067,INR,0,,08:35,8,11:10,11,False,155,155,0,Boeing 787,140.0,120.0
2026-10-08,2026-10-08 16:28,2026-11-07,30,DEL,BLR,DEL-BLR,AI,Air India,1,11382,INR,0,,09:30,9,12:20,12,False,170,170,0,Airbus A320neo,139.0,120.0
2026-10-08,2026-10-08 16:28,2026-11-07,30,DEL,BLR,DEL-BLR,AI,Air India,1,11382,INR,0,,13:00,13,15:50,15,False,170,170,0,Airbus A320neo,139.0,120.0
2026-10-08,2026-10-08 16:28,2026-11-07,30,DEL,BLR,DEL-BLR,AI,Air India,1,11382,INR,0,,18:00,18,20:50,20,False,170,170,0,Airbus A320neo,139.0,120.0
2026-10-08,2026-10-08 16:28,2026-11-07,30,DEL,BLR,DEL-BLR,QP,Akasa Air,1,11786,INR,0,,17:35,17,20:25,20,False,170,170,0,Boeing 737MAX 8 Passenger,121.0,120.0
2026-10-08,2026-10-08 16:28,2026-11-07,30,DEL,BLR,DEL-BLR,AI,Air India,1,11907,INR,0,,19:25,19,22:15,22,False,170,170,0,Airbus A320neo,139.0,120.0
2026-10-08,2026-10-08 16:28,2026-11-07,30,DEL,BLR,DEL-BLR,AI,Air India,1,12117,INR,0,,15:00,15,17:45,17,False,165,165,0,Airbus A320neo,139.0,120.0
2026-10-08,2026-10-08 16:28,2026-11-07,30,DEL,BLR,DEL-BLR,AI,Air India,1,12327,INR,0,,10:55,10,13:50,13,False,175,175,0,Airbus A320neo,139.0,120.0
2026-10-08,2026-10-08 16:28,2026-11-07,30,DEL,BLR,DEL-BLR,AI,Air India,1,13015,INR,0,,12:00,12,14:45,14,False,165,165,0,Airbus A320neo,139.0,120.0
2026-10-08,2026-10-08 16:28,2026-11-22,45,DEL,BLR,DEL-BLR,6E,IndiGo,1,10966,INR,1,HYD,04:55,4,10:45,10,False,350,215,135,Airbus A321neo | Airbus A321neo,141.0,120.0
2026-10-08,2026-10-08 16:28,2026-11-22,45,DEL,BLR,DEL-BLR,6E,IndiGo,1,11229,INR,1,TRZ,17:40,17,23:15,23,False,335,260,75,Airbus A320neo | ATR 72,174.0,120.0
2026-10-08,2026-10-08 16:28,2026-11-22,45,DEL,BLR,DEL-BLR,6E,IndiGo,1,11229,INR,1,JAI,21:10,21,02:15,2,True,305,200,105,Airbus A320 | Airbus A320neo,152.0,120.0
2026-10-08,2026-10-08 16:28,2026-11-22,45,DEL,BLR,DEL-BLR,6E,IndiGo,1,11703,INR,1,GOI,19:20,19,00:25,0,True,305,240,65,Airbus A321neo | Airbus A321neo,154.0,120.0
2026-10-08,2026-10-08 16:28,2026-11-22,45,DEL,BLR,DEL-BLR,AI,Air India,1,12012,INR,0,,00:15,0,03:05,3,False,170,170,0,Airbus A320neo,139.0,120.0
2026-10-08,2026-10-08 16:28,2026-11-22,45,DEL,BLR,DEL-BLR,SG,SpiceJet,1,12711,INR,0,,06:30,6,09:25,9,False,175,175,0,Boeing 737,138.0,120.0
2026-10-08,2026-10-08 16:28,2026-11-22,45,DEL,BLR,DEL-BLR,QP,Akasa Air,1,12908,INR,0,,22:55,22,02:00,2,True,185,185,0,Boeing 737MAX 8 Passenger,122.0,120.0
2026-10-08,2026-10-08 16:28,2026-11-22,45,DEL,BLR,DEL-BLR,QP,Akasa Air,1,13146,INR,0,,08:45,8,11:40,11,False,175,175,0,Boeing 737MAX 8 Passenger,122.0,120.0
2026-10-08,2026-10-08 16:28,2026-11-22,45,DEL,BLR,DEL-BLR,AI,Air India,1,13639,INR,0,,08:35,8,11:10,11,False,155,155,0,Boeing 787,140.0,120.0
2026-10-08,2026-10-08 16:28,2026-11-22,45,DEL,BLR,DEL-BLR,AI,Air India,1,13755,INR,0,,20:30,20,23:25,23,False,175,175,0,Airbus A320neo,139.0,120.0
2026-10-08,2026-10-08 16:28,2026-11-22,45,DEL,BLR,DEL-BLR,AI,Air India,1,13996,INR,0,,09:30,9,12:20,12,False,170,170,0,Airbus A320neo,139.0,120.0
2026-10-08,2026-10-08 16:28,2026-11-22,45,DEL,BLR,DEL-BLR,AI,Air India,1,13996,INR,0,,13:00,13,15:50,15,False,170,170,0,Airbus A320neo,139.0,120.0
2026-10-08,2026-10-08 16:28,2026-11-22,45,DEL,BLR,DEL-BLR,AI,Air India,1,13996,INR,0,,19:25,19,22:15,22,False,170,170,0,Airbus A320neo,139.0,120.0
2026-10-08,2026-10-08 16:28,2026-11-22,45,DEL,BLR,DEL-BLR,AI,Air India,1,13996,INR,0,,21:30,21,00:25,0,True,175,175,0,Airbus A320neo,139.0,120.0
2026-10-08,2026-10-08 16:28,2026-11-22,45,DEL,BLR,DEL-BLR,AI,Air India,1,13996,INR,0,,22:00,22,00:55,0,True,175,175,0,Airbus A320neo,139.0,120.0
2026-10-08,2026-10-08 16:28,2026-11-22,45,DEL,BLR,DEL-BLR,QP,Akasa Air,1,14147,INR,0,,17:35,17,20:25,20,False,170,170,0,Boeing 737MAX 8 Passenger,121.0,120.0
2026-10-08,2026-10-08 16:28,2026-11-22,45,DEL,BLR,DEL-BLR,AI,Air India,1,14233,INR,0,,12:00,12,14:45,14,False,165,165,0,Airbus A320neo,139.0,120.0
2026-10-08,2026-10-08 16:28,2026-11-22,45,DEL,BLR,DEL-BLR,QP,Akasa Air,1,14675,INR,0,,19:05,19,22:00,22,False,175,175,0,Boeing 737MAX 8 Passenger,116.0,120.0
2026-10-08,2026-10-08 16:28,2026-11-22,45,DEL,BLR,DEL-BLR,IX,Air India Express,1,14889,INR,0,,07:30,7,10:25,10,False,175,175,0,Boeing 737MAX 8 Passenger,138.0,120.0
2026-10-08,2026-10-08 16:28,2026-11-22,45,DEL,BLR,DEL-BLR,QP,Akasa Air,1,14949,INR,0,,20:50,20,23:40,23,False,170,170,0,Boeing 737MAX 8 Passenger,122.0,120.0
2026-10-08,2026-10-08 16:28,2026-11-22,45,DEL,BLR,DEL-BLR,SG,SpiceJet,1,14967,INR,0,,20:50,20,23:40,23,False,170,170,0,Airbus A321,148.0,120.0
2026-10-08,2026-10-08 16:28,2026-11-22,45,DEL,BLR,DEL-BLR,AI,Air India,1,15787,INR,0,,10:55,10,13:50,13,False,175,175,0,Airbus A320neo,139.0,120.0
2026-10-08,2026-10-08 16:28,2026-11-22,45,DEL,BLR,DEL-BLR,AI,Air India,1,15787,INR,0,,18:00,18,20:50,20,False,170,170,0,Airbus A320neo,139.0,120.0
2026-10-08,2026-10-08 16:28,2026-11-22,45,DEL,BLR,DEL-BLR,AI,Air India,1,16060,INR,0,,15:00,15,17:45,17,False,165,165,0,Airbus A320neo,139.0,120.0
2026-10-08,2026-10-08 16:28,2026-11-22,45,DEL,BLR,DEL-BLR,IX,Air India Express,1,16394,INR,0,,21:10,21,00:10,0,True,180,180,0,Airbus A320neo,134.0,120.0
2026-10-08,2026-10-08 16:28,2026-12-07,60,DEL,BLR,DEL-BLR,SG,SpiceJet,1,10510,INR,0,,06:30,6,09:25,9,False,175,175,0,Boeing 737,136.0,120.0
2026-10-08,2026-10-08 16:28,2026-12-07,60,DEL,BLR,DEL-BLR,SG,SpiceJet,1,10958,INR,0,,20:50,20,23:40,23,False,170,170,0,Airbus A321,146.0,120.0
2026-10-08,2026-10-08 16:28,2026-12-07,60,DEL,BLR,DEL-BLR,QP,Akasa Air,1,11368,INR,0,,19:05,19,22:00,22,False,175,175,0,Boeing 737MAX 8 Passenger,114.0,120.0
2026-10-08,2026-10-08 16:28,2026-12-07,60,DEL,BLR,DEL-BLR,QP,Akasa Air,1,11368,INR,0,,22:55,22,02:00,2,True,185,185,0,Boeing 737MAX 8 Passenger,119.0,120.0
2026-10-08,2026-10-08 16:28,2026-12-07,60,DEL,BLR,DEL-BLR,AI,Air India,1,11382,INR,0,,21:30,21,00:25,0,True,175,175,0,Airbus A320neo,135.0,120.0
2026-10-08,2026-10-08 16:28,2026-12-07,60,DEL,BLR,DEL-BLR,IX,Air India Express,1,11898,INR,0,,07:30,7,10:25,10,False,175,175,0,Boeing 737MAX 8 Passenger,134.0,120.0
2026-10-08,2026-10-08 16:28,2026-12-07,60,DEL,BLR,DEL-BLR,IX,Air India Express,1,11898,INR,0,,21:10,21,00:10,0,True,180,180,0,Airbus A320neo,131.0,120.0
2026-10-08,2026-10-08 16:28,2026-12-07,60,DEL,BLR,DEL-BLR,AI,Air India,1,12427,INR,0,,12:00,12,14:45,14,False,165,165,0,Airbus A320neo,135.0,120.0
2026-10-08,2026-10-08 16:28,2026-12-07,60,DEL,BLR,DEL-BLR,QP,Akasa Air,1,12446,INR,0,,08:45,8,11:40,11,False,175,175,0,Boeing 737MAX 8 Passenger,119.0,120.0
2026-10-08,2026-10-08 16:28,2026-12-07,60,DEL,BLR,DEL-BLR,AI,Air India,1,12463,INR,0,,13:00,13,15:50,15,False,170,170,0,Airbus A320neo,135.0,120.0
2026-10-08,2026-10-08 16:28,2026-12-07,60,DEL,BLR,DEL-BLR,QP,Akasa Air,1,12676,INR,0,,20:50,20,23:40,23,False,170,170,0,Boeing 737MAX 8 Passenger,119.0,120.0
2026-10-08,2026-10-08 16:28,2026-12-07,60,DEL,BLR,DEL-BLR,AI,Air India,1,12684,INR,0,,09:30,9,12:20,12,False,170,170,0,Airbus A320neo,135.0,120.0
2026-10-08,2026-10-08 16:28,2026-12-07,60,DEL,BLR,DEL-BLR,AI,Air India,1,12684,INR,0,,20:30,20,23:25,23,False,175,175,0,Airbus A320neo,135.0,120.0
2026-10-08,2026-10-08 16:28,2026-12-07,60,DEL,BLR,DEL-BLR,AI,Air India,1,13015,INR,0,,19:25,19,22:15,22,False,170,170,0,Airbus A320neo,135.0,120.0
2026-10-08,2026-10-08 16:28,2026-12-07,60,DEL,BLR,DEL-BLR,AI,Air India,1,13398,INR,0,,18:00,18,20:50,20,False,170,170,0,Airbus A320neo,135.0,120.0
2026-10-08,2026-10-08 16:28,2026-12-07,60,DEL,BLR,DEL-BLR,AI,Air India,1,13876,INR,0,,10:55,10,13:50,13,False,175,175,0,Airbus A320neo,135.0,120.0
2026-10-08,2026-10-08 16:28,2026-12-07,60,DEL,BLR,DEL-BLR,AI,Air India,1,13876,INR,0,,15:00,15,17:45,17,False,165,165,0,Airbus A320neo,135.0,120.0
2026-10-08,2026-10-08 16:28,2026-12-07,60,DEL,BLR,DEL-BLR,AI,Air India,1,15377,INR,0,,08:35,8,11:10,11,False,155,155,0,Boeing 787,136.0,120.0
2026-10-08,2026-10-08 16:28,2026-12-07,60,DEL,BLR,DEL-BLR,AI,Air India,1,15514,INR,0,,06:00,6,08:50,8,False,170,170,0,Airbus A321,171.0,120.0
2026-10-08,2026-10-08 16:28,2026-12-07,60,DEL,BLR,DEL-BLR,AI,Air India,1,15787,INR,0,,00:15,0,03:05,3,False,170,170,0,Airbus A320neo,135.0,120.0
2026-10-08,2026-10-08 16:28,2026-12-07,60,DEL,BLR,DEL-BLR,AI,Air India,1,15787,INR,0,,07:30,7,10:20,10,False,170,170,0,Airbus A320neo,135.0,120.0
2026-10-08,2026-10-08 16:28,2026-10-09,1,BOM,BLR,BOM-BLR,AI,Air India,1,6245,INR,0,,23:40,23,01:40,1,True,120,120,0,Airbus A321,109.0,70.0
2026-10-08,2026-10-08 16:28,2026-10-09,1,BOM,BLR,BOM-BLR,AI,Air India,1,6345,INR,0,,23:30,23,01:35,1,True,125,125,0,Airbus A320neo,83.0,70.0
2026-10-08,2026-10-08 16:28,2026-10-09,1,BOM,BLR,BOM-BLR,AI,Air India,1,6891,INR,0,,06:35,6,08:35,8,False,120,120,0,Airbus A320neo,83.0,70.0
2026-10-08,2026-10-08 16:28,2026-10-09,1,BOM,BLR,BOM-BLR,AI,Air India,1,7295,INR,0,,10:00,10,12:05,12,False,125,125,0,Airbus A320neo,83.0,70.0
2026-10-08,2026-10-08 16:28,2026-10-09,1,BOM,BLR,BOM-BLR,AI,Air India,1,7374,INR,0,,12:00,12,14:05,14,False,125,125,0,Airbus A320neo,83.0,70.0
2026-10-08,2026-10-08 16:28,2026-10-09,1,BOM,BLR,BOM-BLR,AI,Air India,1,7374,INR,0,,15:25,15,17:35,17,False,130,130,0,Airbus A320neo,83.0,70.0
2026-10-08,2026-10-08 16:28,2026-10-09,1,BOM,BLR,BOM-BLR,AI,Air India,1,7689,INR,0,,07:55,7,10:05,10,False,130,130,0,Airbus A320neo,83.0,70.0
2026-10-08,2026-10-08 16:28,2026-10-09,1,BOM,BLR,BOM-BLR,QP,Akasa Air,1,9175,INR,0,,09:25,9,11:20,11,False,115,115,0,Boeing 737MAX 8 Passenger,74.0,70.0
2026-10-08,2026-10-08 16:28,2026-10-09,1,BOM,BLR,BOM-BLR,AI,Air India,1,12766,INR,0,,17:30,17,19:35,19,False,125,125,0,Airbus A320neo,83.0,70.0
2026-10-08,2026-10-08 16:28,2026-10-09,1,BOM,BLR,BOM-BLR,6E,IndiGo,1,13691,INR,1,GOI,05:00,5,08:25,8,False,205,135,70,Airbus A320neo | Airbus A320neo,100.0,70.0
2026-10-08,2026-10-08 16:28,2026-10-09,1,BOM,BLR,BOM-BLR,QP,Akasa Air,1,13753,INR,0,,21:45,21,23:35,23,False,110,110,0,Boeing 737MAX 8 Passenger,71.0,70.0
2026-10-08,2026-10-08 16:28,2026-10-09,1,BOM,BLR,BOM-BLR,QP,Akasa Air,1,14941,INR,0,,19:40,19,21:35,21,False,115,115,0,Boeing 737MAX 8 Passenger,70.0,70.0
2026-10-08,2026-10-08 16:28,2026-10-09,1,BOM,BLR,BOM-BLR,AI,Air India,1,17449,INR,0,,19:45,19,21:50,21,False,125,125,0,Airbus A320neo,83.0,70.0
2026-10-08,2026-10-08 16:28,2026-10-09,1,BOM,BLR,BOM-BLR,AI,Air India,1,17449,INR,0,,20:45,20,22:45,22,False,120,120,0,Airbus A320neo,83.0,70.0
2026-10-08,2026-10-08 16:28,2026-10-09,1,BOM,BLR,BOM-BLR,AI,Air India,1,17601,INR,0,,18:30,18,20:35,20,False,125,125,0,Airbus A320neo,83.0,70.0
2026-10-08,2026-10-08 16:28,2026-10-11,3,BOM,BLR,BOM-BLR,AI,Air India,1,6891,INR,0,,06:35,6,08:35,8,False,120,120,0,Airbus A320neo,83.0,70.0
2026-10-08,2026-10-08 16:28,2026-10-11,3,BOM,BLR,BOM-BLR,AI,Air India,1,6891,INR,0,,07:55,7,10:05,10,False,130,130,0,Airbus A320neo,83.0,70.0
2026-10-08,2026-10-08 16:28,2026-10-11,3,BOM,BLR,BOM-BLR,AI,Air India,1,7474,INR,0,,19:45,19,21:50,21,False,125,125,0,Airbus A320neo,83.0,70.0
2026-10-08,2026-10-08 16:28,2026-10-11,3,BOM,BLR,BOM-BLR,AI,Air India,1,7474,INR,0,,20:45,20,22:45,22,False,120,120,0,Airbus A320neo,83.0,70.0
2026-10-08,2026-10-08 16:28,2026-10-11,3,BOM,BLR,BOM-BLR,AI,Air India,1,7720,INR,0,,10:00,10,12:05,12,False,125,125,0,Airbus A320neo,83.0,70.0
2026-10-08,2026-10-08 16:28,2026-10-11,3,BOM,BLR,BOM-BLR,QP,Akasa Air,1,7845,INR,0,,19:40,19,21:35,21,False,115,115,0,Boeing 737MAX 8 Passenger,70.0,70.0
2026-10-08,2026-10-08 16:28,2026-10-11,3,BOM,BLR,BOM-BLR,QP,Akasa Air,1,8157,INR,0,,21:45,21,23:35,23,False,110,110,0,Boeing 737MAX 8 Passenger,71.0,70.0
2026-10-08,2026-10-08 16:28,2026-10-11,3,BOM,BLR,BOM-BLR,AI,Air India,1,8482,INR,0,,12:00,12,14:05,14,False,125,125,0,Airbus A320neo,83.0,70.0
2026-10-08,2026-10-08 16:28,2026-10-11,3,BOM,BLR,BOM-BLR,AI,Air India,1,10744,INR,0,,15:25,15,17:35,17,False,130,130,0,Airbus A320neo,83.0,70.0
2026-10-08,2026-10-08 16:28,2026-10-11,3,BOM,BLR,BOM-BLR,AI,Air India,1,10744,INR,0,,17:30,17,19:35,19,False,125,125,0,Airbus A320neo,83.0,70.0
2026-10-08,2026-10-08 16:28,2026-10-11,3,BOM,BLR,BOM-BLR,AI,Air India,1,10744,INR,0,,18:30,18,20:35,20,False,125,125,0,Airbus A320neo,83.0,70.0
2026-10-08,2026-10-08 16:28,2026-10-11,3,BOM,BLR,BOM-BLR,6E,IndiGo,1,10852,INR,1,AMD,01:30,1,06:40,6,False,310,220,90,Airbus A321neo | Airbus A320neo,144.0,70.0
2026-10-08,2026-10-08 16:28,2026-10-11,3,BOM,BLR,BOM-BLR,6E,IndiGo,1,16741,INR,1,GOI,05:00,5,08:25,8,False,205,135,70,Airbus A320neo | Airbus A320neo,100.0,70.0
2026-10-08,2026-10-08 16:28,2026-10-15,7,BOM,BLR,BOM-BLR,6E,IndiGo,1,6080,INR,1,GOI,05:00,5,08:25,8,False,205,135,70,Airbus A320neo | Airbus A320neo,100.0,70.0
2026-10-08,2026-10-08 16:28,2026-10-15,7,BOM,BLR,BOM-BLR,6E,IndiGo,1,6080,INR,1,GOI,16:40,16,20:25,20,False,225,165,60,Airbus A320 | Airbus A321neo,103.0,70.0
2026-10-08,2026-10-08 16:28,2026-10-15,7,BOM,BLR,BOM-BLR,AI,Air India,1,6728,INR,0,,05:30,5,07:35,7,False,125,125,0,Airbus A321,105.0,70.0
2026-10-08,2026-10-08 16:28,2026-10-15,7,BOM,BLR,BOM-BLR,AI,Air India,1,7474,INR,0,,15:25,15,17:35,17,False,130,130,0,Airbus A320neo,83.0,70.0
2026-10-08,2026-10-08 16:28,2026-10-15,7,BOM,BLR,BOM-BLR,AI,Air India,1,7474,INR,0,,23:30,23,01:35,1,True,125,125,0,Airbus A320neo,83.0,70.0
2026-10-08,2026-10-08 16:28,2026-10-15,7,BOM,BLR,BOM-BLR,AI,Air India,1,7720,INR,0,,17:30,17,19:35,19,False,125,125,0,Airbus A320neo,83.0,70.0
2026-10-08,2026-10-08 16:28,2026-10-15,7,BOM,BLR,BOM-BLR,QP,Akasa Air,1,7845,INR,0,,21:45,21,23:35,23,False,110,110,0,Boeing 737MAX 8 Passenger,71.0,70.0
2026-10-08,2026-10-08 16:28,2026-10-15,7,BOM,BLR,BOM-BLR,AI,Air India,1,8161,INR,0,,06:35,6,08:35,8,False,120,120,0,Airbus A320neo,83.0,70.0
2026-10-08,2026-10-08 16:28,2026-10-15,7,BOM,BLR,BOM-BLR,AI,Air India,1,8161,INR,0,,10:00,10,12:05,12,False,125,125,0,Airbus A320neo,83.0,70.0
2026-10-08,2026-10-08 16:28,2026-10-15,7,BOM,BLR,BOM-BLR,AI,Air India,1,8340,INR,0,,12:00,12,14:05,14,False,125,125,0,Airbus A320neo,83.0,70.0
2026-10-08,2026-10-08 16:28,2026-10-15,7,BOM,BLR,BOM-BLR,AI,Air India,1,8770,INR,0,,18:30,18,20:35,20,False,125,125,0,Airbus A320neo,83.0,70.0
2026-10-08,2026-10-08 16:28,2026-10-15,7,BOM,BLR,BOM-BLR,QP,Akasa Air,1,8819,INR,0,,19:40,19,21:35,21,False,115,115,0,Boeing 737MAX 8 Passenger,74.0,70.0
2026-10-08,2026-10-08 16:28,2026-10-15,7,BOM,BLR,BOM-BLR,AI,Air India,1,10377,INR,0,,07:55,7,10:05,10,False,130,130,0,Airbus A320neo,83.0,70.0
2026-10-08,2026-10-08 16:28,2026-10-15,7,BOM,BLR,BOM-BLR,AI,Air India,1,10377,INR,0,,19:45,19,21:50,21,False,125,125,0,Airbus A320neo,83.0,70.0
2026-10-08,2026-10-08 16:28,2026-10-15,7,BOM,BLR,BOM-BLR,AI,Air India,1,10834,INR,0,,20:45,20,22:45,22,False,120,120,0,Airbus A320neo,83.0,70.0
2026-10-08,2026-10-08 16:28,2026-10-22,14,BOM,BLR,BOM-BLR,SG,SpiceJet,1,5849,INR,0,,00:45,0,02:45,2,False,120,120,0,Airbus A321,89.0,70.0
2026-10-08,2026-10-08 16:28,2026-10-22,14,BOM,BLR,BOM-BLR,QP,Akasa Air,1,6249,INR,0,,00:40,0,02:30,2,False,110,110,0,Boeing 737MAX 8 Passenger,74.0,70.0
2026-10-08,2026-10-08 16:28,2026-10-22,14,BOM,BLR,BOM-BLR,QP,Akasa Air,1,6487,INR,0,,05:35,5,07:25,7,False,110,110,0,Boeing 737MAX 8 Passenger,70.0,70.0
2026-10-08,2026-10-08 16:28,2026-10-22,14,BOM,BLR,BOM-BLR,AI,Air India,1,6728,INR,0,,05:30,5,07:35,7,False,125,125,0,Airbus A321,105.0,70.0
2026-10-08,2026-10-08 16:28,2026-10-22,14,BOM,BLR,BOM-BLR,SG,SpiceJet,1,7066,INR,0,,16:10,16,18:10,18,False,120,120,0,Airbus A321,89.0,70.0
2026-10-08,2026-10-08 16:28,2026-10-22,14,BOM,BLR,BOM-BLR,AI,Air India,1,7474,INR,0,,02:05,2,04:10,4,False,125,125,0,Airbus A320neo,83.0,70.0
2026-10-08,2026-10-08 16:28,2026-10-22,14,BOM,BLR,BOM-BLR,AI,Air India,1,7474,INR,0,,07:55,7,10:05,10,False,130,130,0,Airbus A320neo,83.0,70.0
2026-10-08,2026-10-08 16:28,2026-10-22,14,BOM,BLR,BOM-BLR,AI,Air India,1,7474,INR,0,,12:00,12,14:05,14,False,125,125,0,Airbus A320neo,83.0,70.0
2026-10-08,2026-10-08 16:28,2026-10-22,14,BOM,BLR,BOM-BLR,AI,Air India,1,7474,INR,0,,15:25,15,17:35,17,False,130,130,0,Airbus A320neo,83.0,70.0
2026-10-08,2026-10-08 16:28,2026-10-22,14,BOM,BLR,BOM-BLR,AI,Air India,1,7474,INR,0,,19:45,19,21:50,21,False,125,125,0,Airbus A320neo,83.0,70.0
2026-10-08,2026-10-08 16:28,2026-10-22,14,BOM,BLR,BOM-BLR,AI,Air India,1,7720,INR,0,,06:35,6,08:35,8,False,120,120,0,Airbus A320neo,83.0,70.0
2026-10-08,2026-10-08 16:28,2026-10-22,14,BOM,BLR,BOM-BLR,AI,Air India,1,7720,INR,0,,10:00,10,12:05,12,False,125,125,0,Airbus A320neo,83.0,70.0
2026-10-08,2026-10-08 16:28,2026-10-22,14,BOM,BLR,BOM-BLR,AI,Air India,1,7720,INR,0,,17:30,17,19:35,19,False,125,125,0,Airbus A320neo,83.0,70.0
2026-10-08,2026-10-08 16:28,2026-10-22,14,BOM,BLR,BOM-BLR,AI,Air India,1,7783,INR,0,,20:45,20,22:45,22,False,120,120,0,Airbus A320neo,83.0,70.0
2026-10-08,2026-10-08 16:28,2026-10-22,14,BOM,BLR,BOM-BLR,AI,Air India,1,8293,INR,0,,18:30,18,20:35,20,False,125,125,0,Airbus A320neo,83.0,70.0
2026-10-08,2026-10-08 16:28,2026-10-29,21,BOM,BLR,BOM-BLR,6E,IndiGo,1,6080,INR,1,GOI,04:30,4,09:15,9,False,285,135,150,Airbus A320neo | Airbus A321neo,96.0,70.0
2026-10-08,2026-10-08 16:28,2026-10-29,21,BOM,BLR,BOM-BLR,6E,IndiGo,1,6080,INR,1,GOI,13:55,13,19:15,19,False,320,145,175,Airbus A321neo | Airbus A321neo,91.0,70.0
2026-10-08,2026-10-08 16:28,2026-10-29,21,BOM,BLR,BOM-BLR,6E,IndiGo,1,6080,INR,1,GOI,17:20,17,22:05,22,False,285,155,130,Airbus A320neo | Airbus A321neo,96.0,70.0
2026-10-08,2026-10-08 16:28,2026-10-29,21,BOM,BLR,BOM-BLR,6E,IndiGo,1,6316,INR,1,IXE,08:45,8,12:40,12,False,235,145,90,Airbus A320neo | Airbus A320neo,106.0,70.0
2026-10-08,2026-10-08 16:28,2026-10-29,21,BOM,BLR,BOM-BLR,6E,IndiGo,1,6316,INR,1,IXE,15:10,15,19:05,19,False,235,145,90,Airbus A321neo | Airbus A321neo,97.0,70.0
2026-10-08,2026-10-08 16:28,2026-10-29,21,BOM,BLR,BOM-BLR,6E,IndiGo,1,6316,INR,1,HYD,16:40,16,20:55,20,False,255,190,65,Airbus A321neo | Airbus A321neo,105.0,70.0
2026-10-08,2026-10-08 16:28,2026-10-29,21,BOM,BLR,BOM-BLR,6E,IndiGo,1,6316,INR,1,IXE,19:05,19,22:35,22,False,210,150,60,Airbus A321neo | Airbus A321neo,97.0,70.0
2026-10-08,2026-10-08 16:28,2026-10-29,21,BOM,BLR,BOM-BLR,SG,SpiceJet,1,7225,INR,0,,23:15,23,01:10,1,True,115,115,0,Boeing 737,83.0,70.0
2026-10-08,2026-10-08 16:28,2026-10-29,21,BOM,BLR,BOM-BLR,SG,SpiceJet,1,7410,INR,0,,00:30,0,02:30,2,False,120,120,0,Airbus A320,86.0,70.0
2026-10-08,2026-10-08 16:28,2026-10-29,21,BOM,BLR,BOM-BLR,QP,Akasa Air,1,7549,INR,0,,08:35,8,10:20,10,False,105,105,0,Boeing 737MAX 8 Passenger,73.0,70.0
2026-10-08,2026-10-08 16:28,2026-10-29,21,BOM,BLR,BOM-BLR,AI,Air India,1,7720,INR,0,,06:35,6,08:20,8,False,105,105,0,Airbus A320neo,83.0,70.0
2026-10-08,2026-10-08 16:28,2026-10-29,21,BOM,BLR,BOM-BLR,QP,Akasa Air,1,7845,INR,0,,23:10,23,01:00,1,True,110,110,0,Boeing 737MAX 8 Passenger,73.0,70.0
2026-10-08,2026-10-08 16:28,2026-10-29,21,BOM,BLR,BOM-BLR,AI,Air India,1,7894,INR,0,,02:05,2,03:50,3,False,105,105,0,Airbus A320neo,83.0,70.0
2026-10-08,2026-10-08 16:28,2026-10-29,21,BOM,BLR,BOM-BLR,AI,Air India,1,8020,INR,0,,11:00,11,12:45,12,False,105,105,0,Airbus A320neo,83.0,70.0
2026-10-08,2026-10-08 16:28,2026-10-29,21,BOM,BLR,BOM-BLR,AI,Air India,1,8020,INR,0,,18:00,18,19:50,19,False,110,110,0,Airbus A320neo,83.0,70.0
2026-10-08,2026-10-08 16:28,2026-10-29,21,BOM,BLR,BOM-BLR,SG,SpiceJet,1,8083,INR,0,,16:10,16,18:10,18,False,120,120,0,Airbus A320,86.0,70.0
2026-10-08,2026-10-08 16:28,2026-10-29,21,BOM,BLR,BOM-BLR,QP,Akasa Air,1,8157,INR,0,,19:00,19,20:45,20,False,105,105,0,Boeing 737MAX 8 Passenger,73.0,70.0
2026-10-08,2026-10-08 16:28,2026-10-29,21,BOM,BLR,BOM-BLR,AI,Air India,1,8161,INR,0,,09:55,9,11:45,11,False,110,110,0,Airbus A320neo,83.0,70.0
2026-10-08,2026-10-08 16:28,2026-10-29,21,BOM,BLR,BOM-BLR,AI,Air India,1,8161,INR,0,,17:30,17,19:20,19,False,110,110,0,Airbus A320neo,83.0,70.0
2026-10-08,2026-10-08 16:28,2026-10-29,21,BOM,BLR,BOM-BLR,AI,Air India,1,8293,INR,0,,19:15,19,21:05,21,False,110,110,0,Airbus A320neo,83.0,70.0
2026-10-08,2026-10-08 16:28,2026-10-29,21,BOM,BLR,BOM-BLR,AI,Air India,1,8340,INR,0,,12:00,12,13:45,13,False,105,105,0,Airbus A320neo,83.0,70.0
2026-10-08,2026-10-08 16:28,2026-10-29,21,BOM,BLR,BOM-BLR,AI,Air India,1,8697,INR,0,,20:45,20,22:35,22,False,110,110,0,Airbus A320neo,83.0,70.0
2026-10-08,2026-10-08 16:28,2026-10-29,21,BOM,BLR,BOM-BLR,QP,Akasa Air,1,9934,INR,0,,21:10,21,23:00,23,False,110,110,0,Boeing 737MAX 8 Passenger,73.0,70.0
2026-10-08,2026-10-08 16:28,2026-10-29,21,BOM,BLR,BOM-BLR,AI,Air India,1,10377,INR,0,,14:00,14,15:45,15,False,105,105,0,Airbus A320neo,83.0,70.0
2026-10-08,2026-10-08 16:28,2026-10-29,21,BOM,BLR,BOM-BLR,AI,Air India,1,10377,INR,0,,15:35,15,17:25,17,False,110,110,0,Airbus A320neo,83.0,70.0
2026-10-08,2026-10-08 16:28,2026-11-07,30,BOM,BLR,BOM-BLR,6E,IndiGo,1,7017,INR,1,GOI,04:30,4,08:25,8,False,235,140,95,Airbus A320neo | Airbus A321neo,93.0,70.0
2026-10-08,2026-10-08 16:28,2026-11-07,30,BOM,BLR,BOM-BLR,SG,SpiceJet,1,8357,INR,0,,00:30,0,02:30,2,False,120,120,0,Airbus A320,84.0,70.0
2026-10-08,2026-10-08 16:28,2026-11-07,30,BOM,BLR,BOM-BLR,QP,Akasa Air,1,8819,INR,0,,21:10,21,23:00,23,False,110,110,0,Boeing 737MAX 8 Passenger,71.0,70.0
2026-10-08,2026-10-08 16:28,2026-11-07,30,BOM,BLR,BOM-BLR,QP,Akasa Air,1,8819,INR,0,,23:10,23,01:00,1,True,110,110,0,Boeing 737MAX 8 Passenger,71.0,70.0
2026-10-08,2026-10-08 16:28,2026-11-07,30,BOM,BLR,BOM-BLR,AI,Air India,1,10429,INR,0,,02:05,2,03:50,3,False,105,105,0,Airbus A320neo,81.0,70.0
2026-10-08,2026-10-08 16:28,2026-11-07,30,BOM,BLR,BOM-BLR,AI,Air India,1,10429,INR,0,,11:00,11,12:45,12,False,105,105,0,Airbus A320neo,81.0,70.0
2026-10-08,2026-10-08 16:28,2026-11-07,30,BOM,BLR,BOM-BLR,AI,Air India,1,10429,INR,0,,14:00,14,15:45,15,False,105,105,0,Airbus A320neo,81.0,70.0
2026-10-08,2026-10-08 16:28,2026-11-07,30,BOM,BLR,BOM-BLR,AI,Air India,1,10429,INR,0,,18:00,18,19:50,19,False,110,110,0,Airbus A320neo,81.0,70.0
2026-10-08,2026-10-08 16:28,2026-11-07,30,BOM,BLR,BOM-BLR,AI,Air India,1,10618,INR,0,,12:00,12,13:45,13,False,105,105,0,Airbus A320neo,81.0,70.0
2026-10-08,2026-10-08 16:28,2026-11-07,30,BOM,BLR,BOM-BLR,QP,Akasa Air,1,10765,INR,0,,08:15,8,10:05,10,False,110,110,0,Boeing 737MAX 8 Passenger,72.0,70.0
2026-10-08,2026-10-08 16:28,2026-11-07,30,BOM,BLR,BOM-BLR,AI,Air India,1,10802,INR,0,,17:30,17,19:20,19,False,110,110,0,Airbus A320neo,81.0,70.0
2026-10-08,2026-10-08 16:28,2026-11-07,30,BOM,BLR,BOM-BLR,AI,Air India,1,10802,INR,0,,19:15,19,21:05,21,False,110,110,0,Airbus A320neo,81.0,70.0
2026-10-08,2026-10-08 16:28,2026-11-07,30,BOM,BLR,BOM-BLR,SG,SpiceJet,1,11126,INR,0,,16:10,16,18:10,18,False,120,120,0,Airbus A320,84.0,70.0
2026-10-08,2026-10-08 16:28,2026-11-07,30,BOM,BLR,BOM-BLR,QP,Akasa Air,1,11672,INR,0,,08:35,8,10:20,10,False,105,105,0,Boeing 737MAX 8 Passenger,71.0,70.0
2026-10-08,2026-10-08 16:28,2026-11-07,30,BOM,BLR,BOM-BLR,AI,Air India,1,12319,INR,0,,06:35,6,08:20,8,False,105,105,0,Airbus A320neo,81.0,70.0
2026-10-08,2026-10-08 16:28,2026-11-07,30,BOM,BLR,BOM-BLR,AI,Air India,1,12319,INR,0,,08:00,8,09:40,9,False,100,100,0,Airbus A320neo,81.0,70.0
2026-10-08,2026-10-08 16:28,2026-11-07,30,BOM,BLR,BOM-BLR,AI,Air India,1,12766,INR,0,,09:55,9,11:45,11,False,110,110,0,Airbus A320neo,81.0,70.0
2026-10-08,2026-10-08 16:28,2026-11-22,45,BOM,BLR,BOM-BLR,6E,IndiGo,1,6080,INR,1,GOI,04:30,4,09:15,9,False,285,135,150,Airbus A320neo | Airbus A321neo,93.0,70.0
2026-10-08,2026-10-08 16:28,2026-11-22,45,BOM,BLR,BOM-BLR,6E,IndiGo,1,6080,INR,1,GOI,13:55,13,20:05,20,False,370,145,225,Airbus A321neo | Airbus A320neo,93.0,70.0
2026-10-08,2026-10-08 16:28,2026-11-22,45,BOM,BLR,BOM-BLR,6E,IndiGo,1,6316,INR,1,HYD,05:30,5,09:35,9,False,245,175,70,Airbus A321neo | Airbus A320neo,107.0,70.0
2026-10-08,2026-10-08 16:28,2026-11-22,45,BOM,BLR,BOM-BLR,6E,IndiGo,1,6526,INR,1,GOI,13:55,13,19:15,19,False,320,145,175,Airbus A321neo | Airbus A321neo,89.0,70.0
2026-10-08,2026-10-08 16:28,2026-11-22,45,BOM,BLR,BOM-BLR,6E,IndiGo,1,6631,INR,1,MAA,16:25,16,20:50,20,False,265,190,75,Airbus A321neo | Airbus A321neo,115.0,70.0
2026-10-08,2026-10-08 16:28,2026-11-22,45,BOM,BLR,BOM-BLR,SG,SpiceJet,1,7410,INR,0,,00:30,0,02:30,2,False,120,120,0,Airbus A320,84.0,70.0
2026-10-08,2026-10-08 16:28,2026-11-22,45,BOM,BLR,BOM-BLR,AI,Air India,1,7946,INR,0,,23:40,23,01:40,1,True,120,120,0,Airbus A321,107.0,70.0
2026-10-08,2026-10-08 16:28,2026-11-22,45,BOM,BLR,BOM-BLR,AI,Air India,1,8398,INR,0,,20:45,20,22:35,22,False,110,110,0,Airbus A320neo,81.0,70.0
2026-10-08,2026-10-08 16:28,2026-11-22,45,BOM,BLR,BOM-BLR,SG,SpiceJet,1,8585,INR,0,,16:10,16,18:10,18,False,120,120,0,Airbus A320,84.0,70.0
2026-10-08,2026-10-08 16:28,2026-11-22,45,BOM,BLR,BOM-BLR,QP,Akasa Air,1,8819,INR,0,,08:35,8,10:20,10,False,105,105,0,Boeing 737MAX 8 Passenger,71.0,70.0
2026-10-08,2026-10-08 16:28,2026-11-22,45,BOM,BLR,BOM-BLR,QP,Akasa Air,1,8819,INR,0,,19:00,19,20:45,20,False,105,105,0,Boeing 737MAX 8 Passenger,71.0,70.0
2026-10-08,2026-10-08 16:28,2026-11-22,45,BOM,BLR,BOM-BLR,QP,Akasa Air,1,8819,INR,0,,21:10,21,23:00,23,False,110,110,0,Boeing 737MAX 8 Passenger,71.0,70.0
2026-10-08,2026-10-08 16:28,2026-11-22,45,BOM,BLR,BOM-BLR,AI,Air India,1,9185,INR,0,,09:55,9,11:45,11,False,110,110,0,Airbus A320neo,81.0,70.0
2026-10-08,2026-10-08 16:28,2026-11-22,45,BOM,BLR,BOM-BLR,AI,Air India,1,9185,INR,0,,19:15,19,21:05,21,False,110,110,0,Airbus A320neo,81.0,70.0
2026-10-08,2026-10-08 16:28,2026-11-22,45,BOM,BLR,BOM-BLR,AI,Air India,1,10429,INR,0,,02:05,2,03:50,3,False,105,105,0,Airbus A320neo,81.0,70.0
2026-10-08,2026-10-08 16:28,2026-11-22,45,BOM,BLR,BOM-BLR,AI,Air India,1,10429,INR,0,,06:35,6,08:20,8,False,105,105,0,Airbus A320neo,81.0,70.0
2026-10-08,2026-10-08 16:28,2026-11-22,45,BOM,BLR,BOM-BLR,AI,Air India,1,10429,INR,0,,08:00,8,09:40,9,False,100,100,0,Airbus A320neo,81.0,70.0
2026-10-08,2026-10-08 16:28,2026-11-22,45,BOM,BLR,BOM-BLR,AI,Air India,1,10429,INR,0,,14:00,14,15:45,15,False,105,105,0,Airbus A320neo,81.0,70.0
2026-10-08,2026-10-08 16:28,2026-11-22,45,BOM,BLR,BOM-BLR,AI,Air India,1,10429,INR,0,,18:00,18,19:50,19,False,110,110,0,Airbus A320neo,81.0,70.0
2026-10-08,2026-10-08 16:28,2026-11-22,45,BOM,BLR,BOM-BLR,AI,Air India,1,10618,INR,0,,12:00,12,13:45,13,False,105,105,0,Airbus A320neo,81.0,70.0
2026-10-08,2026-10-08 16:28,2026-11-22,45,BOM,BLR,BOM-BLR,AI,Air India,1,12766,INR,0,,15:35,15,17:25,17,False,110,110,0,Airbus A320neo,81.0,70.0
2026-10-08,2026-10-08 16:28,2026-11-22,45,BOM,BLR,BOM-BLR,AI,Air India,1,12766,INR,0,,17:30,17,19:20,19,False,110,110,0,Airbus A320neo,81.0,70.0
2026-10-08,2026-10-08 16:28,2026-12-07,60,BOM,BLR,BOM-BLR,6E,IndiGo,1,6080,INR,1,GOI,13:55,13,19:15,19,False,320,145,175,Airbus A321neo | Airbus A321neo,87.0,70.0
2026-10-08,2026-10-08 16:28,2026-12-07,60,BOM,BLR,BOM-BLR,6E,IndiGo,1,6316,INR,1,HYD,12:00,12,16:05,16,False,245,170,75,Airbus A321neo | Airbus A321neo,101.0,70.0
2026-10-08,2026-10-08 16:28,2026-12-07,60,BOM,BLR,BOM-BLR,6E,IndiGo,1,6316,INR,1,HYD,16:40,16,20:55,20,False,255,190,65,Airbus A321neo | Airbus A321neo,101.0,70.0
2026-10-08,2026-10-08 16:28,2026-12-07,60,BOM,BLR,BOM-BLR,SG,SpiceJet,1,7010,INR,0,,00:30,0,02:30,2,False,120,120,0,Airbus A320,83.0,70.0
2026-10-08,2026-10-08 16:28,2026-12-07,60,BOM,BLR,BOM-BLR,SG,SpiceJet,1,7225,INR,0,,23:15,23,01:10,1,True,115,115,0,Boeing 737,80.0,70.0
2026-10-08,2026-10-08 16:28,2026-12-07,60,BOM,BLR,BOM-BLR,QP,Akasa Air,1,7845,INR,0,,21:10,21,23:00,23,False,110,110,0,Boeing 737MAX 8 Passenger,69.0,70.0
2026-10-08,2026-10-08 16:28,2026-12-07,60,BOM,BLR,BOM-BLR,QP,Akasa Air,1,7845,INR,0,,23:10,23,01:00,1,True,110,110,0,Boeing 737MAX 8 Passenger,69.0,70.0
2026-10-08,2026-10-08 16:28,2026-12-07,60,BOM,BLR,BOM-BLR,AI,Air India,1,7946,INR,0,,11:00,11,12:45,12,False,105,105,0,Airbus A320neo,79.0,70.0
2026-10-08,2026-10-08 16:28,2026-12-07,60,BOM,BLR,BOM-BLR,QP,Akasa Air,1,8157,INR,0,,08:35,8,10:20,10,False,105,105,0,Boeing 737MAX 8 Passenger,69.0,70.0
2026-10-08,2026-10-08 16:28,2026-12-07,60,BOM,BLR,BOM-BLR,AI,Air India,1,8219,INR,0,,15:35,15,17:25,17,False,110,110,0,Airbus A320neo,79.0,70.0
2026-10-08,2026-10-08 16:28,2026-12-07,60,BOM,BLR,BOM-BLR,AI,Air India,1,8219,INR,0,,17:30,17,19:20,19,False,110,110,0,Airbus A320neo,79.0,70.0
2026-10-08,2026-10-08 16:28,2026-12-07,60,BOM,BLR,BOM-BLR,AI,Air India,1,8398,INR,0,,13:50,13,15:45,15,False,115,115,0,Airbus A320neo,79.0,70.0
2026-10-08,2026-10-08 16:28,2026-12-07,60,BOM,BLR,BOM-BLR,AI,Air India,1,8539,INR,0,,08:00,8,09:40,9,False,100,100,0,Airbus A320neo,79.0,70.0
2026-10-08,2026-10-08 16:28,2026-12-07,60,BOM,BLR,BOM-BLR,AI,Air India,1,8539,INR,0,,12:00,12,13:45,13,False,105,105,0,Airbus A320neo,79.0,70.0
2026-10-08,2026-10-08 16:28,2026-12-07,60,BOM,BLR,BOM-BLR,AI,Air India,1,8681,INR,0,,06:35,6,08:20,8,False,105,105,0,Airbus A320neo,79.0,70.0
2026-10-08,2026-10-08 16:28,2026-12-07,60,BOM,BLR,BOM-BLR,AI,Air India,1,8681,INR,0,,09:55,9,11:45,11,False,110,110,0,Airbus A320neo,79.0,70.0
2026-10-08,2026-10-08 16:28,2026-12-07,60,BOM,BLR,BOM-BLR,AI,Air India,1,8875,INR,0,,02:05,2,03:50,3,False,105,105,0,Airbus A320neo,79.0,70.0
2026-10-08,2026-10-08 16:28,2026-12-07,60,BOM,BLR,BOM-BLR,AI,Air India,1,8875,INR,0,,20:45,20,22:35,22,False,110,110,0,Airbus A320neo,79.0,70.0
2026-10-08,2026-10-08 16:28,2026-12-07,60,BOM,BLR,BOM-BLR,AI,Air India,1,9185,INR,0,,19:15,19,21:05,21,False,110,110,0,Airbus A320neo,79.0,70.0
2026-10-08,2026-10-08 16:28,2026-10-09,1,DEL,CCU,DEL-CCU,AI,Air India,1,9186,INR,0,,18:00,18,20:20,20,False,140,140,0,Airbus A320neo,114.0,98.0
2026-10-08,2026-10-08 16:28,2026-10-09,1,DEL,CCU,DEL-CCU,AI,Air India,1,9501,INR,0,,12:10,12,14:25,14,False,135,135,0,Airbus A321,145.0,98.0
2026-10-08,2026-10-08 16:28,2026-10-09,1,DEL,CCU,DEL-CCU,QP,Akasa Air,1,9700,INR,0,,17:00,17,19:15,19,False,135,135,0,Boeing 737MAX 8 Passenger,100.0,98.0
2026-10-08,2026-10-08 16:28,2026-10-09,1,DEL,CCU,DEL-CCU,AI,Air India,1,10294,INR,0,,13:00,13,15:20,15,False,140,140,0,Airbus A320neo,114.0,98.0
2026-10-08,2026-10-08 16:28,2026-10-09,1,DEL,CCU,DEL-CCU,AI,Air India,1,10641,INR,0,,06:40,6,08:50,8,False,130,130,0,Airbus A320neo,114.0,98.0
2026-10-08,2026-10-08 16:28,2026-10-09,1,DEL,CCU,DEL-CCU,AI,Air India,1,10641,INR,0,,09:55,9,12:15,12,False,140,140,0,Airbus A320neo,114.0,98.0
2026-10-08,2026-10-08 16:28,2026-10-09,1,DEL,CCU,DEL-CCU,AI,Air India,1,10641,INR,0,,21:00,21,23:20,23,False,140,140,0,Airbus A320neo,114.0,98.0
2026-10-08,2026-10-08 16:28,2026-10-09,1,DEL,CCU,DEL-CCU,AI,Air India,1,11376,INR,0,,19:40,19,21:50,21,False,130,130,0,Airbus A320neo,114.0,98.0
2026-10-08,2026-10-08 16:28,2026-10-09,1,DEL,CCU,DEL-CCU,AI,Air India,1,17161,INR,0,,02:30,2,04:50,4,False,140,140,0,Airbus A320neo,114.0,98.0
2026-10-08,2026-10-08 16:28,2026-10-11,3,DEL,CCU,DEL-CCU,AI,Air India,1,9186,INR,0,,02:30,2,04:50,4,False,140,140,0,Airbus A320neo,114.0,98.0
2026-10-08,2026-10-08 16:28,2026-10-11,3,DEL,CCU,DEL-CCU,QP,Akasa Air,1,9191,INR,0,,05:55,5,08:15,8,False,140,140,0,Boeing 737MAX 8 Passenger,100.0,98.0
2026-10-08,2026-10-08 16:28,2026-10-11,3,DEL,CCU,DEL-CCU,SG,SpiceJet,1,9305,INR,0,,06:10,6,08:30,8,False,140,140,0,Boeing 737,135.0,98.0
2026-10-08,2026-10-08 16:28,2026-10-11,3,DEL,CCU,DEL-CCU,SG,SpiceJet,1,9305,INR,0,,21:40,21,23:55,23,False,135,135,0,Airbus A320,119.0,98.0
2026-10-08,2026-10-08 16:28,2026-10-11,3,DEL,CCU,DEL-CCU,AI,Air India,1,9501,INR,0,,06:40,6,08:50,8,False,130,130,0,Airbus A320neo,114.0,98.0
2026-10-08,2026-10-08 16:28,2026-10-11,3,DEL,CCU,DEL-CCU,SG,SpiceJet,1,10485,INR,0,,12:10,12,14:30,14,False,140,140,0,Boeing 737,135.0,98.0
2026-10-08,2026-10-08 16:28,2026-10-11,3,DEL,CCU,DEL-CCU,AI,Air India,1,10641,INR,0,,09:55,9,12:15,12,False,140,140,0,Airbus A320neo,114.0,98.0
2026-10-08,2026-10-08 16:28,2026-10-11,3,DEL,CCU,DEL-CCU,AI,Air India,1,10641,INR,0,,18:00,18,20:20,20,False,140,140,0,Airbus A320neo,114.0,98.0
2026-10-08,2026-10-08 16:28,2026-10-11,3,DEL,CCU,DEL-CCU,AI,Air India,1,10641,INR,0,,19:40,19,21:50,21,False,130,130,0,Airbus A320neo,114.0,98.0
2026-10-08,2026-10-08 16:28,2026-10-11,3,DEL,CCU,DEL-CCU,AI,Air India,1,10835,INR,0,,16:15,16,18:35,18,False,140,140,0,Airbus A320neo,114.0,98.0
2026-10-08,2026-10-08 16:28,2026-10-11,3,DEL,CCU,DEL-CCU,AI,Air India,1,12090,INR,0,,13:00,13,15:20,15,False,140,140,0,Airbus A320neo,114.0,98.0
2026-10-08,2026-10-08 16:28,2026-10-15,7,DEL,CCU,DEL-CCU,6E,IndiGo,1,12216,INR,1,IXB,10:50,10,15:25,15,False,275,180,95,Airbus A320neo | Airbus A321neo,141.0,98.0
2026-10-08,2026-10-08 16:28,2026-10-15,7,DEL,CCU,DEL-CCU,SG,SpiceJet,1,13724,INR,0,,21:40,21,23:55,23,False,135,135,0,Airbus A320,119.0,98.0
2026-10-08,2026-10-08 16:28,2026-10-15,7,DEL,CCU,DEL-CCU,QP,Akasa Air,1,14755,INR,0,,17:00,17,19:15,19,False,135,135,0,Boeing 737MAX 8 Passenger,100.0,98.0
2026-10-08,2026-10-08 16:28,2026-10-15,7,DEL,CCU,DEL-CCU,AI,Air India,1,15077,INR,0,,02:30,2,04:50,4,False,140,140,0,Airbus A320neo,114.0,98.0
2026-10-08,2026-10-08 16:28,2026-10-15,7,DEL,CCU,DEL-CCU,AI,Air India,1,15077,INR,0,,18:00,18,20:20,20,False,140,140,0,Airbus A320neo,114.0,98.0
2026-10-08,2026-10-08 16:28,2026-10-15,7,DEL,CCU,DEL-CCU,AI,Air India,1,17161,INR,0,,21:00,21,23:20,23,False,140,140,0,Airbus A320neo,114.0,98.0
2026-10-08,2026-10-08 16:28,2026-10-15,7,DEL,CCU,DEL-CCU,AI,Air India,1,18279,INR,0,,06:40,6,08:50,8,False,130,130,0,Airbus A320neo,114.0,98.0
2026-10-08,2026-10-08 16:28,2026-10-15,7,DEL,CCU,DEL-CCU,AI,Air India,1,18279,INR,0,,13:00,13,15:20,15,False,140,140,0,Airbus A320neo,114.0,98.0
2026-10-08,2026-10-08 16:28,2026-10-15,7,DEL,CCU,DEL-CCU,AI,Air India,1,18279,INR,0,,19:40,19,21:50,21,False,130,130,0,Airbus A320neo,114.0,98.0
2026-10-08,2026-10-08 16:28,2026-10-15,7,DEL,CCU,DEL-CCU,AI,Air India,1,21996,INR,0,,09:55,9,12:15,12,False,140,140,0,Airbus A320neo,114.0,98.0
2026-10-08,2026-10-08 16:28,2026-10-15,7,DEL,CCU,DEL-CCU,AI,Air India,1,21996,INR,0,,12:10,12,14:25,14,False,135,135,0,Airbus A321,145.0,98.0
2026-10-08,2026-10-08 16:28,2026-10-22,14,DEL,CCU,DEL-CCU,AI,Air India,1,10929,INR,0,,21:00,21,23:20,23,False,140,140,0,Airbus A320neo,114.0,98.0
2026-10-08,2026-10-08 16:28,2026-10-22,14,DEL,CCU,DEL-CCU,AI,Air India,1,11376,INR,0,,12:10,12,14:25,14,False,135,135,0,Airbus A321,145.0,98.0
2026-10-08,2026-10-08 16:28,2026-10-22,14,DEL,CCU,DEL-CCU,AI,Air India,1,11402,INR,0,,19:40,19,21:50,21,False,130,130,0,Airbus A320neo,114.0,98.0
2026-10-08,2026-10-08 16:28,2026-10-22,14,DEL,CCU,DEL-CCU,AI,Air India,1,11885,INR,0,,06:40,6,08:50,8,False,130,130,0,Airbus A320neo,114.0,98.0
2026-10-08,2026-10-08 16:28,2026-10-22,14,DEL,CCU,DEL-CCU,AI,Air India,1,12399,INR,0,,13:00,13,15:20,15,False,140,140,0,Airbus A320neo,114.0,98.0
2026-10-08,2026-10-08 16:28,2026-10-22,14,DEL,CCU,DEL-CCU,AI,Air India,1,12709,INR,0,,18:00,18,20:20,20,False,140,140,0,Airbus A320neo,114.0,98.0
2026-10-08,2026-10-08 16:28,2026-10-22,14,DEL,CCU,DEL-CCU,QP,Akasa Air,1,13235,INR,0,,17:00,17,19:15,19,False,135,135,0,Boeing 737MAX 8 Passenger,96.0,98.0
2026-10-08,2026-10-08 16:28,2026-10-22,14,DEL,CCU,DEL-CCU,AI,Air India,1,13754,INR,0,,02:30,2,04:50,4,False,140,140,0,Airbus A320neo,114.0,98.0
2026-10-08,2026-10-08 16:28,2026-10-22,14,DEL,CCU,DEL-CCU,SG,SpiceJet,1,13993,INR,0,,20:10,20,22:30,22,False,140,140,0,Airbus A320,119.0,98.0
2026-10-08,2026-10-08 16:28,2026-10-22,14,DEL,CCU,DEL-CCU,SG,SpiceJet,1,13993,INR,0,,20:30,20,23:00,23,False,150,150,0,Airbus A321,122.0,98.0
2026-10-08,2026-10-08 16:28,2026-10-22,14,DEL,CCU,DEL-CCU,AI,Air India,1,13995,INR,0,,16:15,16,18:35,18,False,140,140,0,Airbus A320neo,114.0,98.0
2026-10-08,2026-10-08 16:28,2026-10-29,21,DEL,CCU,DEL-CCU,6E,IndiGo,1,10592,INR,1,PAT,13:25,13,17:10,17,False,225,160,65,Airbus A320 | Airbus A320neo,137.0,98.0
2026-10-08,2026-10-08 16:28,2026-10-29,21,DEL,CCU,DEL-CCU,AI,Air India,1,10641,INR,0,,21:40,21,23:50,23,False,130,130,0,Airbus A320neo,114.0,98.0
2026-10-08,2026-10-08 16:28,2026-10-29,21,DEL,CCU,DEL-CCU,AI,Air India,1,10929,INR,0,,09:30,9,11:45,11,False,135,135,0,Airbus A320neo,114.0,98.0
2026-10-08,2026-10-08 16:28,2026-10-29,21,DEL,CCU,DEL-CCU,AI,Air India,1,11118,INR,0,,18:10,18,20:15,20,False,125,125,0,Airbus A320neo,114.0,98.0
2026-10-08,2026-10-08 16:28,2026-10-29,21,DEL,CCU,DEL-CCU,AI,Air India,1,11402,INR,0,,19:40,19,21:45,21,False,125,125,0,Airbus A320neo,114.0,98.0
2026-10-08,2026-10-08 16:28,2026-10-29,21,DEL,CCU,DEL-CCU,AI,Air India,1,12158,INR,0,,06:55,6,09:10,9,False,135,135,0,Airbus A320neo,114.0,98.0
2026-10-08,2026-10-08 16:28,2026-10-29,21,DEL,CCU,DEL-CCU,SG,SpiceJet,1,12720,INR,0,,07:00,7,09:25,9,False,145,145,0,Boeing 737,113.0,98.0
2026-10-08,2026-10-08 16:28,2026-10-29,21,DEL,CCU,DEL-CCU,AI,Air India,1,18279,INR,0,,13:00,13,15:10,15,False,130,130,0,Airbus A320neo,114.0,98.0
2026-10-08,2026-10-08 16:28,2026-11-07,30,DEL,CCU,DEL-CCU,6E,IndiGo,1,12111,INR,1,BBI,16:30,16,22:15,22,False,345,195,150,Airbus A321neo | Airbus A320neo,137.0,98.0
2026-10-08,2026-10-08 16:28,2026-11-07,30,DEL,CCU,DEL-CCU,6E,IndiGo,1,12216,INR,1,IXB,10:00,10,16:00,16,False,360,180,180,Airbus A321neo | Airbus A321neo,132.0,98.0
2026-10-08,2026-10-08 16:28,2026-11-07,30,DEL,CCU,DEL-CCU,6E,IndiGo,1,12216,INR,1,IXB,13:30,13,19:45,19,False,375,175,200,Airbus A321neo | Airbus A321neo,132.0,98.0
2026-10-08,2026-10-08 16:28,2026-11-07,30,DEL,CCU,DEL-CCU,6E,IndiGo,1,12216,INR,1,GAU,15:25,15,21:55,21,False,390,225,165,Airbus A321neo | Airbus A321neo,154.0,98.0
2026-10-08,2026-10-08 16:28,2026-11-07,30,DEL,CCU,DEL-CCU,6E,IndiGo,1,12855,INR,1,BBI,04:55,4,09:55,9,False,300,210,90,Airbus A321neo | ATR 72,134.0,98.0
2026-10-08,2026-10-08 16:28,2026-11-07,30,DEL,CCU,DEL-CCU,AI,Air India,1,14163,INR,0,,16:15,16,18:25,18,False,130,130,0,Airbus A320neo,112.0,98.0
2026-10-08,2026-10-08 16:28,2026-11-07,30,DEL,CCU,DEL-CCU,AI,Air India,1,14163,INR,0,,21:40,21,23:50,23,False,130,130,0,Airbus A320neo,112.0,98.0
2026-10-08,2026-10-08 16:28,2026-11-07,30,DEL,CCU,DEL-CCU,AI,Air India,1,15077,INR,0,,18:10,18,20:15,20,False,125,125,0,Airbus A320neo,112.0,98.0
2026-10-08,2026-10-08 16:28,2026-11-07,30,DEL,CCU,DEL-CCU,QP,Akasa Air,1,16521,INR,0,,08:50,8,11:10,11,False,140,140,0,Boeing 737MAX 8 Passenger,98.0,98.0
2026-10-08,2026-10-08 16:28,2026-11-07,30,DEL,CCU,DEL-CCU,AI,Air India,1,17161,INR,0,,06:55,6,09:10,9,False,135,135,0,Airbus A320neo,112.0,98.0
2026-10-08,2026-10-08 16:28,2026-11-07,30,DEL,CCU,DEL-CCU,AI,Air India,1,17161,INR,0,,11:40,11,13:50,13,False,130,130,0,Airbus A320neo,112.0,98.0
2026-10-08,2026-10-08 16:28,2026-11-07,30,DEL,CCU,DEL-CCU,AI,Air India,1,18279,INR,0,,19:40,19,21:45,21,False,125,125,0,Airbus A320neo,112.0,98.0
2026-10-08,2026-10-08 16:28,2026-11-07,30,DEL,CCU,DEL-CCU,SG,SpiceJet,1,21103,INR,0,,07:00,7,09:25,9,False,145,145,0,Boeing 737,111.0,98.0
2026-10-08,2026-10-08 16:28,2026-11-07,30,DEL,CCU,DEL-CCU,AI,Air India,1,21996,INR,0,,09:30,9,11:45,11,False,135,135,0,Airbus A320neo,112.0,98.0
2026-10-08,2026-10-08 16:28,2026-11-22,45,DEL,CCU,DEL-CCU,6E,IndiGo,1,11102,INR,1,LKO,09:40,9,14:05,14,False,265,160,105,Airbus A321neo | Airbus A321neo,113.0,98.0
2026-10-08,2026-10-08 16:28,2026-11-22,45,DEL,CCU,DEL-CCU,SG,SpiceJet,1,11496,INR,0,,07:00,7,09:25,9,False,145,145,0,Boeing 737,111.0,98.0
2026-10-08,2026-10-08 16:28,2026-11-22,45,DEL,CCU,DEL-CCU,AI,Air India,1,11738,INR,0,,19:40,19,21:45,21,False,125,125,0,Airbus A320neo,112.0,98.0
2026-10-08,2026-10-08 16:28,2026-11-22,45,DEL,CCU,DEL-CCU,AI,Air India,1,12210,INR,0,,06:55,6,09:10,9,False,135,135,0,Airbus A320neo,112.0,98.0
2026-10-08,2026-10-08 16:28,2026-11-22,45,DEL,CCU,DEL-CCU,AI,Air India,1,12210,INR,0,,11:40,11,13:50,13,False,130,130,0,Airbus A320neo,112.0,98.0
2026-10-08,2026-10-08 16:28,2026-11-22,45,DEL,CCU,DEL-CCU,AI,Air India,1,12210,INR,0,,18:10,18,20:15,20,False,125,125,0,Airbus A320neo,112.0,98.0
2026-10-08,2026-10-08 16:28,2026-11-22,45,DEL,CCU,DEL-CCU,AI,Air India,1,12431,INR,0,,16:15,16,18:25,18,False,130,130,0,Airbus A320neo,112.0,98.0
2026-10-08,2026-10-08 16:28,2026-11-22,45,DEL,CCU,DEL-CCU,AI,Air India,1,13518,INR,0,,13:00,13,15:10,15,False,130,130,0,Airbus A320neo,112.0,98.0
2026-10-08,2026-10-08 16:28,2026-12-07,60,DEL,CCU,DEL-CCU,6E,IndiGo,1,10435,INR,1,PAT,14:35,14,20:40,20,False,365,160,205,Airbus A320neo | Airbus A320neo,120.0,98.0
2026-10-08,2026-10-08 16:28,2026-12-07,60,DEL,CCU,DEL-CCU,AI,Air India,1,10693,INR,0,,16:15,16,18:25,18,False,130,130,0,Airbus A320neo,108.0,98.0
2026-10-08,2026-10-08 16:28,2026-12-07,60,DEL,CCU,DEL-CCU,AI,Air India,1,10982,INR,0,,09:30,9,11:45,11,False,135,135,0,Airbus A320neo,108.0,98.0
2026-10-08,2026-10-08 16:28,2026-12-07,60,DEL,CCU,DEL-CCU,AI,Air India,1,11738,INR,0,,19:40,19,21:45,21,False,125,125,0,Airbus A320neo,108.0,98.0
2026-10-08,2026-10-08 16:28,2026-12-07,60,DEL,CCU,DEL-CCU,SG,SpiceJet,1,12084,INR,0,,07:00,7,09:25,9,False,145,145,0,Boeing 737,109.0,98.0
2026-10-08,2026-10-08 16:28,2026-12-07,60,DEL,CCU,DEL-CCU,AI,Air India,1,12541,INR,0,,13:00,13,15:10,15,False,130,130,0,Airbus A320neo,108.0,98.0
2026-10-08,2026-10-08 16:28,2026-12-07,60,DEL,CCU,DEL-CCU,AI,Air India,1,13155,INR,0,,06:55,6,09:10,9,False,135,135,0,Airbus A320neo,108.0,98.0
2026-10-08,2026-10-08 16:28,2026-10-09,1,PNQ,DEL,PNQ-DEL,6E,IndiGo,1,8800,INR,1,STV,14:00,14,19:30,19,False,330,180,150,Airbus A321neo | Airbus A321neo,111.0,102.0
2026-10-08,2026-10-08 16:28,2026-10-09,1,PNQ,DEL,PNQ-DEL,AI,Air India,1,8938,INR,0,,00:35,0,03:00,3,False,145,145,0,Airbus A320neo,110.0,102.0
2026-10-08,2026-10-08 16:28,2026-10-09,1,PNQ,DEL,PNQ-DEL,6E,IndiGo,1,9037,INR,1,AMD,22:40,22,06:45,6,True,485,185,300,Airbus A320neo | Airbus A321neo,120.0,102.0
2026-10-08,2026-10-08 16:28,2026-10-09,1,PNQ,DEL,PNQ-DEL,AI,Air India,1,9200,INR,0,,08:45,8,11:10,11,False,145,145,0,Airbus A320neo,110.0,102.0
2026-10-08,2026-10-08 16:28,2026-10-09,1,PNQ,DEL,PNQ-DEL,AI,Air India,1,12639,INR,0,,05:15,5,07:40,7,False,145,145,0,Airbus A320neo,110.0,102.0
2026-10-08,2026-10-08 16:28,2026-10-09,1,PNQ,DEL,PNQ-DEL,AI,Air India,1,15017,INR,0,,22:00,22,00:25,0,True,145,145,0,Airbus A320neo,110.0,102.0
2026-10-08,2026-10-08 16:28,2026-10-09,1,PNQ,DEL,PNQ-DEL,QP,Akasa Air,1,15275,INR,0,,21:05,21,23:30,23,False,145,145,0,Boeing 737MAX 8 Passenger,93.0,102.0
2026-10-08,2026-10-08 16:28,2026-10-09,1,PNQ,DEL,PNQ-DEL,IX,Air India Express,1,16403,INR,0,,18:50,18,21:15,21,False,145,145,0,Boeing 737MAX 8 Passenger,111.0,102.0
2026-10-08,2026-10-08 16:28,2026-10-09,1,PNQ,DEL,PNQ-DEL,AI,Air India,1,20252,INR,0,,07:40,7,10:05,10,False,145,145,0,Airbus A320neo,110.0,102.0
2026-10-08,2026-10-08 16:28,2026-10-09,1,PNQ,DEL,PNQ-DEL,AI,Air India,1,20997,INR,0,,15:50,15,18:15,18,False,145,145,0,Airbus A320neo,110.0,102.0
2026-10-08,2026-10-08 16:28,2026-10-09,1,PNQ,DEL,PNQ-DEL,AI,Air India,1,20997,INR,0,,20:30,20,22:55,22,False,145,145,0,Airbus A320neo,110.0,102.0
2026-10-08,2026-10-08 16:28,2026-10-09,1,PNQ,DEL,PNQ-DEL,AI,Air India,1,21186,INR,0,,18:45,18,21:10,21,False,145,145,0,Airbus A320neo,110.0,102.0
2026-10-08,2026-10-08 16:28,2026-10-11,3,PNQ,DEL,PNQ-DEL,AI,Air India,1,7274,INR,0,,00:35,0,03:00,3,False,145,145,0,Airbus A320neo,110.0,102.0
2026-10-08,2026-10-08 16:28,2026-10-11,3,PNQ,DEL,PNQ-DEL,AI,Air India,1,7835,INR,0,,04:55,4,07:15,7,False,140,140,0,Airbus A320neo,110.0,102.0
2026-10-08,2026-10-08 16:28,2026-10-11,3,PNQ,DEL,PNQ-DEL,AI,Air India,1,7835,INR,0,,05:15,5,07:40,7,False,145,145,0,Airbus A320neo,110.0,102.0
2026-10-08,2026-10-08 16:28,2026-10-11,3,PNQ,DEL,PNQ-DEL,SG,SpiceJet,1,7948,INR,0,,18:20,18,20:50,20,False,150,150,0,Airbus A320,115.0,102.0
2026-10-08,2026-10-08 16:28,2026-10-11,3,PNQ,DEL,PNQ-DEL,IX,Air India Express,1,7990,INR,0,,18:50,18,21:15,21,False,145,145,0,Boeing 737MAX 8 Passenger,111.0,102.0
2026-10-08,2026-10-08 16:28,2026-10-11,3,PNQ,DEL,PNQ-DEL,QP,Akasa Air,1,8201,INR,0,,07:50,7,10:10,10,False,140,140,0,Boeing 737MAX 8 Passenger,93.0,102.0
2026-10-08,2026-10-08 16:28,2026-10-11,3,PNQ,DEL,PNQ-DEL,AI,Air India,1,8219,INR,0,,07:40,7,10:05,10,False,145,145,0,Airbus A321,140.0,102.0
2026-10-08,2026-10-08 16:28,2026-10-11,3,PNQ,DEL,PNQ-DEL,IX,Air India Express,1,8411,INR,0,,07:40,7,10:00,10,False,140,140,0,Boeing 737MAX 8 Passenger,111.0,102.0
2026-10-08,2026-10-08 16:28,2026-10-11,3,PNQ,DEL,PNQ-DEL,AI,Air India,1,9274,INR,0,,18:45,18,21:10,21,False,145,145,0,Airbus A320neo,110.0,102.0
2026-10-08,2026-10-08 16:28,2026-10-11,3,PNQ,DEL,PNQ-DEL,AI,Air India,1,9993,INR,0,,08:45,8,11:10,11,False,145,145,0,Airbus A320neo,110.0,102.0
2026-10-08,2026-10-08 16:28,2026-10-11,3,PNQ,DEL,PNQ-DEL,AI,Air India,1,10329,INR,0,,15:50,15,18:15,18,False,145,145,0,Airbus A320neo,110.0,102.0
2026-10-08,2026-10-08 16:28,2026-10-15,7,PNQ,DEL,PNQ-DEL,AI,Air India,1,7835,INR,0,,04:55,4,07:15,7,False,140,140,0,Airbus A320neo,110.0,102.0
2026-10-08,2026-10-08 16:28,2026-10-15,7,PNQ,DEL,PNQ-DEL,AI,Air India,1,7835,INR,0,,05:15,5,07:40,7,False,145,145,0,Airbus A320neo,110.0,102.0
2026-10-08,2026-10-08 16:28,2026-10-15,7,PNQ,DEL,PNQ-DEL,IX,Air India Express,1,8137,INR,1,IDR,08:10,8,12:20,12,False,250,210,40,Boeing 737MAX 8 Passenger | Boeing 737MAX 8 Passenger,135.0,102.0
2026-10-08,2026-10-08 16:28,2026-10-15,7,PNQ,DEL,PNQ-DEL,AI,Air India,1,9048,INR,0,,07:40,7,10:05,10,False,145,145,0,Airbus A320neo,110.0,102.0
2026-10-08,2026-10-08 16:28,2026-10-15,7,PNQ,DEL,PNQ-DEL,AI,Air India,1,9048,INR,0,,08:45,8,11:10,11,False,145,145,0,Airbus A320neo,110.0,102.0
2026-10-08,2026-10-08 16:28,2026-10-15,7,PNQ,DEL,PNQ-DEL,QP,Akasa Air,1,9558,INR,0,,21:05,21,23:30,23,False,145,145,0,Boeing 737MAX 8 Passenger,93.0,102.0
2026-10-08,2026-10-08 16:28,2026-10-15,7,PNQ,DEL,PNQ-DEL,AI,Air India,1,9893,INR,0,,22:00,22,00:25,0,True,145,145,0,Airbus A320neo,110.0,102.0
2026-10-08,2026-10-08 16:28,2026-10-15,7,PNQ,DEL,PNQ-DEL,AI,Air India,1,10245,INR,0,,15:50,15,18:15,18,False,145,145,0,Airbus A320neo,110.0,102.0
2026-10-08,2026-10-08 16:28,2026-10-15,7,PNQ,DEL,PNQ-DEL,AI,Air India,1,10245,INR,0,,20:30,20,22:55,22,False,145,145,0,Airbus A320neo,110.0,102.0
2026-10-08,2026-10-08 16:28,2026-10-15,7,PNQ,DEL,PNQ-DEL,IX,Air India Express,1,10928,INR,0,,07:40,7,10:00,10,False,140,140,0,Boeing 737MAX 8 Passenger,111.0,102.0
2026-10-08,2026-10-08 16:28,2026-10-15,7,PNQ,DEL,PNQ-DEL,IX,Air India Express,1,10928,INR,0,,18:50,18,21:15,21,False,145,145,0,Boeing 737MAX 8 Passenger,111.0,102.0
2026-10-08,2026-10-08 16:28,2026-10-15,7,PNQ,DEL,PNQ-DEL,AI,Air India,1,15149,INR,0,,18:45,18,21:10,21,False,145,145,0,Airbus A320neo,110.0,102.0
2026-10-08,2026-10-08 16:28,2026-10-22,14,PNQ,DEL,PNQ-DEL,AI,Air India,1,7568,INR,0,,04:55,4,07:15,7,False,140,140,0,Airbus A320neo,110.0,102.0
2026-10-08,2026-10-08 16:28,2026-10-22,14,PNQ,DEL,PNQ-DEL,AI,Air India,1,7867,INR,0,,18:45,18,21:10,21,False,145,145,0,Airbus A320neo,110.0,102.0
2026-10-08,2026-10-08 16:28,2026-10-22,14,PNQ,DEL,PNQ-DEL,IX,Air India Express,1,7990,INR,0,,18:50,18,21:15,21,False,145,145,0,Boeing 737MAX 8 Passenger,111.0,102.0
2026-10-08,2026-10-08 16:28,2026-10-22,14,PNQ,DEL,PNQ-DEL,SG,SpiceJet,1,8279,INR,0,,05:55,5,08:30,8,False,155,155,0,Boeing 737,110.0,102.0
2026-10-08,2026-10-08 16:28,2026-10-22,14,PNQ,DEL,PNQ-DEL,QP,Akasa Air,1,8340,INR,0,,21:05,21,23:30,23,False,145,145,0,Boeing 737MAX 8 Passenger,96.0,102.0
2026-10-08,2026-10-08 16:28,2026-10-22,14,PNQ,DEL,PNQ-DEL,AI,Air India,1,8418,INR,0,,15:50,15,18:15,18,False,145,145,0,Airbus A320neo,110.0,102.0
2026-10-08,2026-10-08 16:28,2026-10-22,14,PNQ,DEL,PNQ-DEL,QP,Akasa Air,1,8627,INR,0,,07:50,7,10:10,10,False,140,140,0,Boeing 737MAX 8 Passenger,93.0,102.0
2026-10-08,2026-10-08 16:28,2026-10-22,14,PNQ,DEL,PNQ-DEL,AI,Air India,1,8938,INR,0,,05:15,5,07:40,7,False,145,145,0,Airbus A320neo,110.0,102.0
2026-10-08,2026-10-08 16:28,2026-10-22,14,PNQ,DEL,PNQ-DEL,IX,Air India Express,1,8975,INR,0,,07:40,7,10:00,10,False,140,140,0,Boeing 737MAX 8 Passenger,111.0,102.0
2026-10-08,2026-10-08 16:28,2026-10-22,14,PNQ,DEL,PNQ-DEL,AI,Air India,1,9048,INR,0,,08:45,8,11:10,11,False,145,145,0,Airbus A320neo,110.0,102.0
2026-10-08,2026-10-08 16:28,2026-10-22,14,PNQ,DEL,PNQ-DEL,AI,Air India,1,9993,INR,0,,07:40,7,10:05,10,False,145,145,0,Airbus A321,140.0,102.0
2026-10-08,2026-10-08 16:28,2026-10-29,21,PNQ,DEL,PNQ-DEL,6E,IndiGo,1,8800,INR,1,JAI,02:00,2,09:35,9,False,455,170,285,Airbus A320neo | Airbus A321neo,115.0,102.0
2026-10-08,2026-10-08 16:28,2026-10-29,21,PNQ,DEL,PNQ-DEL,IX,Air India Express,1,9931,INR,0,,01:20,1,03:45,3,False,145,145,0,Airbus A320neo,108.0,102.0
2026-10-08,2026-10-08 16:28,2026-10-29,21,PNQ,DEL,PNQ-DEL,IX,Air India Express,1,9931,INR,0,,18:05,18,20:15,20,False,130,130,0,Airbus A320neo,108.0,102.0
2026-10-08,2026-10-08 16:28,2026-10-29,21,PNQ,DEL,PNQ-DEL,AI,Air India,1,10035,INR,0,,05:10,5,07:30,7,False,140,140,0,Airbus A320neo,110.0,102.0
2026-10-08,2026-10-08 16:28,2026-10-29,21,PNQ,DEL,PNQ-DEL,QP,Akasa Air,1,10243,INR,0,,08:50,8,11:15,11,False,145,145,0,Boeing 737MAX 8 Passenger,96.0,102.0
2026-10-08,2026-10-08 16:28,2026-10-29,21,PNQ,DEL,PNQ-DEL,AI,Air India,1,10403,INR,0,,15:50,15,18:10,18,False,140,140,0,Airbus A320neo,110.0,102.0
2026-10-08,2026-10-08 16:28,2026-10-29,21,PNQ,DEL,PNQ-DEL,AI,Air India,1,10403,INR,0,,19:05,19,21:15,21,False,130,130,0,Airbus A320neo,110.0,102.0
2026-10-08,2026-10-08 16:28,2026-10-29,21,PNQ,DEL,PNQ-DEL,AI,Air India,1,10403,INR,0,,20:40,20,22:55,22,False,135,135,0,Airbus A320neo,110.0,102.0
2026-10-08,2026-10-08 16:28,2026-10-29,21,PNQ,DEL,PNQ-DEL,AI,Air India,1,10749,INR,0,,00:35,0,02:50,2,False,135,135,0,Airbus A320neo,110.0,102.0
2026-10-08,2026-10-08 16:28,2026-10-29,21,PNQ,DEL,PNQ-DEL,AI,Air India,1,10859,INR,0,,07:40,7,09:55,9,False,135,135,0,Airbus A321,140.0,102.0
2026-10-08,2026-10-08 16:28,2026-10-29,21,PNQ,DEL,PNQ-DEL,AI,Air India,1,10859,INR,0,,08:45,8,11:10,11,False,145,145,0,Airbus A320neo,110.0,102.0
2026-10-08,2026-10-08 16:28,2026-10-29,21,PNQ,DEL,PNQ-DEL,IX,Air India Express,1,11598,INR,0,,13:45,13,16:10,16,False,145,145,0,Airbus A321,123.0,102.0
2026-10-08,2026-10-08 16:28,2026-10-29,21,PNQ,DEL,PNQ-DEL,SG,SpiceJet,1,12090,INR,0,,22:50,22,01:10,1,True,140,140,0,Boeing 737,131.0,102.0
2026-10-08,2026-10-08 16:28,2026-10-29,21,PNQ,DEL,PNQ-DEL,SG,SpiceJet,1,12834,INR,0,,17:50,17,20:05,20,False,135,135,0,Boeing 737,110.0,102.0
2026-10-08,2026-10-08 16:28,2026-10-29,21,PNQ,DEL,PNQ-DEL,SG,SpiceJet,1,13646,INR,0,,05:55,5,08:30,8,False,155,155,0,Boeing 737,110.0,102.0
2026-10-08,2026-10-08 16:28,2026-11-07,30,PNQ,DEL,PNQ-DEL,AI,Air India,1,17721,INR,0,,20:40,20,22:55,22,False,135,135,0,Airbus A320neo,108.0,102.0
2026-10-08,2026-10-08 16:28,2026-11-07,30,PNQ,DEL,PNQ-DEL,AI,Air India,1,18036,INR,0,,05:10,5,07:30,7,False,140,140,0,Airbus A320neo,108.0,102.0
2026-10-08,2026-10-08 16:28,2026-11-07,30,PNQ,DEL,PNQ-DEL,AI,Air India,1,18194,INR,0,,07:40,7,09:55,9,False,135,135,0,Airbus A321,137.0,102.0
2026-10-08,2026-10-08 16:28,2026-11-07,30,PNQ,DEL,PNQ-DEL,AI,Air India,1,18509,INR,0,,08:45,8,11:10,11,False,145,145,0,Airbus A320neo,108.0,102.0
2026-10-08,2026-10-08 16:28,2026-11-07,30,PNQ,DEL,PNQ-DEL,AI,Air India,1,18824,INR,0,,19:05,19,21:15,21,False,130,130,0,Airbus A320neo,108.0,102.0
2026-10-08,2026-10-08 16:28,2026-11-07,30,PNQ,DEL,PNQ-DEL,QP,Akasa Air,1,20991,INR,0,,21:00,21,23:25,23,False,145,145,0,Boeing 737MAX 8 Passenger,93.0,102.0
2026-10-08,2026-10-08 16:28,2026-11-07,30,PNQ,DEL,PNQ-DEL,AI,Air India,1,21186,INR,0,,00:35,0,02:50,2,False,135,135,0,Airbus A320neo,108.0,102.0
2026-10-08,2026-10-08 16:28,2026-11-07,30,PNQ,DEL,PNQ-DEL,SG,SpiceJet,1,23181,INR,0,,22:50,22,01:10,1,True,140,140,0,Boeing 737,128.0,102.0
2026-10-08,2026-10-08 16:28,2026-11-07,30,PNQ,DEL,PNQ-DEL,IX,Air India Express,1,23367,INR,0,,01:20,1,03:45,3,False,145,145,0,Airbus A320neo,104.0,102.0
2026-10-08,2026-10-08 16:28,2026-11-07,30,PNQ,DEL,PNQ-DEL,IX,Air India Express,1,23367,INR,0,,18:05,18,20:15,20,False,130,130,0,Airbus A320neo,104.0,102.0
2026-10-08,2026-10-08 16:28,2026-11-07,30,PNQ,DEL,PNQ-DEL,SG,SpiceJet,1,28694,INR,0,,05:55,5,08:30,8,False,155,155,0,Boeing 737,107.0,102.0
2026-10-08,2026-10-08 16:28,2026-11-22,45,PNQ,DEL,PNQ-DEL,6E,IndiGo,1,8800,INR,1,JAI,02:00,2,09:35,9,False,455,170,285,Airbus A320neo | Airbus A321neo,112.0,102.0
2026-10-08,2026-10-08 16:28,2026-11-22,45,PNQ,DEL,PNQ-DEL,SG,SpiceJet,1,8805,INR,0,,05:55,5,08:30,8,False,155,155,0,Boeing 737,107.0,102.0
2026-10-08,2026-10-08 16:28,2026-11-22,45,PNQ,DEL,PNQ-DEL,SG,SpiceJet,1,9203,INR,0,,22:50,22,01:10,1,True,140,140,0,Boeing 737,128.0,102.0
2026-10-08,2026-10-08 16:28,2026-11-22,45,PNQ,DEL,PNQ-DEL,QP,Akasa Air,1,9894,INR,0,,21:00,21,23:25,23,False,145,145,0,Boeing 737MAX 8 Passenger,93.0,102.0
2026-10-08,2026-10-08 16:28,2026-11-22,45,PNQ,DEL,PNQ-DEL,IX,Air India Express,1,9931,INR,0,,18:05,18,20:15,20,False,130,130,0,Airbus A320neo,104.0,102.0
2026-10-08,2026-10-08 16:28,2026-11-22,45,PNQ,DEL,PNQ-DEL,AI,Air India,1,10203,INR,0,,00:35,0,02:50,2,False,135,135,0,Airbus A320neo,108.0,102.0
2026-10-08,2026-10-08 16:28,2026-11-22,45,PNQ,DEL,PNQ-DEL,AI,Air India,1,10203,INR,0,,07:40,7,09:55,9,False,135,135,0,Airbus A320neo,108.0,102.0
2026-10-08,2026-10-08 16:28,2026-11-22,45,PNQ,DEL,PNQ-DEL,AI,Air India,1,10203,INR,0,,22:00,22,00:15,0,True,135,135,0,Airbus A320neo,108.0,102.0
2026-10-08,2026-10-08 16:28,2026-11-22,45,PNQ,DEL,PNQ-DEL,AI,Air India,1,10466,INR,0,,20:40,20,22:55,22,False,135,135,0,Airbus A320neo,108.0,102.0
2026-10-08,2026-10-08 16:28,2026-11-22,45,PNQ,DEL,PNQ-DEL,SG,SpiceJet,1,10773,INR,0,,17:50,17,20:05,20,False,135,135,0,Boeing 737,107.0,102.0
2026-10-08,2026-10-08 16:28,2026-11-22,45,PNQ,DEL,PNQ-DEL,AI,Air India,1,11201,INR,0,,19:05,19,21:15,21,False,130,130,0,Airbus A320neo,108.0,102.0
2026-10-08,2026-10-08 16:28,2026-11-22,45,PNQ,DEL,PNQ-DEL,IX,Air India Express,1,11598,INR,0,,13:45,13,16:10,16,False,145,145,0,Airbus A321,119.0,102.0
2026-10-08,2026-10-08 16:28,2026-11-22,45,PNQ,DEL,PNQ-DEL,AI,Air India,1,11689,INR,0,,08:45,8,11:10,11,False,145,145,0,Airbus A320neo,108.0,102.0
2026-10-08,2026-10-08 16:28,2026-11-22,45,PNQ,DEL,PNQ-DEL,AI,Air India,1,12098,INR,0,,15:50,15,18:10,18,False,140,140,0,Airbus A320neo,108.0,102.0
2026-10-08,2026-10-08 16:28,2026-12-07,60,PNQ,DEL,PNQ-DEL,QP,Akasa Air,1,8627,INR,0,,21:00,21,23:25,23,False,145,145,0,Boeing 737MAX 8 Passenger,91.0,102.0
2026-10-08,2026-10-08 16:28,2026-12-07,60,PNQ,DEL,PNQ-DEL,6E,IndiGo,1,8800,INR,1,JAI,02:00,2,09:35,9,False,455,170,285,Airbus A320neo | Airbus A321neo,110.0,102.0
2026-10-08,2026-10-08 16:28,2026-12-07,60,PNQ,DEL,PNQ-DEL,SG,SpiceJet,1,8805,INR,0,,05:55,5,08:30,8,False,155,155,0,Boeing 737,106.0,102.0
2026-10-08,2026-10-08 16:28,2026-12-07,60,PNQ,DEL,PNQ-DEL,SG,SpiceJet,1,8805,INR,0,,17:50,17,20:05,20,False,135,135,0,Boeing 737,106.0,102.0
2026-10-08,2026-10-08 16:28,2026-12-07,60,PNQ,DEL,PNQ-DEL,SG,SpiceJet,1,8805,INR,0,,22:50,22,01:10,1,True,140,140,0,Boeing 737,127.0,102.0
2026-10-08,2026-10-08 16:28,2026-12-07,60,PNQ,DEL,PNQ-DEL,AI,Air India,1,8938,INR,0,,00:35,0,02:50,2,False,135,135,0,Airbus A320neo,105.0,102.0
2026-10-08,2026-10-08 16:28,2026-12-07,60,PNQ,DEL,PNQ-DEL,AI,Air India,1,8938,INR,0,,05:10,5,07:30,7,False,140,140,0,Airbus A320neo,105.0,102.0
2026-10-08,2026-10-08 16:28,2026-12-07,60,PNQ,DEL,PNQ-DEL,AI,Air India,1,8938,INR,0,,22:00,22,00:15,0,True,135,135,0,Airbus A320neo,105.0,102.0
2026-10-08,2026-10-08 16:28,2026-12-07,60,PNQ,DEL,PNQ-DEL,IX,Air India Express,1,8975,INR,0,,01:20,1,03:45,3,False,145,145,0,Airbus A320neo,102.0,102.0
2026-10-08,2026-10-08 16:28,2026-12-07,60,PNQ,DEL,PNQ-DEL,IX,Air India Express,1,8975,INR,0,,13:45,13,16:10,16,False,145,145,0,Airbus A321,115.0,102.0
2026-10-08,2026-10-08 16:28,2026-12-07,60,PNQ,DEL,PNQ-DEL,IX,Air India Express,1,8975,INR,0,,18:05,18,20:15,20,False,130,130,0,Airbus A320neo,102.0,102.0
2026-10-08,2026-10-08 16:28,2026-12-07,60,PNQ,DEL,PNQ-DEL,AI,Air India,1,9011,INR,0,,07:40,7,09:55,9,False,135,135,0,Airbus A321,133.0,102.0
2026-10-08,2026-10-08 16:28,2026-12-07,60,PNQ,DEL,PNQ-DEL,AI,Air India,1,9158,INR,0,,15:50,15,18:10,18,False,140,140,0,Airbus A320neo,105.0,102.0
2026-10-08,2026-10-08 16:28,2026-12-07,60,PNQ,DEL,PNQ-DEL,AI,Air India,1,9158,INR,0,,19:05,19,21:15,21,False,130,130,0,Airbus A320neo,105.0,102.0
2026-10-08,2026-10-08 16:28,2026-12-07,60,PNQ,DEL,PNQ-DEL,AI,Air India,1,9158,INR,0,,20:40,20,22:55,22,False,135,135,0,Airbus A320neo,105.0,102.0
2026-10-08,2026-10-08 16:28,2026-10-09,1,HYD,DEL,HYD-DEL,6E,IndiGo,1,11296,INR,1,AMD,06:20,6,11:35,11,False,315,215,100,Airbus A320neo | Airbus A321neo,142.0,113.0
2026-10-08,2026-10-08 16:28,2026-10-09,1,HYD,DEL,HYD-DEL,6E,IndiGo,1,11296,INR,1,AMD,08:50,8,14:10,14,False,320,225,95,Airbus A320neo | Airbus A321neo,142.0,113.0
2026-10-08,2026-10-08 16:28,2026-10-09,1,HYD,DEL,HYD-DEL,6E,IndiGo,1,12079,INR,1,AMD,10:35,10,16:20,16,False,345,215,130,Airbus A321neo | Airbus A321neo,137.0,113.0
2026-10-08,2026-10-08 16:28,2026-10-09,1,HYD,DEL,HYD-DEL,AI,Air India,1,14465,INR,0,,05:30,5,07:55,7,False,145,145,0,Airbus A320neo,112.0,113.0
2026-10-08,2026-10-08 16:28,2026-10-09,1,HYD,DEL,HYD-DEL,AI,Air India,1,14465,INR,0,,12:45,12,15:05,15,False,140,140,0,Airbus A320neo,112.0,113.0
2026-10-08,2026-10-08 16:28,2026-10-09,1,HYD,DEL,HYD-DEL,AI,Air India,1,14722,INR,0,,08:35,8,10:55,10,False,140,140,0,Airbus A320neo,112.0,113.0
2026-10-08,2026-10-08 16:28,2026-10-09,1,HYD,DEL,HYD-DEL,AI,Air India,1,14722,INR,0,,10:35,10,13:05,13,False,150,150,0,Airbus A320neo,112.0,113.0
2026-10-08,2026-10-08 16:28,2026-10-09,1,HYD,DEL,HYD-DEL,QP,Akasa Air,1,15964,INR,0,,17:30,17,20:00,20,False,150,150,0,Boeing 737MAX 8 Passenger,99.0,113.0
2026-10-08,2026-10-08 16:28,2026-10-09,1,HYD,DEL,HYD-DEL,6E,IndiGo,1,16039,INR,1,JAI,19:30,19,23:25,23,False,235,175,60,Airbus A320neo | Airbus A321neo,122.0,113.0
2026-10-08,2026-10-08 16:28,2026-10-09,1,HYD,DEL,HYD-DEL,AI,Air India,1,17373,INR,0,,07:15,7,09:35,9,False,140,140,0,Airbus A320neo,112.0,113.0
2026-10-08,2026-10-08 16:28,2026-10-09,1,HYD,DEL,HYD-DEL,AI,Air India,1,17982,INR,0,,17:30,17,20:00,20,False,150,150,0,Airbus A320neo,112.0,113.0
2026-10-08,2026-10-08 16:28,2026-10-09,1,HYD,DEL,HYD-DEL,AI,Air India,1,23332,INR,0,,19:25,19,22:00,22,False,155,155,0,Airbus A350,110.0,113.0
2026-10-08,2026-10-08 16:28,2026-10-09,1,HYD,DEL,HYD-DEL,AI,Air India,1,23752,INR,0,,18:25,18,21:00,21,False,155,155,0,Airbus A320neo,112.0,113.0
2026-10-08,2026-10-08 16:28,2026-10-09,1,HYD,DEL,HYD-DEL,AI,Air India,1,30917,INR,0,,21:30,21,23:55,23,False,145,145,0,Airbus A320neo,112.0,113.0
2026-10-08,2026-10-08 16:28,2026-10-11,3,HYD,DEL,HYD-DEL,6E,IndiGo,1,12720,INR,1,AMD,08:50,8,14:10,14,False,320,220,100,Airbus A321neo | Airbus A321neo,137.0,113.0
2026-10-08,2026-10-08 16:28,2026-10-11,3,HYD,DEL,HYD-DEL,QP,Akasa Air,1,12918,INR,0,,17:30,17,20:00,20,False,150,150,0,Boeing 737MAX 8 Passenger,99.0,113.0
2026-10-08,2026-10-08 16:28,2026-10-11,3,HYD,DEL,HYD-DEL,AI,Air India,1,14040,INR,0,,17:30,17,20:00,20,False,150,150,0,Airbus A320neo,112.0,113.0
2026-10-08,2026-10-08 16:28,2026-10-11,3,HYD,DEL,HYD-DEL,AI,Air India,1,14465,INR,0,,12:45,12,15:05,15,False,140,140,0,Airbus A321,143.0,113.0
2026-10-08,2026-10-08 16:28,2026-10-11,3,HYD,DEL,HYD-DEL,AI,Air India,1,14722,INR,0,,10:35,10,13:05,13,False,150,150,0,Airbus A320neo,112.0,113.0
2026-10-08,2026-10-08 16:28,2026-10-11,3,HYD,DEL,HYD-DEL,AI,Air India,1,14848,INR,0,,13:30,13,16:05,16,False,155,155,0,Airbus A320neo,112.0,113.0
2026-10-08,2026-10-08 16:28,2026-10-11,3,HYD,DEL,HYD-DEL,AI,Air India,1,14848,INR,0,,21:30,21,23:55,23,False,145,145,0,Airbus A320neo,112.0,113.0
2026-10-08,2026-10-08 16:28,2026-10-11,3,HYD,DEL,HYD-DEL,6E,IndiGo,1,16086,INR,1,JAI,19:30,19,23:25,23,False,235,175,60,Airbus A320neo | Airbus A321neo,122.0,113.0
2026-10-08,2026-10-08 16:28,2026-10-11,3,HYD,DEL,HYD-DEL,AI,Air India,1,17373,INR,0,,07:15,7,09:35,9,False,140,140,0,Airbus A320neo,112.0,113.0
2026-10-08,2026-10-08 16:28,2026-10-11,3,HYD,DEL,HYD-DEL,AI,Air India,1,18906,INR,0,,23:30,23,02:00,2,True,150,150,0,Airbus A320neo,112.0,113.0
2026-10-08,2026-10-08 16:28,2026-10-11,3,HYD,DEL,HYD-DEL,AI,Air India,1,22702,INR,0,,05:30,5,07:55,7,False,145,145,0,Airbus A320neo,112.0,113.0
2026-10-08,2026-10-08 16:28,2026-10-11,3,HYD,DEL,HYD-DEL,AI,Air India,1,23752,INR,0,,08:35,8,10:55,10,False,140,140,0,Airbus A320neo,112.0,113.0
2026-10-08,2026-10-08 16:28,2026-10-15,7,HYD,DEL,HYD-DEL,6E,IndiGo,1,9915,INR,1,IDR,20:25,20,00:45,0,True,260,175,85,Airbus A321neo | Airbus A320neo,121.0,113.0
2026-10-08,2026-10-08 16:28,2026-10-15,7,HYD,DEL,HYD-DEL,AI,Air India,1,9918,INR,0,,23:30,23,02:00,2,True,150,150,0,Airbus A320neo,112.0,113.0
2026-10-08,2026-10-08 16:28,2026-10-15,7,HYD,DEL,HYD-DEL,AI,Air India,1,10081,INR,0,,10:35,10,13:05,13,False,150,150,0,Airbus A320neo,112.0,113.0
2026-10-08,2026-10-08 16:28,2026-10-15,7,HYD,DEL,HYD-DEL,AI,Air India,1,10165,INR,0,,07:15,7,09:35,9,False,140,140,0,Airbus A320neo,112.0,113.0
2026-10-08,2026-10-08 16:28,2026-10-15,7,HYD,DEL,HYD-DEL,AI,Air India,1,10758,INR,0,,21:30,21,23:55,23,False,145,145,0,Airbus A320neo,112.0,113.0
2026-10-08,2026-10-08 16:28,2026-10-15,7,HYD,DEL,HYD-DEL,AI,Air India,1,10937,INR,0,,18:25,18,21:00,21,False,155,155,0,Airbus A320neo,112.0,113.0
2026-10-08,2026-10-08 16:28,2026-10-15,7,HYD,DEL,HYD-DEL,AI,Air India,1,11289,INR,0,,12:45,12,15:05,15,False,140,140,0,Airbus A320neo,112.0,113.0
2026-10-08,2026-10-08 16:28,2026-10-15,7,HYD,DEL,HYD-DEL,AI,Air India,1,11289,INR,0,,13:30,13,16:05,16,False,155,155,0,Airbus A320neo,112.0,113.0
2026-10-08,2026-10-08 16:28,2026-10-15,7,HYD,DEL,HYD-DEL,AI,Air India,1,11478,INR,0,,08:35,8,10:55,10,False,140,140,0,Airbus A320neo,112.0,113.0
2026-10-08,2026-10-08 16:28,2026-10-15,7,HYD,DEL,HYD-DEL,AI,Air India,1,12759,INR,0,,17:30,17,20:00,20,False,150,150,0,Airbus A320neo,112.0,113.0
2026-10-08,2026-10-08 16:28,2026-10-15,7,HYD,DEL,HYD-DEL,6E,IndiGo,1,14616,INR,1,JAI,19:30,19,23:25,23,False,235,175,60,Airbus A320neo | Airbus A321neo,122.0,113.0
2026-10-08,2026-10-08 16:28,2026-10-15,7,HYD,DEL,HYD-DEL,AI,Air India,1,18906,INR,0,,19:25,19,22:00,22,False,155,155,0,Airbus A350,110.0,113.0
2026-10-08,2026-10-08 16:28,2026-10-22,14,HYD,DEL,HYD-DEL,6E,IndiGo,1,9915,INR,1,IDR,20:25,20,00:45,0,True,260,175,85,Airbus A321neo | Airbus A320neo,121.0,113.0
2026-10-08,2026-10-08 16:28,2026-10-22,14,HYD,DEL,HYD-DEL,AI,Air India,1,9918,INR,0,,05:30,5,07:55,7,False,145,145,0,Airbus A320neo,112.0,113.0
2026-10-08,2026-10-08 16:28,2026-10-22,14,HYD,DEL,HYD-DEL,AI,Air India,1,9918,INR,0,,19:25,19,22:00,22,False,155,155,0,Airbus A350,110.0,113.0
2026-10-08,2026-10-08 16:28,2026-10-22,14,HYD,DEL,HYD-DEL,6E,IndiGo,1,9994,INR,1,JAI,19:30,19,23:25,23,False,235,175,60,Airbus A320neo | Airbus A321neo,122.0,113.0
2026-10-08,2026-10-08 16:28,2026-10-22,14,HYD,DEL,HYD-DEL,AI,Air India,1,10165,INR,0,,07:15,7,09:35,9,False,140,140,0,Airbus A320neo,112.0,113.0
2026-10-08,2026-10-08 16:28,2026-10-22,14,HYD,DEL,HYD-DEL,AI,Air India,1,10165,INR,0,,21:30,21,23:55,23,False,145,145,0,Airbus A320neo,112.0,113.0
2026-10-08,2026-10-08 16:28,2026-10-22,14,HYD,DEL,HYD-DEL,AI,Air India,1,10496,INR,0,,12:45,12,15:05,15,False,140,140,0,Airbus A320neo,112.0,113.0
2026-10-08,2026-10-08 16:28,2026-10-22,14,HYD,DEL,HYD-DEL,AI,Air India,1,10496,INR,0,,13:30,13,16:05,16,False,155,155,0,Airbus A320neo,112.0,113.0
2026-10-08,2026-10-08 16:28,2026-10-22,14,HYD,DEL,HYD-DEL,QP,Akasa Air,1,10663,INR,0,,06:00,6,08:15,8,False,135,135,0,Boeing 737MAX 8 Passenger,99.0,113.0
2026-10-08,2026-10-08 16:28,2026-10-22,14,HYD,DEL,HYD-DEL,AI,Air India,1,10669,INR,0,,08:35,8,10:55,10,False,140,140,0,Airbus A320neo,112.0,113.0
2026-10-08,2026-10-08 16:28,2026-10-22,14,HYD,DEL,HYD-DEL,AI,Air India,1,10669,INR,0,,10:35,10,13:05,13,False,150,150,0,Airbus A320neo,112.0,113.0
2026-10-08,2026-10-08 16:28,2026-10-29,21,HYD,DEL,HYD-DEL,6E,IndiGo,1,9915,INR,1,IDR,15:55,15,20:15,20,False,260,165,95,Airbus A320neo | Airbus A320neo,125.0,113.0
2026-10-08,2026-10-08 16:28,2026-10-29,21,HYD,DEL,HYD-DEL,AI,Air India,1,9918,INR,0,,05:30,5,07:45,7,False,135,135,0,Airbus A320neo,112.0,113.0
2026-10-08,2026-10-08 16:28,2026-10-29,21,HYD,DEL,HYD-DEL,AI,Air India,1,10081,INR,0,,08:35,8,10:55,10,False,140,140,0,Airbus A320neo,112.0,113.0
2026-10-08,2026-10-08 16:28,2026-10-29,21,HYD,DEL,HYD-DEL,AI,Air India,1,10081,INR,0,,10:15,10,12:35,12,False,140,140,0,Airbus A320neo,112.0,113.0
2026-10-08,2026-10-08 16:28,2026-10-29,21,HYD,DEL,HYD-DEL,AI,Air India,1,10165,INR,0,,21:30,21,23:45,23,False,135,135,0,Airbus A321,143.0,113.0
2026-10-08,2026-10-08 16:28,2026-10-29,21,HYD,DEL,HYD-DEL,AI,Air India,1,10328,INR,0,,17:45,17,20:00,20,False,135,135,0,Airbus A320neo,112.0,113.0
2026-10-08,2026-10-08 16:28,2026-10-29,21,HYD,DEL,HYD-DEL,QP,Akasa Air,1,10663,INR,0,,06:00,6,08:15,8,False,135,135,0,Boeing 737MAX 8 Passenger,99.0,113.0
2026-10-08,2026-10-08 16:28,2026-11-07,30,HYD,DEL,HYD-DEL,6E,IndiGo,1,12931,INR,1,IDR,15:55,15,20:15,20,False,260,165,95,Airbus A320neo | Airbus A320neo,122.0,113.0
2026-10-08,2026-10-08 16:28,2026-11-07,30,HYD,DEL,HYD-DEL,AI,Air India,1,13278,INR,0,,17:45,17,20:00,20,False,135,135,0,Airbus A320neo,110.0,113.0
2026-10-08,2026-10-08 16:28,2026-11-07,30,HYD,DEL,HYD-DEL,AI,Air India,1,13861,INR,0,,08:35,8,10:55,10,False,140,140,0,Airbus A320neo,110.0,113.0
2026-10-08,2026-10-08 16:28,2026-11-07,30,HYD,DEL,HYD-DEL,AI,Air India,1,13861,INR,0,,10:15,10,12:35,12,False,140,140,0,Airbus A320neo,110.0,113.0
2026-10-08,2026-10-08 16:28,2026-11-07,30,HYD,DEL,HYD-DEL,AI,Air India,1,14465,INR,0,,12:45,12,15:05,15,False,140,140,0,Airbus A320neo,110.0,113.0
2026-10-08,2026-10-08 16:28,2026-11-07,30,HYD,DEL,HYD-DEL,AI,Air India,1,14465,INR,0,,14:55,14,17:15,17,False,140,140,0,Airbus A320neo,110.0,113.0
2026-10-08,2026-10-08 16:28,2026-11-07,30,HYD,DEL,HYD-DEL,AI,Air India,1,14848,INR,0,,05:30,5,07:45,7,False,135,135,0,Airbus A320neo,110.0,113.0
2026-10-08,2026-10-08 16:28,2026-11-07,30,HYD,DEL,HYD-DEL,QP,Akasa Air,1,15964,INR,0,,06:00,6,08:15,8,False,135,135,0,Boeing 737MAX 8 Passenger,96.0,113.0
2026-10-08,2026-10-08 16:28,2026-11-07,30,HYD,DEL,HYD-DEL,QP,Akasa Air,1,15964,INR,0,,17:25,17,19:55,19,False,150,150,0,Boeing 737MAX 8 Passenger,96.0,113.0
2026-10-08,2026-10-08 16:28,2026-11-22,45,HYD,DEL,HYD-DEL,AI,Air India,1,9971,INR,0,,22:30,22,00:45,0,True,135,135,0,Airbus A320neo,110.0,113.0
2026-10-08,2026-10-08 16:28,2026-11-22,45,HYD,DEL,HYD-DEL,AI,Air India,1,10218,INR,0,,05:30,5,07:45,7,False,135,135,0,Airbus A320neo,110.0,113.0
2026-10-08,2026-10-08 16:28,2026-11-22,45,HYD,DEL,HYD-DEL,AI,Air India,1,10218,INR,0,,21:30,21,23:45,23,False,135,135,0,Airbus A321,140.0,113.0
2026-10-08,2026-10-08 16:28,2026-11-22,45,HYD,DEL,HYD-DEL,AI,Air India,1,10816,INR,0,,14:55,14,17:15,17,False,140,140,0,Airbus A320neo,110.0,113.0
2026-10-08,2026-10-08 16:28,2026-11-22,45,HYD,DEL,HYD-DEL,AI,Air India,1,10816,INR,0,,19:25,19,21:45,21,False,140,140,0,Airbus A350,108.0,113.0
2026-10-08,2026-10-08 16:28,2026-11-22,45,HYD,DEL,HYD-DEL,AI,Air India,1,10989,INR,0,,17:45,17,20:00,20,False,135,135,0,Airbus A320neo,110.0,113.0
2026-10-08,2026-10-08 16:28,2026-11-22,45,HYD,DEL,HYD-DEL,AI,Air India,1,11341,INR,0,,12:45,12,15:05,15,False,140,140,0,Airbus A320neo,110.0,113.0
2026-10-08,2026-10-08 16:28,2026-11-22,45,HYD,DEL,HYD-DEL,QP,Akasa Air,1,11628,INR,0,,17:25,17,19:55,19,False,150,150,0,Boeing 737MAX 8 Passenger,96.0,113.0
2026-10-08,2026-10-08 16:28,2026-11-22,45,HYD,DEL,HYD-DEL,AI,Air India,1,12155,INR,0,,10:15,10,12:35,12,False,140,140,0,Airbus A320neo,110.0,113.0
2026-10-08,2026-10-08 16:28,2026-12-07,60,HYD,DEL,HYD-DEL,AI,Air India,1,9430,INR,0,,17:45,17,20:00,20,False,135,135,0,Airbus A320neo,107.0,113.0
2026-10-08,2026-10-08 16:28,2026-12-07,60,HYD,DEL,HYD-DEL,AI,Air India,1,9971,INR,0,,14:55,14,17:15,17,False,140,140,0,Airbus A320neo,107.0,113.0
2026-10-08,2026-10-08 16:28,2026-12-07,60,HYD,DEL,HYD-DEL,AI,Air India,1,9971,INR,0,,21:30,21,23:45,23,False,135,135,0,Airbus A321,136.0,113.0
2026-10-08,2026-10-08 16:28,2026-12-07,60,HYD,DEL,HYD-DEL,AI,Air India,1,9971,INR,0,,22:30,22,00:45,0,True,135,135,0,Airbus A320neo,107.0,113.0
2026-10-08,2026-10-08 16:28,2026-12-07,60,HYD,DEL,HYD-DEL,QP,Akasa Air,1,10128,INR,0,,06:00,6,08:15,8,False,135,135,0,Boeing 737MAX 8 Passenger,95.0,113.0
2026-10-08,2026-10-08 16:28,2026-12-07,60,HYD,DEL,HYD-DEL,AI,Air India,1,10548,INR,0,,05:30,5,07:45,7,False,135,135,0,Airbus A320neo,107.0,113.0
2026-10-08,2026-10-08 16:28,2026-12-07,60,HYD,DEL,HYD-DEL,AI,Air India,1,10548,INR,0,,19:25,19,21:45,21,False,140,140,0,Airbus A350,104.0,113.0
2026-10-08,2026-10-08 16:28,2026-12-07,60,HYD,DEL,HYD-DEL,AI,Air India,1,10727,INR,0,,10:15,10,12:35,12,False,140,140,0,Airbus A320neo,107.0,113.0
2026-10-08,2026-10-08 16:28,2026-12-07,60,HYD,DEL,HYD-DEL,AI,Air India,1,12459,INR,0,,08:35,8,10:55,10,False,140,140,0,Airbus A320neo,107.0,113.0
