scraped_on,scraped_at,flight_date,days_left,origin,destination,route,airline_code,airlines,num_airlines,price,currency,num_stops,layover_airports,dep_time,dep_hour,arr_time,arr_hour,arrives_next_day,total_duration_min,flying_min,layover_min,plane_types,carbon_kg,carbon_typical_kg
2026-09-30,2026-09-30 14:36,2026-10-03,3,DEL,BOM,DEL-BOM,6E,IndiGo,1,6215,INR,1,NAG,09:00,9,13:45,13,False,285,200,85,Airbus A321neo | Airbus A320neo,131.0,102.0
2026-09-30,2026-09-30 14:36,2026-10-03,3,DEL,BOM,DEL-BOM,6E,IndiGo,1,6215,INR,1,BHO,15:00,15,19:35,19,False,275,175,100,Airbus A320neo | Airbus A321neo,115.0,102.0
2026-09-30,2026-09-30 14:36,2026-10-03,3,DEL,BOM,DEL-BOM,6E,IndiGo,1,6215,INR,1,IDR,19:20,19,23:45,23,False,265,175,90,Airbus A321neo | Airbus A321neo,107.0,102.0
2026-09-30,2026-09-30 14:36,2026-10-03,3,DEL,BOM,DEL-BOM,AI,Air India,1,6314,INR,0,,05:00,5,07:25,7,False,145,145,0,Airbus A320neo,102.0,102.0
2026-09-30,2026-09-30 14:36,2026-10-03,3,DEL,BOM,DEL-BOM,AI,Air India,1,6425,INR,0,,06:30,6,08:50,8,False,140,140,0,Airbus A320neo,102.0,102.0
2026-09-30,2026-09-30 14:36,2026-10-03,3,DEL,BOM,DEL-BOM,AI,Air India,1,6425,INR,0,,07:30,7,09:55,9,False,145,145,0,Airbus A350,100.0,102.0
2026-09-30,2026-09-30 14:36,2026-10-03,3,DEL,BOM,DEL-BOM,AI,Air India,1,6425,INR,0,,08:30,8,10:40,10,False,130,130,0,Airbus A320neo,102.0,102.0
2026-09-30,2026-09-30 14:36,2026-10-03,3,DEL,BOM,DEL-BOM,AI,Air India,1,6425,INR,0,,09:30,9,12:00,12,False,150,150,0,Airbus A320neo,102.0,102.0
2026-09-30,2026-09-30 14:36,2026-10-03,3,DEL,BOM,DEL-BOM,AI,Air India,1,6425,INR,0,,10:30,10,12:50,12,False,140,140,0,Airbus A320neo,102.0,102.0
2026-09-30,2026-09-30 14:36,2026-10-03,3,DEL,BOM,DEL-BOM,AI,Air India,1,6425,INR,0,,15:30,15,17:55,17,False,145,145,0,Airbus A320neo,102.0,102.0
2026-09-30,2026-09-30 14:36,2026-10-03,3,DEL,BOM,DEL-BOM,AI,Air India,1,6425,INR,0,,17:00,17,19:25,19,False,145,145,0,Boeing 777,115.0,102.0
2026-09-30,2026-09-30 14:36,2026-10-03,3,DEL,BOM,DEL-BOM,AI,Air India,1,6425,INR,0,,19:30,19,21:55,21,False,145,145,0,Airbus A320neo,102.0,102.0
2026-09-30,2026-09-30 14:36,2026-10-03,3,DEL,BOM,DEL-BOM,AI,Air India,1,6425,INR,0,,20:30,20,23:05,23,False,155,155,0,Airbus A320neo,102.0,102.0
2026-09-30,2026-09-30 14:36,2026-10-03,3,DEL,BOM,DEL-BOM,AI,Air India,1,6425,INR,0,,21:00,21,23:20,23,False,140,140,0,Airbus A320neo,102.0,102.0
2026-09-30,2026-09-30 14:36,2026-10-03,3,DEL,BOM,DEL-BOM,6E,IndiGo,1,6474,INR,0,,03:00,3,05:20,5,False,140,140,0,Airbus A321neo,87.0,102.0
2026-09-30,2026-09-30 14:36,2026-10-03,3,DEL,BOM,DEL-BOM,6E,IndiGo,1,6474,INR,0,,05:00,5,07:15,7,False,135,135,0,Airbus A321neo,87.0,102.0
2026-09-30,2026-09-30 14:36,2026-10-03,3,DEL,BOM,DEL-BOM,6E,IndiGo,1,6474,INR,0,,06:00,6,08:20,8,False,140,140,0,Airbus A321neo,87.0,102.0
2026-09-30,2026-09-30 14:36,2026-10-03,3,DEL,BOM,DEL-BOM,6E,IndiGo,1,6474,INR,0,,08:00,8,10:20,10,False,140,140,0,Airbus A321neo,87.0,102.0
2026-09-30,2026-09-30 14:36,2026-10-03,3,DEL,BOM,DEL-BOM,6E,IndiGo,1,6474,INR,0,,08:45,8,11:00,11,False,135,135,0,Airbus A321neo,87.0,102.0
2026-09-30,2026-09-30 14:36,2026-10-03,3,DEL,BOM,DEL-BOM,6E,IndiGo,1,6474,INR,0,,09:30,9,11:55,11,False,145,145,0,Airbus A321neo,87.0,102.0
2026-09-30,2026-09-30 14:36,2026-10-03,3,DEL,BOM,DEL-BOM,6E,IndiGo,1,6474,INR,0,,10:15,10,12:35,12,False,140,140,0,Airbus A321neo,87.0,102.0
2026-09-30,2026-09-30 14:36,2026-10-03,3,DEL,BOM,DEL-BOM,6E,IndiGo,1,6474,INR,0,,11:00,11,13:15,13,False,135,135,0,Airbus A321neo,87.0,102.0
2026-09-30,2026-09-30 14:36,2026-10-03,3,DEL,BOM,DEL-BOM,6E,IndiGo,1,6474,INR,0,,12:00,12,14:15,14,False,135,135,0,Airbus A321neo,87.0,102.0
2026-09-30,2026-09-30 14:36,2026-10-03,3,DEL,BOM,DEL-BOM,6E,IndiGo,1,6474,INR,0,,14:00,14,16:25,16,False,145,145,0,Airbus A321neo,87.0,102.0
2026-09-30,2026-09-30 14:36,2026-10-03,3,DEL,BOM,DEL-BOM,6E,IndiGo,1,6474,INR,0,,14:45,14,17:00,17,False,135,135,0,Airbus A321neo,87.0,102.0
2026-09-30,2026-09-30 14:36,2026-10-03,3,DEL,BOM,DEL-BOM,6E,IndiGo,1,6474,INR,0,,15:30,15,17:45,17,False,135,135,0,Airbus A321neo,87.0,102.0
2026-09-30,2026-09-30 14:36,2026-10-03,3,DEL,BOM,DEL-BOM,6E,IndiGo,1,6474,INR,0,,16:15,16,18:35,18,False,140,140,0,Airbus A321neo,87.0,102.0
2026-09-30,2026-09-30 14:36,2026-10-03,3,DEL,BOM,DEL-BOM,6E,IndiGo,1,6474,INR,0,,17:00,17,19:15,19,False,135,135,0,Airbus A321neo,87.0,102.0
2026-09-30,2026-09-30 14:36,2026-10-03,3,DEL,BOM,DEL-BOM,6E,IndiGo,1,6474,INR,0,,18:00,18,20:15,20,False,135,135,0,Airbus A321neo,87.0,102.0
2026-09-30,2026-09-30 14:36,2026-10-03,3,DEL,BOM,DEL-BOM,6E,IndiGo,1,6474,INR,0,,19:00,19,21:25,21,False,145,145,0,Airbus A321neo,87.0,102.0
2026-09-30,2026-09-30 14:36,2026-10-03,3,DEL,BOM,DEL-BOM,6E,IndiGo,1,6474,INR,0,,20:00,20,22:10,22,False,130,130,0,Airbus A321neo,87.0,102.0
2026-09-30,2026-09-30 14:36,2026-10-03,3,DEL,BOM,DEL-BOM,6E,IndiGo,1,6474,INR,0,,20:45,20,23:00,23,False,135,135,0,Airbus A321neo,87.0,102.0
2026-09-30,2026-09-30 14:36,2026-10-03,3,DEL,BOM,DEL-BOM,6E,IndiGo,1,6474,INR,0,,21:45,21,00:05,0,True,140,140,0,Airbus A321neo,87.0,102.0
2026-09-30,2026-09-30 14:36,2026-10-03,3,DEL,BOM,DEL-BOM,6E,IndiGo,1,6474,INR,0,,22:45,22,01:05,1,True,140,140,0,Airbus A321neo,87.0,102.0
2026-09-30,2026-09-30 14:36,2026-10-03,3,DEL,BOM,DEL-BOM,6E,IndiGo,1,6474,INR,0,,23:30,23,01:45,1,True,135,135,0,Airbus A321neo,87.0,102.0
2026-09-30,2026-09-30 14:36,2026-10-03,3,DEL,BOM,DEL-BOM,AI,Air India,1,6477,INR,0,,18:00,18,20:25,20,False,145,145,0,Airbus A320neo,102.0,102.0
2026-09-30,2026-09-30 14:36,2026-10-03,3,DEL,BOM,DEL-BOM,AI,Air India,1,6566,INR,0,,23:00,23,01:25,1,True,145,145,0,Airbus A320neo,102.0,102.0
2026-09-30,2026-09-30 14:36,2026-10-03,3,DEL,BOM,DEL-BOM,AI,Air India,1,6582,INR,0,,13:30,13,15:50,15,False,140,140,0,Airbus A320neo,102.0,102.0
2026-09-30,2026-09-30 14:36,2026-10-03,3,DEL,BOM,DEL-BOM,AI,Air India,1,6582,INR,0,,14:10,14,16:35,16,False,145,145,0,Airbus A320neo,102.0,102.0
2026-09-30,2026-09-30 14:36,2026-10-03,3,DEL,BOM,DEL-BOM,AI,Air India,1,6582,INR,0,,16:00,16,18:25,18,False,145,145,0,Airbus A320neo,102.0,102.0
2026-09-30,2026-09-30 14:36,2026-10-03,3,DEL,BOM,DEL-BOM,AI,Air India,1,6582,INR,0,,21:30,21,23:55,23,False,145,145,0,Airbus A320neo,102.0,102.0
2026-09-30,2026-09-30 14:36,2026-10-03,3,DEL,BOM,DEL-BOM,IX,Air India Express,1,6610,INR,0,,17:50,17,20:10,20,False,140,140,0,Airbus A320,116.0,102.0
2026-09-30,2026-09-30 14:36,2026-10-03,3,DEL,BOM,DEL-BOM,IX,Air India Express,1,6610,INR,0,,23:25,23,01:50,1,True,145,145,0,Boeing 737MAX 8 Passenger,103.0,102.0
2026-09-30,2026-09-30 14:36,2026-10-03,3,DEL,BOM,DEL-BOM,6E,IndiGo,1,6632,INR,0,,07:15,7,09:30,9,False,135,135,0,Airbus A321neo,87.0,102.0
2026-09-30,2026-09-30 14:36,2026-10-03,3,DEL,BOM,DEL-BOM,AI,Air India,1,6635,INR,0,,19:00,19,21:25,21,False,145,145,0,Airbus A320neo,102.0,102.0
2026-09-30,2026-09-30 14:36,2026-10-03,3,DEL,BOM,DEL-BOM,AI,Air India,1,6792,INR,0,,07:00,7,09:25,9,False,145,145,0,Airbus A320neo,102.0,102.0
2026-09-30,2026-09-30 14:36,2026-10-03,3,DEL,BOM,DEL-BOM,QP,Akasa Air,1,6880,INR,0,,06:50,6,09:10,9,False,140,140,0,Boeing 737MAX 8 Passenger,90.0,102.0
2026-09-30,2026-09-30 14:36,2026-10-03,3,DEL,BOM,DEL-BOM,QP,Akasa Air,1,6880,INR,0,,08:40,8,11:05,11,False,145,145,0,Boeing 737MAX 8 Passenger,90.0,102.0
2026-09-30,2026-09-30 14:36,2026-10-03,3,DEL,BOM,DEL-BOM,QP,Akasa Air,1,6880,INR,0,,10:00,10,12:20,12,False,140,140,0,Boeing 737MAX 8 Passenger,86.0,102.0
2026-09-30,2026-09-30 14:36,2026-10-03,3,DEL,BOM,DEL-BOM,QP,Akasa Air,1,6880,INR,0,,17:30,17,19:50,19,False,140,140,0,Boeing 737MAX 8 Passenger,89.0,102.0
2026-09-30,2026-09-30 14:36,2026-10-03,3,DEL,BOM,DEL-BOM,QP,Akasa Air,1,6880,INR,0,,19:55,19,22:20,22,False,145,145,0,Boeing 737MAX 8 Passenger,90.0,102.0
2026-09-30,2026-09-30 14:36,2026-10-03,3,DEL,BOM,DEL-BOM,SG,SpiceJet,1,7095,INR,0,,22:30,22,01:10,1,True,160,160,0,De Havilland-Bombardier Dash-8,118.0,102.0
2026-09-30,2026-09-30 14:36,2026-10-03,3,DEL,BOM,DEL-BOM,AI,Air India,1,9569,INR,0,,11:00,11,13:25,13,False,145,145,0,Airbus A320neo,102.0,102.0
2026-09-30,2026-09-30 14:36,2026-10-07,7,DEL,BOM,DEL-BOM,6E,IndiGo,1,6083,INR,1,AMD,00:15,0,05:30,5,False,315,185,130,Airbus A321neo | Airbus A320neo,115.0,102.0
2026-09-30,2026-09-30 14:36,2026-10-07,7,DEL,BOM,DEL-BOM,6E,IndiGo,1,6083,INR,1,AMD,05:10,5,09:35,9,False,265,175,90,Airbus A321neo | Airbus A320,123.0,102.0
2026-09-30,2026-09-30 14:36,2026-10-07,7,DEL,BOM,DEL-BOM,6E,IndiGo,1,6083,INR,1,HSR,05:40,5,10:30,10,False,290,180,110,Airbus A321neo | Airbus A321neo,116.0,102.0
2026-09-30,2026-09-30 14:36,2026-10-07,7,DEL,BOM,DEL-BOM,6E,IndiGo,1,6083,INR,1,HSR,15:35,15,20:50,20,False,315,175,140,Airbus A320neo | Airbus A321neo,120.0,102.0
2026-09-30,2026-09-30 14:36,2026-10-07,7,DEL,BOM,DEL-BOM,6E,IndiGo,1,6083,INR,1,BDQ,18:30,18,22:25,22,False,235,170,65,Airbus A321neo | Airbus A321neo,106.0,102.0
2026-09-30,2026-09-30 14:36,2026-10-07,7,DEL,BOM,DEL-BOM,AI,Air India,1,6314,INR,0,,05:00,5,07:25,7,False,145,145,0,Airbus A320neo,102.0,102.0
2026-09-30,2026-09-30 14:36,2026-10-07,7,DEL,BOM,DEL-BOM,6E,IndiGo,1,6474,INR,0,,03:00,3,05:20,5,False,140,140,0,Airbus A321neo,87.0,102.0
2026-09-30,2026-09-30 14:36,2026-10-07,7,DEL,BOM,DEL-BOM,6E,IndiGo,1,6474,INR,0,,05:00,5,07:15,7,False,135,135,0,Airbus A321neo,87.0,102.0
2026-09-30,2026-09-30 14:36,2026-10-07,7,DEL,BOM,DEL-BOM,6E,IndiGo,1,6474,INR,0,,09:30,9,11:55,11,False,145,145,0,Airbus A321neo,87.0,102.0
2026-09-30,2026-09-30 14:36,2026-10-07,7,DEL,BOM,DEL-BOM,6E,IndiGo,1,6474,INR,0,,15:30,15,17:45,17,False,135,135,0,Airbus A321neo,87.0,102.0
2026-09-30,2026-09-30 14:36,2026-10-07,7,DEL,BOM,DEL-BOM,6E,IndiGo,1,6474,INR,0,,16:15,16,18:35,18,False,140,140,0,Airbus A321neo,87.0,102.0
2026-09-30,2026-09-30 14:36,2026-10-07,7,DEL,BOM,DEL-BOM,6E,IndiGo,1,6474,INR,0,,20:00,20,22:10,22,False,130,130,0,Airbus A321neo,87.0,102.0
2026-09-30,2026-09-30 14:36,2026-10-07,7,DEL,BOM,DEL-BOM,6E,IndiGo,1,6474,INR,0,,20:45,20,23:00,23,False,135,135,0,Airbus A321neo,87.0,102.0
2026-09-30,2026-09-30 14:36,2026-10-07,7,DEL,BOM,DEL-BOM,6E,IndiGo,1,6474,INR,0,,21:45,21,00:05,0,True,140,140,0,Airbus A321neo,87.0,102.0
2026-09-30,2026-09-30 14:36,2026-10-07,7,DEL,BOM,DEL-BOM,6E,IndiGo,1,6474,INR,0,,22:45,22,01:05,1,True,140,140,0,Airbus A321neo,87.0,102.0
2026-09-30,2026-09-30 14:36,2026-10-07,7,DEL,BOM,DEL-BOM,6E,IndiGo,1,6474,INR,0,,23:30,23,01:45,1,True,135,135,0,Airbus A321neo,87.0,102.0
2026-09-30,2026-09-30 14:36,2026-10-07,7,DEL,BOM,DEL-BOM,AI,Air India,1,6566,INR,0,,23:00,23,01:25,1,True,145,145,0,Airbus A320neo,102.0,102.0
2026-09-30,2026-09-30 14:36,2026-10-07,7,DEL,BOM,DEL-BOM,AI,Air India,1,6582,INR,0,,14:10,14,16:35,16,False,145,145,0,Airbus A320neo,102.0,102.0
2026-09-30,2026-09-30 14:36,2026-10-07,7,DEL,BOM,DEL-BOM,AI,Air India,1,6582,INR,0,,16:00,16,18:25,18,False,145,145,0,Airbus A320neo,102.0,102.0
2026-09-30,2026-09-30 14:36,2026-10-07,7,DEL,BOM,DEL-BOM,IX,Air India Express,1,6610,INR,0,,23:25,23,01:50,1,True,145,145,0,Boeing 737MAX 8 Passenger,103.0,102.0
2026-09-30,2026-09-30 14:36,2026-10-07,7,DEL,BOM,DEL-BOM,6E,IndiGo,1,6632,INR,0,,08:45,8,11:00,11,False,135,135,0,Airbus A321neo,87.0,102.0
2026-09-30,2026-09-30 14:36,2026-10-07,7,DEL,BOM,DEL-BOM,SG,SpiceJet,1,6732,INR,0,,04:00,4,06:30,6,False,150,150,0,,,102.0
2026-09-30,2026-09-30 14:36,2026-10-07,7,DEL,BOM,DEL-BOM,AI,Air India,1,6745,INR,0,,12:00,12,14:25,14,False,145,145,0,Airbus A320neo,102.0,102.0
2026-09-30,2026-09-30 14:36,2026-10-07,7,DEL,BOM,DEL-BOM,AI,Air India,1,6792,INR,0,,21:30,21,23:55,23,False,145,145,0,Airbus A320neo,102.0,102.0
2026-09-30,2026-09-30 14:36,2026-10-07,7,DEL,BOM,DEL-BOM,AI,Air India,1,6792,INR,0,,22:00,22,00:25,0,True,145,145,0,Airbus A321,130.0,102.0
2026-09-30,2026-09-30 14:36,2026-10-07,7,DEL,BOM,DEL-BOM,SG,SpiceJet,1,6801,INR,0,,04:30,4,06:50,6,False,140,140,0,Boeing 737,102.0,102.0
2026-09-30,2026-09-30 14:36,2026-10-07,7,DEL,BOM,DEL-BOM,SG,SpiceJet,1,6801,INR,0,,19:55,19,22:40,22,False,165,165,0,Boeing 737,122.0,102.0
2026-09-30,2026-09-30 14:36,2026-10-07,7,DEL,BOM,DEL-BOM,SG,SpiceJet,1,6801,INR,0,,22:30,22,01:10,1,True,160,160,0,De Havilland-Bombardier Dash-8,118.0,102.0
2026-09-30,2026-09-30 14:36,2026-10-07,7,DEL,BOM,DEL-BOM,6E,IndiGo,1,6842,INR,0,,11:00,11,13:15,13,False,135,135,0,Airbus A321neo,87.0,102.0
2026-09-30,2026-09-30 14:36,2026-10-07,7,DEL,BOM,DEL-BOM,6E,IndiGo,1,6842,INR,0,,12:00,12,14:15,14,False,135,135,0,Airbus A321neo,87.0,102.0
2026-09-30,2026-09-30 14:36,2026-10-07,7,DEL,BOM,DEL-BOM,6E,IndiGo,1,6842,INR,0,,13:00,13,15:10,15,False,130,130,0,Airbus A321neo,87.0,102.0
2026-09-30,2026-09-30 14:36,2026-10-07,7,DEL,BOM,DEL-BOM,6E,IndiGo,1,6842,INR,0,,14:00,14,16:25,16,False,145,145,0,Airbus A321neo,87.0,102.0
2026-09-30,2026-09-30 14:36,2026-10-07,7,DEL,BOM,DEL-BOM,QP,Akasa Air,1,6880,INR,0,,08:40,8,11:05,11,False,145,145,0,Boeing 737MAX 8 Passenger,90.0,102.0
2026-09-30,2026-09-30 14:36,2026-10-07,7,DEL,BOM,DEL-BOM,QP,Akasa Air,1,6880,INR,0,,10:00,10,12:20,12,False,140,140,0,Boeing 737MAX 8 Passenger,86.0,102.0
2026-09-30,2026-09-30 14:36,2026-10-07,7,DEL,BOM,DEL-BOM,QP,Akasa Air,1,6880,INR,0,,17:30,17,19:50,19,False,140,140,0,Boeing 737MAX 8 Passenger,89.0,102.0
2026-09-30,2026-09-30 14:36,2026-10-07,7,DEL,BOM,DEL-BOM,QP,Akasa Air,1,6880,INR,0,,19:55,19,22:20,22,False,145,145,0,Boeing 737MAX 8 Passenger,89.0,102.0
2026-09-30,2026-09-30 14:36,2026-10-07,7,DEL,BOM,DEL-BOM,AI,Air India,1,7055,INR,0,,10:00,10,12:25,12,False,145,145,0,Airbus A320neo,102.0,102.0
2026-09-30,2026-09-30 14:36,2026-10-07,7,DEL,BOM,DEL-BOM,AI,Air India,1,7055,INR,0,,11:00,11,13:25,13,False,145,145,0,Boeing 787,103.0,102.0
2026-09-30,2026-09-30 14:36,2026-10-07,7,DEL,BOM,DEL-BOM,AI,Air India,1,7055,INR,0,,17:00,17,19:25,19,False,145,145,0,Boeing 777,115.0,102.0
2026-09-30,2026-09-30 14:36,2026-10-07,7,DEL,BOM,DEL-BOM,6E,IndiGo,1,7104,INR,0,,06:00,6,08:20,8,False,140,140,0,Airbus A321neo,87.0,102.0
2026-09-30,2026-09-30 14:36,2026-10-07,7,DEL,BOM,DEL-BOM,6E,IndiGo,1,7104,INR,0,,08:00,8,10:20,10,False,140,140,0,Airbus A321neo,87.0,102.0
2026-09-30,2026-09-30 14:36,2026-10-07,7,DEL,BOM,DEL-BOM,AI,Air India,1,7685,INR,0,,07:30,7,09:55,9,False,145,145,0,Airbus A350,100.0,102.0
2026-09-30,2026-09-30 14:36,2026-10-07,7,DEL,BOM,DEL-BOM,AI,Air India,1,7685,INR,0,,10:30,10,12:50,12,False,140,140,0,Airbus A320neo,102.0,102.0
2026-09-30,2026-09-30 14:36,2026-10-07,7,DEL,BOM,DEL-BOM,6E,IndiGo,1,7734,INR,0,,19:00,19,21:25,21,False,145,145,0,Airbus A321neo,87.0,102.0
2026-09-30,2026-09-30 14:36,2026-10-07,7,DEL,BOM,DEL-BOM,AI,Air India,1,7879,INR,0,,08:30,8,10:40,10,False,130,130,0,Airbus A320neo,102.0,102.0
2026-09-30,2026-09-30 14:36,2026-10-07,7,DEL,BOM,DEL-BOM,AI,Air India,1,8052,INR,0,,06:30,6,08:50,8,False,140,140,0,Airbus A320neo,102.0,102.0
2026-09-30,2026-09-30 14:36,2026-10-07,7,DEL,BOM,DEL-BOM,AI,Air India,1,8052,INR,0,,07:00,7,09:25,9,False,145,145,0,Airbus A320neo,102.0,102.0
2026-09-30,2026-09-30 14:36,2026-10-07,7,DEL,BOM,DEL-BOM,AI,Air India,1,8052,INR,0,,13:30,13,15:50,15,False,140,140,0,Airbus A320neo,102.0,102.0
2026-09-30,2026-09-30 14:36,2026-10-07,7,DEL,BOM,DEL-BOM,AI,Air India,1,8052,INR,0,,16:30,16,18:50,18,False,140,140,0,Airbus A320neo,102.0,102.0
2026-09-30,2026-09-30 14:36,2026-10-07,7,DEL,BOM,DEL-BOM,AI,Air India,1,8052,INR,0,,20:30,20,23:05,23,False,155,155,0,Airbus A320neo,102.0,102.0
2026-09-30,2026-09-30 14:36,2026-10-07,7,DEL,BOM,DEL-BOM,AI,Air India,1,8052,INR,0,,21:00,21,23:20,23,False,140,140,0,Airbus A320neo,102.0,102.0
2026-09-30,2026-09-30 14:36,2026-10-07,7,DEL,BOM,DEL-BOM,QP,Akasa Air,1,8272,INR,0,,06:50,6,09:10,9,False,140,140,0,Boeing 737MAX 8 Passenger,90.0,102.0
2026-09-30,2026-09-30 14:36,2026-10-07,7,DEL,BOM,DEL-BOM,AI,Air India,1,8325,INR,0,,20:00,20,22:25,22,False,145,145,0,Airbus A320neo,130.0,102.0
2026-09-30,2026-09-30 14:36,2026-10-07,7,DEL,BOM,DEL-BOM,6E,IndiGo,1,8522,INR,0,,17:00,17,19:15,19,False,135,135,0,Airbus A321neo,87.0,102.0
2026-09-30,2026-09-30 14:36,2026-10-07,7,DEL,BOM,DEL-BOM,6E,IndiGo,1,8522,INR,0,,18:00,18,20:15,20,False,135,135,0,Airbus A321neo,87.0,102.0
2026-09-30,2026-09-30 14:36,2026-10-07,7,DEL,BOM,DEL-BOM,6E,IndiGo,1,9047,INR,0,,10:15,10,12:35,12,False,140,140,0,Airbus A321neo,87.0,102.0
2026-09-30,2026-09-30 14:36,2026-10-07,7,DEL,BOM,DEL-BOM,AI,Air India,1,9569,INR,0,,19:30,19,21:55,21,False,145,145,0,Airbus A320neo,102.0,102.0
2026-09-30,2026-09-30 14:36,2026-10-07,7,DEL,BOM,DEL-BOM,AI,Air India,1,9821,INR,0,,09:00,9,11:15,11,False,135,135,0,Airbus A320neo,102.0,102.0
2026-09-30,2026-09-30 14:36,2026-10-07,7,DEL,BOM,DEL-BOM,6E,IndiGo,1,10412,INR,0,,07:15,7,09:30,9,False,135,135,0,Airbus A321neo,87.0,102.0
2026-09-30,2026-09-30 14:36,2026-10-07,7,DEL,BOM,DEL-BOM,AI,Air India,1,10572,INR,0,,18:00,18,20:25,20,False,145,145,0,Airbus A320neo,102.0,102.0
2026-09-30,2026-09-30 14:36,2026-10-07,7,DEL,BOM,DEL-BOM,AI,Air India,1,10572,INR,0,,19:00,19,21:25,21,False,145,145,0,Airbus A320neo,102.0,102.0
2026-09-30,2026-09-30 14:36,2026-10-14,14,DEL,BOM,DEL-BOM,AI,Air India,1,6425,INR,0,,05:00,5,07:25,7,False,145,145,0,Airbus A320neo,102.0,102.0
2026-09-30,2026-09-30 14:36,2026-10-14,14,DEL,BOM,DEL-BOM,AI,Air India,1,6425,INR,0,,11:00,11,13:25,13,False,145,145,0,Boeing 787,103.0,102.0
2026-09-30,2026-09-30 14:36,2026-10-14,14,DEL,BOM,DEL-BOM,AI,Air India,1,6425,INR,0,,14:10,14,16:35,16,False,145,145,0,Airbus A320neo,102.0,102.0
2026-09-30,2026-09-30 14:36,2026-10-14,14,DEL,BOM,DEL-BOM,AI,Air India,1,6425,INR,0,,15:30,15,17:55,17,False,145,145,0,Airbus A320neo,102.0,102.0
2026-09-30,2026-09-30 14:36,2026-10-14,14,DEL,BOM,DEL-BOM,6E,IndiGo,1,6474,INR,0,,03:00,3,05:20,5,False,140,140,0,Airbus A321neo,87.0,102.0
2026-09-30,2026-09-30 14:36,2026-10-14,14,DEL,BOM,DEL-BOM,6E,IndiGo,1,6474,INR,0,,05:00,5,07:15,7,False,135,135,0,Airbus A321neo,87.0,102.0
2026-09-30,2026-09-30 14:36,2026-10-14,14,DEL,BOM,DEL-BOM,6E,IndiGo,1,6474,INR,0,,06:00,6,08:20,8,False,140,140,0,Airbus A321neo,87.0,102.0
2026-09-30,2026-09-30 14:36,2026-10-14,14,DEL,BOM,DEL-BOM,6E,IndiGo,1,6474,INR,0,,07:15,7,09:30,9,False,135,135,0,Airbus A321neo,87.0,102.0
2026-09-30,2026-09-30 14:36,2026-10-14,14,DEL,BOM,DEL-BOM,6E,IndiGo,1,6474,INR,0,,08:00,8,10:20,10,False,140,140,0,Airbus A321neo,87.0,102.0
2026-09-30,2026-09-30 14:36,2026-10-14,14,DEL,BOM,DEL-BOM,6E,IndiGo,1,6474,INR,0,,08:45,8,11:00,11,False,135,135,0,Airbus A321neo,87.0,102.0
2026-09-30,2026-09-30 14:36,2026-10-14,14,DEL,BOM,DEL-BOM,6E,IndiGo,1,6474,INR,0,,09:30,9,11:55,11,False,145,145,0,Airbus A321neo,87.0,102.0
2026-09-30,2026-09-30 14:36,2026-10-14,14,DEL,BOM,DEL-BOM,6E,IndiGo,1,6474,INR,0,,11:00,11,13:15,13,False,135,135,0,Airbus A321neo,87.0,102.0
2026-09-30,2026-09-30 14:36,2026-10-14,14,DEL,BOM,DEL-BOM,6E,IndiGo,1,6474,INR,0,,12:00,12,14:15,14,False,135,135,0,Airbus A321neo,87.0,102.0
2026-09-30,2026-09-30 14:36,2026-10-14,14,DEL,BOM,DEL-BOM,6E,IndiGo,1,6474,INR,0,,14:00,14,16:25,16,False,145,145,0,Airbus A321neo,87.0,102.0
2026-09-30,2026-09-30 14:36,2026-10-14,14,DEL,BOM,DEL-BOM,6E,IndiGo,1,6474,INR,0,,15:30,15,17:45,17,False,135,135,0,Airbus A321neo,87.0,102.0
2026-09-30,2026-09-30 14:36,2026-10-14,14,DEL,BOM,DEL-BOM,6E,IndiGo,1,6474,INR,0,,16:15,16,18:35,18,False,140,140,0,Airbus A321neo,87.0,102.0
2026-09-30,2026-09-30 14:36,2026-10-14,14,DEL,BOM,DEL-BOM,6E,IndiGo,1,6474,INR,0,,18:00,18,20:15,20,False,135,135,0,Airbus A321neo,87.0,102.0
2026-09-30,2026-09-30 14:36,2026-10-14,14,DEL,BOM,DEL-BOM,6E,IndiGo,1,6474,INR,0,,19:00,19,21:25,21,False,145,145,0,Airbus A321neo,87.0,102.0
2026-09-30,2026-09-30 14:36,2026-10-14,14,DEL,BOM,DEL-BOM,6E,IndiGo,1,6474,INR,0,,20:00,20,22:10,22,False,130,130,0,Airbus A321neo,87.0,102.0
2026-09-30,2026-09-30 14:36,2026-10-14,14,DEL,BOM,DEL-BOM,6E,IndiGo,1,6474,INR,0,,20:45,20,23:00,23,False,135,135,0,Airbus A321neo,87.0,102.0
2026-09-30,2026-09-30 14:36,2026-10-14,14,DEL,BOM,DEL-BOM,6E,IndiGo,1,6474,INR,0,,21:45,21,00:05,0,True,140,140,0,Airbus A321neo,87.0,102.0
2026-09-30,2026-09-30 14:36,2026-10-14,14,DEL,BOM,DEL-BOM,6E,IndiGo,1,6474,INR,0,,22:45,22,01:05,1,True,140,140,0,Airbus A321neo,87.0,102.0
2026-09-30,2026-09-30 14:36,2026-10-14,14,DEL,BOM,DEL-BOM,6E,IndiGo,1,6474,INR,0,,23:30,23,01:45,1,True,135,135,0,Airbus A321neo,87.0,102.0
2026-09-30,2026-09-30 14:36,2026-10-14,14,DEL,BOM,DEL-BOM,AI,Air India,1,6582,INR,0,,06:30,6,08:50,8,False,140,140,0,Airbus A320neo,102.0,102.0
2026-09-30,2026-09-30 14:36,2026-10-14,14,DEL,BOM,DEL-BOM,AI,Air India,1,6582,INR,0,,09:00,9,11:15,11,False,135,135,0,Airbus A320neo,102.0,102.0
2026-09-30,2026-09-30 14:36,2026-10-14,14,DEL,BOM,DEL-BOM,AI,Air India,1,6582,INR,0,,10:00,10,12:25,12,False,145,145,0,Airbus A320neo,102.0,102.0
2026-09-30,2026-09-30 14:36,2026-10-14,14,DEL,BOM,DEL-BOM,AI,Air India,1,6582,INR,0,,12:00,12,14:25,14,False,145,145,0,Airbus A320neo,102.0,102.0
2026-09-30,2026-09-30 14:36,2026-10-14,14,DEL,BOM,DEL-BOM,AI,Air India,1,6582,INR,0,,16:00,16,18:25,18,False,145,145,0,Airbus A320neo,102.0,102.0
2026-09-30,2026-09-30 14:36,2026-10-14,14,DEL,BOM,DEL-BOM,IX,Air India Express,1,6610,INR,0,,17:50,17,20:10,20,False,140,140,0,Airbus A320,116.0,102.0
2026-09-30,2026-09-30 14:36,2026-10-14,14,DEL,BOM,DEL-BOM,IX,Air India Express,1,6610,INR,0,,23:25,23,01:50,1,True,145,145,0,Boeing 737MAX 8 Passenger,101.0,102.0
2026-09-30,2026-09-30 14:36,2026-10-14,14,DEL,BOM,DEL-BOM,6E,IndiGo,1,6632,INR,0,,10:15,10,12:35,12,False,140,140,0,Airbus A321neo,87.0,102.0
2026-09-30,2026-09-30 14:36,2026-10-14,14,DEL,BOM,DEL-BOM,AI,Air India,1,6682,INR,0,,23:00,23,01:25,1,True,145,145,0,Airbus A320neo,102.0,102.0
2026-09-30,2026-09-30 14:36,2026-10-14,14,DEL,BOM,DEL-BOM,SG,SpiceJet,1,6697,INR,0,,04:30,4,06:50,6,False,140,140,0,Boeing 737,102.0,102.0
2026-09-30,2026-09-30 14:36,2026-10-14,14,DEL,BOM,DEL-BOM,SG,SpiceJet,1,6697,INR,0,,22:30,22,00:50,0,True,140,140,0,Boeing 737,122.0,102.0
2026-09-30,2026-09-30 14:36,2026-10-14,14,DEL,BOM,DEL-BOM,AI,Air India,1,6792,INR,0,,07:00,7,09:25,9,False,145,145,0,Airbus A320neo,102.0,102.0
2026-09-30,2026-09-30 14:36,2026-10-14,14,DEL,BOM,DEL-BOM,AI,Air India,1,6792,INR,0,,07:30,7,09:55,9,False,145,145,0,Airbus A350,100.0,102.0
2026-09-30,2026-09-30 14:36,2026-10-14,14,DEL,BOM,DEL-BOM,AI,Air India,1,6792,INR,0,,19:30,19,21:55,21,False,145,145,0,Airbus A320neo,102.0,102.0
2026-09-30,2026-09-30 14:36,2026-10-14,14,DEL,BOM,DEL-BOM,AI,Air India,1,6792,INR,0,,20:30,20,23:05,23,False,155,155,0,Airbus A320neo,102.0,102.0
2026-09-30,2026-09-30 14:36,2026-10-14,14,DEL,BOM,DEL-BOM,AI,Air India,1,6792,INR,0,,21:00,21,23:20,23,False,140,140,0,Airbus A320neo,102.0,102.0
2026-09-30,2026-09-30 14:36,2026-10-14,14,DEL,BOM,DEL-BOM,AI,Air India,1,6792,INR,0,,21:30,21,23:55,23,False,145,145,0,Airbus A320neo,102.0,102.0
2026-09-30,2026-09-30 14:36,2026-10-14,14,DEL,BOM,DEL-BOM,AI,Air India,1,6792,INR,0,,22:00,22,00:25,0,True,145,145,0,Airbus A321,130.0,102.0
2026-09-30,2026-09-30 14:36,2026-10-14,14,DEL,BOM,DEL-BOM,6E,IndiGo,1,6842,INR,0,,13:00,13,15:10,15,False,130,130,0,Airbus A321neo,87.0,102.0
2026-09-30,2026-09-30 14:36,2026-10-14,14,DEL,BOM,DEL-BOM,QP,Akasa Air,1,6880,INR,0,,06:50,6,09:10,9,False,140,140,0,Boeing 737MAX 8 Passenger,91.0,102.0
2026-09-30,2026-09-30 14:36,2026-10-14,14,DEL,BOM,DEL-BOM,QP,Akasa Air,1,6880,INR,0,,08:40,8,11:05,11,False,145,145,0,Boeing 737MAX 8 Passenger,90.0,102.0
2026-09-30,2026-09-30 14:36,2026-10-14,14,DEL,BOM,DEL-BOM,QP,Akasa Air,1,6880,INR,0,,10:00,10,12:20,12,False,140,140,0,Boeing 737MAX 8 Passenger,90.0,102.0
2026-09-30,2026-09-30 14:36,2026-10-14,14,DEL,BOM,DEL-BOM,QP,Akasa Air,1,6880,INR,0,,16:00,16,18:20,18,False,140,140,0,Boeing 737MAX 8 Passenger,90.0,102.0
2026-09-30,2026-09-30 14:36,2026-10-14,14,DEL,BOM,DEL-BOM,QP,Akasa Air,1,6880,INR,0,,17:30,17,19:50,19,False,140,140,0,Boeing 737MAX 8 Passenger,86.0,102.0
2026-09-30,2026-09-30 14:36,2026-10-14,14,DEL,BOM,DEL-BOM,QP,Akasa Air,1,6880,INR,0,,19:55,19,22:20,22,False,145,145,0,Boeing 737MAX 8 Passenger,90.0,102.0
2026-09-30,2026-09-30 14:36,2026-10-14,14,DEL,BOM,DEL-BOM,AI,Air India,1,6960,INR,0,,08:30,8,10:40,10,False,130,130,0,Airbus A320neo,102.0,102.0
2026-09-30,2026-09-30 14:36,2026-10-14,14,DEL,BOM,DEL-BOM,AI,Air India,1,7018,INR,0,,20:00,20,22:25,22,False,145,145,0,Airbus A321,130.0,102.0
2026-09-30,2026-09-30 14:36,2026-10-14,14,DEL,BOM,DEL-BOM,AI,Air India,1,7055,INR,0,,17:00,17,19:25,19,False,145,145,0,Boeing 777,115.0,102.0
2026-09-30,2026-09-30 14:36,2026-10-14,14,DEL,BOM,DEL-BOM,6E,IndiGo,1,7419,INR,0,,17:00,17,19:15,19,False,135,135,0,Airbus A321neo,87.0,102.0
2026-09-30,2026-09-30 14:36,2026-10-14,14,DEL,BOM,DEL-BOM,AI,Air India,1,7459,INR,0,,18:00,18,20:25,20,False,145,145,0,Airbus A320neo,102.0,102.0
2026-09-30,2026-09-30 14:36,2026-10-14,14,DEL,BOM,DEL-BOM,AI,Air India,1,7753,INR,0,,19:00,19,21:25,21,False,145,145,0,Airbus A320neo,102.0,102.0
2026-09-30,2026-09-30 14:36,2026-10-21,21,DEL,BOM,DEL-BOM,SG,SpiceJet,1,6801,INR,0,,04:30,4,06:50,6,False,140,140,0,Boeing 737,102.0,102.0
2026-09-30,2026-09-30 14:36,2026-10-21,21,DEL,BOM,DEL-BOM,AI,Air India,1,6913,INR,0,,10:00,10,12:25,12,False,145,145,0,Airbus A320neo,102.0,102.0
2026-09-30,2026-09-30 14:36,2026-10-21,21,DEL,BOM,DEL-BOM,AI,Air India,1,6913,INR,0,,10:30,10,12:50,12,False,140,140,0,Airbus A320neo,102.0,102.0
2026-09-30,2026-09-30 14:36,2026-10-21,21,DEL,BOM,DEL-BOM,AI,Air India,1,6913,INR,0,,11:00,11,13:25,13,False,145,145,0,Boeing 787,103.0,102.0
2026-09-30,2026-09-30 14:36,2026-10-21,21,DEL,BOM,DEL-BOM,6E,IndiGo,1,6963,INR,0,,03:00,3,05:20,5,False,140,140,0,Airbus A321neo,87.0,102.0
2026-09-30,2026-09-30 14:36,2026-10-21,21,DEL,BOM,DEL-BOM,6E,IndiGo,1,6963,INR,0,,05:00,5,07:15,7,False,135,135,0,Airbus A321neo,87.0,102.0
2026-09-30,2026-09-30 14:36,2026-10-21,21,DEL,BOM,DEL-BOM,6E,IndiGo,1,6963,INR,0,,07:15,7,09:30,9,False,135,135,0,Airbus A321neo,87.0,102.0
2026-09-30,2026-09-30 14:36,2026-10-21,21,DEL,BOM,DEL-BOM,6E,IndiGo,1,6963,INR,0,,08:00,8,10:20,10,False,140,140,0,Airbus A321neo,87.0,102.0
2026-09-30,2026-09-30 14:36,2026-10-21,21,DEL,BOM,DEL-BOM,6E,IndiGo,1,6963,INR,0,,08:45,8,11:00,11,False,135,135,0,Airbus A321neo,87.0,102.0
2026-09-30,2026-09-30 14:36,2026-10-21,21,DEL,BOM,DEL-BOM,6E,IndiGo,1,6963,INR,0,,09:30,9,11:55,11,False,145,145,0,Airbus A321neo,87.0,102.0
2026-09-30,2026-09-30 14:36,2026-10-21,21,DEL,BOM,DEL-BOM,6E,IndiGo,1,6963,INR,0,,10:15,10,12:35,12,False,140,140,0,Airbus A321neo,87.0,102.0
2026-09-30,2026-09-30 14:36,2026-10-21,21,DEL,BOM,DEL-BOM,6E,IndiGo,1,6963,INR,0,,11:00,11,13:15,13,False,135,135,0,Airbus A321neo,87.0,102.0
2026-09-30,2026-09-30 14:36,2026-10-21,21,DEL,BOM,DEL-BOM,6E,IndiGo,1,6963,INR,0,,12:00,12,14:15,14,False,135,135,0,Airbus A321neo,87.0,102.0
2026-09-30,2026-09-30 14:36,2026-10-21,21,DEL,BOM,DEL-BOM,6E,IndiGo,1,6963,INR,0,,14:00,14,16:25,16,False,145,145,0,Airbus A321neo,87.0,102.0
2026-09-30,2026-09-30 14:36,2026-10-21,21,DEL,BOM,DEL-BOM,6E,IndiGo,1,6963,INR,0,,14:45,14,17:00,17,False,135,135,0,Airbus A321neo,87.0,102.0
2026-09-30,2026-09-30 14:36,2026-10-21,21,DEL,BOM,DEL-BOM,6E,IndiGo,1,6963,INR,0,,18:00,18,20:15,20,False,135,135,0,Airbus A321neo,87.0,102.0
2026-09-30,2026-09-30 14:36,2026-10-21,21,DEL,BOM,DEL-BOM,6E,IndiGo,1,6963,INR,0,,19:00,19,21:25,21,False,145,145,0,Airbus A321neo,87.0,102.0
2026-09-30,2026-09-30 14:36,2026-10-21,21,DEL,BOM,DEL-BOM,6E,IndiGo,1,6963,INR,0,,20:00,20,22:10,22,False,130,130,0,Airbus A321neo,87.0,102.0
2026-09-30,2026-09-30 14:36,2026-10-21,21,DEL,BOM,DEL-BOM,6E,IndiGo,1,6963,INR,0,,20:45,20,23:00,23,False,135,135,0,Airbus A321neo,87.0,102.0
2026-09-30,2026-09-30 14:36,2026-10-21,21,DEL,BOM,DEL-BOM,6E,IndiGo,1,6963,INR,0,,22:45,22,01:05,1,True,140,140,0,Airbus A321neo,87.0,102.0
2026-09-30,2026-09-30 14:36,2026-10-21,21,DEL,BOM,DEL-BOM,6E,IndiGo,1,6963,INR,0,,23:30,23,01:45,1,True,135,135,0,Airbus A321neo,87.0,102.0
2026-09-30,2026-09-30 14:36,2026-10-21,21,DEL,BOM,DEL-BOM,AI,Air India,1,7086,INR,0,,12:00,12,14:25,14,False,145,145,0,Airbus A320neo,102.0,102.0
2026-09-30,2026-09-30 14:36,2026-10-21,21,DEL,BOM,DEL-BOM,6E,IndiGo,1,7113,INR,0,,16:15,16,18:35,18,False,140,140,0,Airbus A321neo,87.0,102.0
2026-09-30,2026-09-30 14:36,2026-10-21,21,DEL,BOM,DEL-BOM,6E,IndiGo,1,7113,INR,0,,21:45,21,00:05,0,True,140,140,0,Airbus A321neo,87.0,102.0
2026-09-30,2026-09-30 14:36,2026-10-21,21,DEL,BOM,DEL-BOM,AI,Air India,1,7196,INR,0,,23:00,23,01:25,1,True,145,145,0,Airbus A320neo,102.0,102.0
2026-09-30,2026-09-30 14:36,2026-10-21,21,DEL,BOM,DEL-BOM,QP,Akasa Air,1,7327,INR,0,,08:40,8,11:05,11,False,145,145,0,Boeing 737MAX 8 Passenger,90.0,102.0
2026-09-30,2026-09-30 14:36,2026-10-21,21,DEL,BOM,DEL-BOM,QP,Akasa Air,1,7327,INR,0,,10:00,10,12:20,12,False,140,140,0,Boeing 737MAX 8 Passenger,90.0,102.0
2026-09-30,2026-09-30 14:36,2026-10-21,21,DEL,BOM,DEL-BOM,QP,Akasa Air,1,7327,INR,0,,16:00,16,18:20,18,False,140,140,0,Boeing 737MAX 8 Passenger,90.0,102.0
2026-09-30,2026-09-30 14:36,2026-10-21,21,DEL,BOM,DEL-BOM,QP,Akasa Air,1,7327,INR,0,,19:55,19,22:20,22,False,145,145,0,Boeing 737MAX 8 Passenger,90.0,102.0
2026-09-30,2026-09-30 14:36,2026-10-21,21,DEL,BOM,DEL-BOM,AI,Air India,1,7364,INR,0,,05:00,5,07:25,7,False,145,145,0,Airbus A320neo,102.0,102.0
2026-09-30,2026-09-30 14:36,2026-10-21,21,DEL,BOM,DEL-BOM,AI,Air India,1,7364,INR,0,,07:00,7,09:25,9,False,145,145,0,Airbus A320neo,102.0,102.0
2026-09-30,2026-09-30 14:36,2026-10-21,21,DEL,BOM,DEL-BOM,AI,Air India,1,7364,INR,0,,13:30,13,15:50,15,False,140,140,0,Airbus A320neo,102.0,102.0
2026-09-30,2026-09-30 14:36,2026-10-21,21,DEL,BOM,DEL-BOM,AI,Air India,1,7364,INR,0,,16:30,16,18:50,18,False,140,140,0,Airbus A320neo,102.0,102.0
2026-09-30,2026-09-30 14:36,2026-10-21,21,DEL,BOM,DEL-BOM,AI,Air India,1,7364,INR,0,,20:30,20,23:05,23,False,155,155,0,Airbus A320neo,102.0,102.0
2026-09-30,2026-09-30 14:36,2026-10-21,21,DEL,BOM,DEL-BOM,AI,Air India,1,7364,INR,0,,21:00,21,23:20,23,False,140,140,0,Airbus A320neo,102.0,102.0
2026-09-30,2026-09-30 14:36,2026-10-21,21,DEL,BOM,DEL-BOM,6E,IndiGo,1,7413,INR,0,,06:00,6,08:20,8,False,140,140,0,Airbus A321neo,87.0,102.0
2026-09-30,2026-09-30 14:36,2026-10-21,21,DEL,BOM,DEL-BOM,6E,IndiGo,1,7413,INR,0,,17:00,17,19:15,19,False,135,135,0,Airbus A321neo,87.0,102.0
2026-09-30,2026-09-30 14:36,2026-10-21,21,DEL,BOM,DEL-BOM,QP,Akasa Air,1,7453,INR,0,,06:50,6,09:10,9,False,140,140,0,Boeing 737MAX 8 Passenger,86.0,102.0
2026-09-30,2026-09-30 14:36,2026-10-21,21,DEL,BOM,DEL-BOM,AI,Air India,1,7548,INR,0,,07:30,7,09:55,9,False,145,145,0,Airbus A350,100.0,102.0
2026-09-30,2026-09-30 14:36,2026-10-21,21,DEL,BOM,DEL-BOM,AI,Air India,1,7548,INR,0,,16:00,16,18:25,18,False,145,145,0,Airbus A320neo,102.0,102.0
2026-09-30,2026-09-30 14:36,2026-10-21,21,DEL,BOM,DEL-BOM,AI,Air India,1,7548,INR,0,,19:30,19,21:55,21,False,145,145,0,Airbus A320neo,102.0,102.0
2026-09-30,2026-09-30 14:36,2026-10-21,21,DEL,BOM,DEL-BOM,AI,Air India,1,7548,INR,0,,21:30,21,23:55,23,False,145,145,0,Airbus A320neo,102.0,102.0
2026-09-30,2026-09-30 14:36,2026-10-21,21,DEL,BOM,DEL-BOM,AI,Air India,1,7669,INR,0,,20:00,20,22:25,22,False,145,145,0,Airbus A321,130.0,102.0
2026-09-30,2026-09-30 14:36,2026-10-21,21,DEL,BOM,DEL-BOM,AI,Air India,1,7837,INR,0,,06:30,6,08:50,8,False,140,140,0,Airbus A320neo,102.0,102.0
2026-09-30,2026-09-30 14:36,2026-10-21,21,DEL,BOM,DEL-BOM,AI,Air India,1,7837,INR,0,,08:30,8,10:40,10,False,130,130,0,Airbus A320neo,102.0,102.0
2026-09-30,2026-09-30 14:36,2026-10-21,21,DEL,BOM,DEL-BOM,AI,Air India,1,7837,INR,0,,22:00,22,00:25,0,True,145,145,0,Airbus A321,130.0,102.0
2026-09-30,2026-09-30 14:36,2026-10-21,21,DEL,BOM,DEL-BOM,AI,Air India,1,7853,INR,0,,18:00,18,20:25,20,False,145,145,0,Airbus A320neo,102.0,102.0
2026-09-30,2026-09-30 14:36,2026-10-21,21,DEL,BOM,DEL-BOM,AI,Air India,1,7853,INR,0,,19:00,19,21:25,21,False,145,145,0,Airbus A320neo,102.0,102.0
2026-09-30,2026-09-30 14:36,2026-10-21,21,DEL,BOM,DEL-BOM,6E,IndiGo,1,8013,INR,0,,15:30,15,17:45,17,False,135,135,0,Airbus A321neo,87.0,102.0
2026-09-30,2026-09-30 14:36,2026-10-21,21,DEL,BOM,DEL-BOM,IX,Air India Express,1,8024,INR,0,,23:25,23,01:50,1,True,145,145,0,Boeing 737MAX 8 Passenger,103.0,102.0
2026-09-30,2026-09-30 14:36,2026-10-21,21,DEL,BOM,DEL-BOM,AI,Air India,1,8152,INR,0,,17:00,17,19:25,19,False,145,145,0,Boeing 777,115.0,102.0
2026-09-30,2026-09-30 14:36,2026-10-21,21,DEL,BOM,DEL-BOM,AI,Air India,1,8467,INR,0,,09:00,9,11:15,11,False,135,135,0,Airbus A320neo,102.0,102.0
2026-09-30,2026-09-30 14:36,2026-10-21,21,DEL,BOM,DEL-BOM,AI,Air India,1,9968,INR,0,,15:30,15,17:55,17,False,145,145,0,Airbus A320neo,102.0,102.0
2026-09-30,2026-09-30 14:36,2026-10-30,30,DEL,BOM,DEL-BOM,SG,SpiceJet,1,6801,INR,0,,05:45,5,08:05,8,False,140,140,0,Boeing 737,122.0,102.0
2026-09-30,2026-09-30 14:36,2026-10-30,30,DEL,BOM,DEL-BOM,SG,SpiceJet,1,6801,INR,0,,06:30,6,08:45,8,False,135,135,0,Boeing 737,102.0,102.0
2026-09-30,2026-09-30 14:36,2026-10-30,30,DEL,BOM,DEL-BOM,AI,Air India,1,6913,INR,0,,05:30,5,07:55,7,False,145,145,0,Airbus A321,130.0,102.0
2026-09-30,2026-09-30 14:36,2026-10-30,30,DEL,BOM,DEL-BOM,AI,Air India,1,6913,INR,0,,10:30,10,12:55,12,False,145,145,0,Airbus A320neo,102.0,102.0
2026-09-30,2026-09-30 14:36,2026-10-30,30,DEL,BOM,DEL-BOM,AI,Air India,1,6913,INR,0,,11:00,11,13:25,13,False,145,145,0,Airbus A320neo,102.0,102.0
2026-09-30,2026-09-30 14:36,2026-10-30,30,DEL,BOM,DEL-BOM,AI,Air India,1,6913,INR,0,,12:00,12,14:25,14,False,145,145,0,Airbus A321,130.0,102.0
2026-09-30,2026-09-30 14:36,2026-10-30,30,DEL,BOM,DEL-BOM,AI,Air India,1,6913,INR,0,,17:30,17,19:55,19,False,145,145,0,Airbus A320neo,102.0,102.0
2026-09-30,2026-09-30 14:36,2026-10-30,30,DEL,BOM,DEL-BOM,AI,Air India,1,6913,INR,0,,22:30,22,00:55,0,True,145,145,0,Airbus A320neo,102.0,102.0
2026-09-30,2026-09-30 14:36,2026-10-30,30,DEL,BOM,DEL-BOM,QP,Akasa Air,1,6959,INR,0,,10:15,10,12:40,12,False,145,145,0,Boeing 737MAX 8 Passenger,86.0,102.0
2026-09-30,2026-09-30 14:36,2026-10-30,30,DEL,BOM,DEL-BOM,6E,IndiGo,1,6963,INR,0,,03:30,3,05:55,5,False,145,145,0,Airbus A321neo,87.0,102.0
2026-09-30,2026-09-30 14:36,2026-10-30,30,DEL,BOM,DEL-BOM,6E,IndiGo,1,6963,INR,0,,05:00,5,07:25,7,False,145,145,0,Airbus A321neo,87.0,102.0
2026-09-30,2026-09-30 14:36,2026-10-30,30,DEL,BOM,DEL-BOM,6E,IndiGo,1,6963,INR,0,,10:15,10,12:40,12,False,145,145,0,Airbus A321neo,87.0,102.0
2026-09-30,2026-09-30 14:36,2026-10-30,30,DEL,BOM,DEL-BOM,6E,IndiGo,1,6963,INR,0,,11:00,11,13:25,13,False,145,145,0,Airbus A321neo,87.0,102.0
2026-09-30,2026-09-30 14:36,2026-10-30,30,DEL,BOM,DEL-BOM,6E,IndiGo,1,6963,INR,0,,11:45,11,14:15,14,False,150,150,0,Airbus A321neo,87.0,102.0
2026-09-30,2026-09-30 14:36,2026-10-30,30,DEL,BOM,DEL-BOM,6E,IndiGo,1,6963,INR,0,,12:30,12,14:55,14,False,145,145,0,Airbus A321neo,87.0,102.0
2026-09-30,2026-09-30 14:36,2026-10-30,30,DEL,BOM,DEL-BOM,6E,IndiGo,1,6963,INR,0,,14:00,14,16:25,16,False,145,145,0,Airbus A321neo,87.0,102.0
2026-09-30,2026-09-30 14:36,2026-10-30,30,DEL,BOM,DEL-BOM,6E,IndiGo,1,6963,INR,0,,14:45,14,17:10,17,False,145,145,0,Airbus A321neo,87.0,102.0
2026-09-30,2026-09-30 14:36,2026-10-30,30,DEL,BOM,DEL-BOM,6E,IndiGo,1,6963,INR,0,,15:30,15,17:55,17,False,145,145,0,Airbus A321neo,87.0,102.0
2026-09-30,2026-09-30 14:36,2026-10-30,30,DEL,BOM,DEL-BOM,6E,IndiGo,1,6963,INR,0,,16:15,16,18:40,18,False,145,145,0,Airbus A321neo,87.0,102.0
2026-09-30,2026-09-30 14:36,2026-10-30,30,DEL,BOM,DEL-BOM,6E,IndiGo,1,6963,INR,0,,17:00,17,19:25,19,False,145,145,0,Airbus A321neo,87.0,102.0
2026-09-30,2026-09-30 14:36,2026-10-30,30,DEL,BOM,DEL-BOM,6E,IndiGo,1,6963,INR,0,,17:45,17,20:10,20,False,145,145,0,Airbus A321neo,87.0,102.0
2026-09-30,2026-09-30 14:36,2026-10-30,30,DEL,BOM,DEL-BOM,6E,IndiGo,1,6963,INR,0,,22:00,22,00:25,0,True,145,145,0,Airbus A321neo,87.0,102.0
2026-09-30,2026-09-30 14:36,2026-10-30,30,DEL,BOM,DEL-BOM,6E,IndiGo,1,6963,INR,0,,23:00,23,01:25,1,True,145,145,0,Airbus A321neo,87.0,102.0
2026-09-30,2026-09-30 14:36,2026-10-30,30,DEL,BOM,DEL-BOM,6E,IndiGo,1,7113,INR,0,,06:05,6,08:30,8,False,145,145,0,Airbus A321neo,87.0,102.0
2026-09-30,2026-09-30 14:36,2026-10-30,30,DEL,BOM,DEL-BOM,6E,IndiGo,1,7113,INR,0,,08:00,8,10:25,10,False,145,145,0,Airbus A321neo,87.0,102.0
2026-09-30,2026-09-30 14:36,2026-10-30,30,DEL,BOM,DEL-BOM,6E,IndiGo,1,7113,INR,0,,08:45,8,11:10,11,False,145,145,0,Airbus A321neo,87.0,102.0
2026-09-30,2026-09-30 14:36,2026-10-30,30,DEL,BOM,DEL-BOM,6E,IndiGo,1,7113,INR,0,,09:30,9,11:55,11,False,145,145,0,Airbus A321neo,87.0,102.0
2026-09-30,2026-09-30 14:36,2026-10-30,30,DEL,BOM,DEL-BOM,6E,IndiGo,1,7113,INR,0,,18:30,18,20:55,20,False,145,145,0,Airbus A321neo,87.0,102.0
2026-09-30,2026-09-30 14:36,2026-10-30,30,DEL,BOM,DEL-BOM,6E,IndiGo,1,7113,INR,0,,21:00,21,23:25,23,False,145,145,0,Airbus A321neo,87.0,102.0
2026-09-30,2026-09-30 14:36,2026-10-30,30,DEL,BOM,DEL-BOM,AI,Air India,1,7196,INR,0,,16:30,16,18:55,18,False,145,145,0,Airbus A320neo,102.0,102.0
2026-09-30,2026-09-30 14:36,2026-10-30,30,DEL,BOM,DEL-BOM,AI,Air India,1,7196,INR,0,,17:00,17,19:25,19,False,145,145,0,Boeing 777,115.0,102.0
2026-09-30,2026-09-30 14:36,2026-10-30,30,DEL,BOM,DEL-BOM,AI,Air India,1,7196,INR,0,,23:00,23,01:25,1,True,145,145,0,Airbus A320neo,102.0,102.0
2026-09-30,2026-09-30 14:36,2026-10-30,30,DEL,BOM,DEL-BOM,QP,Akasa Air,1,7201,INR,0,,16:20,16,18:45,18,False,145,145,0,Boeing 737MAX 8 Passenger,90.0,102.0
2026-09-30,2026-09-30 14:36,2026-10-30,30,DEL,BOM,DEL-BOM,QP,Akasa Air,1,7201,INR,0,,19:55,19,22:25,22,False,150,150,0,Boeing 737MAX 8 Passenger,86.0,102.0
2026-09-30,2026-09-30 14:36,2026-10-30,30,DEL,BOM,DEL-BOM,AI,Air India,1,7254,INR,0,,21:30,21,23:55,23,False,145,145,0,Airbus A320neo,102.0,102.0
2026-09-30,2026-09-30 14:36,2026-10-30,30,DEL,BOM,DEL-BOM,IX,Air India Express,1,7313,INR,0,,20:40,20,23:10,23,False,150,150,0,Boeing 737MAX 8 Passenger,101.0,102.0
2026-09-30,2026-09-30 14:36,2026-10-30,30,DEL,BOM,DEL-BOM,AI,Air India,1,7364,INR,0,,06:30,6,08:55,8,False,145,145,0,Airbus A320neo,102.0,102.0
2026-09-30,2026-09-30 14:36,2026-10-30,30,DEL,BOM,DEL-BOM,AI,Air India,1,7364,INR,0,,09:00,9,11:15,11,False,135,135,0,Airbus A320neo,102.0,102.0
2026-09-30,2026-09-30 14:36,2026-10-30,30,DEL,BOM,DEL-BOM,AI,Air India,1,7364,INR,0,,09:30,9,11:55,11,False,145,145,0,Airbus A320neo,102.0,102.0
2026-09-30,2026-09-30 14:36,2026-10-30,30,DEL,BOM,DEL-BOM,AI,Air India,1,7364,INR,0,,22:00,22,00:25,0,True,145,145,0,Airbus A321,130.0,102.0
2026-09-30,2026-09-30 14:36,2026-10-30,30,DEL,BOM,DEL-BOM,6E,IndiGo,1,7413,INR,0,,19:15,19,21:40,21,False,145,145,0,Airbus A321neo,87.0,102.0
2026-09-30,2026-09-30 14:36,2026-10-30,30,DEL,BOM,DEL-BOM,6E,IndiGo,1,7413,INR,0,,20:00,20,22:25,22,False,145,145,0,Airbus A321neo,87.0,102.0
2026-09-30,2026-09-30 14:36,2026-10-30,30,DEL,BOM,DEL-BOM,QP,Akasa Air,1,7453,INR,0,,07:10,7,09:30,9,False,140,140,0,Boeing 737MAX 8 Passenger,86.0,102.0
2026-09-30,2026-09-30 14:36,2026-10-30,30,DEL,BOM,DEL-BOM,QP,Akasa Air,1,7453,INR,0,,21:45,21,00:10,0,True,145,145,0,Boeing 737MAX 8 Passenger,85.0,102.0
2026-09-30,2026-09-30 14:36,2026-10-30,30,DEL,BOM,DEL-BOM,AI,Air India,1,7548,INR,0,,07:30,7,09:45,9,False,135,135,0,Airbus A350,100.0,102.0
2026-09-30,2026-09-30 14:36,2026-10-30,30,DEL,BOM,DEL-BOM,AI,Air India,1,7548,INR,0,,19:30,19,21:55,21,False,145,145,0,Airbus A320neo,102.0,102.0
2026-09-30,2026-09-30 14:36,2026-10-30,30,DEL,BOM,DEL-BOM,AI,Air India,1,7732,INR,0,,21:00,21,23:25,23,False,145,145,0,Airbus A320neo,102.0,102.0
2026-09-30,2026-09-30 14:36,2026-10-30,30,DEL,BOM,DEL-BOM,AI,Air India,1,7853,INR,0,,18:00,18,20:25,20,False,145,145,0,Airbus A320neo,102.0,102.0
2026-09-30,2026-09-30 14:36,2026-10-30,30,DEL,BOM,DEL-BOM,AI,Air India,1,7853,INR,0,,19:00,19,21:25,21,False,145,145,0,Airbus A321,130.0,102.0
2026-09-30,2026-09-30 14:36,2026-10-30,30,DEL,BOM,DEL-BOM,AI,Air India,1,9270,INR,0,,20:30,20,22:55,22,False,145,145,0,Airbus A320neo,102.0,102.0
2026-09-30,2026-09-30 14:36,2026-10-30,30,DEL,BOM,DEL-BOM,AI,Air India,1,9968,INR,0,,07:00,7,09:25,9,False,145,145,0,Airbus A320neo,102.0,102.0
2026-09-30,2026-09-30 14:36,2026-10-30,30,DEL,BOM,DEL-BOM,AI,Air India,1,9968,INR,0,,15:30,15,17:45,17,False,135,135,0,Airbus A320neo,102.0,102.0
2026-09-30,2026-09-30 14:36,2026-11-14,45,DEL,BOM,DEL-BOM,SG,SpiceJet,1,8637,INR,0,,05:45,5,08:05,8,False,140,140,0,Boeing 737,99.0,102.0
2026-09-30,2026-09-30 14:36,2026-11-14,45,DEL,BOM,DEL-BOM,SG,SpiceJet,1,8637,INR,0,,06:30,6,08:45,8,False,135,135,0,Boeing 737,99.0,102.0
2026-09-30,2026-09-30 14:36,2026-11-14,45,DEL,BOM,DEL-BOM,SG,SpiceJet,1,8637,INR,0,,07:00,7,09:15,9,False,135,135,0,Boeing 737,99.0,102.0
2026-09-30,2026-09-30 14:36,2026-11-14,45,DEL,BOM,DEL-BOM,SG,SpiceJet,1,9239,INR,0,,09:50,9,12:05,12,False,135,135,0,Boeing 737,99.0,102.0
2026-09-30,2026-09-30 14:36,2026-11-14,45,DEL,BOM,DEL-BOM,6E,IndiGo,1,9609,INR,0,,05:00,5,07:25,7,False,145,145,0,Airbus A321neo,85.0,102.0
2026-09-30,2026-09-30 14:36,2026-11-14,45,DEL,BOM,DEL-BOM,6E,IndiGo,1,9609,INR,0,,07:00,7,09:25,9,False,145,145,0,Airbus A321neo,85.0,102.0
2026-09-30,2026-09-30 14:36,2026-11-14,45,DEL,BOM,DEL-BOM,6E,IndiGo,1,9609,INR,0,,08:00,8,10:25,10,False,145,145,0,Airbus A321neo,85.0,102.0
2026-09-30,2026-09-30 14:36,2026-11-14,45,DEL,BOM,DEL-BOM,6E,IndiGo,1,9609,INR,0,,08:45,8,11:10,11,False,145,145,0,Airbus A321neo,85.0,102.0
2026-09-30,2026-09-30 14:36,2026-11-14,45,DEL,BOM,DEL-BOM,6E,IndiGo,1,9609,INR,0,,09:30,9,11:55,11,False,145,145,0,Airbus A321neo,85.0,102.0
2026-09-30,2026-09-30 14:36,2026-11-14,45,DEL,BOM,DEL-BOM,SG,SpiceJet,1,9905,INR,0,,19:00,19,21:10,21,False,130,130,0,Boeing 737,99.0,102.0
2026-09-30,2026-09-30 14:36,2026-11-14,45,DEL,BOM,DEL-BOM,AI,Air India,1,9968,INR,0,,05:30,5,07:55,7,False,145,145,0,Airbus A321,127.0,102.0
2026-09-30,2026-09-30 14:36,2026-11-14,45,DEL,BOM,DEL-BOM,AI,Air India,1,9968,INR,0,,06:30,6,08:55,8,False,145,145,0,Airbus A320neo,100.0,102.0
2026-09-30,2026-09-30 14:36,2026-11-14,45,DEL,BOM,DEL-BOM,6E,IndiGo,1,10134,INR,0,,03:30,3,05:55,5,False,145,145,0,Airbus A321neo,85.0,102.0
2026-09-30,2026-09-30 14:36,2026-11-14,45,DEL,BOM,DEL-BOM,6E,IndiGo,1,10134,INR,0,,10:15,10,12:40,12,False,145,145,0,Airbus A321neo,85.0,102.0
2026-09-30,2026-09-30 14:36,2026-11-14,45,DEL,BOM,DEL-BOM,AI,Air India,1,10231,INR,0,,07:30,7,09:45,9,False,135,135,0,Airbus A350,98.0,102.0
2026-09-30,2026-09-30 14:36,2026-11-14,45,DEL,BOM,DEL-BOM,QP,Akasa Air,1,10419,INR,0,,10:15,10,12:40,12,False,145,145,0,Boeing 737MAX 8 Passenger,84.0,102.0
2026-09-30,2026-09-30 14:36,2026-11-14,45,DEL,BOM,DEL-BOM,SG,SpiceJet,1,10637,INR,0,,17:10,17,19:25,19,False,135,135,0,Boeing 737,99.0,102.0
2026-09-30,2026-09-30 14:36,2026-11-14,45,DEL,BOM,DEL-BOM,6E,IndiGo,1,10659,INR,0,,11:00,11,13:25,13,False,145,145,0,Airbus A321neo,85.0,102.0
2026-09-30,2026-09-30 14:36,2026-11-14,45,DEL,BOM,DEL-BOM,6E,IndiGo,1,10659,INR,0,,11:45,11,14:15,14,False,150,150,0,Airbus A321neo,85.0,102.0
2026-09-30,2026-09-30 14:36,2026-11-14,45,DEL,BOM,DEL-BOM,6E,IndiGo,1,10659,INR,0,,12:30,12,14:55,14,False,145,145,0,Airbus A321neo,85.0,102.0
2026-09-30,2026-09-30 14:36,2026-11-14,45,DEL,BOM,DEL-BOM,6E,IndiGo,1,10659,INR,0,,13:15,13,15:40,15,False,145,145,0,Airbus A321neo,85.0,102.0
2026-09-30,2026-09-30 14:36,2026-11-14,45,DEL,BOM,DEL-BOM,6E,IndiGo,1,11289,INR,0,,14:00,14,16:25,16,False,145,145,0,Airbus A321neo,85.0,102.0
2026-09-30,2026-09-30 14:36,2026-11-14,45,DEL,BOM,DEL-BOM,6E,IndiGo,1,11289,INR,0,,14:45,14,17:10,17,False,145,145,0,Airbus A321neo,85.0,102.0
2026-09-30,2026-09-30 14:36,2026-11-14,45,DEL,BOM,DEL-BOM,6E,IndiGo,1,11289,INR,0,,23:00,23,01:25,1,True,145,145,0,Airbus A321neo,85.0,102.0
2026-09-30,2026-09-30 14:36,2026-11-14,45,DEL,BOM,DEL-BOM,6E,IndiGo,1,12024,INR,0,,15:30,15,17:55,17,False,145,145,0,Airbus A321neo,85.0,102.0
2026-09-30,2026-09-30 14:36,2026-11-14,45,DEL,BOM,DEL-BOM,6E,IndiGo,1,12024,INR,0,,16:15,16,18:40,18,False,145,145,0,Airbus A321neo,85.0,102.0
2026-09-30,2026-09-30 14:36,2026-11-14,45,DEL,BOM,DEL-BOM,6E,IndiGo,1,12024,INR,0,,17:45,17,20:10,20,False,145,145,0,Airbus A321neo,85.0,102.0
2026-09-30,2026-09-30 14:36,2026-11-14,45,DEL,BOM,DEL-BOM,6E,IndiGo,1,12024,INR,0,,19:15,19,21:40,21,False,145,145,0,Airbus A321neo,85.0,102.0
2026-09-30,2026-09-30 14:36,2026-11-14,45,DEL,BOM,DEL-BOM,6E,IndiGo,1,12024,INR,0,,21:00,21,23:25,23,False,145,145,0,Airbus A321neo,85.0,102.0
2026-09-30,2026-09-30 14:36,2026-11-14,45,DEL,BOM,DEL-BOM,6E,IndiGo,1,12024,INR,0,,22:00,22,00:25,0,True,145,145,0,Airbus A321neo,85.0,102.0
2026-09-30,2026-09-30 14:36,2026-11-14,45,DEL,BOM,DEL-BOM,QP,Akasa Air,1,12044,INR,0,,16:20,16,18:45,18,False,145,145,0,Boeing 737MAX 8 Passenger,88.0,102.0
2026-09-30,2026-09-30 14:36,2026-11-14,45,DEL,BOM,DEL-BOM,QP,Akasa Air,1,12493,INR,0,,21:45,21,00:10,0,True,145,145,0,Boeing 737MAX 8 Passenger,83.0,102.0
2026-09-30,2026-09-30 14:36,2026-11-14,45,DEL,BOM,DEL-BOM,IX,Air India Express,1,12623,INR,0,,08:50,8,11:15,11,False,145,145,0,Boeing 737MAX 8 Passenger,98.0,102.0
2026-09-30,2026-09-30 14:36,2026-11-14,45,DEL,BOM,DEL-BOM,6E,IndiGo,1,12864,INR,0,,17:00,17,19:25,19,False,145,145,0,Airbus A321neo,85.0,102.0
2026-09-30,2026-09-30 14:36,2026-11-14,45,DEL,BOM,DEL-BOM,6E,IndiGo,1,12864,INR,0,,18:30,18,20:55,20,False,145,145,0,Airbus A321neo,85.0,102.0
2026-09-30,2026-09-30 14:36,2026-11-14,45,DEL,BOM,DEL-BOM,6E,IndiGo,1,12864,INR,0,,20:00,20,22:25,22,False,145,145,0,Airbus A321neo,85.0,102.0
2026-09-30,2026-09-30 14:36,2026-11-14,45,DEL,BOM,DEL-BOM,AI,Air India,1,12887,INR,0,,10:30,10,12:55,12,False,145,145,0,Airbus A320neo,100.0,102.0
2026-09-30,2026-09-30 14:36,2026-11-14,45,DEL,BOM,DEL-BOM,AI,Air India,1,12887,INR,0,,11:00,11,13:25,13,False,145,145,0,Airbus A320neo,100.0,102.0
2026-09-30,2026-09-30 14:36,2026-11-14,45,DEL,BOM,DEL-BOM,AI,Air India,1,12887,INR,0,,12:00,12,14:25,14,False,145,145,0,Airbus A321,127.0,102.0
2026-09-30,2026-09-30 14:36,2026-11-14,45,DEL,BOM,DEL-BOM,AI,Air India,1,12887,INR,0,,13:00,13,15:25,15,False,145,145,0,Airbus A320neo,100.0,102.0
2026-09-30,2026-09-30 14:36,2026-11-14,45,DEL,BOM,DEL-BOM,AI,Air India,1,12887,INR,0,,13:30,13,15:45,15,False,135,135,0,Boeing 787,101.0,102.0
2026-09-30,2026-09-30 14:36,2026-11-14,45,DEL,BOM,DEL-BOM,AI,Air India,1,12887,INR,0,,13:30,13,15:55,15,False,145,145,0,Airbus A320neo,100.0,102.0
2026-09-30,2026-09-30 14:36,2026-11-14,45,DEL,BOM,DEL-BOM,AI,Air India,1,12887,INR,0,,15:30,15,17:45,17,False,135,135,0,Airbus A320neo,100.0,102.0
2026-09-30,2026-09-30 14:36,2026-11-14,45,DEL,BOM,DEL-BOM,AI,Air India,1,12887,INR,0,,16:30,16,18:55,18,False,145,145,0,Airbus A320neo,100.0,102.0
2026-09-30,2026-09-30 14:36,2026-11-14,45,DEL,BOM,DEL-BOM,AI,Air India,1,12887,INR,0,,17:00,17,19:25,19,False,145,145,0,Boeing 777,113.0,102.0
2026-09-30,2026-09-30 14:36,2026-11-14,45,DEL,BOM,DEL-BOM,AI,Air India,1,12887,INR,0,,17:30,17,19:55,19,False,145,145,0,Airbus A320neo,100.0,102.0
2026-09-30,2026-09-30 14:36,2026-11-14,45,DEL,BOM,DEL-BOM,AI,Air India,1,12887,INR,0,,20:30,20,22:55,22,False,145,145,0,Airbus A320neo,100.0,102.0
2026-09-30,2026-09-30 14:36,2026-11-14,45,DEL,BOM,DEL-BOM,AI,Air India,1,12887,INR,0,,21:00,21,23:25,23,False,145,145,0,Airbus A320neo,100.0,102.0
2026-09-30,2026-09-30 14:36,2026-11-14,45,DEL,BOM,DEL-BOM,AI,Air India,1,12887,INR,0,,21:30,21,23:55,23,False,145,145,0,Airbus A320neo,100.0,102.0
2026-09-30,2026-09-30 14:36,2026-11-14,45,DEL,BOM,DEL-BOM,AI,Air India,1,12887,INR,0,,22:00,22,00:25,0,True,145,145,0,Airbus A321,127.0,102.0
2026-09-30,2026-09-30 14:36,2026-11-14,45,DEL,BOM,DEL-BOM,AI,Air India,1,12887,INR,0,,22:30,22,00:55,0,True,145,145,0,Airbus A320neo,100.0,102.0
2026-09-30,2026-09-30 14:36,2026-11-14,45,DEL,BOM,DEL-BOM,AI,Air India,1,12887,INR,0,,23:00,23,01:25,1,True,145,145,0,Airbus A320neo,100.0,102.0
2026-09-30,2026-09-30 14:36,2026-11-14,45,DEL,BOM,DEL-BOM,AI,Air India,1,13239,INR,0,,19:30,19,21:55,21,False,145,145,0,Airbus A321,127.0,102.0
2026-09-30,2026-09-30 14:36,2026-11-14,45,DEL,BOM,DEL-BOM,QP,Akasa Air,1,13544,INR,0,,18:10,18,20:40,20,False,150,150,0,Boeing 737MAX 8 Passenger,88.0,102.0
2026-09-30,2026-09-30 14:36,2026-11-14,45,DEL,BOM,DEL-BOM,QP,Akasa Air,1,13544,INR,0,,19:55,19,22:25,22,False,150,150,0,Boeing 737MAX 8 Passenger,84.0,102.0
2026-09-30,2026-09-30 14:36,2026-11-14,45,DEL,BOM,DEL-BOM,AI,Air India,1,13591,INR,0,,18:00,18,20:25,20,False,145,145,0,Airbus A320neo,100.0,102.0
2026-09-30,2026-09-30 14:36,2026-11-14,45,DEL,BOM,DEL-BOM,AI,Air India,1,13591,INR,0,,19:00,19,21:25,21,False,145,145,0,Airbus A321,127.0,102.0
2026-09-30,2026-09-30 14:36,2026-11-14,45,DEL,BOM,DEL-BOM,IX,Air India Express,1,20308,INR,0,,20:40,20,23:10,23,False,150,150,0,Boeing 737MAX 8 Passenger,98.0,102.0
2026-09-30,2026-09-30 14:36,2026-11-29,60,DEL,BOM,DEL-BOM,SG,SpiceJet,1,6801,INR,0,,05:45,5,08:05,8,False,140,140,0,Boeing 737,99.0,102.0
2026-09-30,2026-09-30 14:36,2026-11-29,60,DEL,BOM,DEL-BOM,SG,SpiceJet,1,6801,INR,0,,06:30,6,08:45,8,False,135,135,0,Boeing 737,99.0,102.0
2026-09-30,2026-09-30 14:36,2026-11-29,60,DEL,BOM,DEL-BOM,SG,SpiceJet,1,6801,INR,0,,07:00,7,09:15,9,False,135,135,0,Boeing 737,99.0,102.0
2026-09-30,2026-09-30 14:36,2026-11-29,60,DEL,BOM,DEL-BOM,SG,SpiceJet,1,6801,INR,0,,09:30,9,11:50,11,False,140,140,0,Boeing 737,99.0,102.0
2026-09-30,2026-09-30 14:36,2026-11-29,60,DEL,BOM,DEL-BOM,SG,SpiceJet,1,6801,INR,0,,17:10,17,19:25,19,False,135,135,0,Boeing 737,99.0,102.0
2026-09-30,2026-09-30 14:36,2026-11-29,60,DEL,BOM,DEL-BOM,6E,IndiGo,1,6963,INR,0,,03:30,3,05:55,5,False,145,145,0,Airbus A321neo,85.0,102.0
2026-09-30,2026-09-30 14:36,2026-11-29,60,DEL,BOM,DEL-BOM,6E,IndiGo,1,6963,INR,0,,05:00,5,07:25,7,False,145,145,0,Airbus A321neo,85.0,102.0
2026-09-30,2026-09-30 14:36,2026-11-29,60,DEL,BOM,DEL-BOM,6E,IndiGo,1,6963,INR,0,,08:00,8,10:25,10,False,145,145,0,Airbus A321neo,85.0,102.0
2026-09-30,2026-09-30 14:36,2026-11-29,60,DEL,BOM,DEL-BOM,6E,IndiGo,1,6963,INR,0,,08:45,8,11:10,11,False,145,145,0,Airbus A321neo,85.0,102.0
2026-09-30,2026-09-30 14:36,2026-11-29,60,DEL,BOM,DEL-BOM,6E,IndiGo,1,6963,INR,0,,09:30,9,11:55,11,False,145,145,0,Airbus A321neo,85.0,102.0
2026-09-30,2026-09-30 14:36,2026-11-29,60,DEL,BOM,DEL-BOM,6E,IndiGo,1,6963,INR,0,,10:15,10,12:40,12,False,145,145,0,Airbus A321neo,85.0,102.0
2026-09-30,2026-09-30 14:36,2026-11-29,60,DEL,BOM,DEL-BOM,AI,Air India,1,7070,INR,0,,06:30,6,08:55,8,False,145,145,0,Airbus A320neo,100.0,102.0
2026-09-30,2026-09-30 14:36,2026-11-29,60,DEL,BOM,DEL-BOM,6E,IndiGo,1,7113,INR,0,,07:00,7,09:25,9,False,145,145,0,Airbus A321neo,85.0,102.0
2026-09-30,2026-09-30 14:36,2026-11-29,60,DEL,BOM,DEL-BOM,6E,IndiGo,1,7113,INR,0,,12:30,12,14:55,14,False,145,145,0,Airbus A321neo,85.0,102.0
2026-09-30,2026-09-30 14:36,2026-11-29,60,DEL,BOM,DEL-BOM,AI,Air India,1,7223,INR,0,,05:30,5,07:55,7,False,145,145,0,Airbus A321,127.0,102.0
2026-09-30,2026-09-30 14:36,2026-11-29,60,DEL,BOM,DEL-BOM,AI,Air India,1,7223,INR,0,,10:30,10,12:55,12,False,145,145,0,Airbus A320neo,100.0,102.0
2026-09-30,2026-09-30 14:36,2026-11-29,60,DEL,BOM,DEL-BOM,AI,Air India,1,7249,INR,0,,07:30,7,09:45,9,False,135,135,0,Airbus A350,98.0,102.0
2026-09-30,2026-09-30 14:36,2026-11-29,60,DEL,BOM,DEL-BOM,6E,IndiGo,1,7413,INR,0,,13:15,13,15:40,15,False,145,145,0,Airbus A321neo,85.0,102.0
2026-09-30,2026-09-30 14:36,2026-11-29,60,DEL,BOM,DEL-BOM,QP,Akasa Air,1,7453,INR,0,,07:10,7,09:30,9,False,140,140,0,Boeing 737MAX 8 Passenger,84.0,102.0
2026-09-30,2026-09-30 14:36,2026-11-29,60,DEL,BOM,DEL-BOM,QP,Akasa Air,1,7453,INR,0,,10:15,10,12:40,12,False,145,145,0,Boeing 737MAX 8 Passenger,84.0,102.0
2026-09-30,2026-09-30 14:36,2026-11-29,60,DEL,BOM,DEL-BOM,AI,Air India,1,7522,INR,0,,09:00,9,11:15,11,False,135,135,0,Airbus A320neo,100.0,102.0
2026-09-30,2026-09-30 14:36,2026-11-29,60,DEL,BOM,DEL-BOM,AI,Air India,1,7700,INR,0,,12:00,12,14:25,14,False,145,145,0,Airbus A321,127.0,102.0
2026-09-30,2026-09-30 14:36,2026-11-29,60,DEL,BOM,DEL-BOM,AI,Air India,1,7700,INR,0,,22:00,22,00:25,0,True,145,145,0,Airbus A321,127.0,102.0
2026-09-30,2026-09-30 14:36,2026-11-29,60,DEL,BOM,DEL-BOM,AI,Air India,1,7700,INR,0,,22:30,22,00:55,0,True,145,145,0,Airbus A320neo,100.0,102.0
2026-09-30,2026-09-30 14:36,2026-11-29,60,DEL,BOM,DEL-BOM,AI,Air India,1,7700,INR,0,,23:00,23,01:25,1,True,145,145,0,Airbus A320neo,100.0,102.0
2026-09-30,2026-09-30 14:36,2026-11-29,60,DEL,BOM,DEL-BOM,6E,IndiGo,1,7713,INR,0,,06:05,6,08:30,8,False,145,145,0,Airbus A321neo,85.0,102.0
2026-09-30,2026-09-30 14:36,2026-11-29,60,DEL,BOM,DEL-BOM,6E,IndiGo,1,7713,INR,0,,11:45,11,14:10,14,False,145,145,0,Airbus A321neo,85.0,102.0
2026-09-30,2026-09-30 14:36,2026-11-29,60,DEL,BOM,DEL-BOM,6E,IndiGo,1,7713,INR,0,,14:00,14,16:25,16,False,145,145,0,Airbus A321neo,85.0,102.0
2026-09-30,2026-09-30 14:36,2026-11-29,60,DEL,BOM,DEL-BOM,6E,IndiGo,1,7713,INR,0,,14:45,14,17:10,17,False,145,145,0,Airbus A321neo,85.0,102.0
2026-09-30,2026-09-30 14:36,2026-11-29,60,DEL,BOM,DEL-BOM,6E,IndiGo,1,7713,INR,0,,15:30,15,17:55,17,False,145,145,0,Airbus A321neo,85.0,102.0
2026-09-30,2026-09-30 14:36,2026-11-29,60,DEL,BOM,DEL-BOM,6E,IndiGo,1,7713,INR,0,,17:45,17,20:10,20,False,145,145,0,Airbus A321neo,85.0,102.0
2026-09-30,2026-09-30 14:36,2026-11-29,60,DEL,BOM,DEL-BOM,6E,IndiGo,1,7713,INR,0,,22:00,22,00:25,0,True,145,145,0,Airbus A321neo,85.0,102.0
2026-09-30,2026-09-30 14:36,2026-11-29,60,DEL,BOM,DEL-BOM,6E,IndiGo,1,7713,INR,0,,23:00,23,01:25,1,True,145,145,0,Airbus A321neo,85.0,102.0
2026-09-30,2026-09-30 14:36,2026-11-29,60,DEL,BOM,DEL-BOM,QP,Akasa Air,1,7851,INR,0,,19:55,19,22:25,22,False,150,150,0,Boeing 737MAX 8 Passenger,84.0,102.0
2026-09-30,2026-09-30 14:36,2026-11-29,60,DEL,BOM,DEL-BOM,AI,Air India,1,7895,INR,0,,21:30,21,23:55,23,False,145,145,0,Airbus A320neo,100.0,102.0
2026-09-30,2026-09-30 14:36,2026-11-29,60,DEL,BOM,DEL-BOM,QP,Akasa Air,1,7988,INR,0,,16:20,16,18:45,18,False,145,145,0,Boeing 737MAX 8 Passenger,88.0,102.0
2026-09-30,2026-09-30 14:36,2026-11-29,60,DEL,BOM,DEL-BOM,QP,Akasa Air,1,7988,INR,0,,18:10,18,20:40,20,False,150,150,0,Boeing 737MAX 8 Passenger,88.0,102.0
2026-09-30,2026-09-30 14:36,2026-11-29,60,DEL,BOM,DEL-BOM,QP,Akasa Air,1,7988,INR,0,,21:45,21,00:10,0,True,145,145,0,Boeing 737MAX 8 Passenger,83.0,102.0
2026-09-30,2026-09-30 14:36,2026-11-29,60,DEL,BOM,DEL-BOM,6E,IndiGo,1,8013,INR,0,,16:15,16,18:40,18,False,145,145,0,Airbus A321neo,85.0,102.0
2026-09-30,2026-09-30 14:36,2026-11-29,60,DEL,BOM,DEL-BOM,6E,IndiGo,1,8013,INR,0,,17:00,17,19:25,19,False,145,145,0,Airbus A321neo,85.0,102.0
2026-09-30,2026-09-30 14:36,2026-11-29,60,DEL,BOM,DEL-BOM,AI,Air India,1,8015,INR,0,,13:30,13,15:55,15,False,145,145,0,Airbus A320neo,100.0,102.0
2026-09-30,2026-09-30 14:36,2026-11-29,60,DEL,BOM,DEL-BOM,AI,Air India,1,8021,INR,0,,17:00,17,19:25,19,False,145,145,0,Boeing 777,113.0,102.0
2026-09-30,2026-09-30 14:36,2026-11-29,60,DEL,BOM,DEL-BOM,IX,Air India Express,1,8024,INR,0,,20:40,20,23:10,23,False,150,150,0,Boeing 737MAX 8 Passenger,98.0,102.0
2026-09-30,2026-09-30 14:36,2026-11-29,60,DEL,BOM,DEL-BOM,AI,Air India,1,8215,INR,0,,18:00,18,20:25,20,False,145,145,0,Airbus A320neo,100.0,102.0
2026-09-30,2026-09-30 14:36,2026-11-29,60,DEL,BOM,DEL-BOM,6E,IndiGo,1,8328,INR,0,,19:15,19,21:40,21,False,145,145,0,Airbus A321neo,85.0,102.0
2026-09-30,2026-09-30 14:36,2026-11-29,60,DEL,BOM,DEL-BOM,6E,IndiGo,1,8328,INR,0,,21:00,21,23:25,23,False,145,145,0,Airbus A321neo,85.0,102.0
2026-09-30,2026-09-30 14:36,2026-11-29,60,DEL,BOM,DEL-BOM,AI,Air India,1,8525,INR,0,,08:30,8,10:45,10,False,135,135,0,Airbus A320neo,100.0,102.0
2026-09-30,2026-09-30 14:36,2026-11-29,60,DEL,BOM,DEL-BOM,AI,Air India,1,8525,INR,0,,13:00,13,15:25,15,False,145,145,0,Airbus A320neo,100.0,102.0
2026-09-30,2026-09-30 14:36,2026-11-29,60,DEL,BOM,DEL-BOM,AI,Air India,1,8525,INR,0,,17:30,17,19:55,19,False,145,145,0,Airbus A320neo,100.0,102.0
2026-09-30,2026-09-30 14:36,2026-11-29,60,DEL,BOM,DEL-BOM,AI,Air India,1,8530,INR,0,,19:30,19,21:55,21,False,145,145,0,Airbus A321,127.0,102.0
2026-09-30,2026-09-30 14:36,2026-11-29,60,DEL,BOM,DEL-BOM,AI,Air India,1,8740,INR,0,,21:00,21,23:25,23,False,145,145,0,Airbus A320neo,100.0,102.0
2026-09-30,2026-09-30 14:36,2026-11-29,60,DEL,BOM,DEL-BOM,AI,Air India,1,8882,INR,0,,19:00,19,21:25,21,False,145,145,0,Airbus A321,127.0,102.0
2026-09-30,2026-09-30 14:36,2026-11-29,60,DEL,BOM,DEL-BOM,AI,Air India,1,8892,INR,0,,16:30,16,18:55,18,False,145,145,0,Airbus A320neo,100.0,102.0
2026-09-30,2026-09-30 14:36,2026-11-29,60,DEL,BOM,DEL-BOM,6E,IndiGo,1,9273,INR,0,,18:30,18,20:55,20,False,145,145,0,Airbus A321neo,85.0,102.0
2026-09-30,2026-09-30 14:36,2026-11-29,60,DEL,BOM,DEL-BOM,6E,IndiGo,1,9273,INR,0,,20:00,20,22:25,22,False,145,145,0,Airbus A321neo,85.0,102.0
2026-09-30,2026-09-30 14:36,2026-11-29,60,DEL,BOM,DEL-BOM,AI,Air India,1,9401,INR,0,,20:30,20,22:55,22,False,145,145,0,Airbus A320neo,100.0,102.0
2026-09-30,2026-09-30 14:36,2026-11-29,60,DEL,BOM,DEL-BOM,AI,Air India,1,10409,INR,0,,15:30,15,17:45,17,False,135,135,0,Airbus A320neo,100.0,102.0
2026-09-30,2026-09-30 14:36,2026-10-03,3,BOM,DEL,BOM-DEL,IX,Air India Express,1,6283,INR,1,BHO,13:10,13,21:35,21,False,505,200,305,Boeing 737MAX 8 Passenger | Boeing 737MAX 8 Passenger,140.0,105.0
2026-09-30,2026-09-30 14:36,2026-10-03,3,BOM,DEL,BOM-DEL,6E,IndiGo,1,6286,INR,1,BDQ,05:45,5,10:25,10,False,280,170,110,Airbus A321neo | Airbus A320neo,112.0,105.0
2026-09-30,2026-09-30 14:36,2026-10-03,3,BOM,DEL,BOM-DEL,AI,Air India,1,6346,INR,0,,23:55,23,02:15,2,True,140,140,0,Airbus A320neo,105.0,105.0
2026-09-30,2026-09-30 14:36,2026-10-03,3,BOM,DEL,BOM-DEL,AI,Air India,1,6457,INR,0,,07:30,7,09:45,9,False,135,135,0,Airbus A320neo,105.0,105.0
2026-09-30,2026-09-30 14:36,2026-10-03,3,BOM,DEL,BOM-DEL,AI,Air India,1,6457,INR,0,,08:00,8,10:20,10,False,140,140,0,Airbus A320neo,105.0,105.0
2026-09-30,2026-09-30 14:36,2026-10-03,3,BOM,DEL,BOM-DEL,AI,Air India,1,6457,INR,0,,09:30,9,11:50,11,False,140,140,0,Airbus A320neo,105.0,105.0
2026-09-30,2026-09-30 14:36,2026-10-03,3,BOM,DEL,BOM-DEL,AI,Air India,1,6457,INR,0,,10:00,10,12:20,12,False,140,140,0,Airbus A320neo,105.0,105.0
2026-09-30,2026-09-30 14:36,2026-10-03,3,BOM,DEL,BOM-DEL,AI,Air India,1,6457,INR,0,,11:25,11,13:50,13,False,145,145,0,Airbus A350,103.0,105.0
2026-09-30,2026-09-30 14:36,2026-10-03,3,BOM,DEL,BOM-DEL,AI,Air India,1,6457,INR,0,,12:00,12,14:20,14,False,140,140,0,Airbus A320neo,105.0,105.0
2026-09-30,2026-09-30 14:36,2026-10-03,3,BOM,DEL,BOM-DEL,AI,Air India,1,6457,INR,0,,13:00,13,15:15,15,False,135,135,0,Airbus A320neo,105.0,105.0
2026-09-30,2026-09-30 14:36,2026-10-03,3,BOM,DEL,BOM-DEL,AI,Air India,1,6457,INR,0,,14:35,14,16:55,16,False,140,140,0,Airbus A320neo,105.0,105.0
2026-09-30,2026-09-30 14:36,2026-10-03,3,BOM,DEL,BOM-DEL,AI,Air India,1,6457,INR,0,,15:00,15,17:20,17,False,140,140,0,Airbus A320neo,105.0,105.0
2026-09-30,2026-09-30 14:36,2026-10-03,3,BOM,DEL,BOM-DEL,AI,Air India,1,6457,INR,0,,16:30,16,19:00,19,False,150,150,0,Boeing 787,106.0,105.0
2026-09-30,2026-09-30 14:36,2026-10-03,3,BOM,DEL,BOM-DEL,AI,Air India,1,6457,INR,0,,18:00,18,20:20,20,False,140,140,0,Airbus A320neo,105.0,105.0
2026-09-30,2026-09-30 14:36,2026-10-03,3,BOM,DEL,BOM-DEL,AI,Air India,1,6457,INR,0,,19:30,19,21:45,21,False,135,135,0,Airbus A320neo,105.0,105.0
2026-09-30,2026-09-30 14:36,2026-10-03,3,BOM,DEL,BOM-DEL,AI,Air India,1,6457,INR,0,,20:30,20,22:50,22,False,140,140,0,Airbus A320neo,105.0,105.0
2026-09-30,2026-09-30 14:36,2026-10-03,3,BOM,DEL,BOM-DEL,AI,Air India,1,6457,INR,0,,21:00,21,23:15,23,False,135,135,0,Boeing 777,118.0,105.0
2026-09-30,2026-09-30 14:36,2026-10-03,3,BOM,DEL,BOM-DEL,AI,Air India,1,6457,INR,0,,21:30,21,23:45,23,False,135,135,0,Airbus A320neo,105.0,105.0
2026-09-30,2026-09-30 14:36,2026-10-03,3,BOM,DEL,BOM-DEL,6E,IndiGo,1,6467,INR,0,,03:00,3,05:10,5,False,130,130,0,Airbus A321neo,90.0,105.0
2026-09-30,2026-09-30 14:36,2026-10-03,3,BOM,DEL,BOM-DEL,6E,IndiGo,1,6467,INR,0,,05:00,5,07:10,7,False,130,130,0,Airbus A321neo,90.0,105.0
2026-09-30,2026-09-30 14:36,2026-10-03,3,BOM,DEL,BOM-DEL,6E,IndiGo,1,6467,INR,0,,06:00,6,08:05,8,False,125,125,0,Airbus A321neo,90.0,105.0
2026-09-30,2026-09-30 14:36,2026-10-03,3,BOM,DEL,BOM-DEL,6E,IndiGo,1,6467,INR,0,,07:00,7,09:10,9,False,130,130,0,Airbus A321neo,90.0,105.0
2026-09-30,2026-09-30 14:36,2026-10-03,3,BOM,DEL,BOM-DEL,6E,IndiGo,1,6467,INR,0,,10:00,10,12:30,12,False,150,150,0,Airbus A321neo,90.0,105.0
2026-09-30,2026-09-30 14:36,2026-10-03,3,BOM,DEL,BOM-DEL,6E,IndiGo,1,6467,INR,0,,10:35,10,13:00,13,False,145,145,0,Airbus A321neo,90.0,105.0
2026-09-30,2026-09-30 14:36,2026-10-03,3,BOM,DEL,BOM-DEL,6E,IndiGo,1,6467,INR,0,,11:30,11,13:45,13,False,135,135,0,Airbus A321neo,90.0,105.0
2026-09-30,2026-09-30 14:36,2026-10-03,3,BOM,DEL,BOM-DEL,6E,IndiGo,1,6467,INR,0,,12:15,12,14:25,14,False,130,130,0,Airbus A321neo,90.0,105.0
2026-09-30,2026-09-30 14:36,2026-10-03,3,BOM,DEL,BOM-DEL,6E,IndiGo,1,6467,INR,0,,13:00,13,15:15,15,False,135,135,0,Airbus A321neo,90.0,105.0
2026-09-30,2026-09-30 14:36,2026-10-03,3,BOM,DEL,BOM-DEL,6E,IndiGo,1,6467,INR,0,,14:00,14,16:15,16,False,135,135,0,Airbus A321neo,90.0,105.0
2026-09-30,2026-09-30 14:36,2026-10-03,3,BOM,DEL,BOM-DEL,6E,IndiGo,1,6467,INR,0,,15:00,15,17:15,17,False,135,135,0,Airbus A321neo,90.0,105.0
2026-09-30,2026-09-30 14:36,2026-10-03,3,BOM,DEL,BOM-DEL,6E,IndiGo,1,6467,INR,0,,16:00,16,18:15,18,False,135,135,0,Airbus A321neo,90.0,105.0
2026-09-30,2026-09-30 14:36,2026-10-03,3,BOM,DEL,BOM-DEL,6E,IndiGo,1,6467,INR,0,,16:45,16,18:55,18,False,130,130,0,Airbus A321neo,90.0,105.0
2026-09-30,2026-09-30 14:36,2026-10-03,3,BOM,DEL,BOM-DEL,6E,IndiGo,1,6467,INR,0,,17:20,17,19:45,19,False,145,145,0,Airbus A321neo,90.0,105.0
2026-09-30,2026-09-30 14:36,2026-10-03,3,BOM,DEL,BOM-DEL,6E,IndiGo,1,6467,INR,0,,18:15,18,20:30,20,False,135,135,0,Airbus A321neo,90.0,105.0
2026-09-30,2026-09-30 14:36,2026-10-03,3,BOM,DEL,BOM-DEL,6E,IndiGo,1,6467,INR,0,,19:00,19,21:15,21,False,135,135,0,Airbus A321neo,90.0,105.0
2026-09-30,2026-09-30 14:36,2026-10-03,3,BOM,DEL,BOM-DEL,6E,IndiGo,1,6467,INR,0,,19:45,19,21:55,21,False,130,130,0,Airbus A321neo,90.0,105.0
2026-09-30,2026-09-30 14:36,2026-10-03,3,BOM,DEL,BOM-DEL,6E,IndiGo,1,6467,INR,0,,20:20,20,22:45,22,False,145,145,0,Airbus A321neo,90.0,105.0
2026-09-30,2026-09-30 14:36,2026-10-03,3,BOM,DEL,BOM-DEL,6E,IndiGo,1,6467,INR,0,,21:15,21,23:30,23,False,135,135,0,Airbus A321neo,90.0,105.0
2026-09-30,2026-09-30 14:36,2026-10-03,3,BOM,DEL,BOM-DEL,6E,IndiGo,1,6467,INR,0,,23:45,23,02:00,2,True,135,135,0,Airbus A321neo,90.0,105.0
2026-09-30,2026-09-30 14:36,2026-10-03,3,BOM,DEL,BOM-DEL,IX,Air India Express,1,6603,INR,0,,14:45,14,17:00,17,False,135,135,0,Airbus A320,120.0,105.0
2026-09-30,2026-09-30 14:36,2026-10-03,3,BOM,DEL,BOM-DEL,IX,Air India Express,1,6603,INR,0,,16:45,16,19:05,19,False,140,140,0,Boeing 737MAX 8 Passenger,104.0,105.0
2026-09-30,2026-09-30 14:36,2026-10-03,3,BOM,DEL,BOM-DEL,AI,Air India,1,6614,INR,0,,07:00,7,09:15,9,False,135,135,0,Airbus A320neo,105.0,105.0
2026-09-30,2026-09-30 14:36,2026-10-03,3,BOM,DEL,BOM-DEL,AI,Air India,1,6614,INR,0,,08:30,8,10:50,10,False,140,140,0,Airbus A320neo,105.0,105.0
2026-09-30,2026-09-30 14:36,2026-10-03,3,BOM,DEL,BOM-DEL,AI,Air India,1,6614,INR,0,,18:30,18,20:50,20,False,140,140,0,Airbus A320neo,105.0,105.0
2026-09-30,2026-09-30 14:36,2026-10-03,3,BOM,DEL,BOM-DEL,AI,Air India,1,6614,INR,0,,22:35,22,01:00,1,True,145,145,0,Airbus A320neo,105.0,105.0
2026-09-30,2026-09-30 14:36,2026-10-03,3,BOM,DEL,BOM-DEL,6E,IndiGo,1,6664,INR,0,,08:00,8,10:15,10,False,135,135,0,Airbus A321neo,90.0,105.0
2026-09-30,2026-09-30 14:36,2026-10-03,3,BOM,DEL,BOM-DEL,6E,IndiGo,1,6664,INR,0,,22:15,22,00:30,0,True,135,135,0,Airbus A321neo,90.0,105.0
2026-09-30,2026-09-30 14:36,2026-10-03,3,BOM,DEL,BOM-DEL,AI,Air India,1,6667,INR,0,,20:00,20,22:20,22,False,140,140,0,Airbus A320neo,105.0,105.0
2026-09-30,2026-09-30 14:36,2026-10-03,3,BOM,DEL,BOM-DEL,SG,SpiceJet,1,6722,INR,0,,01:50,1,04:30,4,False,160,160,0,De Havilland-Bombardier Dash-8,122.0,105.0
2026-09-30,2026-09-30 14:36,2026-10-03,3,BOM,DEL,BOM-DEL,QP,Akasa Air,1,6873,INR,0,,10:25,10,12:45,12,False,140,140,0,Boeing 737MAX 8 Passenger,93.0,105.0
2026-09-30,2026-09-30 14:36,2026-10-03,3,BOM,DEL,BOM-DEL,QP,Akasa Air,1,6873,INR,0,,13:00,13,15:20,15,False,140,140,0,Boeing 737MAX 8 Passenger,93.0,105.0
2026-09-30,2026-09-30 14:36,2026-10-03,3,BOM,DEL,BOM-DEL,QP,Akasa Air,1,6873,INR,0,,14:30,14,16:50,16,False,140,140,0,Boeing 737MAX 8 Passenger,91.0,105.0
2026-09-30,2026-09-30 14:36,2026-10-03,3,BOM,DEL,BOM-DEL,QP,Akasa Air,1,6873,INR,0,,16:55,16,19:15,19,False,140,140,0,Boeing 737MAX 8 Passenger,93.0,105.0
2026-09-30,2026-09-30 14:36,2026-10-03,3,BOM,DEL,BOM-DEL,QP,Akasa Air,1,6873,INR,0,,19:00,19,21:15,21,False,135,135,0,Boeing 737MAX 8 Passenger,93.0,105.0
2026-09-30,2026-09-30 14:36,2026-10-07,7,BOM,DEL,BOM-DEL,6E,IndiGo,1,6051,INR,1,ATQ,19:35,19,00:25,0,True,290,220,70,Airbus A320neo | Airbus A320neo,157.0,105.0
2026-09-30,2026-09-30 14:36,2026-10-07,7,BOM,DEL,BOM-DEL,IX,Air India Express,1,6283,INR,1,BHO,13:10,13,21:35,21,False,505,200,305,Boeing 737MAX 8 Passenger | Boeing 737MAX 8 Passenger,140.0,105.0
2026-09-30,2026-09-30 14:36,2026-10-07,7,BOM,DEL,BOM-DEL,AI,Air India,1,6457,INR,0,,11:25,11,13:50,13,False,145,145,0,Airbus A350,103.0,105.0
2026-09-30,2026-09-30 14:36,2026-10-07,7,BOM,DEL,BOM-DEL,AI,Air India,1,6457,INR,0,,14:35,14,16:55,16,False,140,140,0,Airbus A320neo,105.0,105.0
2026-09-30,2026-09-30 14:36,2026-10-07,7,BOM,DEL,BOM-DEL,AI,Air India,1,6457,INR,0,,15:00,15,17:20,17,False,140,140,0,Airbus A320neo,105.0,105.0
2026-09-30,2026-09-30 14:36,2026-10-07,7,BOM,DEL,BOM-DEL,AI,Air India,1,6457,INR,0,,15:30,15,17:50,17,False,140,140,0,Airbus A320neo,105.0,105.0
2026-09-30,2026-09-30 14:36,2026-10-07,7,BOM,DEL,BOM-DEL,AI,Air India,1,6457,INR,0,,16:30,16,19:00,19,False,150,150,0,Airbus A320neo,105.0,105.0
2026-09-30,2026-09-30 14:36,2026-10-07,7,BOM,DEL,BOM-DEL,AI,Air India,1,6457,INR,0,,17:30,17,19:50,19,False,140,140,0,Airbus A321,133.0,105.0
2026-09-30,2026-09-30 14:36,2026-10-07,7,BOM,DEL,BOM-DEL,6E,IndiGo,1,6506,INR,0,,05:00,5,07:10,7,False,130,130,0,Airbus A321neo,90.0,105.0
2026-09-30,2026-09-30 14:36,2026-10-07,7,BOM,DEL,BOM-DEL,6E,IndiGo,1,6506,INR,0,,10:00,10,12:30,12,False,150,150,0,Airbus A321neo,90.0,105.0
2026-09-30,2026-09-30 14:36,2026-10-07,7,BOM,DEL,BOM-DEL,6E,IndiGo,1,6506,INR,0,,10:35,10,13:00,13,False,145,145,0,Airbus A321neo,90.0,105.0
2026-09-30,2026-09-30 14:36,2026-10-07,7,BOM,DEL,BOM-DEL,6E,IndiGo,1,6506,INR,0,,11:30,11,13:45,13,False,135,135,0,Airbus A321neo,90.0,105.0
2026-09-30,2026-09-30 14:36,2026-10-07,7,BOM,DEL,BOM-DEL,6E,IndiGo,1,6506,INR,0,,12:15,12,14:25,14,False,130,130,0,Airbus A321neo,90.0,105.0
2026-09-30,2026-09-30 14:36,2026-10-07,7,BOM,DEL,BOM-DEL,6E,IndiGo,1,6506,INR,0,,13:00,13,15:15,15,False,135,135,0,Airbus A321neo,90.0,105.0
2026-09-30,2026-09-30 14:36,2026-10-07,7,BOM,DEL,BOM-DEL,6E,IndiGo,1,6506,INR,0,,14:00,14,16:15,16,False,135,135,0,Airbus A321neo,90.0,105.0
2026-09-30,2026-09-30 14:36,2026-10-07,7,BOM,DEL,BOM-DEL,6E,IndiGo,1,6506,INR,0,,15:00,15,17:15,17,False,135,135,0,Airbus A321neo,90.0,105.0
2026-09-30,2026-09-30 14:36,2026-10-07,7,BOM,DEL,BOM-DEL,6E,IndiGo,1,6506,INR,0,,16:00,16,18:15,18,False,135,135,0,Airbus A321neo,90.0,105.0
2026-09-30,2026-09-30 14:36,2026-10-07,7,BOM,DEL,BOM-DEL,6E,IndiGo,1,6506,INR,0,,16:45,16,18:55,18,False,130,130,0,Airbus A321neo,90.0,105.0
2026-09-30,2026-09-30 14:36,2026-10-07,7,BOM,DEL,BOM-DEL,6E,IndiGo,1,6506,INR,0,,17:20,17,19:45,19,False,145,145,0,Airbus A321neo,90.0,105.0
2026-09-30,2026-09-30 14:36,2026-10-07,7,BOM,DEL,BOM-DEL,6E,IndiGo,1,6506,INR,0,,23:45,23,02:00,2,True,135,135,0,Airbus A321neo,90.0,105.0
2026-09-30,2026-09-30 14:36,2026-10-07,7,BOM,DEL,BOM-DEL,IX,Air India Express,1,6603,INR,0,,16:45,16,19:05,19,False,140,140,0,Boeing 737MAX 8 Passenger,104.0,105.0
2026-09-30,2026-09-30 14:36,2026-10-07,7,BOM,DEL,BOM-DEL,AI,Air India,1,6614,INR,0,,13:00,13,15:15,15,False,135,135,0,Airbus A320neo,105.0,105.0
2026-09-30,2026-09-30 14:36,2026-10-07,7,BOM,DEL,BOM-DEL,SG,SpiceJet,1,6722,INR,0,,01:50,1,04:30,4,False,160,160,0,De Havilland-Bombardier Dash-8,122.0,105.0
2026-09-30,2026-09-30 14:36,2026-10-07,7,BOM,DEL,BOM-DEL,SG,SpiceJet,1,6722,INR,0,,23:25,23,01:50,1,True,145,145,0,Boeing 737,125.0,105.0
2026-09-30,2026-09-30 14:36,2026-10-07,7,BOM,DEL,BOM-DEL,QP,Akasa Air,1,6873,INR,0,,13:00,13,15:20,15,False,140,140,0,Boeing 737MAX 8 Passenger,93.0,105.0
2026-09-30,2026-09-30 14:36,2026-10-07,7,BOM,DEL,BOM-DEL,QP,Akasa Air,1,6873,INR,0,,14:30,14,16:50,16,False,140,140,0,Boeing 737MAX 8 Passenger,91.0,105.0
2026-09-30,2026-09-30 14:36,2026-10-07,7,BOM,DEL,BOM-DEL,QP,Akasa Air,1,6873,INR,0,,16:55,16,19:15,19,False,140,140,0,Boeing 737MAX 8 Passenger,91.0,105.0
2026-09-30,2026-09-30 14:36,2026-10-07,7,BOM,DEL,BOM-DEL,6E,IndiGo,1,6874,INR,0,,06:00,6,08:05,8,False,125,125,0,Airbus A321neo,90.0,105.0
2026-09-30,2026-09-30 14:36,2026-10-07,7,BOM,DEL,BOM-DEL,6E,IndiGo,1,6874,INR,0,,07:00,7,09:10,9,False,130,130,0,Airbus A321neo,90.0,105.0
2026-09-30,2026-09-30 14:36,2026-10-07,7,BOM,DEL,BOM-DEL,6E,IndiGo,1,6874,INR,0,,21:15,21,23:30,23,False,135,135,0,Airbus A321neo,90.0,105.0
2026-09-30,2026-09-30 14:36,2026-10-07,7,BOM,DEL,BOM-DEL,6E,IndiGo,1,6874,INR,0,,22:15,22,00:30,0,True,135,135,0,Airbus A321neo,90.0,105.0
2026-09-30,2026-09-30 14:36,2026-10-07,7,BOM,DEL,BOM-DEL,AI,Air India,1,7087,INR,0,,01:00,1,03:20,3,False,140,140,0,Airbus A320neo,105.0,105.0
2026-09-30,2026-09-30 14:36,2026-10-07,7,BOM,DEL,BOM-DEL,AI,Air India,1,7087,INR,0,,21:00,21,23:15,23,False,135,135,0,Boeing 777,118.0,105.0
2026-09-30,2026-09-30 14:36,2026-10-07,7,BOM,DEL,BOM-DEL,AI,Air India,1,7087,INR,0,,21:30,21,23:45,23,False,135,135,0,Airbus A320neo,105.0,105.0
2026-09-30,2026-09-30 14:36,2026-10-07,7,BOM,DEL,BOM-DEL,AI,Air India,1,7087,INR,0,,22:35,22,01:00,1,True,145,145,0,Airbus A320neo,105.0,105.0
2026-09-30,2026-09-30 14:36,2026-10-07,7,BOM,DEL,BOM-DEL,6E,IndiGo,1,7136,INR,0,,08:00,8,10:15,10,False,135,135,0,Airbus A321neo,90.0,105.0
2026-09-30,2026-09-30 14:36,2026-10-07,7,BOM,DEL,BOM-DEL,6E,IndiGo,1,7136,INR,0,,09:00,9,11:15,11,False,135,135,0,Airbus A321neo,90.0,105.0
2026-09-30,2026-09-30 14:36,2026-10-07,7,BOM,DEL,BOM-DEL,6E,IndiGo,1,7136,INR,0,,18:15,18,20:30,20,False,135,135,0,Airbus A321neo,90.0,105.0
2026-09-30,2026-09-30 14:36,2026-10-07,7,BOM,DEL,BOM-DEL,QP,Akasa Air,1,7359,INR,0,,07:00,7,09:20,9,False,140,140,0,Boeing 737MAX 8 Passenger,89.0,105.0
2026-09-30,2026-09-30 14:36,2026-10-07,7,BOM,DEL,BOM-DEL,AI,Air India,1,7402,INR,0,,20:30,20,22:50,22,False,140,140,0,Airbus A320neo,105.0,105.0
2026-09-30,2026-09-30 14:36,2026-10-07,7,BOM,DEL,BOM-DEL,6E,IndiGo,1,7451,INR,0,,19:00,19,21:15,21,False,135,135,0,Airbus A321neo,90.0,105.0
2026-09-30,2026-09-30 14:36,2026-10-07,7,BOM,DEL,BOM-DEL,6E,IndiGo,1,7451,INR,0,,19:45,19,21:55,21,False,130,130,0,Airbus A321neo,90.0,105.0
2026-09-30,2026-09-30 14:36,2026-10-07,7,BOM,DEL,BOM-DEL,6E,IndiGo,1,7451,INR,0,,20:20,20,22:45,22,False,145,145,0,Airbus A321neo,90.0,105.0
2026-09-30,2026-09-30 14:36,2026-10-07,7,BOM,DEL,BOM-DEL,AI,Air India,1,7585,INR,0,,20:00,20,22:20,22,False,140,140,0,Airbus A320neo,105.0,105.0
2026-09-30,2026-09-30 14:36,2026-10-07,7,BOM,DEL,BOM-DEL,QP,Akasa Air,1,7615,INR,0,,19:00,19,21:15,21,False,135,135,0,Boeing 737MAX 8 Passenger,93.0,105.0
2026-09-30,2026-09-30 14:36,2026-10-07,7,BOM,DEL,BOM-DEL,AI,Air India,1,7648,INR,0,,18:00,18,20:20,20,False,140,140,0,Airbus A320neo,105.0,105.0
2026-09-30,2026-09-30 14:36,2026-10-07,7,BOM,DEL,BOM-DEL,AI,Air India,1,7717,INR,0,,18:30,18,20:50,20,False,140,140,0,Airbus A320neo,105.0,105.0
2026-09-30,2026-09-30 14:36,2026-10-07,7,BOM,DEL,BOM-DEL,AI,Air India,1,8992,INR,0,,06:30,6,08:40,8,False,130,130,0,Airbus A320neo,105.0,105.0
2026-09-30,2026-09-30 14:36,2026-10-07,7,BOM,DEL,BOM-DEL,AI,Air India,1,8992,INR,0,,09:30,9,11:50,11,False,140,140,0,Airbus A320neo,105.0,105.0
2026-09-30,2026-09-30 14:36,2026-10-07,7,BOM,DEL,BOM-DEL,AI,Air India,1,9066,INR,0,,07:00,7,09:15,9,False,135,135,0,Airbus A320neo,105.0,105.0
2026-09-30,2026-09-30 14:36,2026-10-07,7,BOM,DEL,BOM-DEL,AI,Air India,1,10000,INR,0,,10:00,10,12:20,12,False,140,140,0,Airbus A320neo,105.0,105.0
2026-09-30,2026-09-30 14:36,2026-10-07,7,BOM,DEL,BOM-DEL,AI,Air India,1,10000,INR,0,,19:30,19,21:45,21,False,135,135,0,Airbus A320neo,105.0,105.0
2026-09-30,2026-09-30 14:36,2026-10-07,7,BOM,DEL,BOM-DEL,AI,Air India,1,12919,INR,0,,07:30,7,09:45,9,False,135,135,0,Airbus A320neo,105.0,105.0
2026-09-30,2026-09-30 14:36,2026-10-07,7,BOM,DEL,BOM-DEL,AI,Air India,1,13271,INR,0,,08:30,8,10:50,10,False,140,140,0,Airbus A320neo,105.0,105.0
2026-09-30,2026-09-30 14:36,2026-10-14,14,BOM,DEL,BOM-DEL,AI,Air India,1,6457,INR,0,,11:25,11,13:50,13,False,145,145,0,Airbus A350,103.0,105.0
2026-09-30,2026-09-30 14:36,2026-10-14,14,BOM,DEL,BOM-DEL,AI,Air India,1,6457,INR,0,,15:00,15,17:20,17,False,140,140,0,Airbus A320neo,105.0,105.0
2026-09-30,2026-09-30 14:36,2026-10-14,14,BOM,DEL,BOM-DEL,AI,Air India,1,6457,INR,0,,15:30,15,17:50,17,False,140,140,0,Airbus A320neo,105.0,105.0
2026-09-30,2026-09-30 14:36,2026-10-14,14,BOM,DEL,BOM-DEL,AI,Air India,1,6457,INR,0,,16:30,16,19:00,19,False,150,150,0,Airbus A321,133.0,105.0
2026-09-30,2026-09-30 14:36,2026-10-14,14,BOM,DEL,BOM-DEL,AI,Air India,1,6457,INR,0,,17:30,17,19:50,19,False,140,140,0,Airbus A321,133.0,105.0
2026-09-30,2026-09-30 14:36,2026-10-14,14,BOM,DEL,BOM-DEL,AI,Air India,1,6457,INR,0,,23:55,23,02:15,2,True,140,140,0,Airbus A320neo,105.0,105.0
2026-09-30,2026-09-30 14:36,2026-10-14,14,BOM,DEL,BOM-DEL,6E,IndiGo,1,6506,INR,0,,03:00,3,05:10,5,False,130,130,0,Airbus A321neo,90.0,105.0
2026-09-30,2026-09-30 14:36,2026-10-14,14,BOM,DEL,BOM-DEL,6E,IndiGo,1,6506,INR,0,,05:00,5,07:10,7,False,130,130,0,Airbus A321neo,90.0,105.0
2026-09-30,2026-09-30 14:36,2026-10-14,14,BOM,DEL,BOM-DEL,6E,IndiGo,1,6506,INR,0,,08:00,8,10:15,10,False,135,135,0,Airbus A321neo,90.0,105.0
2026-09-30,2026-09-30 14:36,2026-10-14,14,BOM,DEL,BOM-DEL,6E,IndiGo,1,6506,INR,0,,10:00,10,12:30,12,False,150,150,0,Airbus A321neo,90.0,105.0
2026-09-30,2026-09-30 14:36,2026-10-14,14,BOM,DEL,BOM-DEL,6E,IndiGo,1,6506,INR,0,,10:35,10,13:00,13,False,145,145,0,Airbus A321neo,90.0,105.0
2026-09-30,2026-09-30 14:36,2026-10-14,14,BOM,DEL,BOM-DEL,6E,IndiGo,1,6506,INR,0,,11:30,11,13:45,13,False,135,135,0,Airbus A321neo,90.0,105.0
2026-09-30,2026-09-30 14:36,2026-10-14,14,BOM,DEL,BOM-DEL,6E,IndiGo,1,6506,INR,0,,12:15,12,14:25,14,False,130,130,0,Airbus A321neo,90.0,105.0
2026-09-30,2026-09-30 14:36,2026-10-14,14,BOM,DEL,BOM-DEL,6E,IndiGo,1,6506,INR,0,,14:00,14,16:15,16,False,135,135,0,Airbus A321neo,90.0,105.0
2026-09-30,2026-09-30 14:36,2026-10-14,14,BOM,DEL,BOM-DEL,6E,IndiGo,1,6506,INR,0,,15:00,15,17:15,17,False,135,135,0,Airbus A321neo,90.0,105.0
2026-09-30,2026-09-30 14:36,2026-10-14,14,BOM,DEL,BOM-DEL,6E,IndiGo,1,6506,INR,0,,16:00,16,18:15,18,False,135,135,0,Airbus A321neo,90.0,105.0
2026-09-30,2026-09-30 14:36,2026-10-14,14,BOM,DEL,BOM-DEL,6E,IndiGo,1,6506,INR,0,,16:45,16,18:55,18,False,130,130,0,Airbus A321neo,90.0,105.0
2026-09-30,2026-09-30 14:36,2026-10-14,14,BOM,DEL,BOM-DEL,6E,IndiGo,1,6506,INR,0,,17:20,17,19:45,19,False,145,145,0,Airbus A321neo,90.0,105.0
2026-09-30,2026-09-30 14:36,2026-10-14,14,BOM,DEL,BOM-DEL,6E,IndiGo,1,6506,INR,0,,18:15,18,20:30,20,False,135,135,0,Airbus A321neo,90.0,105.0
2026-09-30,2026-09-30 14:36,2026-10-14,14,BOM,DEL,BOM-DEL,6E,IndiGo,1,6506,INR,0,,19:45,19,21:55,21,False,130,130,0,Airbus A321neo,90.0,105.0
2026-09-30,2026-09-30 14:36,2026-10-14,14,BOM,DEL,BOM-DEL,6E,IndiGo,1,6506,INR,0,,21:15,21,23:30,23,False,135,135,0,Airbus A321neo,90.0,105.0
2026-09-30,2026-09-30 14:36,2026-10-14,14,BOM,DEL,BOM-DEL,6E,IndiGo,1,6506,INR,0,,22:15,22,00:30,0,True,135,135,0,Airbus A321neo,90.0,105.0
2026-09-30,2026-09-30 14:36,2026-10-14,14,BOM,DEL,BOM-DEL,6E,IndiGo,1,6506,INR,0,,23:45,23,02:00,2,True,135,135,0,Airbus A321neo,90.0,105.0
2026-09-30,2026-09-30 14:36,2026-10-14,14,BOM,DEL,BOM-DEL,IX,Air India Express,1,6603,INR,0,,14:45,14,17:00,17,False,135,135,0,Airbus A320,120.0,105.0
2026-09-30,2026-09-30 14:36,2026-10-14,14,BOM,DEL,BOM-DEL,IX,Air India Express,1,6603,INR,0,,16:45,16,19:05,19,False,140,140,0,Boeing 737MAX 8 Passenger,106.0,105.0
2026-09-30,2026-09-30 14:36,2026-10-14,14,BOM,DEL,BOM-DEL,AI,Air India,1,6614,INR,0,,09:30,9,11:50,11,False,140,140,0,Airbus A320neo,105.0,105.0
2026-09-30,2026-09-30 14:36,2026-10-14,14,BOM,DEL,BOM-DEL,AI,Air India,1,6614,INR,0,,18:00,18,20:20,20,False,140,140,0,Airbus A320neo,105.0,105.0
2026-09-30,2026-09-30 14:36,2026-10-14,14,BOM,DEL,BOM-DEL,AI,Air India,1,6614,INR,0,,22:35,22,01:00,1,True,145,145,0,Airbus A320neo,105.0,105.0
2026-09-30,2026-09-30 14:36,2026-10-14,14,BOM,DEL,BOM-DEL,6E,IndiGo,1,6664,INR,0,,13:00,13,15:15,15,False,135,135,0,Airbus A321neo,90.0,105.0
2026-09-30,2026-09-30 14:36,2026-10-14,14,BOM,DEL,BOM-DEL,6E,IndiGo,1,6664,INR,0,,20:20,20,22:45,22,False,145,145,0,Airbus A321neo,90.0,105.0
2026-09-30,2026-09-30 14:36,2026-10-14,14,BOM,DEL,BOM-DEL,SG,SpiceJet,1,6722,INR,0,,01:50,1,04:10,4,False,140,140,0,De Havilland-Bombardier Dash-8,122.0,105.0
2026-09-30,2026-09-30 14:36,2026-10-14,14,BOM,DEL,BOM-DEL,AI,Air India,1,6777,INR,0,,18:30,18,20:50,20,False,140,140,0,Airbus A320neo,105.0,105.0
2026-09-30,2026-09-30 14:36,2026-10-14,14,BOM,DEL,BOM-DEL,AI,Air India,1,6824,INR,0,,19:30,19,21:45,21,False,135,135,0,Airbus A320neo,105.0,105.0
2026-09-30,2026-09-30 14:36,2026-10-14,14,BOM,DEL,BOM-DEL,AI,Air India,1,6824,INR,0,,20:30,20,22:50,22,False,140,140,0,Airbus A320neo,105.0,105.0
2026-09-30,2026-09-30 14:36,2026-10-14,14,BOM,DEL,BOM-DEL,AI,Air India,1,6824,INR,0,,21:00,21,23:15,23,False,135,135,0,Boeing 777,118.0,105.0
2026-09-30,2026-09-30 14:36,2026-10-14,14,BOM,DEL,BOM-DEL,AI,Air India,1,6824,INR,0,,21:30,21,23:45,23,False,135,135,0,Airbus A320neo,105.0,105.0
2026-09-30,2026-09-30 14:36,2026-10-14,14,BOM,DEL,BOM-DEL,QP,Akasa Air,1,6873,INR,0,,13:00,13,15:20,15,False,140,140,0,Boeing 737MAX 8 Passenger,93.0,105.0
2026-09-30,2026-09-30 14:36,2026-10-14,14,BOM,DEL,BOM-DEL,QP,Akasa Air,1,6873,INR,0,,14:30,14,16:50,16,False,140,140,0,Boeing 737MAX 8 Passenger,89.0,105.0
2026-09-30,2026-09-30 14:36,2026-10-14,14,BOM,DEL,BOM-DEL,QP,Akasa Air,1,6873,INR,0,,16:55,16,19:15,19,False,140,140,0,Boeing 737MAX 8 Passenger,93.0,105.0
2026-09-30,2026-09-30 14:36,2026-10-14,14,BOM,DEL,BOM-DEL,QP,Akasa Air,1,6873,INR,0,,19:00,19,21:15,21,False,135,135,0,Boeing 737MAX 8 Passenger,93.0,105.0
2026-09-30,2026-09-30 14:36,2026-10-14,14,BOM,DEL,BOM-DEL,6E,IndiGo,1,6874,INR,0,,07:00,7,09:10,9,False,130,130,0,Airbus A321neo,90.0,105.0
2026-09-30,2026-09-30 14:36,2026-10-14,14,BOM,DEL,BOM-DEL,QP,Akasa Air,1,6991,INR,0,,07:00,7,09:20,9,False,140,140,0,Boeing 737MAX 8 Passenger,93.0,105.0
2026-09-30,2026-09-30 14:36,2026-10-14,14,BOM,DEL,BOM-DEL,AI,Air India,1,6992,INR,0,,08:30,8,10:50,10,False,140,140,0,Airbus A320neo,105.0,105.0
2026-09-30,2026-09-30 14:36,2026-10-14,14,BOM,DEL,BOM-DEL,AI,Air India,1,6992,INR,0,,20:00,20,22:20,22,False,140,140,0,Airbus A320neo,105.0,105.0
2026-09-30,2026-09-30 14:36,2026-10-14,14,BOM,DEL,BOM-DEL,AI,Air India,1,7087,INR,0,,01:00,1,03:20,3,False,140,140,0,Airbus A320neo,105.0,105.0
2026-09-30,2026-09-30 14:36,2026-10-14,14,BOM,DEL,BOM-DEL,AI,Air India,1,7087,INR,0,,13:00,13,15:15,15,False,135,135,0,Airbus A320neo,105.0,105.0
2026-09-30,2026-09-30 14:36,2026-10-14,14,BOM,DEL,BOM-DEL,6E,IndiGo,1,7136,INR,0,,09:00,9,11:15,11,False,135,135,0,Airbus A321neo,90.0,105.0
2026-09-30,2026-09-30 14:36,2026-10-14,14,BOM,DEL,BOM-DEL,AI,Air India,1,7402,INR,0,,10:00,10,12:20,12,False,140,140,0,Airbus A320neo,105.0,105.0
2026-09-30,2026-09-30 14:36,2026-10-14,14,BOM,DEL,BOM-DEL,6E,IndiGo,1,7451,INR,0,,19:00,19,21:15,21,False,135,135,0,Airbus A321neo,90.0,105.0
2026-09-30,2026-09-30 14:36,2026-10-14,14,BOM,DEL,BOM-DEL,AI,Air India,1,7585,INR,0,,06:30,6,08:40,8,False,130,130,0,Airbus A320neo,105.0,105.0
2026-09-30,2026-09-30 14:36,2026-10-14,14,BOM,DEL,BOM-DEL,AI,Air India,1,10352,INR,0,,07:00,7,09:15,9,False,135,135,0,Airbus A320neo,105.0,105.0
2026-09-30,2026-09-30 14:36,2026-10-21,21,BOM,DEL,BOM-DEL,AI,Air India,1,6945,INR,0,,15:00,15,17:20,17,False,140,140,0,Airbus A320neo,105.0,105.0
2026-09-30,2026-09-30 14:36,2026-10-21,21,BOM,DEL,BOM-DEL,AI,Air India,1,6945,INR,0,,15:30,15,17:50,17,False,140,140,0,Airbus A320neo,105.0,105.0
2026-09-30,2026-09-30 14:36,2026-10-21,21,BOM,DEL,BOM-DEL,AI,Air India,1,6945,INR,0,,22:35,22,01:00,1,True,145,145,0,Airbus A320neo,105.0,105.0
2026-09-30,2026-09-30 14:36,2026-10-21,21,BOM,DEL,BOM-DEL,AI,Air India,1,6945,INR,0,,23:55,23,02:15,2,True,140,140,0,Airbus A320neo,105.0,105.0
2026-09-30,2026-09-30 14:36,2026-10-21,21,BOM,DEL,BOM-DEL,6E,IndiGo,1,6995,INR,0,,15:00,15,17:15,17,False,135,135,0,Airbus A321neo,90.0,105.0
2026-09-30,2026-09-30 14:36,2026-10-21,21,BOM,DEL,BOM-DEL,6E,IndiGo,1,6995,INR,0,,16:00,16,18:15,18,False,135,135,0,Airbus A321neo,90.0,105.0
2026-09-30,2026-09-30 14:36,2026-10-21,21,BOM,DEL,BOM-DEL,6E,IndiGo,1,6995,INR,0,,16:45,16,18:55,18,False,130,130,0,Airbus A321neo,90.0,105.0
2026-09-30,2026-09-30 14:36,2026-10-21,21,BOM,DEL,BOM-DEL,6E,IndiGo,1,6995,INR,0,,17:20,17,19:45,19,False,145,145,0,Airbus A321neo,90.0,105.0
2026-09-30,2026-09-30 14:36,2026-10-21,21,BOM,DEL,BOM-DEL,6E,IndiGo,1,6995,INR,0,,18:15,18,20:30,20,False,135,135,0,Airbus A321neo,90.0,105.0
2026-09-30,2026-09-30 14:36,2026-10-21,21,BOM,DEL,BOM-DEL,6E,IndiGo,1,6995,INR,0,,19:00,19,21:15,21,False,135,135,0,Airbus A321neo,90.0,105.0
2026-09-30,2026-09-30 14:36,2026-10-21,21,BOM,DEL,BOM-DEL,6E,IndiGo,1,6995,INR,0,,19:45,19,21:55,21,False,130,130,0,Airbus A321neo,90.0,105.0
2026-09-30,2026-09-30 14:36,2026-10-21,21,BOM,DEL,BOM-DEL,6E,IndiGo,1,6995,INR,0,,20:20,20,22:45,22,False,145,145,0,Airbus A321neo,90.0,105.0
2026-09-30,2026-09-30 14:36,2026-10-21,21,BOM,DEL,BOM-DEL,6E,IndiGo,1,6995,INR,0,,21:15,21,23:30,23,False,135,135,0,Airbus A321neo,90.0,105.0
2026-09-30,2026-09-30 14:36,2026-10-21,21,BOM,DEL,BOM-DEL,6E,IndiGo,1,6995,INR,0,,22:15,22,00:30,0,True,135,135,0,Airbus A321neo,90.0,105.0
2026-09-30,2026-09-30 14:36,2026-10-21,21,BOM,DEL,BOM-DEL,6E,IndiGo,1,6995,INR,0,,23:45,23,02:00,2,True,135,135,0,Airbus A321neo,90.0,105.0
2026-09-30,2026-09-30 14:36,2026-10-21,21,BOM,DEL,BOM-DEL,IX,Air India Express,1,7010,INR,1,BHO,13:10,13,21:35,21,False,505,200,305,Boeing 737MAX 8 Passenger | Boeing 737MAX 8 Passenger,140.0,105.0
2026-09-30,2026-09-30 14:36,2026-10-21,21,BOM,DEL,BOM-DEL,AI,Air India,1,7118,INR,0,,16:30,16,19:00,19,False,150,150,0,Airbus A321,133.0,105.0
2026-09-30,2026-09-30 14:36,2026-10-21,21,BOM,DEL,BOM-DEL,AI,Air India,1,7118,INR,0,,17:30,17,19:50,19,False,140,140,0,Airbus A321,133.0,105.0
2026-09-30,2026-09-30 14:36,2026-10-21,21,BOM,DEL,BOM-DEL,6E,IndiGo,1,7145,INR,0,,11:30,11,13:45,13,False,135,135,0,Airbus A321neo,90.0,105.0
2026-09-30,2026-09-30 14:36,2026-10-21,21,BOM,DEL,BOM-DEL,6E,IndiGo,1,7145,INR,0,,12:15,12,14:25,14,False,130,130,0,Airbus A321neo,90.0,105.0
2026-09-30,2026-09-30 14:36,2026-10-21,21,BOM,DEL,BOM-DEL,IX,Air India Express,1,7293,INR,0,,14:45,14,17:00,17,False,135,135,0,Airbus A320,120.0,105.0
2026-09-30,2026-09-30 14:36,2026-10-21,21,BOM,DEL,BOM-DEL,IX,Air India Express,1,7293,INR,0,,16:45,16,19:05,19,False,140,140,0,Boeing 737MAX 8 Passenger,104.0,105.0
2026-09-30,2026-09-30 14:36,2026-10-21,21,BOM,DEL,BOM-DEL,QP,Akasa Air,1,7359,INR,0,,14:30,14,16:50,16,False,140,140,0,Boeing 737MAX 8 Passenger,89.0,105.0
2026-09-30,2026-09-30 14:36,2026-10-21,21,BOM,DEL,BOM-DEL,QP,Akasa Air,1,7359,INR,0,,16:55,16,19:15,19,False,140,140,0,Boeing 737MAX 8 Passenger,93.0,105.0
2026-09-30,2026-09-30 14:36,2026-10-21,21,BOM,DEL,BOM-DEL,AI,Air India,1,7396,INR,0,,11:25,11,13:50,13,False,145,145,0,Airbus A350,103.0,105.0
2026-09-30,2026-09-30 14:36,2026-10-21,21,BOM,DEL,BOM-DEL,AI,Air India,1,7396,INR,0,,20:30,20,22:50,22,False,140,140,0,Airbus A320neo,105.0,105.0
2026-09-30,2026-09-30 14:36,2026-10-21,21,BOM,DEL,BOM-DEL,AI,Air India,1,7396,INR,0,,21:00,21,23:15,23,False,135,135,0,Boeing 777,118.0,105.0
2026-09-30,2026-09-30 14:36,2026-10-21,21,BOM,DEL,BOM-DEL,AI,Air India,1,7396,INR,0,,21:30,21,23:45,23,False,135,135,0,Airbus A320neo,105.0,105.0
2026-09-30,2026-09-30 14:36,2026-10-21,21,BOM,DEL,BOM-DEL,6E,IndiGo,1,7445,INR,0,,10:00,10,12:30,12,False,150,150,0,Airbus A321neo,90.0,105.0
2026-09-30,2026-09-30 14:36,2026-10-21,21,BOM,DEL,BOM-DEL,6E,IndiGo,1,7445,INR,0,,10:35,10,13:00,13,False,145,145,0,Airbus A321neo,90.0,105.0
2026-09-30,2026-09-30 14:36,2026-10-21,21,BOM,DEL,BOM-DEL,6E,IndiGo,1,7445,INR,0,,13:00,13,15:15,15,False,135,135,0,Airbus A321neo,90.0,105.0
2026-09-30,2026-09-30 14:36,2026-10-21,21,BOM,DEL,BOM-DEL,SG,SpiceJet,1,7514,INR,0,,01:50,1,04:10,4,False,140,140,0,De Havilland-Bombardier Dash-8,122.0,105.0
2026-09-30,2026-09-30 14:36,2026-10-21,21,BOM,DEL,BOM-DEL,AI,Air India,1,7580,INR,0,,19:30,19,21:45,21,False,135,135,0,Airbus A320neo,105.0,105.0
2026-09-30,2026-09-30 14:36,2026-10-21,21,BOM,DEL,BOM-DEL,AI,Air India,1,7606,INR,0,,20:00,20,22:20,22,False,140,140,0,Airbus A320neo,105.0,105.0
2026-09-30,2026-09-30 14:36,2026-10-21,21,BOM,DEL,BOM-DEL,QP,Akasa Air,1,7748,INR,0,,19:00,19,21:15,21,False,135,135,0,Boeing 737MAX 8 Passenger,93.0,105.0
2026-09-30,2026-09-30 14:36,2026-10-21,21,BOM,DEL,BOM-DEL,AI,Air India,1,7764,INR,0,,18:00,18,20:20,20,False,140,140,0,Airbus A320neo,105.0,105.0
2026-09-30,2026-09-30 14:36,2026-10-21,21,BOM,DEL,BOM-DEL,AI,Air India,1,7827,INR,0,,18:30,18,20:50,20,False,140,140,0,Airbus A320neo,105.0,105.0
2026-09-30,2026-09-30 14:36,2026-10-21,21,BOM,DEL,BOM-DEL,AI,Air India,1,7869,INR,0,,01:00,1,03:20,3,False,140,140,0,Airbus A320neo,105.0,105.0
2026-09-30,2026-09-30 14:36,2026-10-21,21,BOM,DEL,BOM-DEL,AI,Air India,1,7869,INR,0,,06:30,6,08:40,8,False,130,130,0,Airbus A320neo,105.0,105.0
2026-09-30,2026-09-30 14:36,2026-10-21,21,BOM,DEL,BOM-DEL,AI,Air India,1,7869,INR,0,,07:00,7,09:15,9,False,135,135,0,Airbus A320neo,105.0,105.0
2026-09-30,2026-09-30 14:36,2026-10-21,21,BOM,DEL,BOM-DEL,AI,Air India,1,7869,INR,0,,08:30,8,10:50,10,False,140,140,0,Airbus A320neo,105.0,105.0
2026-09-30,2026-09-30 14:36,2026-10-21,21,BOM,DEL,BOM-DEL,QP,Akasa Air,1,8020,INR,0,,07:00,7,09:20,9,False,140,140,0,Boeing 737MAX 8 Passenger,93.0,105.0
2026-09-30,2026-09-30 14:36,2026-10-21,21,BOM,DEL,BOM-DEL,QP,Akasa Air,1,8020,INR,0,,10:05,10,12:25,12,False,140,140,0,Boeing 737MAX 8 Passenger,89.0,105.0
2026-09-30,2026-09-30 14:36,2026-10-21,21,BOM,DEL,BOM-DEL,6E,IndiGo,1,8045,INR,0,,03:00,3,05:10,5,False,130,130,0,Airbus A321neo,90.0,105.0
2026-09-30,2026-09-30 14:36,2026-10-21,21,BOM,DEL,BOM-DEL,6E,IndiGo,1,8045,INR,0,,05:00,5,07:10,7,False,130,130,0,Airbus A321neo,90.0,105.0
2026-09-30,2026-09-30 14:36,2026-10-21,21,BOM,DEL,BOM-DEL,6E,IndiGo,1,8045,INR,0,,06:00,6,08:05,8,False,125,125,0,Airbus A321neo,90.0,105.0
2026-09-30,2026-09-30 14:36,2026-10-21,21,BOM,DEL,BOM-DEL,6E,IndiGo,1,8045,INR,0,,07:00,7,09:10,9,False,130,130,0,Airbus A321neo,90.0,105.0
2026-09-30,2026-09-30 14:36,2026-10-21,21,BOM,DEL,BOM-DEL,6E,IndiGo,1,8045,INR,0,,08:00,8,10:15,10,False,135,135,0,Airbus A321neo,90.0,105.0
2026-09-30,2026-09-30 14:36,2026-10-21,21,BOM,DEL,BOM-DEL,6E,IndiGo,1,8045,INR,0,,09:00,9,11:15,11,False,135,135,0,Airbus A321neo,90.0,105.0
2026-09-30,2026-09-30 14:36,2026-10-21,21,BOM,DEL,BOM-DEL,AI,Air India,1,8068,INR,0,,07:30,7,09:45,9,False,135,135,0,Airbus A320neo,105.0,105.0
2026-09-30,2026-09-30 14:36,2026-10-21,21,BOM,DEL,BOM-DEL,AI,Air India,1,8068,INR,0,,09:30,9,11:50,11,False,140,140,0,Airbus A320neo,105.0,105.0
2026-09-30,2026-09-30 14:36,2026-10-21,21,BOM,DEL,BOM-DEL,AI,Air India,1,8068,INR,0,,10:00,10,12:20,12,False,140,140,0,Airbus A320neo,105.0,105.0
2026-09-30,2026-09-30 14:36,2026-10-21,21,BOM,DEL,BOM-DEL,AI,Air India,1,8499,INR,0,,13:00,13,15:15,15,False,135,135,0,Airbus A320neo,105.0,105.0
2026-09-30,2026-09-30 14:36,2026-10-30,30,BOM,DEL,BOM-DEL,SG,SpiceJet,1,7082,INR,0,,22:30,22,00:40,0,True,130,130,0,Boeing 737,105.0,105.0
2026-09-30,2026-09-30 14:36,2026-10-30,30,BOM,DEL,BOM-DEL,6E,IndiGo,1,7151,INR,1,AMD,19:15,19,23:35,23,False,260,175,85,Airbus A320neo | Airbus A321neo,115.0,105.0
2026-09-30,2026-09-30 14:36,2026-10-30,30,BOM,DEL,BOM-DEL,SG,SpiceJet,1,7514,INR,0,,21:50,21,23:55,23,False,125,125,0,Boeing 737,105.0,105.0
2026-09-30,2026-09-30 14:36,2026-10-30,30,BOM,DEL,BOM-DEL,6E,IndiGo,1,7856,INR,0,,15:15,15,17:25,17,False,130,130,0,Airbus A321neo,90.0,105.0
2026-09-30,2026-09-30 14:36,2026-10-30,30,BOM,DEL,BOM-DEL,6E,IndiGo,1,7856,INR,0,,16:00,16,18:10,18,False,130,130,0,Airbus A321neo,90.0,105.0
2026-09-30,2026-09-30 14:36,2026-10-30,30,BOM,DEL,BOM-DEL,6E,IndiGo,1,7856,INR,0,,16:45,16,18:55,18,False,130,130,0,Airbus A321neo,90.0,105.0
2026-09-30,2026-09-30 14:36,2026-10-30,30,BOM,DEL,BOM-DEL,6E,IndiGo,1,7856,INR,0,,20:30,20,22:40,22,False,130,130,0,Airbus A321neo,90.0,105.0
2026-09-30,2026-09-30 14:36,2026-10-30,30,BOM,DEL,BOM-DEL,AI,Air India,1,7869,INR,0,,14:55,14,17:15,17,False,140,140,0,Airbus A320neo,105.0,105.0
2026-09-30,2026-09-30 14:36,2026-10-30,30,BOM,DEL,BOM-DEL,AI,Air India,1,7869,INR,0,,15:30,15,17:50,17,False,140,140,0,Airbus A321,133.0,105.0
2026-09-30,2026-09-30 14:36,2026-10-30,30,BOM,DEL,BOM-DEL,AI,Air India,1,7869,INR,0,,20:00,20,22:20,22,False,140,140,0,Airbus A320neo,105.0,105.0
2026-09-30,2026-09-30 14:36,2026-10-30,30,BOM,DEL,BOM-DEL,AI,Air India,1,7869,INR,0,,21:00,21,23:15,23,False,135,135,0,Boeing 777,118.0,105.0
2026-09-30,2026-09-30 14:36,2026-10-30,30,BOM,DEL,BOM-DEL,IX,Air India Express,1,8004,INR,0,,17:20,17,19:35,19,False,135,135,0,Boeing 737MAX 8 Passenger,104.0,105.0
2026-09-30,2026-09-30 14:36,2026-10-30,30,BOM,DEL,BOM-DEL,QP,Akasa Air,1,8020,INR,0,,15:05,15,17:25,17,False,140,140,0,Boeing 737MAX 8 Passenger,93.0,105.0
2026-09-30,2026-09-30 14:36,2026-10-30,30,BOM,DEL,BOM-DEL,AI,Air India,1,8200,INR,0,,20:30,20,22:45,22,False,135,135,0,Airbus A320neo,105.0,105.0
2026-09-30,2026-09-30 14:36,2026-10-30,30,BOM,DEL,BOM-DEL,6E,IndiGo,1,8276,INR,0,,05:00,5,07:10,7,False,130,130,0,Airbus A321neo,90.0,105.0
2026-09-30,2026-09-30 14:36,2026-10-30,30,BOM,DEL,BOM-DEL,6E,IndiGo,1,8276,INR,0,,06:00,6,08:10,8,False,130,130,0,Airbus A321neo,90.0,105.0
2026-09-30,2026-09-30 14:36,2026-10-30,30,BOM,DEL,BOM-DEL,6E,IndiGo,1,8276,INR,0,,08:30,8,10:40,10,False,130,130,0,Airbus A321neo,90.0,105.0
2026-09-30,2026-09-30 14:36,2026-10-30,30,BOM,DEL,BOM-DEL,6E,IndiGo,1,8276,INR,0,,09:15,9,11:25,11,False,130,130,0,Airbus A321neo,90.0,105.0
2026-09-30,2026-09-30 14:36,2026-10-30,30,BOM,DEL,BOM-DEL,6E,IndiGo,1,8276,INR,0,,18:15,18,20:25,20,False,130,130,0,Airbus A321neo,90.0,105.0
2026-09-30,2026-09-30 14:36,2026-10-30,30,BOM,DEL,BOM-DEL,QP,Akasa Air,1,8304,INR,0,,07:00,7,09:25,9,False,145,145,0,Boeing 737MAX 8 Passenger,89.0,105.0
2026-09-30,2026-09-30 14:36,2026-10-30,30,BOM,DEL,BOM-DEL,QP,Akasa Air,1,8304,INR,0,,13:00,13,15:25,15,False,145,145,0,Boeing 737MAX 8 Passenger,93.0,105.0
2026-09-30,2026-09-30 14:36,2026-10-30,30,BOM,DEL,BOM-DEL,QP,Akasa Air,1,8304,INR,0,,20:55,20,23:15,23,False,140,140,0,Boeing 737MAX 8 Passenger,89.0,105.0
2026-09-30,2026-09-30 14:36,2026-10-30,30,BOM,DEL,BOM-DEL,QP,Akasa Air,1,8451,INR,0,,18:35,18,21:00,21,False,145,145,0,Boeing 737MAX 8 Passenger,87.0,105.0
2026-09-30,2026-09-30 14:36,2026-10-30,30,BOM,DEL,BOM-DEL,AI,Air India,1,8499,INR,0,,03:05,3,05:15,5,False,130,130,0,Airbus A320neo,105.0,105.0
2026-09-30,2026-09-30 14:36,2026-10-30,30,BOM,DEL,BOM-DEL,AI,Air India,1,8499,INR,0,,06:00,6,08:20,8,False,140,140,0,Boeing 787,103.0,105.0
2026-09-30,2026-09-30 14:36,2026-10-30,30,BOM,DEL,BOM-DEL,AI,Air India,1,8499,INR,0,,06:30,6,08:45,8,False,135,135,0,Airbus A320neo,105.0,105.0
2026-09-30,2026-09-30 14:36,2026-10-30,30,BOM,DEL,BOM-DEL,AI,Air India,1,8499,INR,0,,08:30,8,10:45,10,False,135,135,0,Airbus A320neo,105.0,105.0
2026-09-30,2026-09-30 14:36,2026-10-30,30,BOM,DEL,BOM-DEL,AI,Air India,1,8499,INR,0,,08:55,8,11:10,11,False,135,135,0,Airbus A321,133.0,105.0
2026-09-30,2026-09-30 14:36,2026-10-30,30,BOM,DEL,BOM-DEL,6E,IndiGo,1,8696,INR,0,,07:00,7,09:10,9,False,130,130,0,Airbus A321neo,90.0,105.0
2026-09-30,2026-09-30 14:36,2026-10-30,30,BOM,DEL,BOM-DEL,6E,IndiGo,1,8696,INR,0,,07:45,7,09:55,9,False,130,130,0,Airbus A321neo,90.0,105.0
2026-09-30,2026-09-30 14:36,2026-10-30,30,BOM,DEL,BOM-DEL,6E,IndiGo,1,8696,INR,0,,10:00,10,12:10,12,False,130,130,0,Airbus A321neo,90.0,105.0
2026-09-30,2026-09-30 14:36,2026-10-30,30,BOM,DEL,BOM-DEL,6E,IndiGo,1,8696,INR,0,,10:45,10,12:55,12,False,130,130,0,Airbus A321neo,90.0,105.0
2026-09-30,2026-09-30 14:36,2026-10-30,30,BOM,DEL,BOM-DEL,6E,IndiGo,1,8696,INR,0,,11:30,11,13:40,13,False,130,130,0,Airbus A321neo,90.0,105.0
2026-09-30,2026-09-30 14:36,2026-10-30,30,BOM,DEL,BOM-DEL,6E,IndiGo,1,8696,INR,0,,12:15,12,14:25,14,False,130,130,0,Airbus A321neo,90.0,105.0
2026-09-30,2026-09-30 14:36,2026-10-30,30,BOM,DEL,BOM-DEL,6E,IndiGo,1,8696,INR,0,,13:00,13,15:10,15,False,130,130,0,Airbus A321neo,90.0,105.0
2026-09-30,2026-09-30 14:36,2026-10-30,30,BOM,DEL,BOM-DEL,6E,IndiGo,1,8696,INR,0,,14:30,14,16:40,16,False,130,130,0,Airbus A321neo,90.0,105.0
2026-09-30,2026-09-30 14:36,2026-10-30,30,BOM,DEL,BOM-DEL,6E,IndiGo,1,8696,INR,0,,17:30,17,19:40,19,False,130,130,0,Airbus A321neo,90.0,105.0
2026-09-30,2026-09-30 14:36,2026-10-30,30,BOM,DEL,BOM-DEL,6E,IndiGo,1,8696,INR,0,,19:00,19,21:10,21,False,130,130,0,Airbus A321neo,90.0,105.0
2026-09-30,2026-09-30 14:36,2026-10-30,30,BOM,DEL,BOM-DEL,6E,IndiGo,1,8696,INR,0,,19:45,19,21:55,21,False,130,130,0,Airbus A321neo,90.0,105.0
2026-09-30,2026-09-30 14:36,2026-10-30,30,BOM,DEL,BOM-DEL,6E,IndiGo,1,8696,INR,0,,21:15,21,23:30,23,False,135,135,0,Airbus A321neo,90.0,105.0
2026-09-30,2026-09-30 14:36,2026-10-30,30,BOM,DEL,BOM-DEL,AI,Air India,1,8714,INR,0,,08:00,8,10:15,10,False,135,135,0,Airbus A320neo,105.0,105.0
2026-09-30,2026-09-30 14:36,2026-10-30,30,BOM,DEL,BOM-DEL,AI,Air India,1,8714,INR,0,,09:30,9,11:45,11,False,135,135,0,Airbus A320neo,105.0,105.0
2026-09-30,2026-09-30 14:36,2026-10-30,30,BOM,DEL,BOM-DEL,AI,Air India,1,8788,INR,0,,18:30,18,20:45,20,False,135,135,0,Airbus A321,133.0,105.0
2026-09-30,2026-09-30 14:36,2026-10-30,30,BOM,DEL,BOM-DEL,AI,Air India,1,8919,INR,0,,10:55,10,13:15,13,False,140,140,0,Airbus A350,103.0,105.0
2026-09-30,2026-09-30 14:36,2026-10-30,30,BOM,DEL,BOM-DEL,AI,Air India,1,8919,INR,0,,12:15,12,14:35,14,False,140,140,0,Airbus A320neo,105.0,105.0
2026-09-30,2026-09-30 14:36,2026-10-30,30,BOM,DEL,BOM-DEL,AI,Air India,1,8919,INR,0,,13:00,13,15:15,15,False,135,135,0,Airbus A320neo,105.0,105.0
2026-09-30,2026-09-30 14:36,2026-10-30,30,BOM,DEL,BOM-DEL,AI,Air India,1,8919,INR,0,,21:30,21,23:50,23,False,140,140,0,Airbus A320neo,105.0,105.0
2026-09-30,2026-09-30 14:36,2026-10-30,30,BOM,DEL,BOM-DEL,AI,Air India,1,8935,INR,0,,18:00,18,20:15,20,False,135,135,0,Airbus A320neo,105.0,105.0
2026-09-30,2026-09-30 14:36,2026-10-30,30,BOM,DEL,BOM-DEL,AI,Air India,1,9150,INR,0,,07:30,7,09:50,9,False,140,140,0,Airbus A320neo,105.0,105.0
2026-09-30,2026-09-30 14:36,2026-10-30,30,BOM,DEL,BOM-DEL,6E,IndiGo,1,9168,INR,0,,13:45,13,15:55,15,False,130,130,0,Airbus A321neo,90.0,105.0
2026-09-30,2026-09-30 14:36,2026-10-30,30,BOM,DEL,BOM-DEL,AI,Air India,1,9223,INR,0,,19:00,19,21:15,21,False,135,135,0,Airbus A320neo,105.0,105.0
2026-09-30,2026-09-30 14:36,2026-10-30,30,BOM,DEL,BOM-DEL,AI,Air India,1,9302,INR,0,,07:00,7,09:15,9,False,135,135,0,Airbus A320neo,105.0,105.0
2026-09-30,2026-09-30 14:36,2026-10-30,30,BOM,DEL,BOM-DEL,AI,Air India,1,9302,INR,0,,19:30,19,21:50,21,False,140,140,0,Airbus A320neo,105.0,105.0
2026-09-30,2026-09-30 14:36,2026-10-30,30,BOM,DEL,BOM-DEL,AI,Air India,1,9381,INR,0,,17:30,17,19:45,19,False,135,135,0,Airbus A320neo,105.0,105.0
2026-09-30,2026-09-30 14:36,2026-10-30,30,BOM,DEL,BOM-DEL,AI,Air India,1,9601,INR,0,,01:15,1,03:30,3,False,135,135,0,Airbus A320neo,105.0,105.0
2026-09-30,2026-09-30 14:36,2026-10-30,30,BOM,DEL,BOM-DEL,6E,IndiGo,1,9641,INR,0,,03:00,3,05:10,5,False,130,130,0,Airbus A321neo,90.0,105.0
2026-09-30,2026-09-30 14:36,2026-10-30,30,BOM,DEL,BOM-DEL,6E,IndiGo,1,10166,INR,0,,22:30,22,00:40,0,True,130,130,0,Airbus A321neo,90.0,105.0
2026-09-30,2026-09-30 14:36,2026-10-30,30,BOM,DEL,BOM-DEL,AI,Air India,1,12919,INR,0,,23:55,23,02:15,2,True,140,140,0,Airbus A320neo,105.0,105.0
2026-09-30,2026-09-30 14:36,2026-10-30,30,BOM,DEL,BOM-DEL,AI,Air India,1,13502,INR,0,,22:35,22,00:55,0,True,140,140,0,Airbus A321,133.0,105.0
2026-09-30,2026-09-30 14:36,2026-11-14,45,BOM,DEL,BOM-DEL,SG,SpiceJet,1,7082,INR,0,,06:25,6,08:45,8,False,140,140,0,Boeing 737,102.0,105.0
2026-09-30,2026-09-30 14:36,2026-11-14,45,BOM,DEL,BOM-DEL,SG,SpiceJet,1,7082,INR,0,,13:05,13,15:20,15,False,135,135,0,Boeing 737,102.0,105.0
2026-09-30,2026-09-30 14:36,2026-11-14,45,BOM,DEL,BOM-DEL,SG,SpiceJet,1,7082,INR,0,,20:30,20,22:45,22,False,135,135,0,Boeing 737,102.0,105.0
2026-09-30,2026-09-30 14:36,2026-11-14,45,BOM,DEL,BOM-DEL,SG,SpiceJet,1,7082,INR,0,,21:50,21,23:55,23,False,125,125,0,Boeing 737,102.0,105.0
2026-09-30,2026-09-30 14:36,2026-11-14,45,BOM,DEL,BOM-DEL,SG,SpiceJet,1,7082,INR,0,,22:00,22,00:45,0,True,165,165,0,Boeing 737,102.0,105.0
2026-09-30,2026-09-30 14:36,2026-11-14,45,BOM,DEL,BOM-DEL,6E,IndiGo,1,7488,INR,0,,11:30,11,13:40,13,False,130,130,0,Airbus A321neo,87.0,105.0
2026-09-30,2026-09-30 14:36,2026-11-14,45,BOM,DEL,BOM-DEL,6E,IndiGo,1,7488,INR,0,,13:45,13,15:55,15,False,130,130,0,Airbus A321neo,87.0,105.0
2026-09-30,2026-09-30 14:36,2026-11-14,45,BOM,DEL,BOM-DEL,6E,IndiGo,1,7488,INR,0,,14:30,14,16:40,16,False,130,130,0,Airbus A321neo,87.0,105.0
2026-09-30,2026-09-30 14:36,2026-11-14,45,BOM,DEL,BOM-DEL,6E,IndiGo,1,7488,INR,0,,16:00,16,18:10,18,False,130,130,0,Airbus A321neo,87.0,105.0
2026-09-30,2026-09-30 14:36,2026-11-14,45,BOM,DEL,BOM-DEL,6E,IndiGo,1,7488,INR,0,,16:45,16,18:55,18,False,130,130,0,Airbus A321neo,87.0,105.0
2026-09-30,2026-09-30 14:36,2026-11-14,45,BOM,DEL,BOM-DEL,6E,IndiGo,1,7488,INR,0,,17:30,17,19:40,19,False,130,130,0,Airbus A321neo,87.0,105.0
2026-09-30,2026-09-30 14:36,2026-11-14,45,BOM,DEL,BOM-DEL,6E,IndiGo,1,7488,INR,0,,18:15,18,20:25,20,False,130,130,0,Airbus A321neo,87.0,105.0
2026-09-30,2026-09-30 14:36,2026-11-14,45,BOM,DEL,BOM-DEL,6E,IndiGo,1,7488,INR,0,,19:00,19,21:10,21,False,130,130,0,Airbus A321neo,87.0,105.0
2026-09-30,2026-09-30 14:36,2026-11-14,45,BOM,DEL,BOM-DEL,6E,IndiGo,1,7488,INR,0,,19:45,19,21:55,21,False,130,130,0,Airbus A321neo,87.0,105.0
2026-09-30,2026-09-30 14:36,2026-11-14,45,BOM,DEL,BOM-DEL,6E,IndiGo,1,7488,INR,0,,20:30,20,22:40,22,False,130,130,0,Airbus A321neo,87.0,105.0
2026-09-30,2026-09-30 14:36,2026-11-14,45,BOM,DEL,BOM-DEL,6E,IndiGo,1,7488,INR,0,,21:15,21,23:30,23,False,135,135,0,Airbus A321neo,87.0,105.0
2026-09-30,2026-09-30 14:36,2026-11-14,45,BOM,DEL,BOM-DEL,6E,IndiGo,1,7488,INR,0,,22:30,22,00:40,0,True,130,130,0,Airbus A321neo,87.0,105.0
2026-09-30,2026-09-30 14:36,2026-11-14,45,BOM,DEL,BOM-DEL,SG,SpiceJet,1,7514,INR,0,,08:45,8,11:05,11,False,140,140,0,Boeing 737,102.0,105.0
2026-09-30,2026-09-30 14:36,2026-11-14,45,BOM,DEL,BOM-DEL,AI,Air India,1,7575,INR,0,,15:30,15,17:50,17,False,140,140,0,Airbus A321,131.0,105.0
2026-09-30,2026-09-30 14:36,2026-11-14,45,BOM,DEL,BOM-DEL,AI,Air India,1,7575,INR,0,,16:30,16,18:50,18,False,140,140,0,Airbus A321,131.0,105.0
2026-09-30,2026-09-30 14:36,2026-11-14,45,BOM,DEL,BOM-DEL,AI,Air India,1,7575,INR,0,,18:00,18,20:15,20,False,135,135,0,Airbus A320neo,103.0,105.0
2026-09-30,2026-09-30 14:36,2026-11-14,45,BOM,DEL,BOM-DEL,AI,Air India,1,7575,INR,0,,18:30,18,20:45,20,False,135,135,0,Boeing 787,104.0,105.0
2026-09-30,2026-09-30 14:36,2026-11-14,45,BOM,DEL,BOM-DEL,AI,Air India,1,7575,INR,0,,19:00,19,21:15,21,False,135,135,0,Airbus A320neo,103.0,105.0
2026-09-30,2026-09-30 14:36,2026-11-14,45,BOM,DEL,BOM-DEL,AI,Air India,1,7575,INR,0,,19:30,19,21:50,21,False,140,140,0,Airbus A320neo,103.0,105.0
2026-09-30,2026-09-30 14:36,2026-11-14,45,BOM,DEL,BOM-DEL,AI,Air India,1,7575,INR,0,,20:30,20,22:45,22,False,135,135,0,Airbus A320neo,103.0,105.0
2026-09-30,2026-09-30 14:36,2026-11-14,45,BOM,DEL,BOM-DEL,AI,Air India,1,7575,INR,0,,21:00,21,23:15,23,False,135,135,0,Boeing 777,116.0,105.0
2026-09-30,2026-09-30 14:36,2026-11-14,45,BOM,DEL,BOM-DEL,AI,Air India,1,7575,INR,0,,21:30,21,23:50,23,False,140,140,0,Airbus A320neo,103.0,105.0
2026-09-30,2026-09-30 14:36,2026-11-14,45,BOM,DEL,BOM-DEL,AI,Air India,1,7575,INR,0,,22:35,22,00:55,0,True,140,140,0,Airbus A321,131.0,105.0
2026-09-30,2026-09-30 14:36,2026-11-14,45,BOM,DEL,BOM-DEL,AI,Air India,1,7638,INR,0,,18:30,18,20:45,20,False,135,135,0,Airbus A321,131.0,105.0
2026-09-30,2026-09-30 14:36,2026-11-14,45,BOM,DEL,BOM-DEL,6E,IndiGo,1,7856,INR,0,,03:00,3,05:10,5,False,130,130,0,Airbus A321neo,87.0,105.0
2026-09-30,2026-09-30 14:36,2026-11-14,45,BOM,DEL,BOM-DEL,6E,IndiGo,1,7856,INR,0,,08:30,8,10:40,10,False,130,130,0,Airbus A321neo,87.0,105.0
2026-09-30,2026-09-30 14:36,2026-11-14,45,BOM,DEL,BOM-DEL,6E,IndiGo,1,7856,INR,0,,09:15,9,11:25,11,False,130,130,0,Airbus A321neo,87.0,105.0
2026-09-30,2026-09-30 14:36,2026-11-14,45,BOM,DEL,BOM-DEL,6E,IndiGo,1,7856,INR,0,,10:45,10,12:55,12,False,130,130,0,Airbus A321neo,87.0,105.0
2026-09-30,2026-09-30 14:36,2026-11-14,45,BOM,DEL,BOM-DEL,6E,IndiGo,1,7856,INR,0,,13:00,13,15:10,15,False,130,130,0,Airbus A321neo,87.0,105.0
2026-09-30,2026-09-30 14:36,2026-11-14,45,BOM,DEL,BOM-DEL,6E,IndiGo,1,7856,INR,0,,15:15,15,17:25,17,False,130,130,0,Airbus A321neo,87.0,105.0
2026-09-30,2026-09-30 14:36,2026-11-14,45,BOM,DEL,BOM-DEL,QP,Akasa Air,1,7883,INR,0,,15:05,15,17:25,17,False,140,140,0,Boeing 737MAX 8 Passenger,90.0,105.0
2026-09-30,2026-09-30 14:36,2026-11-14,45,BOM,DEL,BOM-DEL,QP,Akasa Air,1,7883,INR,0,,18:35,18,21:00,21,False,145,145,0,Boeing 737MAX 8 Passenger,85.0,105.0
2026-09-30,2026-09-30 14:36,2026-11-14,45,BOM,DEL,BOM-DEL,QP,Akasa Air,1,7883,INR,0,,20:55,20,23:15,23,False,140,140,0,Boeing 737MAX 8 Passenger,87.0,105.0
2026-09-30,2026-09-30 14:36,2026-11-14,45,BOM,DEL,BOM-DEL,AI,Air India,1,7953,INR,0,,08:30,8,10:45,10,False,135,135,0,Airbus A320neo,103.0,105.0
2026-09-30,2026-09-30 14:36,2026-11-14,45,BOM,DEL,BOM-DEL,AI,Air India,1,7953,INR,0,,08:55,8,11:10,11,False,135,135,0,Airbus A321,131.0,105.0
2026-09-30,2026-09-30 14:36,2026-11-14,45,BOM,DEL,BOM-DEL,AI,Air India,1,7953,INR,0,,10:55,10,13:15,13,False,140,140,0,Airbus A350,101.0,105.0
2026-09-30,2026-09-30 14:36,2026-11-14,45,BOM,DEL,BOM-DEL,QP,Akasa Air,1,8020,INR,0,,13:00,13,15:25,15,False,145,145,0,Boeing 737MAX 8 Passenger,90.0,105.0
2026-09-30,2026-09-30 14:36,2026-11-14,45,BOM,DEL,BOM-DEL,AI,Air India,1,8152,INR,0,,08:00,8,10:15,10,False,135,135,0,Airbus A320neo,103.0,105.0
2026-09-30,2026-09-30 14:36,2026-11-14,45,BOM,DEL,BOM-DEL,6E,IndiGo,1,8276,INR,0,,05:00,5,07:10,7,False,130,130,0,Airbus A321neo,87.0,105.0
2026-09-30,2026-09-30 14:36,2026-11-14,45,BOM,DEL,BOM-DEL,6E,IndiGo,1,8276,INR,0,,10:00,10,12:10,12,False,130,130,0,Airbus A321neo,87.0,105.0
2026-09-30,2026-09-30 14:36,2026-11-14,45,BOM,DEL,BOM-DEL,QP,Akasa Air,1,8304,INR,0,,07:00,7,09:25,9,False,145,145,0,Boeing 737MAX 8 Passenger,87.0,105.0
2026-09-30,2026-09-30 14:36,2026-11-14,45,BOM,DEL,BOM-DEL,AI,Air India,1,8646,INR,0,,12:15,12,14:35,14,False,140,140,0,Airbus A320neo,103.0,105.0
2026-09-30,2026-09-30 14:36,2026-11-14,45,BOM,DEL,BOM-DEL,AI,Air India,1,8646,INR,0,,13:00,13,15:15,15,False,135,135,0,Airbus A320neo,103.0,105.0
2026-09-30,2026-09-30 14:36,2026-11-14,45,BOM,DEL,BOM-DEL,AI,Air India,1,8866,INR,0,,17:30,17,19:45,19,False,135,135,0,Airbus A320neo,103.0,105.0
2026-09-30,2026-09-30 14:36,2026-11-14,45,BOM,DEL,BOM-DEL,6E,IndiGo,1,9168,INR,0,,06:00,6,08:10,8,False,130,130,0,Airbus A321neo,87.0,105.0
2026-09-30,2026-09-30 14:36,2026-11-14,45,BOM,DEL,BOM-DEL,6E,IndiGo,1,9168,INR,0,,07:45,7,09:55,9,False,130,130,0,Airbus A321neo,87.0,105.0
2026-09-30,2026-09-30 14:36,2026-11-14,45,BOM,DEL,BOM-DEL,6E,IndiGo,1,9641,INR,0,,07:00,7,09:10,9,False,130,130,0,Airbus A321neo,87.0,105.0
2026-09-30,2026-09-30 14:36,2026-11-14,45,BOM,DEL,BOM-DEL,AI,Air India,1,10000,INR,0,,07:00,7,09:15,9,False,135,135,0,Airbus A320neo,103.0,105.0
2026-09-30,2026-09-30 14:36,2026-11-14,45,BOM,DEL,BOM-DEL,AI,Air India,1,10000,INR,0,,14:55,14,17:15,17,False,140,140,0,Airbus A320neo,103.0,105.0
2026-09-30,2026-09-30 14:36,2026-11-14,45,BOM,DEL,BOM-DEL,AI,Air India,1,10263,INR,0,,07:30,7,09:50,9,False,140,140,0,Airbus A320neo,103.0,105.0
2026-09-30,2026-09-30 14:36,2026-11-14,45,BOM,DEL,BOM-DEL,IX,Air India Express,1,12606,INR,0,,17:20,17,19:35,19,False,135,135,0,Boeing 737MAX 8 Passenger,101.0,105.0
2026-09-30,2026-09-30 14:36,2026-11-29,60,BOM,DEL,BOM-DEL,SG,SpiceJet,1,6722,INR,0,,06:25,6,08:45,8,False,140,140,0,Boeing 737,102.0,105.0
2026-09-30,2026-09-30 14:36,2026-11-29,60,BOM,DEL,BOM-DEL,SG,SpiceJet,1,6722,INR,0,,20:30,20,22:45,22,False,135,135,0,Boeing 737,102.0,105.0
2026-09-30,2026-09-30 14:36,2026-11-29,60,BOM,DEL,BOM-DEL,SG,SpiceJet,1,6722,INR,0,,22:00,22,00:45,0,True,165,165,0,Boeing 737,102.0,105.0
2026-09-30,2026-09-30 14:36,2026-11-29,60,BOM,DEL,BOM-DEL,SG,SpiceJet,1,6722,INR,0,,22:30,22,00:40,0,True,130,130,0,Boeing 737,102.0,105.0
2026-09-30,2026-09-30 14:36,2026-11-29,60,BOM,DEL,BOM-DEL,IX,Air India Express,1,6811,INR,0,,05:30,5,07:55,7,False,145,145,0,Boeing 737MAX 8 Passenger,101.0,105.0
2026-09-30,2026-09-30 14:36,2026-11-29,60,BOM,DEL,BOM-DEL,6E,IndiGo,1,6995,INR,0,,03:00,3,05:10,5,False,130,130,0,Airbus A321neo,87.0,105.0
2026-09-30,2026-09-30 14:36,2026-11-29,60,BOM,DEL,BOM-DEL,6E,IndiGo,1,6995,INR,0,,05:00,5,07:10,7,False,130,130,0,Airbus A321neo,87.0,105.0
2026-09-30,2026-09-30 14:36,2026-11-29,60,BOM,DEL,BOM-DEL,6E,IndiGo,1,6995,INR,0,,06:00,6,08:10,8,False,130,130,0,Airbus A321neo,87.0,105.0
2026-09-30,2026-09-30 14:36,2026-11-29,60,BOM,DEL,BOM-DEL,6E,IndiGo,1,6995,INR,0,,07:00,7,09:10,9,False,130,130,0,Airbus A321neo,87.0,105.0
2026-09-30,2026-09-30 14:36,2026-11-29,60,BOM,DEL,BOM-DEL,6E,IndiGo,1,6995,INR,0,,08:30,8,10:40,10,False,130,130,0,Airbus A321neo,87.0,105.0
2026-09-30,2026-09-30 14:36,2026-11-29,60,BOM,DEL,BOM-DEL,6E,IndiGo,1,6995,INR,0,,10:00,10,12:10,12,False,130,130,0,Airbus A321neo,87.0,105.0
2026-09-30,2026-09-30 14:36,2026-11-29,60,BOM,DEL,BOM-DEL,6E,IndiGo,1,6995,INR,0,,10:45,10,12:55,12,False,130,130,0,Airbus A321neo,87.0,105.0
2026-09-30,2026-09-30 14:36,2026-11-29,60,BOM,DEL,BOM-DEL,6E,IndiGo,1,6995,INR,0,,11:30,11,13:40,13,False,130,130,0,Airbus A321neo,87.0,105.0
2026-09-30,2026-09-30 14:36,2026-11-29,60,BOM,DEL,BOM-DEL,6E,IndiGo,1,6995,INR,0,,12:15,12,14:25,14,False,130,130,0,Airbus A321neo,87.0,105.0
2026-09-30,2026-09-30 14:36,2026-11-29,60,BOM,DEL,BOM-DEL,6E,IndiGo,1,6995,INR,0,,13:00,13,15:10,15,False,130,130,0,Airbus A321neo,87.0,105.0
2026-09-30,2026-09-30 14:36,2026-11-29,60,BOM,DEL,BOM-DEL,6E,IndiGo,1,6995,INR,0,,13:45,13,15:55,15,False,130,130,0,Airbus A321neo,87.0,105.0
2026-09-30,2026-09-30 14:36,2026-11-29,60,BOM,DEL,BOM-DEL,6E,IndiGo,1,6995,INR,0,,17:30,17,19:40,19,False,130,130,0,Airbus A321neo,87.0,105.0
2026-09-30,2026-09-30 14:36,2026-11-29,60,BOM,DEL,BOM-DEL,6E,IndiGo,1,6995,INR,0,,22:30,22,00:40,0,True,130,130,0,Airbus A321neo,87.0,105.0
2026-09-30,2026-09-30 14:36,2026-11-29,60,BOM,DEL,BOM-DEL,SG,SpiceJet,1,7082,INR,0,,08:45,8,11:05,11,False,140,140,0,Boeing 737,102.0,105.0
2026-09-30,2026-09-30 14:36,2026-11-29,60,BOM,DEL,BOM-DEL,AI,Air India,1,7102,INR,0,,01:15,1,03:30,3,False,135,135,0,Airbus A320neo,103.0,105.0
2026-09-30,2026-09-30 14:36,2026-11-29,60,BOM,DEL,BOM-DEL,AI,Air India,1,7102,INR,0,,07:00,7,09:15,9,False,135,135,0,Airbus A320neo,103.0,105.0
2026-09-30,2026-09-30 14:36,2026-11-29,60,BOM,DEL,BOM-DEL,AI,Air India,1,7102,INR,0,,08:55,8,11:10,11,False,135,135,0,Airbus A321,131.0,105.0
2026-09-30,2026-09-30 14:36,2026-11-29,60,BOM,DEL,BOM-DEL,AI,Air India,1,7102,INR,0,,10:55,10,13:15,13,False,140,140,0,Airbus A350,101.0,105.0
2026-09-30,2026-09-30 14:36,2026-11-29,60,BOM,DEL,BOM-DEL,AI,Air India,1,7102,INR,0,,16:30,16,18:50,18,False,140,140,0,Airbus A321,131.0,105.0
2026-09-30,2026-09-30 14:36,2026-11-29,60,BOM,DEL,BOM-DEL,AI,Air India,1,7102,INR,0,,22:35,22,00:55,0,True,140,140,0,Airbus A321,131.0,105.0
2026-09-30,2026-09-30 14:36,2026-11-29,60,BOM,DEL,BOM-DEL,AI,Air India,1,7102,INR,0,,23:55,23,02:15,2,True,140,140,0,Airbus A320neo,103.0,105.0
2026-09-30,2026-09-30 14:36,2026-11-29,60,BOM,DEL,BOM-DEL,6E,IndiGo,1,7145,INR,0,,09:15,9,11:25,11,False,130,130,0,Airbus A321neo,87.0,105.0
2026-09-30,2026-09-30 14:36,2026-11-29,60,BOM,DEL,BOM-DEL,6E,IndiGo,1,7145,INR,0,,14:30,14,16:40,16,False,130,130,0,Airbus A321neo,87.0,105.0
2026-09-30,2026-09-30 14:36,2026-11-29,60,BOM,DEL,BOM-DEL,AI,Air India,1,7255,INR,0,,12:15,12,14:35,14,False,140,140,0,Airbus A320neo,103.0,105.0
2026-09-30,2026-09-30 14:36,2026-11-29,60,BOM,DEL,BOM-DEL,AI,Air India,1,7255,INR,0,,13:00,13,15:15,15,False,135,135,0,Airbus A320neo,103.0,105.0
2026-09-30,2026-09-30 14:36,2026-11-29,60,BOM,DEL,BOM-DEL,AI,Air India,1,7255,INR,0,,14:55,14,17:15,17,False,140,140,0,Airbus A320neo,103.0,105.0
2026-09-30,2026-09-30 14:36,2026-11-29,60,BOM,DEL,BOM-DEL,AI,Air India,1,7281,INR,0,,08:00,8,10:15,10,False,135,135,0,Airbus A320neo,103.0,105.0
2026-09-30,2026-09-30 14:36,2026-11-29,60,BOM,DEL,BOM-DEL,AI,Air India,1,7281,INR,0,,08:30,8,10:45,10,False,135,135,0,Airbus A320neo,103.0,105.0
2026-09-30,2026-09-30 14:36,2026-11-29,60,BOM,DEL,BOM-DEL,AI,Air India,1,7281,INR,0,,17:30,17,19:45,19,False,135,135,0,Airbus A320neo,103.0,105.0
2026-09-30,2026-09-30 14:36,2026-11-29,60,BOM,DEL,BOM-DEL,QP,Akasa Air,1,7359,INR,0,,07:00,7,09:25,9,False,145,145,0,Boeing 737MAX 8 Passenger,87.0,105.0
2026-09-30,2026-09-30 14:36,2026-11-29,60,BOM,DEL,BOM-DEL,QP,Akasa Air,1,7359,INR,0,,10:10,10,12:40,12,False,150,150,0,Boeing 737MAX 8 Passenger,87.0,105.0
2026-09-30,2026-09-30 14:36,2026-11-29,60,BOM,DEL,BOM-DEL,QP,Akasa Air,1,7359,INR,0,,13:00,13,15:25,15,False,145,145,0,Boeing 737MAX 8 Passenger,90.0,105.0
2026-09-30,2026-09-30 14:36,2026-11-29,60,BOM,DEL,BOM-DEL,QP,Akasa Air,1,7359,INR,0,,15:05,15,17:25,17,False,140,140,0,Boeing 737MAX 8 Passenger,90.0,105.0
2026-09-30,2026-09-30 14:36,2026-11-29,60,BOM,DEL,BOM-DEL,6E,IndiGo,1,7445,INR,0,,18:15,18,20:25,20,False,130,130,0,Airbus A321neo,87.0,105.0
2026-09-30,2026-09-30 14:36,2026-11-29,60,BOM,DEL,BOM-DEL,6E,IndiGo,1,7445,INR,0,,19:00,19,21:10,21,False,130,130,0,Airbus A321neo,87.0,105.0
2026-09-30,2026-09-30 14:36,2026-11-29,60,BOM,DEL,BOM-DEL,6E,IndiGo,1,7445,INR,0,,19:45,19,21:55,21,False,130,130,0,Airbus A321neo,87.0,105.0
2026-09-30,2026-09-30 14:36,2026-11-29,60,BOM,DEL,BOM-DEL,6E,IndiGo,1,7445,INR,0,,20:30,20,22:40,22,False,130,130,0,Airbus A321neo,87.0,105.0
2026-09-30,2026-09-30 14:36,2026-11-29,60,BOM,DEL,BOM-DEL,6E,IndiGo,1,7445,INR,0,,21:15,21,23:30,23,False,135,135,0,Airbus A321neo,87.0,105.0
2026-09-30,2026-09-30 14:36,2026-11-29,60,BOM,DEL,BOM-DEL,AI,Air India,1,7454,INR,0,,07:30,7,09:50,9,False,140,140,0,Airbus A320neo,103.0,105.0
2026-09-30,2026-09-30 14:36,2026-11-29,60,BOM,DEL,BOM-DEL,AI,Air India,1,7454,INR,0,,18:00,18,20:15,20,False,135,135,0,Airbus A320neo,103.0,105.0
2026-09-30,2026-09-30 14:36,2026-11-29,60,BOM,DEL,BOM-DEL,QP,Akasa Air,1,7485,INR,0,,18:35,18,21:00,21,False,145,145,0,Boeing 737MAX 8 Passenger,85.0,105.0
2026-09-30,2026-09-30 14:36,2026-11-29,60,BOM,DEL,BOM-DEL,QP,Akasa Air,1,7485,INR,0,,20:55,20,23:15,23,False,140,140,0,Boeing 737MAX 8 Passenger,87.0,105.0
2026-09-30,2026-09-30 14:36,2026-11-29,60,BOM,DEL,BOM-DEL,AI,Air India,1,7575,INR,0,,19:30,19,21:50,21,False,140,140,0,Airbus A320neo,103.0,105.0
2026-09-30,2026-09-30 14:36,2026-11-29,60,BOM,DEL,BOM-DEL,AI,Air India,1,7575,INR,0,,20:30,20,22:45,22,False,135,135,0,Airbus A320neo,103.0,105.0
2026-09-30,2026-09-30 14:36,2026-11-29,60,BOM,DEL,BOM-DEL,AI,Air India,1,7575,INR,0,,21:00,21,23:15,23,False,135,135,0,Boeing 777,116.0,105.0
2026-09-30,2026-09-30 14:36,2026-11-29,60,BOM,DEL,BOM-DEL,AI,Air India,1,7575,INR,0,,21:30,21,23:50,23,False,140,140,0,Airbus A320neo,103.0,105.0
2026-09-30,2026-09-30 14:36,2026-11-29,60,BOM,DEL,BOM-DEL,6E,IndiGo,1,7745,INR,0,,07:45,7,09:55,9,False,130,130,0,Airbus A321neo,87.0,105.0
2026-09-30,2026-09-30 14:36,2026-11-29,60,BOM,DEL,BOM-DEL,AI,Air India,1,7827,INR,0,,18:30,18,20:45,20,False,135,135,0,Airbus A321,131.0,105.0
2026-09-30,2026-09-30 14:36,2026-11-29,60,BOM,DEL,BOM-DEL,AI,Air India,1,7827,INR,0,,19:00,19,21:15,21,False,135,135,0,Airbus A320neo,103.0,105.0
2026-09-30,2026-09-30 14:36,2026-11-29,60,BOM,DEL,BOM-DEL,6E,IndiGo,1,8045,INR,0,,15:15,15,17:25,17,False,130,130,0,Airbus A321neo,87.0,105.0
2026-09-30,2026-09-30 14:36,2026-11-29,60,BOM,DEL,BOM-DEL,6E,IndiGo,1,9305,INR,0,,16:45,16,18:55,18,False,130,130,0,Airbus A321neo,87.0,105.0
2026-09-30,2026-09-30 14:36,2026-10-01,1,BLR,DEL,BLR-DEL,6E,IndiGo,1,10242,INR,1,PAT,16:45,16,22:35,22,False,350,250,100,Airbus A320neo | Airbus A320,203.0,120.0
2026-09-30,2026-09-30 14:36,2026-10-01,1,BLR,DEL,BLR-DEL,6E,IndiGo,1,10800,INR,1,AMD,01:10,1,06:45,6,False,335,235,100,Airbus A320neo | Airbus A321neo,160.0,120.0
2026-09-30,2026-09-30 14:36,2026-10-01,1,BLR,DEL,BLR-DEL,IX,Air India Express,1,11109,INR,1,IXE,16:40,16,08:25,8,True,945,255,690,Boeing 737MAX 8 Passenger | Boeing 737MAX 8 Passenger,198.0,120.0
2026-09-30,2026-09-30 14:36,2026-10-01,1,BLR,DEL,BLR-DEL,AI,Air India,1,11497,INR,0,,11:00,11,14:00,14,False,180,180,0,Airbus A320neo,179.0,120.0
2026-09-30,2026-09-30 14:36,2026-10-01,1,BLR,DEL,BLR-DEL,AI,Air India,1,11497,INR,0,,15:00,15,18:00,18,False,180,180,0,Airbus A320neo,142.0,120.0
2026-09-30,2026-09-30 14:36,2026-10-01,1,BLR,DEL,BLR-DEL,AI,Air India,1,11497,INR,0,,15:30,15,18:15,18,False,165,165,0,Boeing 787,142.0,120.0
2026-09-30,2026-09-30 14:36,2026-10-01,1,BLR,DEL,BLR-DEL,6E,IndiGo,1,11543,INR,0,,10:45,10,13:35,13,False,170,170,0,Airbus A321neo,122.0,120.0
2026-09-30,2026-09-30 14:36,2026-10-01,1,BLR,DEL,BLR-DEL,6E,IndiGo,1,11543,INR,0,,12:00,12,14:50,14,False,170,170,0,Airbus A321neo,122.0,120.0
2026-09-30,2026-09-30 14:36,2026-10-01,1,BLR,DEL,BLR-DEL,6E,IndiGo,1,11543,INR,0,,13:10,13,16:05,16,False,175,175,0,Airbus A321neo,122.0,120.0
2026-09-30,2026-09-30 14:36,2026-10-01,1,BLR,DEL,BLR-DEL,IX,Air India Express,1,11690,INR,0,,01:15,1,04:10,4,False,175,175,0,Airbus A320neo,134.0,120.0
2026-09-30,2026-09-30 14:36,2026-10-01,1,BLR,DEL,BLR-DEL,IX,Air India Express,1,11690,INR,0,,06:40,6,09:25,9,False,165,165,0,Boeing 737MAX 8 Passenger,142.0,120.0
2026-09-30,2026-09-30 14:36,2026-10-01,1,BLR,DEL,BLR-DEL,QP,Akasa Air,1,12124,INR,0,,06:05,6,08:50,8,False,165,165,0,Boeing 737MAX 8 Passenger,124.0,120.0
2026-09-30,2026-09-30 14:36,2026-10-01,1,BLR,DEL,BLR-DEL,6E,IndiGo,1,12217,INR,0,,08:15,8,11:05,11,False,170,170,0,Airbus A321neo,122.0,120.0
2026-09-30,2026-09-30 14:36,2026-10-01,1,BLR,DEL,BLR-DEL,6E,IndiGo,1,12217,INR,0,,15:45,15,18:35,18,False,170,170,0,Airbus A321neo,122.0,120.0
2026-09-30,2026-09-30 14:36,2026-10-01,1,BLR,DEL,BLR-DEL,QP,Akasa Air,1,12796,INR,0,,05:00,5,07:50,7,False,170,170,0,Boeing 737MAX 8 Passenger,124.0,120.0
2026-09-30,2026-09-30 14:36,2026-10-01,1,BLR,DEL,BLR-DEL,AI,Air India,1,12888,INR,0,,05:30,5,08:25,8,False,175,175,0,Airbus A320neo,142.0,120.0
2026-09-30,2026-09-30 14:36,2026-10-01,1,BLR,DEL,BLR-DEL,AI,Air India,1,12888,INR,0,,06:00,6,08:45,8,False,165,165,0,Airbus A320neo,142.0,120.0
2026-09-30,2026-09-30 14:36,2026-10-01,1,BLR,DEL,BLR-DEL,AI,Air India,1,12888,INR,0,,10:00,10,13:00,13,False,180,180,0,Airbus A320neo,142.0,120.0
2026-09-30,2026-09-30 14:36,2026-10-01,1,BLR,DEL,BLR-DEL,6E,IndiGo,1,12935,INR,0,,01:00,1,03:50,3,False,170,170,0,Airbus A321neo,118.0,120.0
2026-09-30,2026-09-30 14:36,2026-10-01,1,BLR,DEL,BLR-DEL,IX,Air India Express,1,14669,INR,0,,17:35,17,20:25,20,False,170,170,0,Boeing 737MAX 8 Passenger,142.0,120.0
2026-09-30,2026-09-30 14:36,2026-10-01,1,BLR,DEL,BLR-DEL,AI,Air India,1,15224,INR,0,,00:15,0,03:10,3,False,175,175,0,Airbus A320neo,142.0,120.0
2026-09-30,2026-09-30 14:36,2026-10-01,1,BLR,DEL,BLR-DEL,AI,Air India,1,15224,INR,0,,07:00,7,10:00,10,False,180,180,0,Airbus A320neo,142.0,120.0
2026-09-30,2026-09-30 14:36,2026-10-01,1,BLR,DEL,BLR-DEL,AI,Air India,1,15224,INR,0,,17:25,17,20:30,20,False,185,185,0,Airbus A320neo,142.0,120.0
2026-09-30,2026-09-30 14:36,2026-10-01,1,BLR,DEL,BLR-DEL,AI,Air India,1,15634,INR,0,,16:30,16,19:25,19,False,175,175,0,Airbus A320neo,142.0,120.0
2026-09-30,2026-09-30 14:36,2026-10-01,1,BLR,DEL,BLR-DEL,6E,IndiGo,1,16327,INR,0,,23:30,23,02:20,2,True,170,170,0,Airbus A321neo,122.0,120.0
2026-09-30,2026-09-30 14:36,2026-10-01,1,BLR,DEL,BLR-DEL,QP,Akasa Air,1,16519,INR,0,,03:55,3,07:00,7,False,185,185,0,Boeing 737MAX 8 Passenger,124.0,120.0
2026-09-30,2026-09-30 14:36,2026-10-01,1,BLR,DEL,BLR-DEL,6E,IndiGo,1,17322,INR,0,,17:00,17,19:50,19,False,170,170,0,Airbus A321neo,122.0,120.0
2026-09-30,2026-09-30 14:36,2026-10-01,1,BLR,DEL,BLR-DEL,6E,IndiGo,1,17322,INR,0,,22:00,22,00:50,0,True,170,170,0,Airbus A321neo,122.0,120.0
2026-09-30,2026-09-30 14:36,2026-10-01,1,BLR,DEL,BLR-DEL,AI,Air India,1,17902,INR,0,,22:00,22,00:55,0,True,175,175,0,Airbus A320neo,142.0,120.0
2026-09-30,2026-09-30 14:36,2026-10-01,1,BLR,DEL,BLR-DEL,AI,Air India,1,17902,INR,0,,22:30,22,01:25,1,True,175,175,0,Airbus A321,179.0,120.0
2026-09-30,2026-09-30 14:36,2026-10-01,1,BLR,DEL,BLR-DEL,6E,IndiGo,1,20729,INR,0,,20:40,20,23:30,23,False,170,170,0,Airbus A321neo,122.0,120.0
2026-09-30,2026-09-30 14:36,2026-10-01,1,BLR,DEL,BLR-DEL,AI,Air India,1,20810,INR,0,,19:40,19,22:35,22,False,175,175,0,Airbus A320neo,142.0,120.0
2026-09-30,2026-09-30 14:36,2026-10-01,1,BLR,DEL,BLR-DEL,AI,Air India,1,20810,INR,0,,20:00,20,22:45,22,False,165,165,0,Airbus A320neo,142.0,120.0
2026-09-30,2026-09-30 14:36,2026-10-01,1,BLR,DEL,BLR-DEL,6E,IndiGo,1,22020,INR,0,,18:15,18,21:05,21,False,170,170,0,Airbus A321neo,122.0,120.0
2026-09-30,2026-09-30 14:36,2026-10-01,1,BLR,DEL,BLR-DEL,6E,IndiGo,1,22020,INR,0,,19:30,19,22:15,22,False,165,165,0,Airbus A321neo,122.0,120.0
2026-09-30,2026-09-30 14:36,2026-10-01,1,BLR,DEL,BLR-DEL,AI,Air India,1,24679,INR,0,,18:20,18,21:10,21,False,170,170,0,Airbus A320neo,142.0,120.0
2026-09-30,2026-09-30 14:36,2026-10-03,3,BLR,DEL,BLR-DEL,6E,IndiGo,1,8163,INR,1,NAG,08:20,8,12:55,12,False,275,195,80,Airbus A321neo | Airbus A321neo,138.0,120.0
2026-09-30,2026-09-30 14:36,2026-10-03,3,BLR,DEL,BLR-DEL,AI,Air India,1,8252,INR,0,,00:15,0,03:10,3,False,175,175,0,Airbus A320neo,142.0,120.0
2026-09-30,2026-09-30 14:36,2026-10-03,3,BLR,DEL,BLR-DEL,AI,Air India,1,8252,INR,0,,05:30,5,08:25,8,False,175,175,0,Airbus A320neo,142.0,120.0
2026-09-30,2026-09-30 14:36,2026-10-03,3,BLR,DEL,BLR-DEL,AI,Air India,1,8252,INR,0,,10:00,10,13:00,13,False,180,180,0,Airbus A320neo,142.0,120.0
2026-09-30,2026-09-30 14:36,2026-10-03,3,BLR,DEL,BLR-DEL,AI,Air India,1,8252,INR,0,,11:00,11,14:00,14,False,180,180,0,Airbus A320neo,179.0,120.0
2026-09-30,2026-09-30 14:36,2026-10-03,3,BLR,DEL,BLR-DEL,AI,Air India,1,8257,INR,0,,07:00,7,10:00,10,False,180,180,0,Airbus A320neo,142.0,120.0
2026-09-30,2026-09-30 14:36,2026-10-03,3,BLR,DEL,BLR-DEL,AI,Air India,1,8257,INR,0,,15:30,15,18:15,18,False,165,165,0,Boeing 787,142.0,120.0
2026-09-30,2026-09-30 14:36,2026-10-03,3,BLR,DEL,BLR-DEL,AI,Air India,1,8257,INR,0,,16:30,16,19:25,19,False,175,175,0,Airbus A320neo,142.0,120.0
2026-09-30,2026-09-30 14:36,2026-10-03,3,BLR,DEL,BLR-DEL,AI,Air India,1,8257,INR,0,,17:25,17,20:30,20,False,185,185,0,Airbus A320neo,142.0,120.0
2026-09-30,2026-09-30 14:36,2026-10-03,3,BLR,DEL,BLR-DEL,AI,Air India,1,8257,INR,0,,18:20,18,21:10,21,False,170,170,0,Airbus A320neo,142.0,120.0
2026-09-30,2026-09-30 14:36,2026-10-03,3,BLR,DEL,BLR-DEL,AI,Air India,1,8257,INR,0,,22:00,22,00:55,0,True,175,175,0,Airbus A320neo,142.0,120.0
2026-09-30,2026-09-30 14:36,2026-10-03,3,BLR,DEL,BLR-DEL,AI,Air India,1,8257,INR,0,,22:30,22,01:25,1,True,175,175,0,Airbus A320neo,142.0,120.0
2026-09-30,2026-09-30 14:36,2026-10-03,3,BLR,DEL,BLR-DEL,6E,IndiGo,1,8308,INR,0,,03:00,3,05:50,5,False,170,170,0,Airbus A321neo,122.0,120.0
2026-09-30,2026-09-30 14:36,2026-10-03,3,BLR,DEL,BLR-DEL,6E,IndiGo,1,8308,INR,0,,05:05,5,07:55,7,False,170,170,0,Airbus A321neo,122.0,120.0
2026-09-30,2026-09-30 14:36,2026-10-03,3,BLR,DEL,BLR-DEL,6E,IndiGo,1,8308,INR,0,,07:00,7,09:50,9,False,170,170,0,Airbus A321neo,122.0,120.0
2026-09-30,2026-09-30 14:36,2026-10-03,3,BLR,DEL,BLR-DEL,6E,IndiGo,1,8308,INR,0,,09:30,9,12:30,12,False,180,180,0,Airbus A321neo,122.0,120.0
2026-09-30,2026-09-30 14:36,2026-10-03,3,BLR,DEL,BLR-DEL,6E,IndiGo,1,8308,INR,0,,10:45,10,13:35,13,False,170,170,0,Airbus A321neo,122.0,120.0
2026-09-30,2026-09-30 14:36,2026-10-03,3,BLR,DEL,BLR-DEL,6E,IndiGo,1,8308,INR,0,,12:00,12,14:50,14,False,170,170,0,Airbus A321neo,122.0,120.0
2026-09-30,2026-09-30 14:36,2026-10-03,3,BLR,DEL,BLR-DEL,6E,IndiGo,1,8308,INR,0,,13:10,13,16:05,16,False,175,175,0,Airbus A321neo,122.0,120.0
2026-09-30,2026-09-30 14:36,2026-10-03,3,BLR,DEL,BLR-DEL,6E,IndiGo,1,8308,INR,0,,13:55,13,16:45,16,False,170,170,0,Airbus A321neo,122.0,120.0
2026-09-30,2026-09-30 14:36,2026-10-03,3,BLR,DEL,BLR-DEL,6E,IndiGo,1,8308,INR,0,,15:45,15,18:35,18,False,170,170,0,Airbus A321neo,122.0,120.0
2026-09-30,2026-09-30 14:36,2026-10-03,3,BLR,DEL,BLR-DEL,6E,IndiGo,1,8308,INR,0,,17:00,17,19:50,19,False,170,170,0,Airbus A321neo,122.0,120.0
2026-09-30,2026-09-30 14:36,2026-10-03,3,BLR,DEL,BLR-DEL,6E,IndiGo,1,8308,INR,0,,18:15,18,21:05,21,False,170,170,0,Airbus A321neo,122.0,120.0
2026-09-30,2026-09-30 14:36,2026-10-03,3,BLR,DEL,BLR-DEL,6E,IndiGo,1,8308,INR,0,,19:30,19,22:15,22,False,165,165,0,Airbus A321neo,122.0,120.0
2026-09-30,2026-09-30 14:36,2026-10-03,3,BLR,DEL,BLR-DEL,6E,IndiGo,1,8308,INR,0,,20:40,20,23:30,23,False,170,170,0,Airbus A321neo,122.0,120.0
2026-09-30,2026-09-30 14:36,2026-10-03,3,BLR,DEL,BLR-DEL,AI,Air India,1,8394,INR,0,,20:00,20,22:45,22,False,165,165,0,Airbus A320neo,142.0,120.0
2026-09-30,2026-09-30 14:36,2026-10-03,3,BLR,DEL,BLR-DEL,AI,Air India,1,8709,INR,0,,14:00,14,16:45,16,False,165,165,0,Airbus A320neo,142.0,120.0
2026-09-30,2026-09-30 14:36,2026-10-03,3,BLR,DEL,BLR-DEL,QP,Akasa Air,1,8714,INR,0,,03:55,3,07:00,7,False,185,185,0,Boeing 737MAX 8 Passenger,124.0,120.0
2026-09-30,2026-09-30 14:36,2026-10-03,3,BLR,DEL,BLR-DEL,QP,Akasa Air,1,8714,INR,0,,05:00,5,07:50,7,False,170,170,0,Boeing 737MAX 8 Passenger,124.0,120.0
2026-09-30,2026-09-30 14:36,2026-10-03,3,BLR,DEL,BLR-DEL,QP,Akasa Air,1,8714,INR,0,,13:05,13,16:00,16,False,175,175,0,Boeing 737MAX 8 Passenger,122.0,120.0
2026-09-30,2026-09-30 14:36,2026-10-03,3,BLR,DEL,BLR-DEL,IX,Air India Express,1,8912,INR,0,,17:35,17,20:25,20,False,170,170,0,Boeing 737MAX 8 Passenger,142.0,120.0
2026-09-30,2026-09-30 14:36,2026-10-03,3,BLR,DEL,BLR-DEL,IX,Air India Express,1,9211,INR,0,,06:40,6,09:25,9,False,165,165,0,Boeing 737MAX 8 Passenger,142.0,120.0
2026-09-30,2026-09-30 14:36,2026-10-07,7,BLR,DEL,BLR-DEL,6E,IndiGo,1,8163,INR,1,NAG,08:20,8,12:55,12,False,275,195,80,Airbus A321neo | Airbus A321neo,138.0,120.0
2026-09-30,2026-09-30 14:36,2026-10-07,7,BLR,DEL,BLR-DEL,AI,Air India,1,8257,INR,0,,00:15,0,03:10,3,False,175,175,0,Airbus A320neo,142.0,120.0
2026-09-30,2026-09-30 14:36,2026-10-07,7,BLR,DEL,BLR-DEL,AI,Air India,1,8257,INR,0,,05:30,5,08:25,8,False,175,175,0,Airbus A320neo,142.0,120.0
2026-09-30,2026-09-30 14:36,2026-10-07,7,BLR,DEL,BLR-DEL,AI,Air India,1,8257,INR,0,,15:00,15,18:00,18,False,180,180,0,Airbus A320neo,142.0,120.0
2026-09-30,2026-09-30 14:36,2026-10-07,7,BLR,DEL,BLR-DEL,AI,Air India,1,8257,INR,0,,22:00,22,00:55,0,True,175,175,0,Airbus A320neo,142.0,120.0
2026-09-30,2026-09-30 14:36,2026-10-07,7,BLR,DEL,BLR-DEL,AI,Air India,1,8257,INR,0,,22:30,22,01:25,1,True,175,175,0,Airbus A320neo,142.0,120.0
2026-09-30,2026-09-30 14:36,2026-10-07,7,BLR,DEL,BLR-DEL,6E,IndiGo,1,8308,INR,0,,01:00,1,03:50,3,False,170,170,0,Airbus A321neo,122.0,120.0
2026-09-30,2026-09-30 14:36,2026-10-07,7,BLR,DEL,BLR-DEL,6E,IndiGo,1,8308,INR,0,,03:00,3,05:50,5,False,170,170,0,Airbus A321neo,122.0,120.0
2026-09-30,2026-09-30 14:36,2026-10-07,7,BLR,DEL,BLR-DEL,6E,IndiGo,1,8308,INR,0,,05:05,5,07:55,7,False,170,170,0,Airbus A321neo,122.0,120.0
2026-09-30,2026-09-30 14:36,2026-10-07,7,BLR,DEL,BLR-DEL,6E,IndiGo,1,8308,INR,0,,07:00,7,09:50,9,False,170,170,0,Airbus A321neo,122.0,120.0
2026-09-30,2026-09-30 14:36,2026-10-07,7,BLR,DEL,BLR-DEL,6E,IndiGo,1,8308,INR,0,,10:45,10,13:35,13,False,170,170,0,Airbus A321neo,122.0,120.0
2026-09-30,2026-09-30 14:36,2026-10-07,7,BLR,DEL,BLR-DEL,6E,IndiGo,1,8308,INR,0,,12:00,12,14:50,14,False,170,170,0,Airbus A321neo,122.0,120.0
2026-09-30,2026-09-30 14:36,2026-10-07,7,BLR,DEL,BLR-DEL,6E,IndiGo,1,8308,INR,0,,13:10,13,16:05,16,False,175,175,0,Airbus A321neo,122.0,120.0
2026-09-30,2026-09-30 14:36,2026-10-07,7,BLR,DEL,BLR-DEL,6E,IndiGo,1,8308,INR,0,,13:55,13,16:45,16,False,170,170,0,Airbus A321neo,122.0,120.0
2026-09-30,2026-09-30 14:36,2026-10-07,7,BLR,DEL,BLR-DEL,6E,IndiGo,1,8308,INR,0,,15:45,15,18:35,18,False,170,170,0,Airbus A321neo,122.0,120.0
2026-09-30,2026-09-30 14:36,2026-10-07,7,BLR,DEL,BLR-DEL,6E,IndiGo,1,8308,INR,0,,22:00,22,00:50,0,True,170,170,0,Airbus A321neo,122.0,120.0
2026-09-30,2026-09-30 14:36,2026-10-07,7,BLR,DEL,BLR-DEL,6E,IndiGo,1,8308,INR,0,,23:30,23,02:20,2,True,170,170,0,Airbus A321neo,122.0,120.0
2026-09-30,2026-09-30 14:36,2026-10-07,7,BLR,DEL,BLR-DEL,QP,Akasa Air,1,8714,INR,0,,03:55,3,07:00,7,False,185,185,0,Boeing 737MAX 8 Passenger,124.0,120.0
2026-09-30,2026-09-30 14:36,2026-10-07,7,BLR,DEL,BLR-DEL,QP,Akasa Air,1,8714,INR,0,,05:00,5,07:50,7,False,170,170,0,Boeing 737MAX 8 Passenger,124.0,120.0
2026-09-30,2026-09-30 14:36,2026-10-07,7,BLR,DEL,BLR-DEL,QP,Akasa Air,1,8714,INR,0,,05:30,5,08:25,8,False,175,175,0,Boeing 737MAX 8 Passenger,122.0,120.0
2026-09-30,2026-09-30 14:36,2026-10-07,7,BLR,DEL,BLR-DEL,AI,Air India,1,8714,INR,0,,07:00,7,10:00,10,False,180,180,0,Airbus A320neo,142.0,120.0
2026-09-30,2026-09-30 14:36,2026-10-07,7,BLR,DEL,BLR-DEL,AI,Air India,1,8714,INR,0,,16:30,16,19:25,19,False,175,175,0,Airbus A320neo,142.0,120.0
2026-09-30,2026-09-30 14:36,2026-10-07,7,BLR,DEL,BLR-DEL,6E,IndiGo,1,8764,INR,0,,09:30,9,12:30,12,False,180,180,0,Airbus A321neo,122.0,120.0
2026-09-30,2026-09-30 14:36,2026-10-07,7,BLR,DEL,BLR-DEL,6E,IndiGo,1,8764,INR,0,,17:00,17,19:50,19,False,170,170,0,Airbus A321neo,122.0,120.0
2026-09-30,2026-09-30 14:36,2026-10-07,7,BLR,DEL,BLR-DEL,6E,IndiGo,1,8764,INR,0,,20:40,20,23:30,23,False,170,170,0,Airbus A321neo,122.0,120.0
2026-09-30,2026-09-30 14:36,2026-10-07,7,BLR,DEL,BLR-DEL,QP,Akasa Air,1,8855,INR,0,,13:50,13,16:35,16,False,165,165,0,Boeing 737MAX 8 Passenger,122.0,120.0
2026-09-30,2026-09-30 14:36,2026-10-07,7,BLR,DEL,BLR-DEL,IX,Air India Express,1,8912,INR,0,,06:40,6,09:25,9,False,165,165,0,Boeing 737MAX 8 Passenger,142.0,120.0
2026-09-30,2026-09-30 14:36,2026-10-07,7,BLR,DEL,BLR-DEL,AI,Air India,1,9202,INR,0,,06:00,6,08:45,8,False,165,165,0,Airbus A320neo,142.0,120.0
2026-09-30,2026-09-30 14:36,2026-10-07,7,BLR,DEL,BLR-DEL,AI,Air India,1,9202,INR,0,,11:00,11,14:00,14,False,180,180,0,Airbus A320neo,179.0,120.0
2026-09-30,2026-09-30 14:36,2026-10-07,7,BLR,DEL,BLR-DEL,IX,Air India Express,1,9211,INR,0,,17:35,17,20:25,20,False,170,170,0,Boeing 737MAX 8 Passenger,142.0,120.0
2026-09-30,2026-09-30 14:36,2026-10-07,7,BLR,DEL,BLR-DEL,6E,IndiGo,1,9250,INR,0,,18:15,18,21:05,21,False,170,170,0,Airbus A321neo,122.0,120.0
2026-09-30,2026-09-30 14:36,2026-10-07,7,BLR,DEL,BLR-DEL,6E,IndiGo,1,9250,INR,0,,19:30,19,22:15,22,False,165,165,0,Airbus A321neo,122.0,120.0
2026-09-30,2026-09-30 14:36,2026-10-07,7,BLR,DEL,BLR-DEL,QP,Akasa Air,1,9971,INR,0,,18:35,18,21:30,21,False,175,175,0,Boeing 737MAX 8 Passenger,124.0,120.0
2026-09-30,2026-09-30 14:36,2026-10-07,7,BLR,DEL,BLR-DEL,AI,Air India,1,10273,INR,0,,14:00,14,16:45,16,False,165,165,0,Airbus A320neo,142.0,120.0
2026-09-30,2026-09-30 14:36,2026-10-07,7,BLR,DEL,BLR-DEL,AI,Air India,1,11497,INR,0,,17:25,17,20:30,20,False,185,185,0,Airbus A320neo,142.0,120.0
2026-09-30,2026-09-30 14:36,2026-10-07,7,BLR,DEL,BLR-DEL,AI,Air India,1,12169,INR,0,,18:20,18,21:10,21,False,170,170,0,Airbus A320neo,142.0,120.0
2026-09-30,2026-09-30 14:36,2026-10-07,7,BLR,DEL,BLR-DEL,AI,Air India,1,12169,INR,0,,19:40,19,22:35,22,False,175,175,0,Airbus A320neo,142.0,120.0
2026-09-30,2026-09-30 14:36,2026-10-07,7,BLR,DEL,BLR-DEL,AI,Air India,1,12379,INR,0,,20:00,20,22:45,22,False,165,165,0,Airbus A320neo,142.0,120.0
2026-09-30,2026-09-30 14:36,2026-10-07,7,BLR,DEL,BLR-DEL,AI,Air India,1,12888,INR,0,,10:00,10,13:00,13,False,180,180,0,Airbus A320neo,142.0,120.0
2026-09-30,2026-09-30 14:36,2026-10-14,14,BLR,DEL,BLR-DEL,AI,Air India,1,8257,INR,0,,15:00,15,18:00,18,False,180,180,0,Airbus A320neo,142.0,120.0
2026-09-30,2026-09-30 14:36,2026-10-14,14,BLR,DEL,BLR-DEL,AI,Air India,1,8257,INR,0,,22:30,22,01:25,1,True,175,175,0,Airbus A320neo,142.0,120.0
2026-09-30,2026-09-30 14:36,2026-10-14,14,BLR,DEL,BLR-DEL,6E,IndiGo,1,8308,INR,0,,01:00,1,03:50,3,False,170,170,0,Airbus A321neo,122.0,120.0
2026-09-30,2026-09-30 14:36,2026-10-14,14,BLR,DEL,BLR-DEL,6E,IndiGo,1,8308,INR,0,,05:05,5,07:55,7,False,170,170,0,Airbus A321neo,122.0,120.0
2026-09-30,2026-09-30 14:36,2026-10-14,14,BLR,DEL,BLR-DEL,AI,Air India,1,8714,INR,0,,16:30,16,19:25,19,False,175,175,0,Airbus A320neo,142.0,120.0
2026-09-30,2026-09-30 14:36,2026-10-14,14,BLR,DEL,BLR-DEL,6E,IndiGo,1,8764,INR,0,,07:00,7,09:50,9,False,170,170,0,Airbus A321neo,122.0,120.0
2026-09-30,2026-09-30 14:36,2026-10-14,14,BLR,DEL,BLR-DEL,6E,IndiGo,1,8764,INR,0,,08:15,8,11:05,11,False,170,170,0,Airbus A321neo,122.0,120.0
2026-09-30,2026-09-30 14:36,2026-10-14,14,BLR,DEL,BLR-DEL,AI,Air India,1,9355,INR,0,,05:30,5,08:25,8,False,175,175,0,Airbus A320neo,142.0,120.0
2026-09-30,2026-09-30 14:36,2026-10-14,14,BLR,DEL,BLR-DEL,AI,Air India,1,9355,INR,0,,11:00,11,14:00,14,False,180,180,0,Airbus A320neo,179.0,120.0
2026-09-30,2026-09-30 14:36,2026-10-14,14,BLR,DEL,BLR-DEL,AI,Air India,1,9355,INR,0,,14:00,14,16:45,16,False,165,165,0,Airbus A320neo,142.0,120.0
2026-09-30,2026-09-30 14:36,2026-10-14,14,BLR,DEL,BLR-DEL,AI,Air India,1,9355,INR,0,,17:25,17,20:30,20,False,185,185,0,Airbus A320neo,142.0,120.0
2026-09-30,2026-09-30 14:36,2026-10-14,14,BLR,DEL,BLR-DEL,QP,Akasa Air,1,9628,INR,0,,05:00,5,07:50,7,False,170,170,0,Boeing 737MAX 8 Passenger,124.0,120.0
2026-09-30,2026-09-30 14:36,2026-10-14,14,BLR,DEL,BLR-DEL,6E,IndiGo,1,9769,INR,0,,22:00,22,00:50,0,True,170,170,0,Airbus A321neo,122.0,120.0
2026-09-30,2026-09-30 14:36,2026-10-14,14,BLR,DEL,BLR-DEL,6E,IndiGo,1,9769,INR,0,,23:30,23,02:20,2,True,170,170,0,Airbus A321neo,122.0,120.0
2026-09-30,2026-09-30 14:36,2026-10-14,14,BLR,DEL,BLR-DEL,AI,Air India,1,9964,INR,0,,06:00,6,08:45,8,False,165,165,0,Airbus A320neo,142.0,120.0
2026-09-30,2026-09-30 14:36,2026-10-14,14,BLR,DEL,BLR-DEL,AI,Air India,1,9964,INR,0,,07:00,7,10:00,10,False,180,180,0,Airbus A320neo,142.0,120.0
2026-09-30,2026-09-30 14:36,2026-10-14,14,BLR,DEL,BLR-DEL,AI,Air India,1,9964,INR,0,,10:00,10,13:00,13,False,180,180,0,Airbus A320neo,142.0,120.0
2026-09-30,2026-09-30 14:36,2026-10-14,14,BLR,DEL,BLR-DEL,AI,Air India,1,9964,INR,0,,18:20,18,21:10,21,False,170,170,0,Airbus A320neo,142.0,120.0
2026-09-30,2026-09-30 14:36,2026-10-14,14,BLR,DEL,BLR-DEL,6E,IndiGo,1,10322,INR,0,,13:10,13,16:05,16,False,175,175,0,Airbus A321neo,122.0,120.0
2026-09-30,2026-09-30 14:36,2026-10-14,14,BLR,DEL,BLR-DEL,6E,IndiGo,1,10322,INR,0,,13:55,13,16:45,16,False,170,170,0,Airbus A321neo,122.0,120.0
2026-09-30,2026-09-30 14:36,2026-10-14,14,BLR,DEL,BLR-DEL,6E,IndiGo,1,10322,INR,0,,15:45,15,18:35,18,False,170,170,0,Airbus A321neo,122.0,120.0
2026-09-30,2026-09-30 14:36,2026-10-14,14,BLR,DEL,BLR-DEL,6E,IndiGo,1,10322,INR,0,,17:00,17,19:50,19,False,170,170,0,Airbus A321neo,122.0,120.0
2026-09-30,2026-09-30 14:36,2026-10-14,14,BLR,DEL,BLR-DEL,6E,IndiGo,1,10322,INR,0,,18:15,18,21:05,21,False,170,170,0,Airbus A321neo,122.0,120.0
2026-09-30,2026-09-30 14:36,2026-10-14,14,BLR,DEL,BLR-DEL,6E,IndiGo,1,10322,INR,0,,19:30,19,22:15,22,False,165,165,0,Airbus A321neo,122.0,120.0
2026-09-30,2026-09-30 14:36,2026-10-14,14,BLR,DEL,BLR-DEL,6E,IndiGo,1,10322,INR,0,,20:40,20,23:30,23,False,170,170,0,Airbus A321neo,122.0,120.0
2026-09-30,2026-09-30 14:36,2026-10-14,14,BLR,DEL,BLR-DEL,QP,Akasa Air,1,10329,INR,0,,03:55,3,07:00,7,False,185,185,0,Boeing 737MAX 8 Passenger,124.0,120.0
2026-09-30,2026-09-30 14:36,2026-10-14,14,BLR,DEL,BLR-DEL,QP,Akasa Air,1,10329,INR,0,,05:30,5,08:25,8,False,175,175,0,Boeing 737MAX 8 Passenger,122.0,120.0
2026-09-30,2026-09-30 14:36,2026-10-14,14,BLR,DEL,BLR-DEL,IX,Air India Express,1,10470,INR,0,,17:35,17,20:25,20,False,170,170,0,Boeing 737MAX 8 Passenger,142.0,120.0
2026-09-30,2026-09-30 14:36,2026-10-14,14,BLR,DEL,BLR-DEL,AI,Air India,1,10704,INR,0,,20:00,20,22:45,22,False,165,165,0,Airbus A320neo,142.0,120.0
2026-09-30,2026-09-30 14:36,2026-10-14,14,BLR,DEL,BLR-DEL,6E,IndiGo,1,10913,INR,0,,09:30,9,12:30,12,False,180,180,0,Airbus A321neo,122.0,120.0
2026-09-30,2026-09-30 14:36,2026-10-14,14,BLR,DEL,BLR-DEL,6E,IndiGo,1,10913,INR,0,,12:00,12,14:50,14,False,170,170,0,Airbus A321neo,122.0,120.0
2026-09-30,2026-09-30 14:36,2026-10-14,14,BLR,DEL,BLR-DEL,IX,Air India Express,1,11060,INR,0,,06:40,6,09:25,9,False,165,165,0,Boeing 737MAX 8 Passenger,142.0,120.0
2026-09-30,2026-09-30 14:36,2026-10-14,14,BLR,DEL,BLR-DEL,QP,Akasa Air,1,11087,INR,0,,18:35,18,21:30,21,False,175,175,0,Boeing 737MAX 8 Passenger,124.0,120.0
2026-09-30,2026-09-30 14:36,2026-10-14,14,BLR,DEL,BLR-DEL,AI,Air India,1,11140,INR,0,,19:40,19,22:35,22,False,175,175,0,Airbus A320neo,142.0,120.0
2026-09-30,2026-09-30 14:36,2026-10-14,14,BLR,DEL,BLR-DEL,QP,Akasa Air,1,11488,INR,0,,13:05,13,16:00,16,False,175,175,0,Boeing 737MAX 8 Passenger,119.0,120.0
2026-09-30,2026-09-30 14:36,2026-10-14,14,BLR,DEL,BLR-DEL,6E,IndiGo,1,11543,INR,0,,10:45,10,13:35,13,False,170,170,0,Airbus A321neo,122.0,120.0
2026-09-30,2026-09-30 14:36,2026-10-14,14,BLR,DEL,BLR-DEL,AI,Air India,1,12484,INR,0,,22:00,22,00:55,0,True,175,175,0,Airbus A320neo,142.0,120.0
2026-09-30,2026-09-30 14:36,2026-10-21,21,BLR,DEL,BLR-DEL,AI,Air India,1,9502,INR,0,,05:30,5,08:25,8,False,175,175,0,Airbus A320neo,142.0,120.0
2026-09-30,2026-09-30 14:36,2026-10-21,21,BLR,DEL,BLR-DEL,AI,Air India,1,9502,INR,0,,07:00,7,10:00,10,False,180,180,0,Airbus A320neo,142.0,120.0
2026-09-30,2026-09-30 14:36,2026-10-21,21,BLR,DEL,BLR-DEL,AI,Air India,1,9502,INR,0,,17:25,17,20:30,20,False,185,185,0,Airbus A320neo,142.0,120.0
2026-09-30,2026-09-30 14:36,2026-10-21,21,BLR,DEL,BLR-DEL,AI,Air India,1,9502,INR,0,,19:40,19,22:35,22,False,175,175,0,Airbus A321,179.0,120.0
2026-09-30,2026-09-30 14:36,2026-10-21,21,BLR,DEL,BLR-DEL,6E,IndiGo,1,9549,INR,0,,01:00,1,03:50,3,False,170,170,0,Airbus A321neo,122.0,120.0
2026-09-30,2026-09-30 14:36,2026-10-21,21,BLR,DEL,BLR-DEL,6E,IndiGo,1,9549,INR,0,,03:00,3,05:50,5,False,170,170,0,Airbus A321neo,122.0,120.0
2026-09-30,2026-09-30 14:36,2026-10-21,21,BLR,DEL,BLR-DEL,6E,IndiGo,1,9549,INR,0,,05:05,5,07:55,7,False,170,170,0,Airbus A321neo,122.0,120.0
2026-09-30,2026-09-30 14:36,2026-10-21,21,BLR,DEL,BLR-DEL,6E,IndiGo,1,9549,INR,0,,17:00,17,19:50,19,False,170,170,0,Airbus A321neo,122.0,120.0
2026-09-30,2026-09-30 14:36,2026-10-21,21,BLR,DEL,BLR-DEL,6E,IndiGo,1,9549,INR,0,,20:40,20,23:30,23,False,170,170,0,Airbus A321neo,122.0,120.0
2026-09-30,2026-09-30 14:36,2026-10-21,21,BLR,DEL,BLR-DEL,6E,IndiGo,1,9549,INR,0,,22:00,22,00:50,0,True,170,170,0,Airbus A321neo,122.0,120.0
2026-09-30,2026-09-30 14:36,2026-10-21,21,BLR,DEL,BLR-DEL,6E,IndiGo,1,9549,INR,0,,23:30,23,02:20,2,True,170,170,0,Airbus A321neo,122.0,120.0
2026-09-30,2026-09-30 14:36,2026-10-21,21,BLR,DEL,BLR-DEL,AI,Air India,1,9659,INR,0,,20:00,20,22:45,22,False,165,165,0,Airbus A320neo,142.0,120.0
2026-09-30,2026-09-30 14:36,2026-10-21,21,BLR,DEL,BLR-DEL,QP,Akasa Air,1,9798,INR,0,,03:55,3,07:00,7,False,185,185,0,Boeing 737MAX 8 Passenger,124.0,120.0
2026-09-30,2026-09-30 14:36,2026-10-21,21,BLR,DEL,BLR-DEL,QP,Akasa Air,1,9798,INR,0,,05:30,5,08:25,8,False,175,175,0,Boeing 737MAX 8 Passenger,122.0,120.0
2026-09-30,2026-09-30 14:36,2026-10-21,21,BLR,DEL,BLR-DEL,QP,Akasa Air,1,9798,INR,0,,18:35,18,21:30,21,False,175,175,0,Boeing 737MAX 8 Passenger,124.0,120.0
2026-09-30,2026-09-30 14:36,2026-10-21,21,BLR,DEL,BLR-DEL,AI,Air India,1,9801,INR,0,,14:00,14,16:45,16,False,165,165,0,Airbus A320neo,142.0,120.0
2026-09-30,2026-09-30 14:36,2026-10-21,21,BLR,DEL,BLR-DEL,AI,Air India,1,9801,INR,0,,15:00,15,18:00,18,False,180,180,0,Airbus A320neo,142.0,120.0
2026-09-30,2026-09-30 14:36,2026-10-21,21,BLR,DEL,BLR-DEL,AI,Air India,1,9801,INR,0,,15:30,15,18:15,18,False,165,165,0,Boeing 787,142.0,120.0
2026-09-30,2026-09-30 14:36,2026-10-21,21,BLR,DEL,BLR-DEL,6E,IndiGo,1,9851,INR,0,,07:00,7,09:50,9,False,170,170,0,Airbus A321neo,122.0,120.0
2026-09-30,2026-09-30 14:36,2026-10-21,21,BLR,DEL,BLR-DEL,6E,IndiGo,1,9851,INR,0,,12:00,12,14:50,14,False,170,170,0,Airbus A321neo,122.0,120.0
2026-09-30,2026-09-30 14:36,2026-10-21,21,BLR,DEL,BLR-DEL,6E,IndiGo,1,9851,INR,0,,13:55,13,16:45,16,False,170,170,0,Airbus A321neo,122.0,120.0
2026-09-30,2026-09-30 14:36,2026-10-21,21,BLR,DEL,BLR-DEL,6E,IndiGo,1,9851,INR,0,,15:45,15,18:35,18,False,170,170,0,Airbus A321neo,122.0,120.0
2026-09-30,2026-09-30 14:36,2026-10-21,21,BLR,DEL,BLR-DEL,6E,IndiGo,1,9851,INR,0,,19:30,19,22:15,22,False,165,165,0,Airbus A321neo,122.0,120.0
2026-09-30,2026-09-30 14:36,2026-10-21,21,BLR,DEL,BLR-DEL,AI,Air India,1,10126,INR,0,,10:00,10,13:00,13,False,180,180,0,Airbus A320neo,142.0,120.0
2026-09-30,2026-09-30 14:36,2026-10-21,21,BLR,DEL,BLR-DEL,AI,Air India,1,10126,INR,0,,11:00,11,14:00,14,False,180,180,0,Airbus A321,179.0,120.0
2026-09-30,2026-09-30 14:36,2026-10-21,21,BLR,DEL,BLR-DEL,QP,Akasa Air,1,10150,INR,0,,13:05,13,16:00,16,False,175,175,0,Boeing 737MAX 8 Passenger,124.0,120.0
2026-09-30,2026-09-30 14:36,2026-10-21,21,BLR,DEL,BLR-DEL,6E,IndiGo,1,10188,INR,0,,08:15,8,11:05,11,False,170,170,0,Airbus A321neo,122.0,120.0
2026-09-30,2026-09-30 14:36,2026-10-21,21,BLR,DEL,BLR-DEL,6E,IndiGo,1,10188,INR,0,,10:45,10,13:35,13,False,170,170,0,Airbus A321neo,122.0,120.0
2026-09-30,2026-09-30 14:36,2026-10-21,21,BLR,DEL,BLR-DEL,6E,IndiGo,1,10188,INR,0,,13:10,13,16:05,16,False,175,175,0,Airbus A321neo,122.0,120.0
2026-09-30,2026-09-30 14:36,2026-10-21,21,BLR,DEL,BLR-DEL,SG,SpiceJet,1,10417,INR,0,,06:05,6,09:00,9,False,175,175,0,Boeing 737,141.0,120.0
2026-09-30,2026-09-30 14:36,2026-10-21,21,BLR,DEL,BLR-DEL,SG,SpiceJet,1,10417,INR,0,,11:00,11,12:55,12,False,115,115,0,Boeing 737,141.0,120.0
2026-09-30,2026-09-30 14:36,2026-10-21,21,BLR,DEL,BLR-DEL,AI,Air India,1,10625,INR,0,,18:20,18,21:10,21,False,170,170,0,Airbus A320neo,142.0,120.0
2026-09-30,2026-09-30 14:36,2026-10-21,21,BLR,DEL,BLR-DEL,AI,Air India,1,10625,INR,0,,22:00,22,00:55,0,True,175,175,0,Airbus A320neo,142.0,120.0
2026-09-30,2026-09-30 14:36,2026-10-21,21,BLR,DEL,BLR-DEL,AI,Air India,1,10625,INR,0,,22:30,22,01:25,1,True,175,175,0,Airbus A320neo,142.0,120.0
2026-09-30,2026-09-30 14:36,2026-10-21,21,BLR,DEL,BLR-DEL,6E,IndiGo,1,10699,INR,0,,09:30,9,12:30,12,False,180,180,0,Airbus A321neo,122.0,120.0
2026-09-30,2026-09-30 14:36,2026-10-21,21,BLR,DEL,BLR-DEL,QP,Akasa Air,1,10891,INR,0,,06:05,6,08:50,8,False,165,165,0,Boeing 737MAX 8 Passenger,124.0,120.0
2026-09-30,2026-09-30 14:36,2026-10-21,21,BLR,DEL,BLR-DEL,AI,Air India,1,11119,INR,0,,16:30,16,19:25,19,False,175,175,0,Airbus A320neo,142.0,120.0
2026-09-30,2026-09-30 14:36,2026-10-21,21,BLR,DEL,BLR-DEL,IX,Air India Express,1,11961,INR,0,,06:40,6,09:25,9,False,165,165,0,Boeing 737MAX 8 Passenger,142.0,120.0
2026-09-30,2026-09-30 14:36,2026-10-21,21,BLR,DEL,BLR-DEL,IX,Air India Express,1,11961,INR,0,,17:35,17,20:25,20,False,170,170,0,Boeing 737MAX 8 Passenger,142.0,120.0
2026-09-30,2026-09-30 14:36,2026-10-30,30,BLR,DEL,BLR-DEL,6E,IndiGo,1,10032,INR,1,VTZ,06:05,6,11:30,11,False,325,245,80,Airbus A320neo | Airbus A320neo,174.0,120.0
2026-09-30,2026-09-30 14:36,2026-10-30,30,BLR,DEL,BLR-DEL,6E,IndiGo,1,10032,INR,1,AMD,18:35,18,23:35,23,False,300,235,65,Airbus A321neo | Airbus A321neo,155.0,120.0
2026-09-30,2026-09-30 14:36,2026-10-30,30,BLR,DEL,BLR-DEL,IX,Air India Express,1,10316,INR,1,GOI,17:45,17,00:35,0,True,410,240,170,Boeing 737MAX 8 Passenger | Airbus A320neo,179.0,120.0
2026-09-30,2026-09-30 14:36,2026-10-30,30,BLR,DEL,BLR-DEL,6E,IndiGo,1,10590,INR,1,NAG,07:15,7,12:45,12,False,330,215,115,Airbus A321neo | Airbus A321neo,138.0,120.0
2026-09-30,2026-09-30 14:36,2026-10-30,30,BLR,DEL,BLR-DEL,IX,Air India Express,1,10630,INR,1,STV,04:00,4,09:45,9,False,345,240,105,Boeing 737MAX 8 Passenger | Airbus A321,192.0,120.0
2026-09-30,2026-09-30 14:36,2026-10-30,30,BLR,DEL,BLR-DEL,6E,IndiGo,1,10669,INR,1,HYD,07:25,7,12:05,12,False,280,220,60,Airbus A321neo | Airbus A321neo,143.0,120.0
2026-09-30,2026-09-30 14:36,2026-10-30,30,BLR,DEL,BLR-DEL,6E,IndiGo,1,10669,INR,1,HYD,10:15,10,15:20,15,False,305,220,85,Airbus A320neo | Airbus A321neo,147.0,120.0
2026-09-30,2026-09-30 14:36,2026-10-30,30,BLR,DEL,BLR-DEL,6E,IndiGo,1,10669,INR,1,HYD,13:35,13,18:50,18,False,315,220,95,Airbus A320neo | Airbus A321neo,147.0,120.0
2026-09-30,2026-09-30 14:36,2026-10-30,30,BLR,DEL,BLR-DEL,6E,IndiGo,1,10669,INR,1,HYD,16:40,16,21:35,21,False,295,220,75,Airbus A320neo | Airbus A321neo,147.0,120.0
2026-09-30,2026-09-30 14:36,2026-10-30,30,BLR,DEL,BLR-DEL,6E,IndiGo,1,11241,INR,0,,00:30,0,03:25,3,False,175,175,0,Airbus A321neo,122.0,120.0
2026-09-30,2026-09-30 14:36,2026-10-30,30,BLR,DEL,BLR-DEL,6E,IndiGo,1,11241,INR,0,,06:45,6,09:35,9,False,170,170,0,Airbus A321neo,122.0,120.0
2026-09-30,2026-09-30 14:36,2026-10-30,30,BLR,DEL,BLR-DEL,6E,IndiGo,1,11241,INR,0,,12:00,12,14:50,14,False,170,170,0,Airbus A321neo,122.0,120.0
2026-09-30,2026-09-30 14:36,2026-10-30,30,BLR,DEL,BLR-DEL,6E,IndiGo,1,11241,INR,0,,15:45,15,18:35,18,False,170,170,0,Airbus A321neo,122.0,120.0
2026-09-30,2026-09-30 14:36,2026-10-30,30,BLR,DEL,BLR-DEL,6E,IndiGo,1,11815,INR,0,,10:45,10,13:35,13,False,170,170,0,Airbus A321neo,122.0,120.0
2026-09-30,2026-09-30 14:36,2026-10-30,30,BLR,DEL,BLR-DEL,6E,IndiGo,1,11815,INR,0,,13:15,13,16:05,16,False,170,170,0,Airbus A321neo,122.0,120.0
2026-09-30,2026-09-30 14:36,2026-10-30,30,BLR,DEL,BLR-DEL,6E,IndiGo,1,11815,INR,0,,14:30,14,17:20,17,False,170,170,0,Airbus A321neo,122.0,120.0
2026-09-30,2026-09-30 14:36,2026-10-30,30,BLR,DEL,BLR-DEL,6E,IndiGo,1,12423,INR,0,,17:00,17,19:50,19,False,170,170,0,Airbus A321neo,122.0,120.0
2026-09-30,2026-09-30 14:36,2026-10-30,30,BLR,DEL,BLR-DEL,6E,IndiGo,1,12423,INR,0,,18:15,18,21:05,21,False,170,170,0,Airbus A321neo,122.0,120.0
2026-09-30,2026-09-30 14:36,2026-10-30,30,BLR,DEL,BLR-DEL,6E,IndiGo,1,12423,INR,0,,20:45,20,23:35,23,False,170,170,0,Airbus A321neo,122.0,120.0
2026-09-30,2026-09-30 14:36,2026-10-30,30,BLR,DEL,BLR-DEL,6E,IndiGo,1,12423,INR,0,,22:30,22,01:20,1,True,170,170,0,Airbus A321neo,122.0,120.0
2026-09-30,2026-09-30 14:36,2026-10-30,30,BLR,DEL,BLR-DEL,AI,Air India,1,12751,INR,0,,00:15,0,03:10,3,False,175,175,0,Airbus A320neo,142.0,120.0
2026-09-30,2026-09-30 14:36,2026-10-30,30,BLR,DEL,BLR-DEL,AI,Air India,1,12751,INR,0,,05:00,5,07:55,7,False,175,175,0,Airbus A320neo,142.0,120.0
2026-09-30,2026-09-30 14:36,2026-10-30,30,BLR,DEL,BLR-DEL,AI,Air India,1,12751,INR,0,,06:00,6,08:55,8,False,175,175,0,Airbus A320neo,142.0,120.0
2026-09-30,2026-09-30 14:36,2026-10-30,30,BLR,DEL,BLR-DEL,AI,Air India,1,12751,INR,0,,10:00,10,12:55,12,False,175,175,0,Airbus A321,179.0,120.0
2026-09-30,2026-09-30 14:36,2026-10-30,30,BLR,DEL,BLR-DEL,AI,Air India,1,12751,INR,0,,13:00,13,15:55,15,False,175,175,0,Airbus A320neo,142.0,120.0
2026-09-30,2026-09-30 14:36,2026-10-30,30,BLR,DEL,BLR-DEL,AI,Air India,1,12751,INR,0,,14:35,14,17:25,17,False,170,170,0,Boeing 787,142.0,120.0
2026-09-30,2026-09-30 14:36,2026-10-30,30,BLR,DEL,BLR-DEL,AI,Air India,1,12862,INR,0,,11:00,11,13:55,13,False,175,175,0,Airbus A320neo,142.0,120.0
2026-09-30,2026-09-30 14:36,2026-10-30,30,BLR,DEL,BLR-DEL,QP,Akasa Air,1,13028,INR,0,,13:55,13,16:45,16,False,170,170,0,Boeing 737MAX 8 Passenger,124.0,120.0
2026-09-30,2026-09-30 14:36,2026-10-30,30,BLR,DEL,BLR-DEL,6E,IndiGo,1,13067,INR,0,,03:15,3,06:05,6,False,170,170,0,Airbus A321neo,122.0,120.0
2026-09-30,2026-09-30 14:36,2026-10-30,30,BLR,DEL,BLR-DEL,6E,IndiGo,1,13067,INR,0,,08:00,8,10:50,10,False,170,170,0,Airbus A321neo,122.0,120.0
2026-09-30,2026-09-30 14:36,2026-10-30,30,BLR,DEL,BLR-DEL,6E,IndiGo,1,13067,INR,0,,19:30,19,22:20,22,False,170,170,0,Airbus A321neo,122.0,120.0
2026-09-30,2026-09-30 14:36,2026-10-30,30,BLR,DEL,BLR-DEL,AI,Air India,1,13187,INR,0,,08:05,8,11:00,11,False,175,175,0,Airbus A320neo,142.0,120.0
2026-09-30,2026-09-30 14:36,2026-10-30,30,BLR,DEL,BLR-DEL,IX,Air India Express,1,13214,INR,0,,05:30,5,08:30,8,False,180,180,0,Airbus A320neo,139.0,120.0
2026-09-30,2026-09-30 14:36,2026-10-30,30,BLR,DEL,BLR-DEL,IX,Air India Express,1,13214,INR,0,,12:20,12,15:20,15,False,180,180,0,Boeing 737MAX 8 Passenger,142.0,120.0
2026-09-30,2026-09-30 14:36,2026-10-30,30,BLR,DEL,BLR-DEL,QP,Akasa Air,1,13266,INR,0,,04:10,4,07:00,7,False,170,170,0,Boeing 737MAX 8 Passenger,124.0,120.0
2026-09-30,2026-09-30 14:36,2026-10-30,30,BLR,DEL,BLR-DEL,QP,Akasa Air,1,13266,INR,0,,05:00,5,07:55,7,False,175,175,0,Boeing 737MAX 8 Passenger,119.0,120.0
2026-09-30,2026-09-30 14:36,2026-10-30,30,BLR,DEL,BLR-DEL,QP,Akasa Air,1,13266,INR,0,,06:10,6,09:00,9,False,170,170,0,Boeing 737MAX 8 Passenger,124.0,120.0
2026-09-30,2026-09-30 14:36,2026-10-30,30,BLR,DEL,BLR-DEL,AI,Air India,1,13292,INR,0,,07:00,7,09:55,9,False,175,175,0,Airbus A320neo,142.0,120.0
2026-09-30,2026-09-30 14:36,2026-10-30,30,BLR,DEL,BLR-DEL,AI,Air India,1,13292,INR,0,,16:00,16,18:55,18,False,175,175,0,Airbus A320neo,142.0,120.0
2026-09-30,2026-09-30 14:36,2026-10-30,30,BLR,DEL,BLR-DEL,AI,Air India,1,13292,INR,0,,17:00,17,19:55,19,False,175,175,0,Airbus A320neo,142.0,120.0
2026-09-30,2026-09-30 14:36,2026-10-30,30,BLR,DEL,BLR-DEL,SG,SpiceJet,1,13876,INR,0,,06:05,6,09:00,9,False,175,175,0,Boeing 737,141.0,120.0
2026-09-30,2026-09-30 14:36,2026-10-30,30,BLR,DEL,BLR-DEL,AI,Air India,1,14300,INR,0,,18:00,18,20:55,20,False,175,175,0,Airbus A320neo,142.0,120.0
2026-09-30,2026-09-30 14:36,2026-10-30,30,BLR,DEL,BLR-DEL,AI,Air India,1,14300,INR,0,,21:00,21,23:55,23,False,175,175,0,Airbus A320neo,142.0,120.0
2026-09-30,2026-09-30 14:36,2026-10-30,30,BLR,DEL,BLR-DEL,AI,Air India,1,14300,INR,0,,22:00,22,00:55,0,True,175,175,0,Airbus A320neo,142.0,120.0
2026-09-30,2026-09-30 14:36,2026-10-30,30,BLR,DEL,BLR-DEL,QP,Akasa Air,1,14528,INR,0,,19:05,19,22:00,22,False,175,175,0,Boeing 737MAX 8 Passenger,119.0,120.0
2026-09-30,2026-09-30 14:36,2026-10-30,30,BLR,DEL,BLR-DEL,AI,Air India,1,14536,INR,0,,20:00,20,22:55,22,False,175,175,0,Airbus A320neo,142.0,120.0
2026-09-30,2026-09-30 14:36,2026-10-30,30,BLR,DEL,BLR-DEL,IX,Air India Express,1,14619,INR,0,,21:25,21,00:25,0,True,180,180,0,Boeing 737MAX 8 Passenger,142.0,120.0
2026-09-30,2026-09-30 14:36,2026-11-14,45,BLR,DEL,BLR-DEL,6E,IndiGo,1,9549,INR,0,,06:45,6,09:35,9,False,170,170,0,Airbus A321neo,119.0,120.0
2026-09-30,2026-09-30 14:36,2026-11-14,45,BLR,DEL,BLR-DEL,6E,IndiGo,1,9549,INR,0,,18:15,18,21:05,21,False,170,170,0,Airbus A321neo,119.0,120.0
2026-09-30,2026-09-30 14:36,2026-11-14,45,BLR,DEL,BLR-DEL,6E,IndiGo,1,9549,INR,0,,19:30,19,22:20,22,False,170,170,0,Airbus A321neo,119.0,120.0
2026-09-30,2026-09-30 14:36,2026-11-14,45,BLR,DEL,BLR-DEL,QP,Akasa Air,1,9628,INR,0,,13:55,13,16:45,16,False,170,170,0,Boeing 737MAX 8 Passenger,121.0,120.0
2026-09-30,2026-09-30 14:36,2026-11-14,45,BLR,DEL,BLR-DEL,QP,Akasa Air,1,9628,INR,0,,19:05,19,22:00,22,False,175,175,0,Boeing 737MAX 8 Passenger,116.0,120.0
2026-09-30,2026-09-30 14:36,2026-11-14,45,BLR,DEL,BLR-DEL,AI,Air India,1,9659,INR,0,,18:00,18,20:55,20,False,175,175,0,Airbus A320neo,139.0,120.0
2026-09-30,2026-09-30 14:36,2026-11-14,45,BLR,DEL,BLR-DEL,IX,Air India Express,1,9695,INR,0,,05:30,5,08:30,8,False,180,180,0,Airbus A320neo,134.0,120.0
2026-09-30,2026-09-30 14:36,2026-11-14,45,BLR,DEL,BLR-DEL,QP,Akasa Air,1,9798,INR,0,,04:10,4,07:00,7,False,170,170,0,Boeing 737MAX 8 Passenger,121.0,120.0
2026-09-30,2026-09-30 14:36,2026-11-14,45,BLR,DEL,BLR-DEL,QP,Akasa Air,1,9798,INR,0,,05:00,5,07:55,7,False,175,175,0,Boeing 737MAX 8 Passenger,116.0,120.0
2026-09-30,2026-09-30 14:36,2026-11-14,45,BLR,DEL,BLR-DEL,AI,Air India,1,9817,INR,0,,20:00,20,22:55,22,False,175,175,0,Airbus A320neo,139.0,120.0
2026-09-30,2026-09-30 14:36,2026-11-14,45,BLR,DEL,BLR-DEL,6E,IndiGo,1,9851,INR,0,,00:30,0,03:25,3,False,175,175,0,Airbus A321neo,119.0,120.0
2026-09-30,2026-09-30 14:36,2026-11-14,45,BLR,DEL,BLR-DEL,6E,IndiGo,1,9851,INR,0,,15:45,15,18:35,18,False,170,170,0,Airbus A321neo,119.0,120.0
2026-09-30,2026-09-30 14:36,2026-11-14,45,BLR,DEL,BLR-DEL,6E,IndiGo,1,9851,INR,0,,17:00,17,19:50,19,False,170,170,0,Airbus A321neo,119.0,120.0
2026-09-30,2026-09-30 14:36,2026-11-14,45,BLR,DEL,BLR-DEL,AI,Air India,1,9901,INR,0,,13:00,13,15:55,15,False,175,175,0,Airbus A320neo,139.0,120.0
2026-09-30,2026-09-30 14:36,2026-11-14,45,BLR,DEL,BLR-DEL,AI,Air India,1,9901,INR,0,,14:35,14,17:25,17,False,170,170,0,Boeing 787,139.0,120.0
2026-09-30,2026-09-30 14:36,2026-11-14,45,BLR,DEL,BLR-DEL,AI,Air India,1,9901,INR,0,,17:00,17,19:55,19,False,175,175,0,Airbus A320neo,139.0,120.0
2026-09-30,2026-09-30 14:36,2026-11-14,45,BLR,DEL,BLR-DEL,AI,Air India,1,9901,INR,0,,21:00,21,23:55,23,False,175,175,0,Airbus A320neo,139.0,120.0
2026-09-30,2026-09-30 14:36,2026-11-14,45,BLR,DEL,BLR-DEL,IX,Air India Express,1,9999,INR,0,,12:20,12,15:20,15,False,180,180,0,Boeing 737MAX 8 Passenger,137.0,120.0
2026-09-30,2026-09-30 14:36,2026-11-14,45,BLR,DEL,BLR-DEL,IX,Air India Express,1,9999,INR,0,,21:25,21,00:25,0,True,180,180,0,Boeing 737MAX 8 Passenger,137.0,120.0
2026-09-30,2026-09-30 14:36,2026-11-14,45,BLR,DEL,BLR-DEL,AI,Air India,1,10058,INR,0,,05:00,5,07:55,7,False,175,175,0,Airbus A320neo,139.0,120.0
2026-09-30,2026-09-30 14:36,2026-11-14,45,BLR,DEL,BLR-DEL,AI,Air India,1,10058,INR,0,,16:00,16,18:55,18,False,175,175,0,Airbus A320neo,139.0,120.0
2026-09-30,2026-09-30 14:36,2026-11-14,45,BLR,DEL,BLR-DEL,6E,IndiGo,1,10188,INR,0,,03:15,3,06:05,6,False,170,170,0,Airbus A321neo,119.0,120.0
2026-09-30,2026-09-30 14:36,2026-11-14,45,BLR,DEL,BLR-DEL,6E,IndiGo,1,10188,INR,0,,09:30,9,12:20,12,False,170,170,0,Airbus A321neo,119.0,120.0
2026-09-30,2026-09-30 14:36,2026-11-14,45,BLR,DEL,BLR-DEL,6E,IndiGo,1,10188,INR,0,,12:00,12,14:50,14,False,170,170,0,Airbus A321neo,119.0,120.0
2026-09-30,2026-09-30 14:36,2026-11-14,45,BLR,DEL,BLR-DEL,6E,IndiGo,1,10188,INR,0,,13:15,13,16:05,16,False,170,170,0,Airbus A321neo,119.0,120.0
2026-09-30,2026-09-30 14:36,2026-11-14,45,BLR,DEL,BLR-DEL,6E,IndiGo,1,10188,INR,0,,14:30,14,17:20,17,False,170,170,0,Airbus A321neo,119.0,120.0
2026-09-30,2026-09-30 14:36,2026-11-14,45,BLR,DEL,BLR-DEL,6E,IndiGo,1,10188,INR,0,,20:45,20,23:35,23,False,170,170,0,Airbus A321neo,119.0,120.0
2026-09-30,2026-09-30 14:36,2026-11-14,45,BLR,DEL,BLR-DEL,AI,Air India,1,10221,INR,0,,08:05,8,11:00,11,False,175,175,0,Airbus A320neo,139.0,120.0
2026-09-30,2026-09-30 14:36,2026-11-14,45,BLR,DEL,BLR-DEL,AI,Air India,1,10363,INR,0,,06:00,6,08:55,8,False,175,175,0,Airbus A320neo,139.0,120.0
2026-09-30,2026-09-30 14:36,2026-11-14,45,BLR,DEL,BLR-DEL,AI,Air India,1,10378,INR,0,,00:15,0,03:10,3,False,175,175,0,Airbus A320neo,139.0,120.0
2026-09-30,2026-09-30 14:36,2026-11-14,45,BLR,DEL,BLR-DEL,SG,SpiceJet,1,10417,INR,0,,06:05,6,09:00,9,False,175,175,0,Boeing 737,137.0,120.0
2026-09-30,2026-09-30 14:36,2026-11-14,45,BLR,DEL,BLR-DEL,SG,SpiceJet,1,10417,INR,0,,21:15,21,00:10,0,True,175,175,0,Boeing 737,137.0,120.0
2026-09-30,2026-09-30 14:36,2026-11-14,45,BLR,DEL,BLR-DEL,6E,IndiGo,1,10699,INR,0,,10:45,10,13:35,13,False,170,170,0,Airbus A321neo,119.0,120.0
2026-09-30,2026-09-30 14:36,2026-11-14,45,BLR,DEL,BLR-DEL,AI,Air India,1,11234,INR,0,,10:00,10,12:55,12,False,175,175,0,Airbus A321,176.0,120.0
2026-09-30,2026-09-30 14:36,2026-11-14,45,BLR,DEL,BLR-DEL,AI,Air India,1,11234,INR,0,,11:00,11,13:55,13,False,175,175,0,Airbus A320neo,139.0,120.0
2026-09-30,2026-09-30 14:36,2026-11-14,45,BLR,DEL,BLR-DEL,6E,IndiGo,1,11241,INR,0,,08:00,8,10:50,10,False,170,170,0,Airbus A321neo,119.0,120.0
2026-09-30,2026-09-30 14:36,2026-11-14,45,BLR,DEL,BLR-DEL,6E,IndiGo,1,12423,INR,0,,05:45,5,08:35,8,False,170,170,0,Airbus A321neo,119.0,120.0
2026-09-30,2026-09-30 14:36,2026-11-29,60,BLR,DEL,BLR-DEL,SG,SpiceJet,1,9462,INR,0,,06:05,6,09:00,9,False,175,175,0,Boeing 737,137.0,120.0
2026-09-30,2026-09-30 14:36,2026-11-29,60,BLR,DEL,BLR-DEL,6E,IndiGo,1,9549,INR,0,,05:45,5,08:35,8,False,170,170,0,Airbus A321neo,119.0,120.0
2026-09-30,2026-09-30 14:36,2026-11-29,60,BLR,DEL,BLR-DEL,6E,IndiGo,1,9549,INR,0,,06:45,6,09:35,9,False,170,170,0,Airbus A321neo,119.0,120.0
2026-09-30,2026-09-30 14:36,2026-11-29,60,BLR,DEL,BLR-DEL,6E,IndiGo,1,9549,INR,0,,08:00,8,10:50,10,False,170,170,0,Airbus A321neo,119.0,120.0
2026-09-30,2026-09-30 14:36,2026-11-29,60,BLR,DEL,BLR-DEL,6E,IndiGo,1,9549,INR,0,,09:30,9,12:20,12,False,170,170,0,Airbus A321neo,119.0,120.0
2026-09-30,2026-09-30 14:36,2026-11-29,60,BLR,DEL,BLR-DEL,6E,IndiGo,1,9549,INR,0,,14:30,14,17:20,17,False,170,170,0,Airbus A321neo,119.0,120.0
2026-09-30,2026-09-30 14:36,2026-11-29,60,BLR,DEL,BLR-DEL,6E,IndiGo,1,9549,INR,0,,15:45,15,18:35,18,False,170,170,0,Airbus A321neo,119.0,120.0
2026-09-30,2026-09-30 14:36,2026-11-29,60,BLR,DEL,BLR-DEL,6E,IndiGo,1,9549,INR,0,,18:15,18,21:05,21,False,170,170,0,Airbus A321neo,119.0,120.0
2026-09-30,2026-09-30 14:36,2026-11-29,60,BLR,DEL,BLR-DEL,6E,IndiGo,1,9549,INR,0,,20:45,20,23:35,23,False,170,170,0,Airbus A321neo,119.0,120.0
2026-09-30,2026-09-30 14:36,2026-11-29,60,BLR,DEL,BLR-DEL,6E,IndiGo,1,9549,INR,0,,22:30,22,01:20,1,True,170,170,0,Airbus A321neo,119.0,120.0
2026-09-30,2026-09-30 14:36,2026-11-29,60,BLR,DEL,BLR-DEL,QP,Akasa Air,1,9628,INR,0,,06:10,6,09:00,9,False,170,170,0,Boeing 737MAX 8 Passenger,121.0,120.0
2026-09-30,2026-09-30 14:36,2026-11-29,60,BLR,DEL,BLR-DEL,AI,Air India,1,9659,INR,0,,06:00,6,08:55,8,False,175,175,0,Airbus A320neo,139.0,120.0
2026-09-30,2026-09-30 14:36,2026-11-29,60,BLR,DEL,BLR-DEL,IX,Air India Express,1,9695,INR,0,,05:30,5,08:30,8,False,180,180,0,Airbus A320neo,134.0,120.0
2026-09-30,2026-09-30 14:36,2026-11-29,60,BLR,DEL,BLR-DEL,QP,Akasa Air,1,9798,INR,0,,13:55,13,16:45,16,False,170,170,0,Boeing 737MAX 8 Passenger,121.0,120.0
2026-09-30,2026-09-30 14:36,2026-11-29,60,BLR,DEL,BLR-DEL,6E,IndiGo,1,9851,INR,0,,00:30,0,03:25,3,False,175,175,0,Airbus A321neo,119.0,120.0
2026-09-30,2026-09-30 14:36,2026-11-29,60,BLR,DEL,BLR-DEL,6E,IndiGo,1,9851,INR,0,,10:45,10,13:35,13,False,170,170,0,Airbus A321neo,119.0,120.0
2026-09-30,2026-09-30 14:36,2026-11-29,60,BLR,DEL,BLR-DEL,6E,IndiGo,1,9851,INR,0,,12:00,12,14:50,14,False,170,170,0,Airbus A321neo,119.0,120.0
2026-09-30,2026-09-30 14:36,2026-11-29,60,BLR,DEL,BLR-DEL,6E,IndiGo,1,9851,INR,0,,13:15,13,16:05,16,False,170,170,0,Airbus A321neo,119.0,120.0
2026-09-30,2026-09-30 14:36,2026-11-29,60,BLR,DEL,BLR-DEL,6E,IndiGo,1,9851,INR,0,,19:30,19,22:20,22,False,170,170,0,Airbus A321neo,119.0,120.0
2026-09-30,2026-09-30 14:36,2026-11-29,60,BLR,DEL,BLR-DEL,AI,Air India,1,9901,INR,0,,21:00,21,23:55,23,False,175,175,0,Airbus A320neo,139.0,120.0
2026-09-30,2026-09-30 14:36,2026-11-29,60,BLR,DEL,BLR-DEL,AI,Air India,1,9958,INR,0,,00:15,0,03:10,3,False,175,175,0,Airbus A320neo,139.0,120.0
2026-09-30,2026-09-30 14:36,2026-11-29,60,BLR,DEL,BLR-DEL,AI,Air India,1,9958,INR,0,,10:00,10,12:55,12,False,175,175,0,Airbus A321,176.0,120.0
2026-09-30,2026-09-30 14:36,2026-11-29,60,BLR,DEL,BLR-DEL,AI,Air India,1,9958,INR,0,,14:35,14,17:25,17,False,170,170,0,Boeing 787,139.0,120.0
2026-09-30,2026-09-30 14:36,2026-11-29,60,BLR,DEL,BLR-DEL,AI,Air India,1,10126,INR,0,,08:05,8,11:00,11,False,175,175,0,Airbus A320neo,139.0,120.0
2026-09-30,2026-09-30 14:36,2026-11-29,60,BLR,DEL,BLR-DEL,6E,IndiGo,1,10188,INR,0,,03:15,3,06:05,6,False,170,170,0,Airbus A321neo,119.0,120.0
2026-09-30,2026-09-30 14:36,2026-11-29,60,BLR,DEL,BLR-DEL,AI,Air India,1,10279,INR,0,,22:00,22,00:55,0,True,175,175,0,Airbus A320neo,139.0,120.0
2026-09-30,2026-09-30 14:36,2026-11-29,60,BLR,DEL,BLR-DEL,QP,Akasa Air,1,10329,INR,0,,19:05,19,22:00,22,False,175,175,0,Boeing 737MAX 8 Passenger,116.0,120.0
2026-09-30,2026-09-30 14:36,2026-11-29,60,BLR,DEL,BLR-DEL,QP,Akasa Air,1,10701,INR,0,,04:10,4,07:00,7,False,170,170,0,Boeing 737MAX 8 Passenger,121.0,120.0
2026-09-30,2026-09-30 14:36,2026-11-29,60,BLR,DEL,BLR-DEL,AI,Air India,1,11234,INR,0,,16:00,16,18:55,18,False,175,175,0,Airbus A320neo,139.0,120.0
2026-09-30,2026-09-30 14:36,2026-11-29,60,BLR,DEL,BLR-DEL,IX,Air India Express,1,11389,INR,0,,21:25,21,00:25,0,True,180,180,0,Boeing 737MAX 8 Passenger,137.0,120.0
2026-09-30,2026-09-30 14:36,2026-11-29,60,BLR,DEL,BLR-DEL,AI,Air India,1,11560,INR,0,,11:00,11,13:55,13,False,175,175,0,Airbus A320neo,139.0,120.0
2026-09-30,2026-09-30 14:36,2026-11-29,60,BLR,DEL,BLR-DEL,AI,Air India,1,11560,INR,0,,13:00,13,15:55,15,False,175,175,0,Airbus A320neo,139.0,120.0
2026-09-30,2026-09-30 14:36,2026-11-29,60,BLR,DEL,BLR-DEL,AI,Air India,1,11749,INR,0,,17:00,17,19:55,19,False,175,175,0,Airbus A320neo,139.0,120.0
2026-09-30,2026-09-30 14:36,2026-11-29,60,BLR,DEL,BLR-DEL,AI,Air India,1,11796,INR,0,,18:00,18,20:55,20,False,175,175,0,Airbus A320neo,139.0,120.0
2026-09-30,2026-09-30 14:36,2026-11-29,60,BLR,DEL,BLR-DEL,AI,Air India,1,12547,INR,0,,20:00,20,22:55,22,False,175,175,0,Airbus A320neo,139.0,120.0
2026-09-30,2026-09-30 14:36,2026-10-01,1,DEL,BLR,DEL-BLR,AI,Air India,1,8725,INR,0,,04:30,4,07:20,7,False,170,170,0,Airbus A320neo,142.0,120.0
2026-09-30,2026-09-30 14:36,2026-10-01,1,DEL,BLR,DEL-BLR,AI,Air India,1,8725,INR,0,,06:30,6,09:25,9,False,175,175,0,Airbus A320neo,142.0,120.0
2026-09-30,2026-09-30 14:36,2026-10-01,1,DEL,BLR,DEL-BLR,AI,Air India,1,8725,INR,0,,07:00,7,09:55,9,False,175,175,0,Airbus A320neo,180.0,120.0
2026-09-30,2026-09-30 14:36,2026-10-01,1,DEL,BLR,DEL-BLR,AI,Air India,1,8725,INR,0,,08:30,8,11:20,11,False,170,170,0,Boeing 787,143.0,120.0
2026-09-30,2026-09-30 14:36,2026-10-01,1,DEL,BLR,DEL-BLR,6E,IndiGo,1,8773,INR,0,,03:55,3,06:50,6,False,175,175,0,Airbus A320neo,125.0,120.0
2026-09-30,2026-09-30 14:36,2026-10-01,1,DEL,BLR,DEL-BLR,6E,IndiGo,1,8773,INR,0,,05:45,5,08:40,8,False,175,175,0,Airbus A321neo,122.0,120.0
2026-09-30,2026-09-30 14:36,2026-10-01,1,DEL,BLR,DEL-BLR,6E,IndiGo,1,8773,INR,0,,08:20,8,11:10,11,False,170,170,0,Airbus A321neo,122.0,120.0
2026-09-30,2026-09-30 14:36,2026-10-01,1,DEL,BLR,DEL-BLR,6E,IndiGo,1,8773,INR,0,,09:30,9,12:25,12,False,175,175,0,Airbus A321neo,122.0,120.0
2026-09-30,2026-09-30 14:36,2026-10-01,1,DEL,BLR,DEL-BLR,AI,Air India,1,9182,INR,0,,10:30,10,13:20,13,False,170,170,0,Airbus A320neo,142.0,120.0
2026-09-30,2026-09-30 14:36,2026-10-01,1,DEL,BLR,DEL-BLR,6E,IndiGo,1,9230,INR,0,,03:00,3,05:55,5,False,175,175,0,Airbus A320neo,125.0,120.0
2026-09-30,2026-09-30 14:36,2026-10-01,1,DEL,BLR,DEL-BLR,6E,IndiGo,1,9230,INR,0,,07:05,7,10:00,10,False,175,175,0,Airbus A321neo,122.0,120.0
2026-09-30,2026-09-30 14:36,2026-10-01,1,DEL,BLR,DEL-BLR,6E,IndiGo,1,9230,INR,0,,12:15,12,15:20,15,False,185,185,0,Airbus A321neo,122.0,120.0
2026-09-30,2026-09-30 14:36,2026-10-01,1,DEL,BLR,DEL-BLR,AI,Air India,1,9334,INR,0,,13:00,13,15:55,15,False,175,175,0,Airbus A320neo,142.0,120.0
2026-09-30,2026-09-30 14:36,2026-10-01,1,DEL,BLR,DEL-BLR,6E,IndiGo,1,9715,INR,0,,13:15,13,16:10,16,False,175,175,0,Airbus A321neo,122.0,120.0
2026-09-30,2026-09-30 14:36,2026-10-01,1,DEL,BLR,DEL-BLR,6E,IndiGo,1,9715,INR,0,,14:30,14,17:25,17,False,175,175,0,Airbus A321neo,122.0,120.0
2026-09-30,2026-09-30 14:36,2026-10-01,1,DEL,BLR,DEL-BLR,AI,Air India,1,9828,INR,0,,15:00,15,17:55,17,False,175,175,0,Airbus A320neo,142.0,120.0
2026-09-30,2026-09-30 14:36,2026-10-01,1,DEL,BLR,DEL-BLR,IX,Air India Express,1,10079,INR,0,,22:00,22,00:55,0,True,175,175,0,Boeing 737MAX 8 Passenger,142.0,120.0
2026-09-30,2026-09-30 14:36,2026-10-01,1,DEL,BLR,DEL-BLR,6E,IndiGo,1,10229,INR,0,,01:05,1,04:00,4,False,175,175,0,Airbus A321neo,122.0,120.0
2026-09-30,2026-09-30 14:36,2026-10-01,1,DEL,BLR,DEL-BLR,6E,IndiGo,1,10229,INR,0,,23:30,23,02:25,2,True,175,175,0,Airbus A321neo,122.0,120.0
2026-09-30,2026-09-30 14:36,2026-10-01,1,DEL,BLR,DEL-BLR,QP,Akasa Air,1,10771,INR,0,,22:55,22,02:05,2,True,190,190,0,Boeing 737MAX 8 Passenger,124.0,120.0
2026-09-30,2026-09-30 14:36,2026-10-01,1,DEL,BLR,DEL-BLR,6E,IndiGo,1,10776,INR,0,,15:45,15,18:40,18,False,175,175,0,Airbus A321neo,122.0,120.0
2026-09-30,2026-09-30 14:36,2026-10-01,1,DEL,BLR,DEL-BLR,QP,Akasa Air,1,10967,INR,0,,16:40,16,19:40,19,False,180,180,0,Boeing 737MAX 8 Passenger,119.0,120.0
2026-09-30,2026-09-30 14:36,2026-10-01,1,DEL,BLR,DEL-BLR,AI,Air India,1,11308,INR,0,,15:50,15,18:45,18,False,175,175,0,Airbus A320neo,180.0,120.0
2026-09-30,2026-09-30 14:36,2026-10-01,1,DEL,BLR,DEL-BLR,AI,Air India,1,11308,INR,0,,16:30,16,19:15,19,False,165,165,0,Airbus A320neo,142.0,120.0
2026-09-30,2026-09-30 14:36,2026-10-01,1,DEL,BLR,DEL-BLR,6E,IndiGo,1,11974,INR,0,,22:00,22,00:55,0,True,175,175,0,Airbus A321neo,122.0,120.0
2026-09-30,2026-09-30 14:36,2026-10-01,1,DEL,BLR,DEL-BLR,QP,Akasa Air,1,12004,INR,0,,21:55,21,00:50,0,True,175,175,0,Boeing 737MAX 8 Passenger,119.0,120.0
2026-09-30,2026-09-30 14:36,2026-10-01,1,DEL,BLR,DEL-BLR,IX,Air India Express,1,12173,INR,0,,21:00,21,23:45,23,False,165,165,0,Airbus A320neo,134.0,120.0
2026-09-30,2026-09-30 14:36,2026-10-01,1,DEL,BLR,DEL-BLR,6E,IndiGo,1,12631,INR,0,,17:00,17,19:55,19,False,175,175,0,Airbus A321neo,122.0,120.0
2026-09-30,2026-09-30 14:36,2026-10-01,1,DEL,BLR,DEL-BLR,AI,Air India,1,13240,INR,0,,00:15,0,03:10,3,False,175,175,0,Airbus A320neo,142.0,120.0
2026-09-30,2026-09-30 14:36,2026-10-01,1,DEL,BLR,DEL-BLR,6E,IndiGo,1,13327,INR,0,,18:20,18,21:10,21,False,170,170,0,Airbus A321neo,122.0,120.0
2026-09-30,2026-09-30 14:36,2026-10-01,1,DEL,BLR,DEL-BLR,AI,Air India,1,15104,INR,0,,18:00,18,20:55,20,False,175,175,0,Airbus A320neo,142.0,120.0
2026-09-30,2026-09-30 14:36,2026-10-01,1,DEL,BLR,DEL-BLR,AI,Air India,1,15104,INR,0,,21:30,21,00:25,0,True,175,175,0,Airbus A320neo,142.0,120.0
2026-09-30,2026-09-30 14:36,2026-10-01,1,DEL,BLR,DEL-BLR,6E,IndiGo,1,16572,INR,0,,20:45,20,23:40,23,False,175,175,0,Airbus A321neo,122.0,120.0
2026-09-30,2026-09-30 14:36,2026-10-01,1,DEL,BLR,DEL-BLR,QP,Akasa Air,1,17341,INR,0,,20:50,20,23:50,23,False,180,180,0,Boeing 737MAX 8 Passenger,119.0,120.0
2026-09-30,2026-09-30 14:36,2026-10-01,1,DEL,BLR,DEL-BLR,AI,Air India,1,17782,INR,0,,18:30,18,21:25,21,False,175,175,0,Airbus A321,180.0,120.0
2026-09-30,2026-09-30 14:36,2026-10-01,1,DEL,BLR,DEL-BLR,AI,Air India,1,17782,INR,0,,19:00,19,21:55,21,False,175,175,0,Airbus A320neo,142.0,120.0
2026-09-30,2026-09-30 14:36,2026-10-01,1,DEL,BLR,DEL-BLR,6E,IndiGo,1,18513,INR,0,,19:30,19,22:25,22,False,175,175,0,Airbus A321neo,122.0,120.0
2026-09-30,2026-09-30 14:36,2026-10-01,1,DEL,BLR,DEL-BLR,AI,Air India,1,20690,INR,0,,19:30,19,22:20,22,False,170,170,0,Airbus A320neo,142.0,120.0
2026-09-30,2026-09-30 14:36,2026-10-03,3,DEL,BLR,DEL-BLR,6E,IndiGo,1,8353,INR,1,HYD,13:30,13,19:05,19,False,335,215,120,Airbus A320neo | Airbus A320neo,152.0,120.0
2026-09-30,2026-09-30 14:36,2026-10-03,3,DEL,BLR,DEL-BLR,AI,Air India,1,8720,INR,0,,08:30,8,11:20,11,False,170,170,0,Boeing 787,143.0,120.0
2026-09-30,2026-09-30 14:36,2026-10-03,3,DEL,BLR,DEL-BLR,AI,Air India,1,8725,INR,0,,00:15,0,03:10,3,False,175,175,0,Airbus A320neo,142.0,120.0
2026-09-30,2026-09-30 14:36,2026-10-03,3,DEL,BLR,DEL-BLR,AI,Air India,1,8725,INR,0,,04:30,4,07:20,7,False,170,170,0,Airbus A320neo,142.0,120.0
2026-09-30,2026-09-30 14:36,2026-10-03,3,DEL,BLR,DEL-BLR,AI,Air India,1,8725,INR,0,,06:30,6,09:25,9,False,175,175,0,Airbus A320neo,142.0,120.0
2026-09-30,2026-09-30 14:36,2026-10-03,3,DEL,BLR,DEL-BLR,AI,Air India,1,8725,INR,0,,07:00,7,09:55,9,False,175,175,0,Airbus A320neo,180.0,120.0
2026-09-30,2026-09-30 14:36,2026-10-03,3,DEL,BLR,DEL-BLR,AI,Air India,1,8725,INR,0,,21:30,21,00:25,0,True,175,175,0,Airbus A320neo,142.0,120.0
2026-09-30,2026-09-30 14:36,2026-10-03,3,DEL,BLR,DEL-BLR,6E,IndiGo,1,8773,INR,0,,03:00,3,05:55,5,False,175,175,0,Airbus A321neo,122.0,120.0
2026-09-30,2026-09-30 14:36,2026-10-03,3,DEL,BLR,DEL-BLR,6E,IndiGo,1,8773,INR,0,,05:45,5,08:40,8,False,175,175,0,Airbus A321neo,122.0,120.0
2026-09-30,2026-09-30 14:36,2026-10-03,3,DEL,BLR,DEL-BLR,6E,IndiGo,1,8773,INR,0,,07:05,7,10:00,10,False,175,175,0,Airbus A321neo,122.0,120.0
2026-09-30,2026-09-30 14:36,2026-10-03,3,DEL,BLR,DEL-BLR,6E,IndiGo,1,8773,INR,0,,08:20,8,11:10,11,False,170,170,0,Airbus A321neo,122.0,120.0
2026-09-30,2026-09-30 14:36,2026-10-03,3,DEL,BLR,DEL-BLR,6E,IndiGo,1,8773,INR,0,,09:30,9,12:25,12,False,175,175,0,Airbus A321neo,122.0,120.0
2026-09-30,2026-09-30 14:36,2026-10-03,3,DEL,BLR,DEL-BLR,6E,IndiGo,1,8773,INR,0,,12:15,12,15:20,15,False,185,185,0,Airbus A321neo,122.0,120.0
2026-09-30,2026-09-30 14:36,2026-10-03,3,DEL,BLR,DEL-BLR,6E,IndiGo,1,8773,INR,0,,20:45,20,23:40,23,False,175,175,0,Airbus A321neo,122.0,120.0
2026-09-30,2026-09-30 14:36,2026-10-03,3,DEL,BLR,DEL-BLR,6E,IndiGo,1,8773,INR,0,,22:00,22,00:55,0,True,175,175,0,Airbus A321neo,122.0,120.0
2026-09-30,2026-09-30 14:36,2026-10-03,3,DEL,BLR,DEL-BLR,6E,IndiGo,1,8773,INR,0,,23:30,23,02:25,2,True,175,175,0,Airbus A321neo,122.0,120.0
2026-09-30,2026-09-30 14:36,2026-10-03,3,DEL,BLR,DEL-BLR,QP,Akasa Air,1,9179,INR,0,,20:50,20,23:50,23,False,180,180,0,Boeing 737MAX 8 Passenger,124.0,120.0
2026-09-30,2026-09-30 14:36,2026-10-03,3,DEL,BLR,DEL-BLR,QP,Akasa Air,1,9179,INR,0,,22:55,22,02:05,2,True,190,190,0,Boeing 737MAX 8 Passenger,124.0,120.0
2026-09-30,2026-09-30 14:36,2026-10-03,3,DEL,BLR,DEL-BLR,AI,Air India,1,9182,INR,0,,16:30,16,19:15,19,False,165,165,0,Airbus A320neo,142.0,120.0
2026-09-30,2026-09-30 14:36,2026-10-03,3,DEL,BLR,DEL-BLR,6E,IndiGo,1,9230,INR,0,,10:45,10,13:40,13,False,175,175,0,Airbus A321neo,122.0,120.0
2026-09-30,2026-09-30 14:36,2026-10-03,3,DEL,BLR,DEL-BLR,6E,IndiGo,1,9230,INR,0,,13:15,13,16:10,16,False,175,175,0,Airbus A321neo,122.0,120.0
2026-09-30,2026-09-30 14:36,2026-10-03,3,DEL,BLR,DEL-BLR,6E,IndiGo,1,9230,INR,0,,15:45,15,18:40,18,False,175,175,0,Airbus A321neo,122.0,120.0
2026-09-30,2026-09-30 14:36,2026-10-03,3,DEL,BLR,DEL-BLR,6E,IndiGo,1,9230,INR,0,,18:20,18,21:10,21,False,170,170,0,Airbus A321neo,122.0,120.0
2026-09-30,2026-09-30 14:36,2026-10-03,3,DEL,BLR,DEL-BLR,6E,IndiGo,1,9230,INR,0,,19:30,19,22:25,22,False,175,175,0,Airbus A321neo,122.0,120.0
2026-09-30,2026-09-30 14:36,2026-10-03,3,DEL,BLR,DEL-BLR,6E,IndiGo,1,9715,INR,0,,14:30,14,17:25,17,False,175,175,0,Airbus A321neo,122.0,120.0
2026-09-30,2026-09-30 14:36,2026-10-03,3,DEL,BLR,DEL-BLR,AI,Air India,1,9828,INR,0,,15:00,15,17:55,17,False,175,175,0,Airbus A320neo,142.0,120.0
2026-09-30,2026-09-30 14:36,2026-10-03,3,DEL,BLR,DEL-BLR,QP,Akasa Air,1,10030,INR,0,,16:40,16,19:40,19,False,180,180,0,Boeing 737MAX 8 Passenger,122.0,120.0
2026-09-30,2026-09-30 14:36,2026-10-03,3,DEL,BLR,DEL-BLR,AI,Air India,1,10075,INR,0,,13:00,13,15:55,15,False,175,175,0,Airbus A320neo,142.0,120.0
2026-09-30,2026-09-30 14:36,2026-10-03,3,DEL,BLR,DEL-BLR,IX,Air India Express,1,10079,INR,0,,22:00,22,00:55,0,True,175,175,0,Boeing 737MAX 8 Passenger,142.0,120.0
2026-09-30,2026-09-30 14:36,2026-10-03,3,DEL,BLR,DEL-BLR,AI,Air India,1,10180,INR,0,,15:50,15,18:45,18,False,175,175,0,Airbus A320neo,180.0,120.0
2026-09-30,2026-09-30 14:36,2026-10-03,3,DEL,BLR,DEL-BLR,AI,Air India,1,10180,INR,0,,19:00,19,21:55,21,False,175,175,0,Airbus A320neo,142.0,120.0
2026-09-30,2026-09-30 14:36,2026-10-03,3,DEL,BLR,DEL-BLR,AI,Air India,1,18433,INR,0,,10:30,10,13:20,13,False,170,170,0,Airbus A320neo,142.0,120.0
2026-09-30,2026-09-30 14:36,2026-10-07,7,DEL,BLR,DEL-BLR,6E,IndiGo,1,8484,INR,1,BHO,05:00,5,10:45,10,False,345,215,130,Airbus A321neo | Airbus A321neo,137.0,120.0
2026-09-30,2026-09-30 14:36,2026-10-07,7,DEL,BLR,DEL-BLR,6E,IndiGo,1,8484,INR,1,IDR,11:20,11,16:45,16,False,325,215,110,Airbus A321neo | Airbus A321neo,140.0,120.0
2026-09-30,2026-09-30 14:36,2026-10-07,7,DEL,BLR,DEL-BLR,6E,IndiGo,1,8484,INR,1,RPR,16:20,16,21:55,21,False,335,230,105,Airbus A320neo | Airbus A320neo,161.0,120.0
2026-09-30,2026-09-30 14:36,2026-10-07,7,DEL,BLR,DEL-BLR,6E,IndiGo,1,8484,INR,1,AMD,17:05,17,22:05,22,False,300,230,70,Airbus A321neo | Airbus A321neo,155.0,120.0
2026-09-30,2026-09-30 14:36,2026-10-07,7,DEL,BLR,DEL-BLR,6E,IndiGo,1,8484,INR,1,VNS,18:30,18,23:35,23,False,305,245,60,Airbus A321neo | Airbus A321neo,163.0,120.0
2026-09-30,2026-09-30 14:36,2026-10-07,7,DEL,BLR,DEL-BLR,6E,IndiGo,1,8484,INR,1,AMD,19:30,19,01:10,1,True,340,225,115,Airbus A321neo | Airbus A321neo,155.0,120.0
2026-09-30,2026-09-30 14:36,2026-10-07,7,DEL,BLR,DEL-BLR,AI,Air India,1,8725,INR,0,,00:15,0,03:10,3,False,175,175,0,Airbus A320neo,142.0,120.0
2026-09-30,2026-09-30 14:36,2026-10-07,7,DEL,BLR,DEL-BLR,AI,Air India,1,8725,INR,0,,04:30,4,07:20,7,False,170,170,0,Airbus A320neo,142.0,120.0
2026-09-30,2026-09-30 14:36,2026-10-07,7,DEL,BLR,DEL-BLR,AI,Air India,1,8725,INR,0,,09:30,9,12:25,12,False,175,175,0,Airbus A320neo,142.0,120.0
2026-09-30,2026-09-30 14:36,2026-10-07,7,DEL,BLR,DEL-BLR,AI,Air India,1,8725,INR,0,,21:30,21,00:25,0,True,175,175,0,Airbus A320neo,142.0,120.0
2026-09-30,2026-09-30 14:36,2026-10-07,7,DEL,BLR,DEL-BLR,6E,IndiGo,1,8773,INR,0,,01:05,1,04:00,4,False,175,175,0,Airbus A321neo,122.0,120.0
2026-09-30,2026-09-30 14:36,2026-10-07,7,DEL,BLR,DEL-BLR,6E,IndiGo,1,8773,INR,0,,03:00,3,05:55,5,False,175,175,0,Airbus A321neo,122.0,120.0
2026-09-30,2026-09-30 14:36,2026-10-07,7,DEL,BLR,DEL-BLR,6E,IndiGo,1,8773,INR,0,,05:45,5,08:40,8,False,175,175,0,Airbus A321neo,122.0,120.0
2026-09-30,2026-09-30 14:36,2026-10-07,7,DEL,BLR,DEL-BLR,6E,IndiGo,1,8773,INR,0,,07:05,7,10:00,10,False,175,175,0,Airbus A321neo,122.0,120.0
2026-09-30,2026-09-30 14:36,2026-10-07,7,DEL,BLR,DEL-BLR,6E,IndiGo,1,8773,INR,0,,09:30,9,12:25,12,False,175,175,0,Airbus A321neo,122.0,120.0
2026-09-30,2026-09-30 14:36,2026-10-07,7,DEL,BLR,DEL-BLR,6E,IndiGo,1,8773,INR,0,,10:45,10,13:40,13,False,175,175,0,Airbus A321neo,122.0,120.0
2026-09-30,2026-09-30 14:36,2026-10-07,7,DEL,BLR,DEL-BLR,6E,IndiGo,1,8773,INR,0,,12:15,12,15:20,15,False,185,185,0,Airbus A321neo,122.0,120.0
2026-09-30,2026-09-30 14:36,2026-10-07,7,DEL,BLR,DEL-BLR,6E,IndiGo,1,8773,INR,0,,14:30,14,17:25,17,False,175,175,0,Airbus A321neo,122.0,120.0
2026-09-30,2026-09-30 14:36,2026-10-07,7,DEL,BLR,DEL-BLR,6E,IndiGo,1,8773,INR,0,,15:45,15,18:40,18,False,175,175,0,Airbus A321neo,122.0,120.0
2026-09-30,2026-09-30 14:36,2026-10-07,7,DEL,BLR,DEL-BLR,6E,IndiGo,1,8773,INR,0,,17:00,17,19:55,19,False,175,175,0,Airbus A321neo,122.0,120.0
2026-09-30,2026-09-30 14:36,2026-10-07,7,DEL,BLR,DEL-BLR,6E,IndiGo,1,8773,INR,0,,20:45,20,23:40,23,False,175,175,0,Airbus A321neo,122.0,120.0
2026-09-30,2026-09-30 14:36,2026-10-07,7,DEL,BLR,DEL-BLR,6E,IndiGo,1,8773,INR,0,,22:00,22,00:55,0,True,175,175,0,Airbus A321neo,122.0,120.0
2026-09-30,2026-09-30 14:36,2026-10-07,7,DEL,BLR,DEL-BLR,6E,IndiGo,1,8773,INR,0,,23:30,23,02:25,2,True,175,175,0,Airbus A321neo,122.0,120.0
2026-09-30,2026-09-30 14:36,2026-10-07,7,DEL,BLR,DEL-BLR,AI,Air India,1,8867,INR,0,,15:00,15,17:55,17,False,175,175,0,Airbus A320neo,142.0,120.0
2026-09-30,2026-09-30 14:36,2026-10-07,7,DEL,BLR,DEL-BLR,IX,Air India Express,1,8909,INR,0,,21:00,21,00:05,0,True,185,185,0,Airbus A320neo,134.0,120.0
2026-09-30,2026-09-30 14:36,2026-10-07,7,DEL,BLR,DEL-BLR,IX,Air India Express,1,8909,INR,0,,22:00,22,00:55,0,True,175,175,0,Boeing 737MAX 8 Passenger,142.0,120.0
2026-09-30,2026-09-30 14:36,2026-10-07,7,DEL,BLR,DEL-BLR,QP,Akasa Air,1,9179,INR,0,,14:50,14,17:55,17,False,185,185,0,Boeing 737MAX 8 Passenger,124.0,120.0
2026-09-30,2026-09-30 14:36,2026-10-07,7,DEL,BLR,DEL-BLR,QP,Akasa Air,1,9179,INR,0,,17:25,17,20:20,20,False,175,175,0,Boeing 737MAX 8 Passenger,122.0,120.0
2026-09-30,2026-09-30 14:36,2026-10-07,7,DEL,BLR,DEL-BLR,QP,Akasa Air,1,9179,INR,0,,20:50,20,23:50,23,False,180,180,0,Boeing 737MAX 8 Passenger,124.0,120.0
2026-09-30,2026-09-30 14:36,2026-10-07,7,DEL,BLR,DEL-BLR,QP,Akasa Air,1,9179,INR,0,,21:55,21,00:50,0,True,175,175,0,Boeing 737MAX 8 Passenger,124.0,120.0
2026-09-30,2026-09-30 14:36,2026-10-07,7,DEL,BLR,DEL-BLR,QP,Akasa Air,1,9179,INR,0,,22:55,22,02:05,2,True,190,190,0,Boeing 737MAX 8 Passenger,124.0,120.0
2026-09-30,2026-09-30 14:36,2026-10-07,7,DEL,BLR,DEL-BLR,6E,IndiGo,1,9230,INR,0,,08:20,8,11:10,11,False,170,170,0,Airbus A321neo,122.0,120.0
2026-09-30,2026-09-30 14:36,2026-10-07,7,DEL,BLR,DEL-BLR,6E,IndiGo,1,9230,INR,0,,18:20,18,21:10,21,False,170,170,0,Airbus A321neo,122.0,120.0
2026-09-30,2026-09-30 14:36,2026-10-07,7,DEL,BLR,DEL-BLR,AI,Air India,1,9665,INR,0,,08:30,8,11:20,11,False,170,170,0,Boeing 787,143.0,120.0
2026-09-30,2026-09-30 14:36,2026-10-07,7,DEL,BLR,DEL-BLR,AI,Air India,1,9665,INR,0,,15:50,15,18:45,18,False,175,175,0,Airbus A320neo,180.0,120.0
2026-09-30,2026-09-30 14:36,2026-10-07,7,DEL,BLR,DEL-BLR,AI,Air India,1,9665,INR,0,,18:30,18,21:25,21,False,175,175,0,Airbus A320neo,142.0,120.0
2026-09-30,2026-09-30 14:36,2026-10-07,7,DEL,BLR,DEL-BLR,6E,IndiGo,1,9715,INR,0,,19:30,19,22:25,22,False,175,175,0,Airbus A321neo,122.0,120.0
2026-09-30,2026-09-30 14:36,2026-10-07,7,DEL,BLR,DEL-BLR,AI,Air India,1,9828,INR,0,,13:00,13,15:55,15,False,175,175,0,Airbus A320neo,142.0,120.0
2026-09-30,2026-09-30 14:36,2026-10-07,7,DEL,BLR,DEL-BLR,AI,Air India,1,10180,INR,0,,10:30,10,13:20,13,False,170,170,0,Airbus A320neo,142.0,120.0
2026-09-30,2026-09-30 14:36,2026-10-07,7,DEL,BLR,DEL-BLR,AI,Air India,1,10180,INR,0,,16:30,16,19:15,19,False,165,165,0,Airbus A320neo,142.0,120.0
2026-09-30,2026-09-30 14:36,2026-10-07,7,DEL,BLR,DEL-BLR,AI,Air India,1,11923,INR,0,,19:30,19,22:20,22,False,170,170,0,Airbus A320neo,142.0,120.0
2026-09-30,2026-09-30 14:36,2026-10-07,7,DEL,BLR,DEL-BLR,AI,Air India,1,15104,INR,0,,06:30,6,09:25,9,False,175,175,0,Airbus A320neo,142.0,120.0
2026-09-30,2026-09-30 14:36,2026-10-14,14,DEL,BLR,DEL-BLR,AI,Air India,1,8725,INR,0,,04:30,4,07:20,7,False,170,170,0,Airbus A320neo,142.0,120.0
2026-09-30,2026-09-30 14:36,2026-10-14,14,DEL,BLR,DEL-BLR,AI,Air India,1,8725,INR,0,,06:30,6,09:25,9,False,175,175,0,Airbus A320neo,142.0,120.0
2026-09-30,2026-09-30 14:36,2026-10-14,14,DEL,BLR,DEL-BLR,AI,Air India,1,8725,INR,0,,08:30,8,11:20,11,False,170,170,0,Boeing 787,143.0,120.0
2026-09-30,2026-09-30 14:36,2026-10-14,14,DEL,BLR,DEL-BLR,AI,Air India,1,8725,INR,0,,09:30,9,12:25,12,False,175,175,0,Airbus A320neo,142.0,120.0
2026-09-30,2026-09-30 14:36,2026-10-14,14,DEL,BLR,DEL-BLR,AI,Air India,1,8725,INR,0,,18:00,18,20:55,20,False,175,175,0,Airbus A320neo,142.0,120.0
2026-09-30,2026-09-30 14:36,2026-10-14,14,DEL,BLR,DEL-BLR,AI,Air India,1,8725,INR,0,,19:30,19,22:20,22,False,170,170,0,Airbus A320neo,142.0,120.0
2026-09-30,2026-09-30 14:36,2026-10-14,14,DEL,BLR,DEL-BLR,AI,Air India,1,8725,INR,0,,21:30,21,00:25,0,True,175,175,0,Airbus A320neo,142.0,120.0
2026-09-30,2026-09-30 14:36,2026-10-14,14,DEL,BLR,DEL-BLR,6E,IndiGo,1,8773,INR,0,,01:05,1,04:00,4,False,175,175,0,Airbus A321neo,122.0,120.0
2026-09-30,2026-09-30 14:36,2026-10-14,14,DEL,BLR,DEL-BLR,6E,IndiGo,1,8773,INR,0,,03:00,3,05:55,5,False,175,175,0,Airbus A321neo,122.0,120.0
2026-09-30,2026-09-30 14:36,2026-10-14,14,DEL,BLR,DEL-BLR,6E,IndiGo,1,8773,INR,0,,05:45,5,08:40,8,False,175,175,0,Airbus A321neo,122.0,120.0
2026-09-30,2026-09-30 14:36,2026-10-14,14,DEL,BLR,DEL-BLR,6E,IndiGo,1,8773,INR,0,,07:05,7,10:00,10,False,175,175,0,Airbus A321neo,122.0,120.0
2026-09-30,2026-09-30 14:36,2026-10-14,14,DEL,BLR,DEL-BLR,6E,IndiGo,1,8773,INR,0,,08:20,8,11:10,11,False,170,170,0,Airbus A321neo,122.0,120.0
2026-09-30,2026-09-30 14:36,2026-10-14,14,DEL,BLR,DEL-BLR,6E,IndiGo,1,8773,INR,0,,09:30,9,12:25,12,False,175,175,0,Airbus A321neo,122.0,120.0
2026-09-30,2026-09-30 14:36,2026-10-14,14,DEL,BLR,DEL-BLR,6E,IndiGo,1,8773,INR,0,,10:45,10,13:40,13,False,175,175,0,Airbus A321neo,122.0,120.0
2026-09-30,2026-09-30 14:36,2026-10-14,14,DEL,BLR,DEL-BLR,6E,IndiGo,1,8773,INR,0,,12:15,12,15:20,15,False,185,185,0,Airbus A321neo,122.0,120.0
2026-09-30,2026-09-30 14:36,2026-10-14,14,DEL,BLR,DEL-BLR,6E,IndiGo,1,8773,INR,0,,13:15,13,16:10,16,False,175,175,0,Airbus A321neo,122.0,120.0
2026-09-30,2026-09-30 14:36,2026-10-14,14,DEL,BLR,DEL-BLR,6E,IndiGo,1,8773,INR,0,,14:30,14,17:25,17,False,175,175,0,Airbus A321neo,122.0,120.0
2026-09-30,2026-09-30 14:36,2026-10-14,14,DEL,BLR,DEL-BLR,6E,IndiGo,1,8773,INR,0,,15:45,15,18:40,18,False,175,175,0,Airbus A321neo,122.0,120.0
2026-09-30,2026-09-30 14:36,2026-10-14,14,DEL,BLR,DEL-BLR,6E,IndiGo,1,8773,INR,0,,17:00,17,19:55,19,False,175,175,0,Airbus A321neo,122.0,120.0
2026-09-30,2026-09-30 14:36,2026-10-14,14,DEL,BLR,DEL-BLR,6E,IndiGo,1,8773,INR,0,,22:00,22,00:55,0,True,175,175,0,Airbus A321neo,122.0,120.0
2026-09-30,2026-09-30 14:36,2026-10-14,14,DEL,BLR,DEL-BLR,6E,IndiGo,1,8773,INR,0,,23:30,23,02:25,2,True,175,175,0,Airbus A321neo,122.0,120.0
2026-09-30,2026-09-30 14:36,2026-10-14,14,DEL,BLR,DEL-BLR,AI,Air India,1,8867,INR,0,,13:00,13,15:55,15,False,175,175,0,Airbus A320neo,142.0,120.0
2026-09-30,2026-09-30 14:36,2026-10-14,14,DEL,BLR,DEL-BLR,AI,Air India,1,8867,INR,0,,15:00,15,17:55,17,False,175,175,0,Airbus A320neo,142.0,120.0
2026-09-30,2026-09-30 14:36,2026-10-14,14,DEL,BLR,DEL-BLR,IX,Air India Express,1,9173,INR,0,,22:00,22,00:55,0,True,175,175,0,Boeing 737MAX 8 Passenger,142.0,120.0
2026-09-30,2026-09-30 14:36,2026-10-14,14,DEL,BLR,DEL-BLR,QP,Akasa Air,1,9179,INR,0,,14:50,14,17:55,17,False,185,185,0,Boeing 737MAX 8 Passenger,124.0,120.0
2026-09-30,2026-09-30 14:36,2026-10-14,14,DEL,BLR,DEL-BLR,QP,Akasa Air,1,9179,INR,0,,16:40,16,19:40,19,False,180,180,0,Boeing 737MAX 8 Passenger,119.0,120.0
2026-09-30,2026-09-30 14:36,2026-10-14,14,DEL,BLR,DEL-BLR,QP,Akasa Air,1,9179,INR,0,,22:55,22,02:05,2,True,190,190,0,Boeing 737MAX 8 Passenger,124.0,120.0
2026-09-30,2026-09-30 14:36,2026-10-14,14,DEL,BLR,DEL-BLR,6E,IndiGo,1,9230,INR,0,,20:45,20,23:40,23,False,175,175,0,Airbus A321neo,122.0,120.0
2026-09-30,2026-09-30 14:36,2026-10-14,14,DEL,BLR,DEL-BLR,QP,Akasa Air,1,9508,INR,0,,21:55,21,00:50,0,True,175,175,0,Boeing 737MAX 8 Passenger,124.0,120.0
2026-09-30,2026-09-30 14:36,2026-10-14,14,DEL,BLR,DEL-BLR,AI,Air India,1,9665,INR,0,,10:30,10,13:20,13,False,170,170,0,Airbus A320neo,142.0,120.0
2026-09-30,2026-09-30 14:36,2026-10-14,14,DEL,BLR,DEL-BLR,6E,IndiGo,1,9715,INR,0,,19:30,19,22:25,22,False,175,175,0,Airbus A321neo,122.0,120.0
2026-09-30,2026-09-30 14:36,2026-10-14,14,DEL,BLR,DEL-BLR,IX,Air India Express,1,10079,INR,0,,21:00,21,00:05,0,True,185,185,0,Airbus A320neo,134.0,120.0
2026-09-30,2026-09-30 14:36,2026-10-14,14,DEL,BLR,DEL-BLR,AI,Air India,1,10180,INR,0,,16:30,16,19:15,19,False,165,165,0,Airbus A320neo,142.0,120.0
2026-09-30,2026-09-30 14:36,2026-10-14,14,DEL,BLR,DEL-BLR,AI,Air India,1,10726,INR,0,,15:50,15,18:45,18,False,175,175,0,Airbus A320neo,180.0,120.0
2026-09-30,2026-09-30 14:36,2026-10-14,14,DEL,BLR,DEL-BLR,AI,Air India,1,20690,INR,0,,07:00,7,09:55,9,False,175,175,0,Airbus A320neo,180.0,120.0
2026-09-30,2026-09-30 14:36,2026-10-14,14,DEL,BLR,DEL-BLR,QP,Akasa Air,1,21820,INR,0,,20:50,20,23:50,23,False,180,180,0,Boeing 737MAX 8 Passenger,125.0,120.0
2026-09-30,2026-09-30 14:36,2026-10-21,21,DEL,BLR,DEL-BLR,IX,Air India Express,1,9190,INR,1,LKO,23:25,23,12:20,12,True,775,245,530,Airbus A320neo | Boeing 737MAX 8 Passenger,177.0,120.0
2026-09-30,2026-09-30 14:36,2026-10-21,21,DEL,BLR,DEL-BLR,AI,Air India,1,9838,INR,0,,07:00,7,09:55,9,False,175,175,0,Airbus A321,180.0,120.0
2026-09-30,2026-09-30 14:36,2026-10-21,21,DEL,BLR,DEL-BLR,6E,IndiGo,1,9880,INR,0,,01:05,1,04:00,4,False,175,175,0,Airbus A321neo,122.0,120.0
2026-09-30,2026-09-30 14:36,2026-10-21,21,DEL,BLR,DEL-BLR,6E,IndiGo,1,9880,INR,0,,05:45,5,08:40,8,False,175,175,0,Airbus A321neo,122.0,120.0
2026-09-30,2026-09-30 14:36,2026-10-21,21,DEL,BLR,DEL-BLR,6E,IndiGo,1,9880,INR,0,,07:05,7,10:00,10,False,175,175,0,Airbus A321neo,122.0,120.0
2026-09-30,2026-09-30 14:36,2026-10-21,21,DEL,BLR,DEL-BLR,6E,IndiGo,1,9880,INR,0,,08:20,8,11:10,11,False,170,170,0,Airbus A321neo,122.0,120.0
2026-09-30,2026-09-30 14:36,2026-10-21,21,DEL,BLR,DEL-BLR,6E,IndiGo,1,9880,INR,0,,09:30,9,12:25,12,False,175,175,0,Airbus A321neo,122.0,120.0
2026-09-30,2026-09-30 14:36,2026-10-21,21,DEL,BLR,DEL-BLR,6E,IndiGo,1,9880,INR,0,,20:45,20,23:40,23,False,175,175,0,Airbus A321neo,122.0,120.0
2026-09-30,2026-09-30 14:36,2026-10-21,21,DEL,BLR,DEL-BLR,6E,IndiGo,1,9880,INR,0,,23:30,23,02:25,2,True,175,175,0,Airbus A321neo,122.0,120.0
2026-09-30,2026-09-30 14:36,2026-10-21,21,DEL,BLR,DEL-BLR,QP,Akasa Air,1,10030,INR,0,,21:55,21,00:50,0,True,175,175,0,Boeing 737MAX 8 Passenger,124.0,120.0
2026-09-30,2026-09-30 14:36,2026-10-21,21,DEL,BLR,DEL-BLR,IX,Air India Express,1,10079,INR,0,,21:00,21,00:05,0,True,185,185,0,Airbus A320neo,134.0,120.0
2026-09-30,2026-09-30 14:36,2026-10-21,21,DEL,BLR,DEL-BLR,IX,Air India Express,1,10079,INR,0,,22:00,22,00:55,0,True,175,175,0,Boeing 737MAX 8 Passenger,142.0,120.0
2026-09-30,2026-09-30 14:36,2026-10-21,21,DEL,BLR,DEL-BLR,SG,SpiceJet,1,10184,INR,0,,21:50,21,00:40,0,True,170,170,0,Boeing 737,141.0,120.0
2026-09-30,2026-09-30 14:36,2026-10-21,21,DEL,BLR,DEL-BLR,QP,Akasa Air,1,10209,INR,0,,20:50,20,23:50,23,False,180,180,0,Boeing 737MAX 8 Passenger,119.0,120.0
2026-09-30,2026-09-30 14:36,2026-10-21,21,DEL,BLR,DEL-BLR,AI,Air India,1,10243,INR,0,,09:30,9,12:25,12,False,175,175,0,Airbus A320neo,142.0,120.0
2026-09-30,2026-09-30 14:36,2026-10-21,21,DEL,BLR,DEL-BLR,AI,Air India,1,10243,INR,0,,21:30,21,00:25,0,True,175,175,0,Airbus A320neo,142.0,120.0
2026-09-30,2026-09-30 14:36,2026-10-21,21,DEL,BLR,DEL-BLR,6E,IndiGo,1,10293,INR,0,,03:00,3,05:55,5,False,175,175,0,Airbus A321neo,122.0,120.0
2026-09-30,2026-09-30 14:36,2026-10-21,21,DEL,BLR,DEL-BLR,6E,IndiGo,1,10293,INR,0,,12:15,12,15:20,15,False,185,185,0,Airbus A321neo,122.0,120.0
2026-09-30,2026-09-30 14:36,2026-10-21,21,DEL,BLR,DEL-BLR,AI,Air India,1,10720,INR,0,,10:30,10,13:20,13,False,170,170,0,Airbus A320neo,142.0,120.0
2026-09-30,2026-09-30 14:36,2026-10-21,21,DEL,BLR,DEL-BLR,AI,Air India,1,10720,INR,0,,18:30,18,21:25,21,False,175,175,0,Airbus A320neo,142.0,120.0
2026-09-30,2026-09-30 14:36,2026-10-21,21,DEL,BLR,DEL-BLR,AI,Air India,1,10720,INR,0,,19:30,19,22:20,22,False,170,170,0,Airbus A320neo,142.0,120.0
2026-09-30,2026-09-30 14:36,2026-10-21,21,DEL,BLR,DEL-BLR,6E,IndiGo,1,10770,INR,0,,10:45,10,13:40,13,False,175,175,0,Airbus A321neo,122.0,120.0
2026-09-30,2026-09-30 14:36,2026-10-21,21,DEL,BLR,DEL-BLR,6E,IndiGo,1,10770,INR,0,,13:15,13,16:10,16,False,175,175,0,Airbus A321neo,122.0,120.0
2026-09-30,2026-09-30 14:36,2026-10-21,21,DEL,BLR,DEL-BLR,6E,IndiGo,1,10770,INR,0,,15:45,15,18:40,18,False,175,175,0,Airbus A321neo,122.0,120.0
2026-09-30,2026-09-30 14:36,2026-10-21,21,DEL,BLR,DEL-BLR,6E,IndiGo,1,10770,INR,0,,17:00,17,19:55,19,False,175,175,0,Airbus A321neo,122.0,120.0
2026-09-30,2026-09-30 14:36,2026-10-21,21,DEL,BLR,DEL-BLR,6E,IndiGo,1,10770,INR,0,,18:20,18,21:10,21,False,170,170,0,Airbus A321neo,122.0,120.0
2026-09-30,2026-09-30 14:36,2026-10-21,21,DEL,BLR,DEL-BLR,QP,Akasa Air,1,11166,INR,0,,14:10,14,17:05,17,False,175,175,0,Boeing 737MAX 8 Passenger,122.0,120.0
2026-09-30,2026-09-30 14:36,2026-10-21,21,DEL,BLR,DEL-BLR,QP,Akasa Air,1,11166,INR,0,,14:50,14,17:55,17,False,185,185,0,Boeing 737MAX 8 Passenger,124.0,120.0
2026-09-30,2026-09-30 14:36,2026-10-21,21,DEL,BLR,DEL-BLR,QP,Akasa Air,1,11166,INR,0,,16:40,16,19:40,19,False,180,180,0,Boeing 737MAX 8 Passenger,124.0,120.0
2026-09-30,2026-09-30 14:36,2026-10-21,21,DEL,BLR,DEL-BLR,AI,Air India,1,11224,INR,0,,06:30,6,09:25,9,False,175,175,0,Airbus A320neo,142.0,120.0
2026-09-30,2026-09-30 14:36,2026-10-21,21,DEL,BLR,DEL-BLR,AI,Air India,1,11224,INR,0,,15:50,15,18:45,18,False,175,175,0,Airbus A321,180.0,120.0
2026-09-30,2026-09-30 14:36,2026-10-21,21,DEL,BLR,DEL-BLR,AI,Air India,1,11224,INR,0,,16:30,16,19:15,19,False,165,165,0,Airbus A320neo,142.0,120.0
2026-09-30,2026-09-30 14:36,2026-10-21,21,DEL,BLR,DEL-BLR,AI,Air India,1,11224,INR,0,,18:00,18,20:55,20,False,175,175,0,Airbus A320neo,142.0,120.0
2026-09-30,2026-09-30 14:36,2026-10-21,21,DEL,BLR,DEL-BLR,6E,IndiGo,1,11272,INR,0,,19:30,19,22:25,22,False,175,175,0,Airbus A321neo,122.0,120.0
2026-09-30,2026-09-30 14:36,2026-10-21,21,DEL,BLR,DEL-BLR,6E,IndiGo,1,11800,INR,0,,14:30,14,17:25,17,False,175,175,0,Airbus A321neo,122.0,120.0
2026-09-30,2026-09-30 14:36,2026-10-21,21,DEL,BLR,DEL-BLR,AI,Air India,1,11954,INR,0,,15:00,15,17:55,17,False,175,175,0,Airbus A320neo,142.0,120.0
2026-09-30,2026-09-30 14:36,2026-10-21,21,DEL,BLR,DEL-BLR,AI,Air India,1,12526,INR,0,,13:00,13,15:55,15,False,175,175,0,Airbus A320neo,142.0,120.0
2026-09-30,2026-09-30 14:36,2026-10-21,21,DEL,BLR,DEL-BLR,AI,Air India,1,15104,INR,0,,04:30,4,07:20,7,False,170,170,0,Airbus A320neo,142.0,120.0
2026-09-30,2026-09-30 14:36,2026-10-30,30,DEL,BLR,DEL-BLR,IX,Air India Express,1,9190,INR,1,LKO,12:30,12,23:00,23,False,630,225,405,Boeing 737MAX 8 Passenger | Boeing 737MAX 8 Passenger,181.0,120.0
2026-09-30,2026-09-30 14:36,2026-10-30,30,DEL,BLR,DEL-BLR,SG,SpiceJet,1,9740,INR,0,,20:50,20,23:40,23,False,170,170,0,Boeing 737,141.0,120.0
2026-09-30,2026-09-30 14:36,2026-10-30,30,DEL,BLR,DEL-BLR,AI,Air India,1,9838,INR,0,,00:15,0,03:05,3,False,170,170,0,Airbus A320neo,142.0,120.0
2026-09-30,2026-09-30 14:36,2026-10-30,30,DEL,BLR,DEL-BLR,AI,Air India,1,9838,INR,0,,08:35,8,11:20,11,False,165,165,0,Boeing 787,143.0,120.0
2026-09-30,2026-09-30 14:36,2026-10-30,30,DEL,BLR,DEL-BLR,AI,Air India,1,9838,INR,0,,09:30,9,12:20,12,False,170,170,0,Airbus A320neo,142.0,120.0
2026-09-30,2026-09-30 14:36,2026-10-30,30,DEL,BLR,DEL-BLR,QP,Akasa Air,1,9851,INR,0,,22:55,22,02:00,2,True,185,185,0,Boeing 737MAX 8 Passenger,125.0,120.0
2026-09-30,2026-09-30 14:36,2026-10-30,30,DEL,BLR,DEL-BLR,6E,IndiGo,1,9880,INR,0,,02:45,2,05:40,5,False,175,175,0,Airbus A321neo,122.0,120.0
2026-09-30,2026-09-30 14:36,2026-10-30,30,DEL,BLR,DEL-BLR,6E,IndiGo,1,9880,INR,0,,05:45,5,08:40,8,False,175,175,0,Airbus A321neo,122.0,120.0
2026-09-30,2026-09-30 14:36,2026-10-30,30,DEL,BLR,DEL-BLR,6E,IndiGo,1,9880,INR,0,,06:45,6,09:40,9,False,175,175,0,Airbus A321neo,122.0,120.0
2026-09-30,2026-09-30 14:36,2026-10-30,30,DEL,BLR,DEL-BLR,6E,IndiGo,1,9880,INR,0,,08:15,8,11:10,11,False,175,175,0,Airbus A321neo,122.0,120.0
2026-09-30,2026-09-30 14:36,2026-10-30,30,DEL,BLR,DEL-BLR,6E,IndiGo,1,9880,INR,0,,09:30,9,12:25,12,False,175,175,0,Airbus A321neo,122.0,120.0
2026-09-30,2026-09-30 14:36,2026-10-30,30,DEL,BLR,DEL-BLR,6E,IndiGo,1,9880,INR,0,,10:45,10,13:40,13,False,175,175,0,Airbus A321neo,122.0,120.0
2026-09-30,2026-09-30 14:36,2026-10-30,30,DEL,BLR,DEL-BLR,6E,IndiGo,1,9880,INR,0,,12:00,12,14:55,14,False,175,175,0,Airbus A321neo,122.0,120.0
2026-09-30,2026-09-30 14:36,2026-10-30,30,DEL,BLR,DEL-BLR,6E,IndiGo,1,9880,INR,0,,14:30,14,17:25,17,False,175,175,0,Airbus A321neo,122.0,120.0
2026-09-30,2026-09-30 14:36,2026-10-30,30,DEL,BLR,DEL-BLR,6E,IndiGo,1,9880,INR,0,,15:45,15,18:40,18,False,175,175,0,Airbus A321neo,122.0,120.0
2026-09-30,2026-09-30 14:36,2026-10-30,30,DEL,BLR,DEL-BLR,6E,IndiGo,1,9880,INR,0,,17:00,17,19:55,19,False,175,175,0,Airbus A321neo,122.0,120.0
2026-09-30,2026-09-30 14:36,2026-10-30,30,DEL,BLR,DEL-BLR,6E,IndiGo,1,9880,INR,0,,18:15,18,21:10,21,False,175,175,0,Airbus A321neo,122.0,120.0
2026-09-30,2026-09-30 14:36,2026-10-30,30,DEL,BLR,DEL-BLR,6E,IndiGo,1,9880,INR,0,,19:30,19,22:25,22,False,175,175,0,Airbus A321neo,122.0,120.0
2026-09-30,2026-09-30 14:36,2026-10-30,30,DEL,BLR,DEL-BLR,6E,IndiGo,1,9880,INR,0,,20:45,20,23:40,23,False,175,175,0,Airbus A321neo,122.0,120.0
2026-09-30,2026-09-30 14:36,2026-10-30,30,DEL,BLR,DEL-BLR,6E,IndiGo,1,9880,INR,0,,22:00,22,00:55,0,True,175,175,0,Airbus A321neo,122.0,120.0
2026-09-30,2026-09-30 14:36,2026-10-30,30,DEL,BLR,DEL-BLR,6E,IndiGo,1,9880,INR,0,,23:30,23,02:25,2,True,175,175,0,Airbus A321neo,122.0,120.0
2026-09-30,2026-09-30 14:36,2026-10-30,30,DEL,BLR,DEL-BLR,QP,Akasa Air,1,10030,INR,0,,20:50,20,23:40,23,False,170,170,0,Boeing 737MAX 8 Passenger,125.0,120.0
2026-09-30,2026-09-30 14:36,2026-10-30,30,DEL,BLR,DEL-BLR,IX,Air India Express,1,10079,INR,0,,07:30,7,10:25,10,False,175,175,0,Boeing 737MAX 8 Passenger,142.0,120.0
2026-09-30,2026-09-30 14:36,2026-10-30,30,DEL,BLR,DEL-BLR,IX,Air India Express,1,10079,INR,0,,08:35,8,11:35,11,False,180,180,0,Boeing 737MAX 8 Passenger,142.0,120.0
2026-09-30,2026-09-30 14:36,2026-10-30,30,DEL,BLR,DEL-BLR,IX,Air India Express,1,10079,INR,0,,21:10,21,00:10,0,True,180,180,0,Airbus A320neo,139.0,120.0
2026-09-30,2026-09-30 14:36,2026-10-30,30,DEL,BLR,DEL-BLR,QP,Akasa Air,1,10209,INR,0,,17:35,17,20:25,20,False,170,170,0,Boeing 737MAX 8 Passenger,124.0,120.0
2026-09-30,2026-09-30 14:36,2026-10-30,30,DEL,BLR,DEL-BLR,QP,Akasa Air,1,10392,INR,0,,19:05,19,22:00,22,False,175,175,0,Boeing 737MAX 8 Passenger,119.0,120.0
2026-09-30,2026-09-30 14:36,2026-10-30,30,DEL,BLR,DEL-BLR,AI,Air India,1,10416,INR,0,,12:00,12,14:50,14,False,170,170,0,Airbus A320neo,142.0,120.0
2026-09-30,2026-09-30 14:36,2026-10-30,30,DEL,BLR,DEL-BLR,AI,Air India,1,10720,INR,0,,07:00,7,09:50,9,False,170,170,0,Airbus A320neo,142.0,120.0
2026-09-30,2026-09-30 14:36,2026-10-30,30,DEL,BLR,DEL-BLR,AI,Air India,1,10720,INR,0,,11:00,11,13:50,13,False,170,170,0,Airbus A320neo,142.0,120.0
2026-09-30,2026-09-30 14:36,2026-10-30,30,DEL,BLR,DEL-BLR,AI,Air India,1,10720,INR,0,,19:30,19,22:25,22,False,175,175,0,Airbus A320neo,142.0,120.0
2026-09-30,2026-09-30 14:36,2026-10-30,30,DEL,BLR,DEL-BLR,AI,Air India,1,10720,INR,0,,22:00,22,00:55,0,True,175,175,0,Airbus A320neo,142.0,120.0
2026-09-30,2026-09-30 14:36,2026-10-30,30,DEL,BLR,DEL-BLR,AI,Air India,1,10904,INR,0,,20:30,20,23:25,23,False,175,175,0,Airbus A320neo,142.0,120.0
2026-09-30,2026-09-30 14:36,2026-10-30,30,DEL,BLR,DEL-BLR,AI,Air India,1,11224,INR,0,,06:00,6,08:50,8,False,170,170,0,Airbus A321,180.0,120.0
2026-09-30,2026-09-30 14:36,2026-10-30,30,DEL,BLR,DEL-BLR,AI,Air India,1,11224,INR,0,,18:00,18,20:50,20,False,170,170,0,Airbus A320neo,142.0,120.0
2026-09-30,2026-09-30 14:36,2026-10-30,30,DEL,BLR,DEL-BLR,AI,Air India,1,11419,INR,0,,15:00,15,17:45,17,False,165,165,0,Airbus A320neo,142.0,120.0
2026-09-30,2026-09-30 14:36,2026-10-30,30,DEL,BLR,DEL-BLR,AI,Air India,1,11513,INR,0,,21:30,21,00:25,0,True,175,175,0,Airbus A320neo,142.0,120.0
2026-09-30,2026-09-30 14:36,2026-11-14,45,DEL,BLR,DEL-BLR,6E,IndiGo,1,10280,INR,1,BBI,09:30,9,15:15,15,False,345,255,90,Airbus A321neo | Airbus A321neo,174.0,120.0
2026-09-30,2026-09-30 14:36,2026-11-14,45,DEL,BLR,DEL-BLR,6E,IndiGo,1,10844,INR,1,AMD,12:20,12,17:55,17,False,335,235,100,Airbus A321neo | Airbus A321neo,151.0,120.0
2026-09-30,2026-09-30 14:36,2026-11-14,45,DEL,BLR,DEL-BLR,6E,IndiGo,1,11054,INR,1,BBI,05:15,5,10:55,10,False,340,255,85,Airbus A321neo | Airbus A321neo,174.0,120.0
2026-09-30,2026-09-30 14:36,2026-11-14,45,DEL,BLR,DEL-BLR,6E,IndiGo,1,11054,INR,1,BBI,16:20,16,21:40,21,False,320,255,65,Airbus A321neo | Airbus A321neo,174.0,120.0
2026-09-30,2026-09-30 14:36,2026-11-14,45,DEL,BLR,DEL-BLR,IX,Air India Express,1,11983,INR,1,GOI,18:35,18,00:35,0,True,360,240,120,Airbus A320neo | Boeing 737,184.0,120.0
2026-09-30,2026-09-30 14:36,2026-11-14,45,DEL,BLR,DEL-BLR,6E,IndiGo,1,13562,INR,0,,05:45,5,08:40,8,False,175,175,0,Airbus A321neo,119.0,120.0
2026-09-30,2026-09-30 14:36,2026-11-14,45,DEL,BLR,DEL-BLR,6E,IndiGo,1,14214,INR,0,,08:15,8,11:10,11,False,175,175,0,Airbus A321neo,119.0,120.0
2026-09-30,2026-09-30 14:36,2026-11-14,45,DEL,BLR,DEL-BLR,6E,IndiGo,1,14214,INR,0,,22:00,22,00:55,0,True,175,175,0,Airbus A321neo,119.0,120.0
2026-09-30,2026-09-30 14:36,2026-11-14,45,DEL,BLR,DEL-BLR,6E,IndiGo,1,14214,INR,0,,23:30,23,02:25,2,True,175,175,0,Airbus A321neo,119.0,120.0
2026-09-30,2026-09-30 14:36,2026-11-14,45,DEL,BLR,DEL-BLR,QP,Akasa Air,1,14408,INR,0,,22:55,22,02:00,2,True,185,185,0,Boeing 737MAX 8 Passenger,122.0,120.0
2026-09-30,2026-09-30 14:36,2026-11-14,45,DEL,BLR,DEL-BLR,6E,IndiGo,1,14901,INR,0,,13:15,13,16:10,16,False,175,175,0,Airbus A321neo,119.0,120.0
2026-09-30,2026-09-30 14:36,2026-11-14,45,DEL,BLR,DEL-BLR,6E,IndiGo,1,14901,INR,0,,14:30,14,17:25,17,False,175,175,0,Airbus A321neo,119.0,120.0
2026-09-30,2026-09-30 14:36,2026-11-14,45,DEL,BLR,DEL-BLR,6E,IndiGo,1,14901,INR,0,,20:45,20,23:40,23,False,175,175,0,Airbus A321neo,119.0,120.0
2026-09-30,2026-09-30 14:36,2026-11-14,45,DEL,BLR,DEL-BLR,SG,SpiceJet,1,15057,INR,0,,20:50,20,23:40,23,False,170,170,0,Boeing 737,138.0,120.0
2026-09-30,2026-09-30 14:36,2026-11-14,45,DEL,BLR,DEL-BLR,AI,Air India,1,15104,INR,0,,06:00,6,08:50,8,False,170,170,0,Airbus A321,176.0,120.0
2026-09-30,2026-09-30 14:36,2026-11-14,45,DEL,BLR,DEL-BLR,AI,Air India,1,15104,INR,0,,09:30,9,12:20,12,False,170,170,0,Airbus A320neo,139.0,120.0
2026-09-30,2026-09-30 14:36,2026-11-14,45,DEL,BLR,DEL-BLR,AI,Air India,1,15104,INR,0,,19:30,19,22:25,22,False,175,175,0,Airbus A320neo,139.0,120.0
2026-09-30,2026-09-30 14:36,2026-11-14,45,DEL,BLR,DEL-BLR,AI,Air India,1,15104,INR,0,,20:30,20,23:25,23,False,175,175,0,Airbus A320neo,139.0,120.0
2026-09-30,2026-09-30 14:36,2026-11-14,45,DEL,BLR,DEL-BLR,AI,Air India,1,15104,INR,0,,21:30,21,00:25,0,True,175,175,0,Airbus A320neo,139.0,120.0
2026-09-30,2026-09-30 14:36,2026-11-14,45,DEL,BLR,DEL-BLR,AI,Air India,1,15104,INR,0,,22:00,22,00:55,0,True,175,175,0,Airbus A320neo,139.0,120.0
2026-09-30,2026-09-30 14:36,2026-11-14,45,DEL,BLR,DEL-BLR,QP,Akasa Air,1,15227,INR,0,,17:35,17,20:25,20,False,170,170,0,Boeing 737MAX 8 Passenger,121.0,120.0
2026-09-30,2026-09-30 14:36,2026-11-14,45,DEL,BLR,DEL-BLR,QP,Akasa Air,1,15227,INR,0,,20:50,20,23:40,23,False,170,170,0,Boeing 737MAX 8 Passenger,122.0,120.0
2026-09-30,2026-09-30 14:36,2026-11-14,45,DEL,BLR,DEL-BLR,AI,Air India,1,15377,INR,0,,08:35,8,11:20,11,False,165,165,0,Boeing 787,140.0,120.0
2026-09-30,2026-09-30 14:36,2026-11-14,45,DEL,BLR,DEL-BLR,6E,IndiGo,1,15624,INR,0,,09:30,9,12:25,12,False,175,175,0,Airbus A321neo,119.0,120.0
2026-09-30,2026-09-30 14:36,2026-11-14,45,DEL,BLR,DEL-BLR,6E,IndiGo,1,15624,INR,0,,12:00,12,14:55,14,False,175,175,0,Airbus A321neo,119.0,120.0
2026-09-30,2026-09-30 14:36,2026-11-14,45,DEL,BLR,DEL-BLR,AI,Air India,1,15787,INR,0,,12:00,12,14:50,14,False,170,170,0,Airbus A320neo,139.0,120.0
2026-09-30,2026-09-30 14:36,2026-11-14,45,DEL,BLR,DEL-BLR,SG,SpiceJet,1,16008,INR,0,,06:30,6,09:25,9,False,175,175,0,Boeing 737,138.0,120.0
2026-09-30,2026-09-30 14:36,2026-11-14,45,DEL,BLR,DEL-BLR,QP,Akasa Air,1,16098,INR,0,,08:45,8,11:40,11,False,175,175,0,Boeing 737MAX 8 Passenger,116.0,120.0
2026-09-30,2026-09-30 14:36,2026-11-14,45,DEL,BLR,DEL-BLR,QP,Akasa Air,1,16098,INR,0,,19:05,19,22:00,22,False,175,175,0,Boeing 737MAX 8 Passenger,116.0,120.0
2026-09-30,2026-09-30 14:36,2026-11-14,45,DEL,BLR,DEL-BLR,6E,IndiGo,1,16386,INR,0,,18:15,18,21:10,21,False,175,175,0,Airbus A321neo,119.0,120.0
2026-09-30,2026-09-30 14:36,2026-11-14,45,DEL,BLR,DEL-BLR,6E,IndiGo,1,17190,INR,0,,10:45,10,13:40,13,False,175,175,0,Airbus A321neo,119.0,120.0
2026-09-30,2026-09-30 14:36,2026-11-14,45,DEL,BLR,DEL-BLR,6E,IndiGo,1,17190,INR,0,,15:45,15,18:40,18,False,175,175,0,Airbus A321neo,119.0,120.0
2026-09-30,2026-09-30 14:36,2026-11-14,45,DEL,BLR,DEL-BLR,AI,Air India,1,17782,INR,0,,00:15,0,03:05,3,False,170,170,0,Airbus A320neo,139.0,120.0
2026-09-30,2026-09-30 14:36,2026-11-14,45,DEL,BLR,DEL-BLR,AI,Air India,1,17782,INR,0,,13:00,13,15:50,15,False,170,170,0,Airbus A320neo,139.0,120.0
2026-09-30,2026-09-30 14:36,2026-11-14,45,DEL,BLR,DEL-BLR,AI,Air India,1,17782,INR,0,,18:00,18,20:50,20,False,170,170,0,Airbus A320neo,139.0,120.0
2026-09-30,2026-09-30 14:36,2026-11-14,45,DEL,BLR,DEL-BLR,IX,Air India Express,1,18385,INR,0,,07:30,7,10:25,10,False,175,175,0,Boeing 737MAX 8 Passenger,138.0,120.0
2026-09-30,2026-09-30 14:36,2026-11-14,45,DEL,BLR,DEL-BLR,AI,Air India,1,18433,INR,0,,11:00,11,13:50,13,False,170,170,0,Airbus A320neo,139.0,120.0
2026-09-30,2026-09-30 14:36,2026-11-14,45,DEL,BLR,DEL-BLR,6E,IndiGo,1,18927,INR,0,,17:00,17,19:55,19,False,175,175,0,Airbus A321neo,119.0,120.0
2026-09-30,2026-09-30 14:36,2026-11-14,45,DEL,BLR,DEL-BLR,6E,IndiGo,1,18927,INR,0,,19:30,19,22:25,22,False,175,175,0,Airbus A321neo,119.0,120.0
2026-09-30,2026-09-30 14:36,2026-11-14,45,DEL,BLR,DEL-BLR,IX,Air India Express,1,20386,INR,0,,08:35,8,11:35,11,False,180,180,0,Boeing 737MAX 8 Passenger,138.0,120.0
2026-09-30,2026-09-30 14:36,2026-11-14,45,DEL,BLR,DEL-BLR,IX,Air India Express,1,20386,INR,0,,21:10,21,00:10,0,True,180,180,0,Airbus A320neo,134.0,120.0
2026-09-30,2026-09-30 14:36,2026-11-14,45,DEL,BLR,DEL-BLR,AI,Air India,1,21073,INR,0,,15:00,15,17:45,17,False,165,165,0,Airbus A320neo,139.0,120.0
2026-09-30,2026-09-30 14:36,2026-11-29,60,DEL,BLR,DEL-BLR,6E,IndiGo,1,9860,INR,1,NAG,06:30,6,11:30,11,False,300,220,80,Airbus A321neo | Airbus A321neo,135.0,120.0
2026-09-30,2026-09-30 14:36,2026-11-29,60,DEL,BLR,DEL-BLR,6E,IndiGo,1,9880,INR,0,,02:45,2,05:40,5,False,175,175,0,Airbus A321neo,119.0,120.0
2026-09-30,2026-09-30 14:36,2026-11-29,60,DEL,BLR,DEL-BLR,6E,IndiGo,1,9880,INR,0,,06:45,6,09:40,9,False,175,175,0,Airbus A321neo,119.0,120.0
2026-09-30,2026-09-30 14:36,2026-11-29,60,DEL,BLR,DEL-BLR,SG,SpiceJet,1,10184,INR,0,,06:30,6,09:25,9,False,175,175,0,Boeing 737,138.0,120.0
2026-09-30,2026-09-30 14:36,2026-11-29,60,DEL,BLR,DEL-BLR,6E,IndiGo,1,10293,INR,0,,05:45,5,08:40,8,False,175,175,0,Airbus A321neo,119.0,120.0
2026-09-30,2026-09-30 14:36,2026-11-29,60,DEL,BLR,DEL-BLR,6E,IndiGo,1,10293,INR,0,,08:15,8,11:10,11,False,175,175,0,Airbus A321neo,119.0,120.0
2026-09-30,2026-09-30 14:36,2026-11-29,60,DEL,BLR,DEL-BLR,6E,IndiGo,1,10293,INR,0,,22:00,22,00:55,0,True,175,175,0,Airbus A321neo,119.0,120.0
2026-09-30,2026-09-30 14:36,2026-11-29,60,DEL,BLR,DEL-BLR,6E,IndiGo,1,10770,INR,0,,18:15,18,21:10,21,False,175,175,0,Airbus A321neo,119.0,120.0
2026-09-30,2026-09-30 14:36,2026-11-29,60,DEL,BLR,DEL-BLR,QP,Akasa Air,1,10967,INR,0,,22:55,22,02:00,2,True,185,185,0,Boeing 737MAX 8 Passenger,122.0,120.0
2026-09-30,2026-09-30 14:36,2026-11-29,60,DEL,BLR,DEL-BLR,AI,Air India,1,10972,INR,0,,00:15,0,03:05,3,False,170,170,0,Airbus A320neo,139.0,120.0
2026-09-30,2026-09-30 14:36,2026-11-29,60,DEL,BLR,DEL-BLR,IX,Air India Express,1,10976,INR,0,,07:30,7,10:25,10,False,175,175,0,Boeing 737MAX 8 Passenger,138.0,120.0
2026-09-30,2026-09-30 14:36,2026-11-29,60,DEL,BLR,DEL-BLR,QP,Akasa Air,1,11166,INR,0,,08:45,8,11:40,11,False,175,175,0,Boeing 737MAX 8 Passenger,116.0,120.0
2026-09-30,2026-09-30 14:36,2026-11-29,60,DEL,BLR,DEL-BLR,6E,IndiGo,1,11272,INR,0,,09:30,9,12:25,12,False,175,175,0,Airbus A321neo,119.0,120.0
2026-09-30,2026-09-30 14:36,2026-11-29,60,DEL,BLR,DEL-BLR,6E,IndiGo,1,11272,INR,0,,10:45,10,13:40,13,False,175,175,0,Airbus A321neo,119.0,120.0
2026-09-30,2026-09-30 14:36,2026-11-29,60,DEL,BLR,DEL-BLR,6E,IndiGo,1,11272,INR,0,,15:45,15,18:40,18,False,175,175,0,Airbus A321neo,119.0,120.0
2026-09-30,2026-09-30 14:36,2026-11-29,60,DEL,BLR,DEL-BLR,6E,IndiGo,1,11272,INR,0,,17:00,17,19:55,19,False,175,175,0,Airbus A321neo,119.0,120.0
2026-09-30,2026-09-30 14:36,2026-11-29,60,DEL,BLR,DEL-BLR,6E,IndiGo,1,11272,INR,0,,19:30,19,22:25,22,False,175,175,0,Airbus A321neo,119.0,120.0
2026-09-30,2026-09-30 14:36,2026-11-29,60,DEL,BLR,DEL-BLR,AI,Air India,1,11382,INR,0,,06:00,6,08:50,8,False,170,170,0,Airbus A321,176.0,120.0
2026-09-30,2026-09-30 14:36,2026-11-29,60,DEL,BLR,DEL-BLR,QP,Akasa Air,1,11575,INR,0,,20:50,20,23:40,23,False,170,170,0,Boeing 737MAX 8 Passenger,122.0,120.0
2026-09-30,2026-09-30 14:36,2026-11-29,60,DEL,BLR,DEL-BLR,6E,IndiGo,1,11800,INR,0,,12:00,12,14:55,14,False,175,175,0,Airbus A321neo,119.0,120.0
2026-09-30,2026-09-30 14:36,2026-11-29,60,DEL,BLR,DEL-BLR,6E,IndiGo,1,11800,INR,0,,13:15,13,16:10,16,False,175,175,0,Airbus A321neo,119.0,120.0
2026-09-30,2026-09-30 14:36,2026-11-29,60,DEL,BLR,DEL-BLR,6E,IndiGo,1,11800,INR,0,,14:30,14,17:25,17,False,175,175,0,Airbus A321neo,119.0,120.0
2026-09-30,2026-09-30 14:36,2026-11-29,60,DEL,BLR,DEL-BLR,AI,Air India,1,11875,INR,0,,22:00,22,00:55,0,True,175,175,0,Airbus A320neo,139.0,120.0
2026-09-30,2026-09-30 14:36,2026-11-29,60,DEL,BLR,DEL-BLR,QP,Akasa Air,1,12004,INR,0,,17:35,17,20:25,20,False,170,170,0,Boeing 737MAX 8 Passenger,121.0,120.0
2026-09-30,2026-09-30 14:36,2026-11-29,60,DEL,BLR,DEL-BLR,QP,Akasa Air,1,12004,INR,0,,19:05,19,22:00,22,False,175,175,0,Boeing 737MAX 8 Passenger,116.0,120.0
2026-09-30,2026-09-30 14:36,2026-11-29,60,DEL,BLR,DEL-BLR,AI,Air India,1,12222,INR,0,,20:30,20,23:25,23,False,175,175,0,Airbus A320neo,139.0,120.0
2026-09-30,2026-09-30 14:36,2026-11-29,60,DEL,BLR,DEL-BLR,AI,Air India,1,12432,INR,0,,19:30,19,22:25,22,False,175,175,0,Airbus A320neo,139.0,120.0
2026-09-30,2026-09-30 14:36,2026-11-29,60,DEL,BLR,DEL-BLR,AI,Air India,1,12684,INR,0,,08:35,8,11:20,11,False,165,165,0,Boeing 787,140.0,120.0
2026-09-30,2026-09-30 14:36,2026-11-29,60,DEL,BLR,DEL-BLR,IX,Air India Express,1,12831,INR,0,,21:10,21,00:10,0,True,180,180,0,Airbus A320neo,134.0,120.0
2026-09-30,2026-09-30 14:36,2026-11-29,60,DEL,BLR,DEL-BLR,AI,Air India,1,13015,INR,0,,09:30,9,12:20,12,False,170,170,0,Airbus A320neo,139.0,120.0
2026-09-30,2026-09-30 14:36,2026-11-29,60,DEL,BLR,DEL-BLR,AI,Air India,1,13015,INR,0,,21:30,21,00:25,0,True,175,175,0,Airbus A320neo,139.0,120.0
2026-09-30,2026-09-30 14:36,2026-11-29,60,DEL,BLR,DEL-BLR,AI,Air India,1,13996,INR,0,,11:00,11,13:50,13,False,170,170,0,Airbus A320neo,139.0,120.0
2026-09-30,2026-09-30 14:36,2026-11-29,60,DEL,BLR,DEL-BLR,AI,Air India,1,13996,INR,0,,13:00,13,15:50,15,False,170,170,0,Airbus A320neo,139.0,120.0
2026-09-30,2026-09-30 14:36,2026-11-29,60,DEL,BLR,DEL-BLR,AI,Air India,1,13996,INR,0,,18:00,18,20:50,20,False,170,170,0,Airbus A320neo,139.0,120.0
2026-09-30,2026-09-30 14:36,2026-11-29,60,DEL,BLR,DEL-BLR,AI,Air India,1,14233,INR,0,,12:00,12,14:50,14,False,170,170,0,Airbus A320neo,139.0,120.0
2026-09-30,2026-09-30 14:36,2026-11-29,60,DEL,BLR,DEL-BLR,AI,Air India,1,16060,INR,0,,15:00,15,17:45,17,False,165,165,0,Airbus A320neo,139.0,120.0
2026-09-30,2026-09-30 14:36,2026-10-01,1,BOM,BLR,BOM-BLR,AI,Air India,1,6245,INR,0,,05:30,5,07:35,7,False,125,125,0,Airbus A321,105.0,69.0
2026-09-30,2026-09-30 14:36,2026-10-01,1,BOM,BLR,BOM-BLR,6E,IndiGo,1,6250,INR,0,,04:30,4,06:25,6,False,115,115,0,Airbus A321neo,70.0,69.0
2026-09-30,2026-09-30 14:36,2026-10-01,1,BOM,BLR,BOM-BLR,6E,IndiGo,1,7006,INR,0,,06:15,6,08:00,8,False,105,105,0,Airbus A321neo,70.0,69.0
2026-09-30,2026-09-30 14:36,2026-10-01,1,BOM,BLR,BOM-BLR,AI,Air India,1,7243,INR,0,,06:35,6,08:35,8,False,120,120,0,Airbus A320neo,83.0,69.0
2026-09-30,2026-09-30 14:36,2026-10-01,1,BOM,BLR,BOM-BLR,QP,Akasa Air,1,7264,INR,0,,00:40,0,02:35,2,False,115,115,0,Boeing 737MAX 8 Passenger,73.0,69.0
2026-09-30,2026-09-30 14:36,2026-10-01,1,BOM,BLR,BOM-BLR,6E,IndiGo,1,7321,INR,0,,09:50,9,11:55,11,False,125,125,0,Airbus A321neo,70.0,69.0
2026-09-30,2026-09-30 14:36,2026-10-01,1,BOM,BLR,BOM-BLR,6E,IndiGo,1,7636,INR,0,,07:45,7,09:45,9,False,120,120,0,Airbus A321neo,70.0,69.0
2026-09-30,2026-09-30 14:36,2026-10-01,1,BOM,BLR,BOM-BLR,6E,IndiGo,1,7636,INR,0,,11:00,11,12:55,12,False,115,115,0,Airbus A321neo,70.0,69.0
2026-09-30,2026-09-30 14:36,2026-10-01,1,BOM,BLR,BOM-BLR,AI,Air India,1,7642,INR,0,,07:55,7,10:05,10,False,130,130,0,Airbus A320neo,83.0,69.0
2026-09-30,2026-09-30 14:36,2026-10-01,1,BOM,BLR,BOM-BLR,AI,Air India,1,7642,INR,0,,12:00,12,14:05,14,False,125,125,0,Airbus A320neo,83.0,69.0
2026-09-30,2026-09-30 14:36,2026-10-01,1,BOM,BLR,BOM-BLR,AI,Air India,1,7899,INR,0,,10:00,10,12:05,12,False,125,125,0,Airbus A320neo,83.0,69.0
2026-09-30,2026-09-30 14:36,2026-10-01,1,BOM,BLR,BOM-BLR,6E,IndiGo,1,8056,INR,0,,12:30,12,14:25,14,False,115,115,0,Airbus A321neo,70.0,69.0
2026-09-30,2026-09-30 14:36,2026-10-01,1,BOM,BLR,BOM-BLR,6E,IndiGo,1,10051,INR,0,,14:30,14,16:25,16,False,115,115,0,Airbus A321neo,70.0,69.0
2026-09-30,2026-09-30 14:36,2026-10-01,1,BOM,BLR,BOM-BLR,6E,IndiGo,1,13621,INR,0,,15:35,15,17:25,17,False,110,110,0,Airbus A321neo,70.0,69.0
2026-09-30,2026-09-30 14:36,2026-10-01,1,BOM,BLR,BOM-BLR,AI,Air India,1,19076,INR,0,,15:25,15,17:35,17,False,130,130,0,Airbus A320neo,83.0,69.0
2026-09-30,2026-09-30 14:36,2026-10-01,1,BOM,BLR,BOM-BLR,AI,Air India,1,19076,INR,0,,23:30,23,01:35,1,True,125,125,0,Airbus A320neo,83.0,69.0
2026-09-30,2026-09-30 14:36,2026-10-01,1,BOM,BLR,BOM-BLR,AI,Air India,1,19790,INR,0,,17:30,17,19:35,19,False,125,125,0,Airbus A320neo,83.0,69.0
2026-09-30,2026-09-30 14:36,2026-10-01,1,BOM,BLR,BOM-BLR,6E,IndiGo,1,19960,INR,0,,17:00,17,18:55,18,False,115,115,0,Airbus A321neo,70.0,69.0
2026-09-30,2026-09-30 14:36,2026-10-01,1,BOM,BLR,BOM-BLR,6E,IndiGo,1,19960,INR,0,,18:30,18,20:25,20,False,115,115,0,Airbus A321neo,70.0,69.0
2026-09-30,2026-09-30 14:36,2026-10-01,1,BOM,BLR,BOM-BLR,6E,IndiGo,1,19960,INR,0,,19:50,19,21:45,21,False,115,115,0,Airbus A321neo,70.0,69.0
2026-09-30,2026-09-30 14:36,2026-10-01,1,BOM,BLR,BOM-BLR,6E,IndiGo,1,19960,INR,0,,22:20,22,00:20,0,True,120,120,0,Airbus A321neo,70.0,69.0
2026-09-30,2026-09-30 14:36,2026-10-01,1,BOM,BLR,BOM-BLR,AI,Air India,1,19969,INR,0,,20:45,20,22:45,22,False,120,120,0,Airbus A320neo,83.0,69.0
2026-09-30,2026-09-30 14:36,2026-10-01,1,BOM,BLR,BOM-BLR,QP,Akasa Air,1,20048,INR,0,,21:45,21,23:35,23,False,110,110,0,Boeing 737MAX 8 Passenger,71.0,69.0
2026-09-30,2026-09-30 14:36,2026-10-01,1,BOM,BLR,BOM-BLR,QP,Akasa Air,1,22990,INR,0,,20:05,20,21:45,21,False,100,100,0,Boeing 737MAX 8 Passenger,74.0,69.0
2026-09-30,2026-09-30 14:36,2026-10-01,1,BOM,BLR,BOM-BLR,AI,Air India,1,26746,INR,0,,18:30,18,20:35,20,False,125,125,0,Airbus A320neo,83.0,69.0
2026-09-30,2026-09-30 14:36,2026-10-01,1,BOM,BLR,BOM-BLR,AI,Air India,1,26746,INR,0,,19:45,19,21:50,21,False,125,125,0,Airbus A320neo,83.0,69.0
2026-09-30,2026-09-30 14:36,2026-10-03,3,BOM,BLR,BOM-BLR,6E,IndiGo,1,5115,INR,1,GOI,05:00,5,08:35,8,False,215,145,70,Airbus A320neo | Airbus A320neo,100.0,69.0
2026-09-30,2026-09-30 14:36,2026-10-03,3,BOM,BLR,BOM-BLR,AI,Air India,1,6623,INR,0,,23:30,23,01:35,1,True,125,125,0,Airbus A320neo,83.0,69.0
2026-09-30,2026-09-30 14:36,2026-10-03,3,BOM,BLR,BOM-BLR,AI,Air India,1,6681,INR,0,,07:55,7,10:05,10,False,130,130,0,Airbus A320neo,83.0,69.0
2026-09-30,2026-09-30 14:36,2026-10-03,3,BOM,BLR,BOM-BLR,AI,Air India,1,6728,INR,0,,19:45,19,21:50,21,False,125,125,0,Airbus A320neo,83.0,69.0
2026-09-30,2026-09-30 14:36,2026-10-03,3,BOM,BLR,BOM-BLR,AI,Air India,1,6838,INR,0,,10:00,10,12:05,12,False,125,125,0,Airbus A320neo,83.0,69.0
2026-09-30,2026-09-30 14:36,2026-10-03,3,BOM,BLR,BOM-BLR,QP,Akasa Air,1,6994,INR,0,,09:25,9,11:25,11,False,120,120,0,Boeing 737MAX 8 Passenger,73.0,69.0
2026-09-30,2026-09-30 14:36,2026-10-03,3,BOM,BLR,BOM-BLR,6E,IndiGo,1,7006,INR,0,,06:15,6,08:00,8,False,105,105,0,Airbus A321neo,70.0,69.0
2026-09-30,2026-09-30 14:36,2026-10-03,3,BOM,BLR,BOM-BLR,6E,IndiGo,1,7006,INR,0,,07:45,7,09:45,9,False,120,120,0,Airbus A321neo,70.0,69.0
2026-09-30,2026-09-30 14:36,2026-10-03,3,BOM,BLR,BOM-BLR,6E,IndiGo,1,7006,INR,0,,09:50,9,11:55,11,False,125,125,0,Airbus A321neo,70.0,69.0
2026-09-30,2026-09-30 14:36,2026-10-03,3,BOM,BLR,BOM-BLR,6E,IndiGo,1,7006,INR,0,,11:00,11,12:55,12,False,115,115,0,Airbus A321neo,70.0,69.0
2026-09-30,2026-09-30 14:36,2026-10-03,3,BOM,BLR,BOM-BLR,6E,IndiGo,1,7006,INR,0,,12:30,12,14:25,14,False,115,115,0,Airbus A321neo,70.0,69.0
2026-09-30,2026-09-30 14:36,2026-10-03,3,BOM,BLR,BOM-BLR,6E,IndiGo,1,7006,INR,0,,14:30,14,16:25,16,False,115,115,0,Airbus A321neo,70.0,69.0
2026-09-30,2026-09-30 14:36,2026-10-03,3,BOM,BLR,BOM-BLR,6E,IndiGo,1,7006,INR,0,,15:35,15,17:25,17,False,110,110,0,Airbus A321neo,70.0,69.0
2026-09-30,2026-09-30 14:36,2026-10-03,3,BOM,BLR,BOM-BLR,6E,IndiGo,1,7006,INR,0,,17:00,17,18:55,18,False,115,115,0,Airbus A321neo,70.0,69.0
2026-09-30,2026-09-30 14:36,2026-10-03,3,BOM,BLR,BOM-BLR,6E,IndiGo,1,7006,INR,0,,18:30,18,20:25,20,False,115,115,0,Airbus A321neo,70.0,69.0
2026-09-30,2026-09-30 14:36,2026-10-03,3,BOM,BLR,BOM-BLR,6E,IndiGo,1,7006,INR,0,,19:50,19,21:45,21,False,115,115,0,Airbus A321neo,70.0,69.0
2026-09-30,2026-09-30 14:36,2026-10-03,3,BOM,BLR,BOM-BLR,6E,IndiGo,1,7006,INR,0,,21:30,21,23:25,23,False,115,115,0,Airbus A321neo,70.0,69.0
2026-09-30,2026-09-30 14:36,2026-10-03,3,BOM,BLR,BOM-BLR,6E,IndiGo,1,7006,INR,0,,22:20,22,00:20,0,True,120,120,0,Airbus A321neo,70.0,69.0
2026-09-30,2026-09-30 14:36,2026-10-03,3,BOM,BLR,BOM-BLR,AI,Air India,1,7012,INR,0,,20:45,20,22:45,22,False,120,120,0,Airbus A320neo,83.0,69.0
2026-09-30,2026-09-30 14:36,2026-10-03,3,BOM,BLR,BOM-BLR,QP,Akasa Air,1,7264,INR,0,,20:05,20,21:45,21,False,100,100,0,Boeing 737MAX 8 Passenger,70.0,69.0
2026-09-30,2026-09-30 14:36,2026-10-03,3,BOM,BLR,BOM-BLR,AI,Air India,1,7447,INR,0,,12:00,12,14:05,14,False,125,125,0,Airbus A320neo,83.0,69.0
2026-09-30,2026-09-30 14:36,2026-10-03,3,BOM,BLR,BOM-BLR,AI,Air India,1,7568,INR,0,,17:30,17,19:35,19,False,125,125,0,Airbus A320neo,83.0,69.0
2026-09-30,2026-09-30 14:36,2026-10-03,3,BOM,BLR,BOM-BLR,QP,Akasa Air,1,7845,INR,0,,21:45,21,23:35,23,False,110,110,0,Boeing 737MAX 8 Passenger,71.0,69.0
2026-09-30,2026-09-30 14:36,2026-10-03,3,BOM,BLR,BOM-BLR,AI,Air India,1,8198,INR,0,,15:25,15,17:35,17,False,130,130,0,Airbus A320neo,83.0,69.0
2026-09-30,2026-09-30 14:36,2026-10-07,7,BOM,BLR,BOM-BLR,6E,IndiGo,1,4994,INR,0,,01:10,1,03:05,3,False,115,115,0,Airbus A321neo,70.0,69.0
2026-09-30,2026-09-30 14:36,2026-10-07,7,BOM,BLR,BOM-BLR,6E,IndiGo,1,5115,INR,1,GOI,16:40,16,20:55,20,False,255,175,80,Airbus A320 | Airbus A321neo,103.0,69.0
2026-09-30,2026-09-30 14:36,2026-10-07,7,BOM,BLR,BOM-BLR,AI,Air India,1,5326,INR,0,,23:30,23,01:35,1,True,125,125,0,Airbus A320neo,83.0,69.0
2026-09-30,2026-09-30 14:36,2026-10-07,7,BOM,BLR,BOM-BLR,QP,Akasa Air,1,5400,INR,0,,00:40,0,02:35,2,False,115,115,0,Boeing 737MAX 8 Passenger,74.0,69.0
2026-09-30,2026-09-30 14:36,2026-10-07,7,BOM,BLR,BOM-BLR,QP,Akasa Air,1,5400,INR,0,,05:35,5,07:25,7,False,110,110,0,Boeing 737MAX 8 Passenger,70.0,69.0
2026-09-30,2026-09-30 14:36,2026-10-07,7,BOM,BLR,BOM-BLR,QP,Akasa Air,1,6994,INR,0,,09:25,9,11:25,11,False,120,120,0,Boeing 737MAX 8 Passenger,74.0,69.0
2026-09-30,2026-09-30 14:36,2026-10-07,7,BOM,BLR,BOM-BLR,6E,IndiGo,1,7006,INR,0,,06:15,6,08:00,8,False,105,105,0,Airbus A321neo,70.0,69.0
2026-09-30,2026-09-30 14:36,2026-10-07,7,BOM,BLR,BOM-BLR,6E,IndiGo,1,7006,INR,0,,09:50,9,11:55,11,False,125,125,0,Airbus A321neo,70.0,69.0
2026-09-30,2026-09-30 14:36,2026-10-07,7,BOM,BLR,BOM-BLR,6E,IndiGo,1,7006,INR,0,,11:00,11,12:55,12,False,115,115,0,Airbus A321neo,70.0,69.0
2026-09-30,2026-09-30 14:36,2026-10-07,7,BOM,BLR,BOM-BLR,6E,IndiGo,1,7006,INR,0,,12:30,12,14:25,14,False,115,115,0,Airbus A321neo,70.0,69.0
2026-09-30,2026-09-30 14:36,2026-10-07,7,BOM,BLR,BOM-BLR,6E,IndiGo,1,7006,INR,0,,14:30,14,16:25,16,False,115,115,0,Airbus A321neo,70.0,69.0
2026-09-30,2026-09-30 14:36,2026-10-07,7,BOM,BLR,BOM-BLR,6E,IndiGo,1,7006,INR,0,,15:35,15,17:25,17,False,110,110,0,Airbus A321neo,70.0,69.0
2026-09-30,2026-09-30 14:36,2026-10-07,7,BOM,BLR,BOM-BLR,6E,IndiGo,1,7006,INR,0,,17:00,17,18:55,18,False,115,115,0,Airbus A321neo,70.0,69.0
2026-09-30,2026-09-30 14:36,2026-10-07,7,BOM,BLR,BOM-BLR,6E,IndiGo,1,7006,INR,0,,21:30,21,23:25,23,False,115,115,0,Airbus A321neo,70.0,69.0
2026-09-30,2026-09-30 14:36,2026-10-07,7,BOM,BLR,BOM-BLR,6E,IndiGo,1,7006,INR,0,,22:20,22,00:20,0,True,120,120,0,Airbus A321neo,70.0,69.0
2026-09-30,2026-09-30 14:36,2026-10-07,7,BOM,BLR,BOM-BLR,AI,Air India,1,7012,INR,0,,12:00,12,14:05,14,False,125,125,0,Airbus A320neo,83.0,69.0
2026-09-30,2026-09-30 14:36,2026-10-07,7,BOM,BLR,BOM-BLR,AI,Air India,1,7012,INR,0,,15:25,15,17:35,17,False,130,130,0,Airbus A320neo,83.0,69.0
2026-09-30,2026-09-30 14:36,2026-10-07,7,BOM,BLR,BOM-BLR,AI,Air India,1,7243,INR,0,,10:00,10,12:05,12,False,125,125,0,Airbus A320neo,83.0,69.0
2026-09-30,2026-09-30 14:36,2026-10-07,7,BOM,BLR,BOM-BLR,QP,Akasa Air,1,7264,INR,0,,08:45,8,10:40,10,False,115,115,0,Boeing 737MAX 8 Passenger,73.0,69.0
2026-09-30,2026-09-30 14:36,2026-10-07,7,BOM,BLR,BOM-BLR,AI,Air India,1,7327,INR,0,,07:55,7,10:05,10,False,130,130,0,Airbus A320neo,83.0,69.0
2026-09-30,2026-09-30 14:36,2026-10-07,7,BOM,BLR,BOM-BLR,QP,Akasa Air,1,7549,INR,0,,21:45,21,23:35,23,False,110,110,0,Boeing 737MAX 8 Passenger,71.0,69.0
2026-09-30,2026-09-30 14:36,2026-10-07,7,BOM,BLR,BOM-BLR,AI,Air India,1,7568,INR,0,,06:35,6,08:35,8,False,120,120,0,Airbus A320neo,83.0,69.0
2026-09-30,2026-09-30 14:36,2026-10-07,7,BOM,BLR,BOM-BLR,AI,Air India,1,7568,INR,0,,17:30,17,19:35,19,False,125,125,0,Airbus A320neo,83.0,69.0
2026-09-30,2026-09-30 14:36,2026-10-07,7,BOM,BLR,BOM-BLR,6E,IndiGo,1,7636,INR,0,,07:45,7,09:45,9,False,120,120,0,Airbus A321neo,70.0,69.0
2026-09-30,2026-09-30 14:36,2026-10-07,7,BOM,BLR,BOM-BLR,6E,IndiGo,1,7636,INR,0,,18:30,18,20:25,20,False,115,115,0,Airbus A321neo,70.0,69.0
2026-09-30,2026-09-30 14:36,2026-10-07,7,BOM,BLR,BOM-BLR,AI,Air India,1,7962,INR,0,,20:45,20,22:45,22,False,120,120,0,Airbus A320neo,83.0,69.0
2026-09-30,2026-09-30 14:36,2026-10-07,7,BOM,BLR,BOM-BLR,6E,IndiGo,1,8056,INR,0,,19:50,19,21:45,21,False,115,115,0,Airbus A321neo,70.0,69.0
2026-09-30,2026-09-30 14:36,2026-10-07,7,BOM,BLR,BOM-BLR,AI,Air India,1,8403,INR,0,,19:45,19,21:50,21,False,125,125,0,Airbus A320neo,83.0,69.0
2026-09-30,2026-09-30 14:36,2026-10-07,7,BOM,BLR,BOM-BLR,AI,Air India,1,8471,INR,0,,18:30,18,20:35,20,False,125,125,0,Airbus A320neo,83.0,69.0
2026-09-30,2026-09-30 14:36,2026-10-07,7,BOM,BLR,BOM-BLR,QP,Akasa Air,1,10341,INR,0,,20:05,20,21:45,21,False,100,100,0,Boeing 737MAX 8 Passenger,74.0,69.0
2026-09-30,2026-09-30 14:36,2026-10-14,14,BOM,BLR,BOM-BLR,6E,IndiGo,1,4994,INR,0,,01:10,1,03:05,3,False,115,115,0,Airbus A321neo,70.0,69.0
2026-09-30,2026-09-30 14:36,2026-10-14,14,BOM,BLR,BOM-BLR,AI,Air India,1,4996,INR,0,,05:30,5,07:35,7,False,125,125,0,Airbus A321,105.0,69.0
2026-09-30,2026-09-30 14:36,2026-10-14,14,BOM,BLR,BOM-BLR,QP,Akasa Air,1,5400,INR,0,,00:40,0,02:35,2,False,115,115,0,Boeing 737MAX 8 Passenger,71.0,69.0
2026-09-30,2026-09-30 14:36,2026-10-14,14,BOM,BLR,BOM-BLR,AI,Air India,1,6245,INR,0,,23:30,23,01:35,1,True,125,125,0,Airbus A320neo,83.0,69.0
2026-09-30,2026-09-30 14:36,2026-10-14,14,BOM,BLR,BOM-BLR,QP,Akasa Air,1,6487,INR,0,,05:35,5,07:25,7,False,110,110,0,Boeing 737MAX 8 Passenger,70.0,69.0
2026-09-30,2026-09-30 14:36,2026-10-14,14,BOM,BLR,BOM-BLR,QP,Akasa Air,1,6735,INR,0,,21:45,21,23:35,23,False,110,110,0,Boeing 737MAX 8 Passenger,74.0,69.0
2026-09-30,2026-09-30 14:36,2026-10-14,14,BOM,BLR,BOM-BLR,QP,Akasa Air,1,6994,INR,0,,08:45,8,10:40,10,False,115,115,0,Boeing 737MAX 8 Passenger,71.0,69.0
2026-09-30,2026-09-30 14:36,2026-10-14,14,BOM,BLR,BOM-BLR,6E,IndiGo,1,7006,INR,0,,06:15,6,08:00,8,False,105,105,0,Airbus A321neo,70.0,69.0
2026-09-30,2026-09-30 14:36,2026-10-14,14,BOM,BLR,BOM-BLR,6E,IndiGo,1,7006,INR,0,,07:45,7,09:45,9,False,120,120,0,Airbus A321neo,70.0,69.0
2026-09-30,2026-09-30 14:36,2026-10-14,14,BOM,BLR,BOM-BLR,6E,IndiGo,1,7006,INR,0,,09:50,9,11:55,11,False,125,125,0,Airbus A321neo,70.0,69.0
2026-09-30,2026-09-30 14:36,2026-10-14,14,BOM,BLR,BOM-BLR,6E,IndiGo,1,7006,INR,0,,11:00,11,12:55,12,False,115,115,0,Airbus A321neo,70.0,69.0
2026-09-30,2026-09-30 14:36,2026-10-14,14,BOM,BLR,BOM-BLR,6E,IndiGo,1,7006,INR,0,,12:30,12,14:25,14,False,115,115,0,Airbus A321neo,70.0,69.0
2026-09-30,2026-09-30 14:36,2026-10-14,14,BOM,BLR,BOM-BLR,6E,IndiGo,1,7006,INR,0,,14:30,14,16:25,16,False,115,115,0,Airbus A321neo,70.0,69.0
2026-09-30,2026-09-30 14:36,2026-10-14,14,BOM,BLR,BOM-BLR,6E,IndiGo,1,7006,INR,0,,15:35,15,17:25,17,False,110,110,0,Airbus A321neo,70.0,69.0
2026-09-30,2026-09-30 14:36,2026-10-14,14,BOM,BLR,BOM-BLR,6E,IndiGo,1,7006,INR,0,,17:00,17,18:55,18,False,115,115,0,Airbus A321neo,70.0,69.0
2026-09-30,2026-09-30 14:36,2026-10-14,14,BOM,BLR,BOM-BLR,6E,IndiGo,1,7006,INR,0,,18:30,18,20:15,20,False,105,105,0,Airbus A321neo,70.0,69.0
2026-09-30,2026-09-30 14:36,2026-10-14,14,BOM,BLR,BOM-BLR,6E,IndiGo,1,7006,INR,0,,19:50,19,21:45,21,False,115,115,0,Airbus A321neo,70.0,69.0
2026-09-30,2026-09-30 14:36,2026-10-14,14,BOM,BLR,BOM-BLR,6E,IndiGo,1,7006,INR,0,,21:30,21,23:25,23,False,115,115,0,Airbus A321neo,70.0,69.0
2026-09-30,2026-09-30 14:36,2026-10-14,14,BOM,BLR,BOM-BLR,6E,IndiGo,1,7006,INR,0,,22:20,22,00:20,0,True,120,120,0,Airbus A321neo,70.0,69.0
2026-09-30,2026-09-30 14:36,2026-10-14,14,BOM,BLR,BOM-BLR,AI,Air India,1,7027,INR,0,,15:25,15,17:35,17,False,130,130,0,Airbus A320neo,83.0,69.0
2026-09-30,2026-09-30 14:36,2026-10-14,14,BOM,BLR,BOM-BLR,AI,Air India,1,7264,INR,0,,06:35,6,08:35,8,False,120,120,0,Airbus A320neo,83.0,69.0
2026-09-30,2026-09-30 14:36,2026-10-14,14,BOM,BLR,BOM-BLR,AI,Air India,1,7264,INR,0,,17:30,17,19:35,19,False,125,125,0,Airbus A320neo,83.0,69.0
2026-09-30,2026-09-30 14:36,2026-10-14,14,BOM,BLR,BOM-BLR,AI,Air India,1,7421,INR,0,,07:55,7,10:05,10,False,130,130,0,Airbus A320neo,83.0,69.0
2026-09-30,2026-09-30 14:36,2026-10-14,14,BOM,BLR,BOM-BLR,AI,Air India,1,7736,INR,0,,20:45,20,22:45,22,False,120,120,0,Airbus A320neo,83.0,69.0
2026-09-30,2026-09-30 14:36,2026-10-14,14,BOM,BLR,BOM-BLR,AI,Air India,1,7794,INR,0,,18:30,18,20:35,20,False,125,125,0,Airbus A320neo,83.0,69.0
2026-09-30,2026-09-30 14:36,2026-10-14,14,BOM,BLR,BOM-BLR,QP,Akasa Air,1,7845,INR,0,,20:05,20,21:45,21,False,100,100,0,Boeing 737MAX 8 Passenger,74.0,69.0
2026-09-30,2026-09-30 14:36,2026-10-14,14,BOM,BLR,BOM-BLR,AI,Air India,1,9075,INR,0,,10:00,10,12:05,12,False,125,125,0,Airbus A320neo,83.0,69.0
2026-09-30,2026-09-30 14:36,2026-10-14,14,BOM,BLR,BOM-BLR,AI,Air India,1,9148,INR,0,,19:45,19,21:50,21,False,125,125,0,Airbus A320neo,83.0,69.0
2026-09-30,2026-09-30 14:36,2026-10-14,14,BOM,BLR,BOM-BLR,AI,Air India,1,12319,INR,0,,12:00,12,14:05,14,False,125,125,0,Airbus A320neo,83.0,69.0
2026-09-30,2026-09-30 14:36,2026-10-21,21,BOM,BLR,BOM-BLR,SG,SpiceJet,1,5440,INR,0,,00:45,0,02:45,2,False,120,120,0,Boeing 737,83.0,69.0
2026-09-30,2026-09-30 14:36,2026-10-21,21,BOM,BLR,BOM-BLR,AI,Air India,1,6676,INR,0,,23:30,23,01:35,1,True,125,125,0,Airbus A320neo,83.0,69.0
2026-09-30,2026-09-30 14:36,2026-10-21,21,BOM,BLR,BOM-BLR,QP,Akasa Air,1,6735,INR,0,,23:20,23,01:10,1,True,110,110,0,Boeing 737MAX 8 Passenger,70.0,69.0
2026-09-30,2026-09-30 14:36,2026-10-21,21,BOM,BLR,BOM-BLR,SG,SpiceJet,1,6971,INR,0,,20:50,20,22:50,22,False,120,120,0,Boeing 737,83.0,69.0
2026-09-30,2026-09-30 14:36,2026-10-21,21,BOM,BLR,BOM-BLR,QP,Akasa Air,1,6994,INR,0,,05:35,5,07:25,7,False,110,110,0,Boeing 737MAX 8 Passenger,70.0,69.0
2026-09-30,2026-09-30 14:36,2026-10-21,21,BOM,BLR,BOM-BLR,QP,Akasa Air,1,6994,INR,0,,08:45,8,10:40,10,False,115,115,0,Boeing 737MAX 8 Passenger,71.0,69.0
2026-09-30,2026-09-30 14:36,2026-10-21,21,BOM,BLR,BOM-BLR,6E,IndiGo,1,7006,INR,0,,06:15,6,08:00,8,False,105,105,0,Airbus A321neo,70.0,69.0
2026-09-30,2026-09-30 14:36,2026-10-21,21,BOM,BLR,BOM-BLR,6E,IndiGo,1,7006,INR,0,,07:45,7,09:45,9,False,120,120,0,Airbus A321neo,70.0,69.0
2026-09-30,2026-09-30 14:36,2026-10-21,21,BOM,BLR,BOM-BLR,6E,IndiGo,1,7006,INR,0,,09:50,9,11:55,11,False,125,125,0,Airbus A321neo,70.0,69.0
2026-09-30,2026-09-30 14:36,2026-10-21,21,BOM,BLR,BOM-BLR,6E,IndiGo,1,7006,INR,0,,11:00,11,12:55,12,False,115,115,0,Airbus A321neo,70.0,69.0
2026-09-30,2026-09-30 14:36,2026-10-21,21,BOM,BLR,BOM-BLR,6E,IndiGo,1,7006,INR,0,,12:30,12,14:25,14,False,115,115,0,Airbus A321neo,70.0,69.0
2026-09-30,2026-09-30 14:36,2026-10-21,21,BOM,BLR,BOM-BLR,6E,IndiGo,1,7006,INR,0,,14:30,14,16:25,16,False,115,115,0,Airbus A321neo,70.0,69.0
2026-09-30,2026-09-30 14:36,2026-10-21,21,BOM,BLR,BOM-BLR,6E,IndiGo,1,7006,INR,0,,15:35,15,17:25,17,False,110,110,0,Airbus A321neo,70.0,69.0
2026-09-30,2026-09-30 14:36,2026-10-21,21,BOM,BLR,BOM-BLR,6E,IndiGo,1,7006,INR,0,,17:00,17,18:55,18,False,115,115,0,Airbus A321neo,70.0,69.0
2026-09-30,2026-09-30 14:36,2026-10-21,21,BOM,BLR,BOM-BLR,6E,IndiGo,1,7006,INR,0,,18:30,18,20:15,20,False,105,105,0,Airbus A321neo,70.0,69.0
2026-09-30,2026-09-30 14:36,2026-10-21,21,BOM,BLR,BOM-BLR,6E,IndiGo,1,7006,INR,0,,19:50,19,21:45,21,False,115,115,0,Airbus A321neo,70.0,69.0
2026-09-30,2026-09-30 14:36,2026-10-21,21,BOM,BLR,BOM-BLR,6E,IndiGo,1,7006,INR,0,,21:30,21,23:25,23,False,115,115,0,Airbus A321neo,70.0,69.0
2026-09-30,2026-09-30 14:36,2026-10-21,21,BOM,BLR,BOM-BLR,6E,IndiGo,1,7006,INR,0,,22:20,22,00:20,0,True,120,120,0,Airbus A321neo,70.0,69.0
2026-09-30,2026-09-30 14:36,2026-10-21,21,BOM,BLR,BOM-BLR,AI,Air India,1,7027,INR,0,,07:55,7,10:05,10,False,130,130,0,Airbus A320neo,83.0,69.0
2026-09-30,2026-09-30 14:36,2026-10-21,21,BOM,BLR,BOM-BLR,AI,Air India,1,7264,INR,0,,06:35,6,08:35,8,False,120,120,0,Airbus A320neo,83.0,69.0
2026-09-30,2026-09-30 14:36,2026-10-21,21,BOM,BLR,BOM-BLR,AI,Air India,1,7264,INR,0,,10:00,10,12:05,12,False,125,125,0,Airbus A320neo,83.0,69.0
2026-09-30,2026-09-30 14:36,2026-10-21,21,BOM,BLR,BOM-BLR,AI,Air India,1,7264,INR,0,,17:30,17,19:35,19,False,125,125,0,Airbus A320neo,83.0,69.0
2026-09-30,2026-09-30 14:36,2026-10-21,21,BOM,BLR,BOM-BLR,AI,Air India,1,7321,INR,0,,20:45,20,22:45,22,False,120,120,0,Airbus A320neo,83.0,69.0
2026-09-30,2026-09-30 14:36,2026-10-21,21,BOM,BLR,BOM-BLR,AI,Air India,1,7421,INR,0,,05:30,5,07:35,7,False,125,125,0,Airbus A321,105.0,69.0
2026-09-30,2026-09-30 14:36,2026-10-21,21,BOM,BLR,BOM-BLR,AI,Air India,1,7421,INR,0,,12:00,12,14:05,14,False,125,125,0,Airbus A320neo,83.0,69.0
2026-09-30,2026-09-30 14:36,2026-10-21,21,BOM,BLR,BOM-BLR,AI,Air India,1,7736,INR,0,,19:45,19,21:50,21,False,125,125,0,Airbus A320neo,83.0,69.0
2026-09-30,2026-09-30 14:36,2026-10-21,21,BOM,BLR,BOM-BLR,QP,Akasa Air,1,7845,INR,0,,21:45,21,23:35,23,False,110,110,0,Boeing 737MAX 8 Passenger,74.0,69.0
2026-09-30,2026-09-30 14:36,2026-10-21,21,BOM,BLR,BOM-BLR,AI,Air India,1,8240,INR,0,,18:30,18,20:35,20,False,125,125,0,Airbus A320neo,83.0,69.0
2026-09-30,2026-09-30 14:36,2026-10-21,21,BOM,BLR,BOM-BLR,QP,Akasa Air,1,8819,INR,0,,20:05,20,21:45,21,False,100,100,0,Boeing 737MAX 8 Passenger,74.0,69.0
2026-09-30,2026-09-30 14:36,2026-10-21,21,BOM,BLR,BOM-BLR,AI,Air India,1,12319,INR,0,,15:25,15,17:35,17,False,130,130,0,Airbus A320neo,83.0,69.0
2026-09-30,2026-09-30 14:36,2026-10-30,30,BOM,BLR,BOM-BLR,SG,SpiceJet,1,6100,INR,0,,05:45,5,07:45,7,False,120,120,0,Airbus A320,86.0,69.0
2026-09-30,2026-09-30 14:36,2026-10-30,30,BOM,BLR,BOM-BLR,6E,IndiGo,1,6255,INR,1,GOI,04:30,4,09:15,9,False,285,135,150,Airbus A320neo | Airbus A321neo,96.0,69.0
2026-09-30,2026-09-30 14:36,2026-10-30,30,BOM,BLR,BOM-BLR,QP,Akasa Air,1,7264,INR,0,,23:10,23,01:00,1,True,110,110,0,Boeing 737MAX 8 Passenger,73.0,69.0
2026-09-30,2026-09-30 14:36,2026-10-30,30,BOM,BLR,BOM-BLR,6E,IndiGo,1,8476,INR,0,,00:45,0,02:35,2,False,110,110,0,Airbus A321neo,70.0,69.0
2026-09-30,2026-09-30 14:36,2026-10-30,30,BOM,BLR,BOM-BLR,6E,IndiGo,1,8476,INR,0,,02:15,2,04:05,4,False,110,110,0,Airbus A321neo,70.0,69.0
2026-09-30,2026-09-30 14:36,2026-10-30,30,BOM,BLR,BOM-BLR,6E,IndiGo,1,8476,INR,0,,04:30,4,06:20,6,False,110,110,0,Airbus A321neo,70.0,69.0
2026-09-30,2026-09-30 14:36,2026-10-30,30,BOM,BLR,BOM-BLR,6E,IndiGo,1,8476,INR,0,,06:00,6,07:50,7,False,110,110,0,Airbus A321neo,70.0,69.0
2026-09-30,2026-09-30 14:36,2026-10-30,30,BOM,BLR,BOM-BLR,6E,IndiGo,1,8476,INR,0,,15:00,15,16:50,16,False,110,110,0,Airbus A321neo,70.0,69.0
2026-09-30,2026-09-30 14:36,2026-10-30,30,BOM,BLR,BOM-BLR,6E,IndiGo,1,8476,INR,0,,22:55,22,00:45,0,True,110,110,0,Airbus A321neo,70.0,69.0
2026-09-30,2026-09-30 14:36,2026-10-30,30,BOM,BLR,BOM-BLR,AI,Air India,1,8770,INR,0,,02:05,2,03:50,3,False,105,105,0,Airbus A320neo,83.0,69.0
2026-09-30,2026-09-30 14:36,2026-10-30,30,BOM,BLR,BOM-BLR,AI,Air India,1,8770,INR,0,,06:35,6,08:20,8,False,105,105,0,Airbus A320neo,83.0,69.0
2026-09-30,2026-09-30 14:36,2026-10-30,30,BOM,BLR,BOM-BLR,AI,Air India,1,8770,INR,0,,15:35,15,17:25,17,False,110,110,0,Airbus A320neo,83.0,69.0
2026-09-30,2026-09-30 14:36,2026-10-30,30,BOM,BLR,BOM-BLR,AI,Air India,1,8959,INR,0,,13:45,13,15:35,15,False,110,110,0,Airbus A321,109.0,69.0
2026-09-30,2026-09-30 14:36,2026-10-30,30,BOM,BLR,BOM-BLR,6E,IndiGo,1,9001,INR,0,,07:25,7,09:15,9,False,110,110,0,Airbus A321neo,70.0,69.0
2026-09-30,2026-09-30 14:36,2026-10-30,30,BOM,BLR,BOM-BLR,6E,IndiGo,1,9001,INR,0,,16:20,16,18:10,18,False,110,110,0,Airbus A321neo,70.0,69.0
2026-09-30,2026-09-30 14:36,2026-10-30,30,BOM,BLR,BOM-BLR,6E,IndiGo,1,9001,INR,0,,17:45,17,19:35,19,False,110,110,0,Airbus A321neo,70.0,69.0
2026-09-30,2026-09-30 14:36,2026-10-30,30,BOM,BLR,BOM-BLR,QP,Akasa Air,1,9175,INR,0,,08:35,8,10:20,10,False,105,105,0,Boeing 737MAX 8 Passenger,73.0,69.0
2026-09-30,2026-09-30 14:36,2026-10-30,30,BOM,BLR,BOM-BLR,QP,Akasa Air,1,9175,INR,0,,19:00,19,20:45,20,False,105,105,0,Boeing 737MAX 8 Passenger,73.0,69.0
2026-09-30,2026-09-30 14:36,2026-10-30,30,BOM,BLR,BOM-BLR,6E,IndiGo,1,9526,INR,0,,19:00,19,20:50,20,False,110,110,0,Airbus A321neo,70.0,69.0
2026-09-30,2026-09-30 14:36,2026-10-30,30,BOM,BLR,BOM-BLR,6E,IndiGo,1,9526,INR,0,,21:45,21,23:35,23,False,110,110,0,Airbus A321neo,70.0,69.0
2026-09-30,2026-09-30 14:36,2026-10-30,30,BOM,BLR,BOM-BLR,6E,IndiGo,1,10051,INR,0,,09:40,9,11:30,11,False,110,110,0,Airbus A321neo,70.0,69.0
2026-09-30,2026-09-30 14:36,2026-10-30,30,BOM,BLR,BOM-BLR,6E,IndiGo,1,10051,INR,0,,11:05,11,12:55,12,False,110,110,0,Airbus A321neo,70.0,69.0
2026-09-30,2026-09-30 14:36,2026-10-30,30,BOM,BLR,BOM-BLR,6E,IndiGo,1,10051,INR,0,,20:15,20,22:05,22,False,110,110,0,Airbus A321neo,70.0,69.0
2026-09-30,2026-09-30 14:36,2026-10-30,30,BOM,BLR,BOM-BLR,AI,Air India,1,10429,INR,0,,07:55,7,09:40,9,False,105,105,0,Airbus A320neo,83.0,69.0
2026-09-30,2026-09-30 14:36,2026-10-30,30,BOM,BLR,BOM-BLR,AI,Air India,1,10429,INR,0,,11:00,11,12:45,12,False,105,105,0,Airbus A321,109.0,69.0
2026-09-30,2026-09-30 14:36,2026-10-30,30,BOM,BLR,BOM-BLR,AI,Air India,1,10429,INR,0,,12:00,12,13:45,13,False,105,105,0,Airbus A320neo,83.0,69.0
2026-09-30,2026-09-30 14:36,2026-10-30,30,BOM,BLR,BOM-BLR,AI,Air India,1,10429,INR,0,,18:00,18,19:50,19,False,110,110,0,Airbus A320neo,83.0,69.0
2026-09-30,2026-09-30 14:36,2026-10-30,30,BOM,BLR,BOM-BLR,AI,Air India,1,10802,INR,0,,10:00,10,11:45,11,False,105,105,0,Airbus A320neo,83.0,69.0
2026-09-30,2026-09-30 14:36,2026-10-30,30,BOM,BLR,BOM-BLR,AI,Air India,1,10802,INR,0,,17:30,17,19:20,19,False,110,110,0,Airbus A320neo,83.0,69.0
2026-09-30,2026-09-30 14:36,2026-10-30,30,BOM,BLR,BOM-BLR,AI,Air India,1,10891,INR,0,,20:45,20,22:35,22,False,110,110,0,Airbus A320neo,83.0,69.0
2026-09-30,2026-09-30 14:36,2026-10-30,30,BOM,BLR,BOM-BLR,AI,Air India,1,10986,INR,0,,19:15,19,21:05,21,False,110,110,0,Airbus A320neo,83.0,69.0
2026-09-30,2026-09-30 14:36,2026-10-30,30,BOM,BLR,BOM-BLR,6E,IndiGo,1,11311,INR,0,,12:30,12,14:20,14,False,110,110,0,Airbus A321neo,70.0,69.0
2026-09-30,2026-09-30 14:36,2026-11-14,45,BOM,BLR,BOM-BLR,6E,IndiGo,1,7236,INR,1,GOI,13:55,13,19:15,19,False,320,145,175,Airbus A321neo | Airbus A321neo,89.0,69.0
2026-09-30,2026-09-30 14:36,2026-11-14,45,BOM,BLR,BOM-BLR,6E,IndiGo,1,7367,INR,1,IXE,19:05,19,22:35,22,False,210,150,60,Airbus A320neo | Airbus A321neo,99.0,69.0
2026-09-30,2026-09-30 14:36,2026-11-14,45,BOM,BLR,BOM-BLR,SG,SpiceJet,1,7484,INR,0,,05:45,5,07:45,7,False,120,120,0,Airbus A320,84.0,69.0
2026-09-30,2026-09-30 14:36,2026-11-14,45,BOM,BLR,BOM-BLR,6E,IndiGo,1,8056,INR,0,,22:55,22,00:45,0,True,110,110,0,Airbus A321neo,69.0,69.0
2026-09-30,2026-09-30 14:36,2026-11-14,45,BOM,BLR,BOM-BLR,SG,SpiceJet,1,8057,INR,0,,18:20,18,20:20,20,False,120,120,0,Airbus A320,84.0,69.0
2026-09-30,2026-09-30 14:36,2026-11-14,45,BOM,BLR,BOM-BLR,QP,Akasa Air,1,8157,INR,0,,23:10,23,01:00,1,True,110,110,0,Boeing 737MAX 8 Passenger,71.0,69.0
2026-09-30,2026-09-30 14:36,2026-11-14,45,BOM,BLR,BOM-BLR,6E,IndiGo,1,8476,INR,0,,21:45,21,23:35,23,False,110,110,0,Airbus A321neo,69.0,69.0
2026-09-30,2026-09-30 14:36,2026-11-14,45,BOM,BLR,BOM-BLR,6E,IndiGo,1,10051,INR,0,,17:45,17,19:35,19,False,110,110,0,Airbus A321neo,69.0,69.0
2026-09-30,2026-09-30 14:36,2026-11-14,45,BOM,BLR,BOM-BLR,6E,IndiGo,1,10051,INR,0,,20:15,20,22:05,22,False,110,110,0,Airbus A321neo,69.0,69.0
2026-09-30,2026-09-30 14:36,2026-11-14,45,BOM,BLR,BOM-BLR,AI,Air India,1,10429,INR,0,,06:35,6,08:20,8,False,105,105,0,Airbus A320neo,81.0,69.0
2026-09-30,2026-09-30 14:36,2026-11-14,45,BOM,BLR,BOM-BLR,AI,Air India,1,10429,INR,0,,07:55,7,09:40,9,False,105,105,0,Airbus A320neo,81.0,69.0
2026-09-30,2026-09-30 14:36,2026-11-14,45,BOM,BLR,BOM-BLR,AI,Air India,1,10429,INR,0,,11:00,11,12:45,12,False,105,105,0,Airbus A321,107.0,69.0
2026-09-30,2026-09-30 14:36,2026-11-14,45,BOM,BLR,BOM-BLR,AI,Air India,1,10429,INR,0,,13:45,13,15:35,15,False,110,110,0,Airbus A321,107.0,69.0
2026-09-30,2026-09-30 14:36,2026-11-14,45,BOM,BLR,BOM-BLR,AI,Air India,1,10429,INR,0,,18:00,18,19:50,19,False,110,110,0,Airbus A320neo,81.0,69.0
2026-09-30,2026-09-30 14:36,2026-11-14,45,BOM,BLR,BOM-BLR,AI,Air India,1,10618,INR,0,,12:00,12,13:45,13,False,105,105,0,Airbus A320neo,81.0,69.0
2026-09-30,2026-09-30 14:36,2026-11-14,45,BOM,BLR,BOM-BLR,AI,Air India,1,10618,INR,0,,15:35,15,17:25,17,False,110,110,0,Airbus A320neo,81.0,69.0
2026-09-30,2026-09-30 14:36,2026-11-14,45,BOM,BLR,BOM-BLR,6E,IndiGo,1,10681,INR,0,,04:30,4,06:20,6,False,110,110,0,Airbus A321neo,69.0,69.0
2026-09-30,2026-09-30 14:36,2026-11-14,45,BOM,BLR,BOM-BLR,6E,IndiGo,1,10681,INR,0,,07:25,7,09:15,9,False,110,110,0,Airbus A321neo,69.0,69.0
2026-09-30,2026-09-30 14:36,2026-11-14,45,BOM,BLR,BOM-BLR,6E,IndiGo,1,10681,INR,0,,11:05,11,12:55,12,False,110,110,0,Airbus A321neo,69.0,69.0
2026-09-30,2026-09-30 14:36,2026-11-14,45,BOM,BLR,BOM-BLR,6E,IndiGo,1,10681,INR,0,,12:30,12,14:20,14,False,110,110,0,Airbus A321neo,69.0,69.0
2026-09-30,2026-09-30 14:36,2026-11-14,45,BOM,BLR,BOM-BLR,6E,IndiGo,1,10681,INR,0,,15:00,15,16:50,16,False,110,110,0,Airbus A321neo,69.0,69.0
2026-09-30,2026-09-30 14:36,2026-11-14,45,BOM,BLR,BOM-BLR,QP,Akasa Air,1,10765,INR,0,,08:15,8,10:05,10,False,110,110,0,,,69.0
2026-09-30,2026-09-30 14:36,2026-11-14,45,BOM,BLR,BOM-BLR,QP,Akasa Air,1,10765,INR,0,,08:35,8,10:20,10,False,105,105,0,Boeing 737MAX 8 Passenger,71.0,69.0
2026-09-30,2026-09-30 14:36,2026-11-14,45,BOM,BLR,BOM-BLR,AI,Air India,1,10802,INR,0,,10:00,10,11:45,11,False,105,105,0,Airbus A320neo,81.0,69.0
2026-09-30,2026-09-30 14:36,2026-11-14,45,BOM,BLR,BOM-BLR,AI,Air India,1,10802,INR,0,,17:30,17,19:20,19,False,110,110,0,Airbus A320neo,81.0,69.0
2026-09-30,2026-09-30 14:36,2026-11-14,45,BOM,BLR,BOM-BLR,AI,Air India,1,10802,INR,0,,19:15,19,21:05,21,False,110,110,0,Airbus A320neo,81.0,69.0
2026-09-30,2026-09-30 14:36,2026-11-14,45,BOM,BLR,BOM-BLR,QP,Akasa Air,1,11208,INR,0,,19:00,19,20:45,20,False,105,105,0,Boeing 737MAX 8 Passenger,71.0,69.0
2026-09-30,2026-09-30 14:36,2026-11-14,45,BOM,BLR,BOM-BLR,6E,IndiGo,1,11311,INR,0,,06:00,6,07:50,7,False,110,110,0,Airbus A321neo,69.0,69.0
2026-09-30,2026-09-30 14:36,2026-11-14,45,BOM,BLR,BOM-BLR,6E,IndiGo,1,12046,INR,0,,02:15,2,04:05,4,False,110,110,0,Airbus A321neo,69.0,69.0
2026-09-30,2026-09-30 14:36,2026-11-14,45,BOM,BLR,BOM-BLR,6E,IndiGo,1,12046,INR,0,,09:40,9,11:30,11,False,110,110,0,Airbus A321neo,69.0,69.0
2026-09-30,2026-09-30 14:36,2026-11-14,45,BOM,BLR,BOM-BLR,6E,IndiGo,1,12781,INR,0,,19:00,19,20:50,20,False,110,110,0,Airbus A321neo,69.0,69.0
2026-09-30,2026-09-30 14:36,2026-11-14,45,BOM,BLR,BOM-BLR,6E,IndiGo,1,16771,INR,0,,16:20,16,18:10,18,False,110,110,0,Airbus A321neo,69.0,69.0
2026-09-30,2026-09-30 14:36,2026-11-29,60,BOM,BLR,BOM-BLR,6E,IndiGo,1,7236,INR,1,GOI,13:55,13,19:15,19,False,320,145,175,Airbus A321neo | Airbus A321neo,89.0,69.0
2026-09-30,2026-09-30 14:36,2026-11-29,60,BOM,BLR,BOM-BLR,6E,IndiGo,1,7321,INR,0,,00:45,0,02:35,2,False,110,110,0,Airbus A321neo,69.0,69.0
2026-09-30,2026-09-30 14:36,2026-11-29,60,BOM,BLR,BOM-BLR,6E,IndiGo,1,7321,INR,0,,09:40,9,11:30,11,False,110,110,0,Airbus A321neo,69.0,69.0
2026-09-30,2026-09-30 14:36,2026-11-29,60,BOM,BLR,BOM-BLR,6E,IndiGo,1,7321,INR,0,,20:15,20,22:05,22,False,110,110,0,Airbus A321neo,69.0,69.0
2026-09-30,2026-09-30 14:36,2026-11-29,60,BOM,BLR,BOM-BLR,SG,SpiceJet,1,7484,INR,0,,05:45,5,07:45,7,False,120,120,0,Airbus A320,84.0,69.0
2026-09-30,2026-09-30 14:36,2026-11-29,60,BOM,BLR,BOM-BLR,SG,SpiceJet,1,7484,INR,0,,23:15,23,01:10,1,True,115,115,0,Boeing 737,81.0,69.0
2026-09-30,2026-09-30 14:36,2026-11-29,60,BOM,BLR,BOM-BLR,AI,Air India,1,7526,INR,0,,02:05,2,03:50,3,False,105,105,0,Airbus A320neo,81.0,69.0
2026-09-30,2026-09-30 14:36,2026-11-29,60,BOM,BLR,BOM-BLR,QP,Akasa Air,1,7549,INR,0,,08:35,8,10:20,10,False,105,105,0,Boeing 737MAX 8 Passenger,71.0,69.0
2026-09-30,2026-09-30 14:36,2026-11-29,60,BOM,BLR,BOM-BLR,6E,IndiGo,1,7636,INR,0,,04:30,4,06:20,6,False,110,110,0,Airbus A321neo,69.0,69.0
2026-09-30,2026-09-30 14:36,2026-11-29,60,BOM,BLR,BOM-BLR,6E,IndiGo,1,7636,INR,0,,06:00,6,07:50,7,False,110,110,0,Airbus A321neo,69.0,69.0
2026-09-30,2026-09-30 14:36,2026-11-29,60,BOM,BLR,BOM-BLR,6E,IndiGo,1,7636,INR,0,,11:05,11,12:55,12,False,110,110,0,Airbus A321neo,69.0,69.0
2026-09-30,2026-09-30 14:36,2026-11-29,60,BOM,BLR,BOM-BLR,6E,IndiGo,1,7636,INR,0,,19:00,19,20:50,20,False,110,110,0,Airbus A321neo,69.0,69.0
2026-09-30,2026-09-30 14:36,2026-11-29,60,BOM,BLR,BOM-BLR,6E,IndiGo,1,7636,INR,0,,21:45,21,23:35,23,False,110,110,0,Airbus A321neo,69.0,69.0
2026-09-30,2026-09-30 14:36,2026-11-29,60,BOM,BLR,BOM-BLR,6E,IndiGo,1,7636,INR,0,,22:55,22,00:45,0,True,110,110,0,Airbus A321neo,69.0,69.0
2026-09-30,2026-09-30 14:36,2026-11-29,60,BOM,BLR,BOM-BLR,QP,Akasa Air,1,7845,INR,0,,19:00,19,20:45,20,False,105,105,0,Boeing 737MAX 8 Passenger,71.0,69.0
2026-09-30,2026-09-30 14:36,2026-11-29,60,BOM,BLR,BOM-BLR,AI,Air India,1,7946,INR,0,,06:35,6,08:20,8,False,105,105,0,Airbus A320neo,81.0,69.0
2026-09-30,2026-09-30 14:36,2026-11-29,60,BOM,BLR,BOM-BLR,AI,Air India,1,7946,INR,0,,11:00,11,12:45,12,False,105,105,0,Airbus A321,107.0,69.0
2026-09-30,2026-09-30 14:36,2026-11-29,60,BOM,BLR,BOM-BLR,AI,Air India,1,7946,INR,0,,18:00,18,19:50,19,False,110,110,0,Airbus A320neo,81.0,69.0
2026-09-30,2026-09-30 14:36,2026-11-29,60,BOM,BLR,BOM-BLR,AI,Air India,1,7946,INR,0,,20:45,20,22:35,22,False,110,110,0,Airbus A320neo,81.0,69.0
2026-09-30,2026-09-30 14:36,2026-11-29,60,BOM,BLR,BOM-BLR,6E,IndiGo,1,8056,INR,0,,12:30,12,14:20,14,False,110,110,0,Airbus A321neo,69.0,69.0
2026-09-30,2026-09-30 14:36,2026-11-29,60,BOM,BLR,BOM-BLR,6E,IndiGo,1,8056,INR,0,,15:00,15,16:50,16,False,110,110,0,Airbus A321neo,69.0,69.0
2026-09-30,2026-09-30 14:36,2026-11-29,60,BOM,BLR,BOM-BLR,6E,IndiGo,1,8056,INR,0,,16:20,16,18:10,18,False,110,110,0,Airbus A321neo,69.0,69.0
2026-09-30,2026-09-30 14:36,2026-11-29,60,BOM,BLR,BOM-BLR,AI,Air India,1,8083,INR,0,,12:00,12,13:45,13,False,105,105,0,Airbus A320neo,81.0,69.0
2026-09-30,2026-09-30 14:36,2026-11-29,60,BOM,BLR,BOM-BLR,AI,Air India,1,8219,INR,0,,17:30,17,19:20,19,False,110,110,0,Airbus A320neo,81.0,69.0
2026-09-30,2026-09-30 14:36,2026-11-29,60,BOM,BLR,BOM-BLR,AI,Air India,1,8219,INR,0,,19:15,19,21:05,21,False,110,110,0,Airbus A320neo,81.0,69.0
2026-09-30,2026-09-30 14:36,2026-11-29,60,BOM,BLR,BOM-BLR,AI,Air India,1,8398,INR,0,,07:55,7,09:40,9,False,105,105,0,Airbus A320neo,81.0,69.0
2026-09-30,2026-09-30 14:36,2026-11-29,60,BOM,BLR,BOM-BLR,AI,Air India,1,8398,INR,0,,13:45,13,15:35,15,False,110,110,0,Airbus A321,107.0,69.0
2026-09-30,2026-09-30 14:36,2026-11-29,60,BOM,BLR,BOM-BLR,AI,Air India,1,8681,INR,0,,15:35,15,17:25,17,False,110,110,0,Airbus A320neo,81.0,69.0
2026-09-30,2026-09-30 14:36,2026-11-29,60,BOM,BLR,BOM-BLR,6E,IndiGo,1,9001,INR,0,,02:15,2,04:05,4,False,110,110,0,Airbus A321neo,69.0,69.0
2026-09-30,2026-09-30 14:36,2026-11-29,60,BOM,BLR,BOM-BLR,6E,IndiGo,1,9001,INR,0,,07:25,7,09:15,9,False,110,110,0,Airbus A321neo,69.0,69.0
2026-09-30,2026-09-30 14:36,2026-10-01,1,DEL,CCU,DEL-CCU,6E,IndiGo,1,7369,INR,1,PAT,08:10,8,13:45,13,False,335,165,170,Airbus A320neo | Airbus A320neo,125.0,98.0
2026-09-30,2026-09-30 14:36,2026-10-01,1,DEL,CCU,DEL-CCU,6E,IndiGo,1,7369,INR,1,LKO,16:40,16,22:05,22,False,325,170,155,Airbus A320neo | Airbus A321neo,120.0,98.0
2026-09-30,2026-09-30 14:36,2026-10-01,1,DEL,CCU,DEL-CCU,6E,IndiGo,1,7579,INR,1,JAI,15:50,15,20:30,20,False,280,190,90,Airbus A321neo | Airbus A321neo,130.0,98.0
2026-09-30,2026-09-30 14:36,2026-10-01,1,DEL,CCU,DEL-CCU,6E,IndiGo,1,7684,INR,1,IXB,10:50,10,15:25,15,False,275,180,95,Airbus A320neo | Airbus A321neo,141.0,98.0
2026-09-30,2026-09-30 14:36,2026-10-01,1,DEL,CCU,DEL-CCU,6E,IndiGo,1,8108,INR,1,GOP,08:00,8,12:25,12,False,265,170,95,Airbus A321neo | Airbus A320neo,123.0,98.0
2026-09-30,2026-09-30 14:36,2026-10-01,1,DEL,CCU,DEL-CCU,6E,IndiGo,1,8866,INR,0,,02:45,2,05:00,5,False,135,135,0,Airbus A320neo,100.0,98.0
2026-09-30,2026-09-30 14:36,2026-10-01,1,DEL,CCU,DEL-CCU,6E,IndiGo,1,8866,INR,0,,05:00,5,07:15,7,False,135,135,0,Airbus A321neo,97.0,98.0
2026-09-30,2026-09-30 14:36,2026-10-01,1,DEL,CCU,DEL-CCU,6E,IndiGo,1,8866,INR,0,,07:20,7,09:40,9,False,140,140,0,Airbus A321neo,97.0,98.0
2026-09-30,2026-09-30 14:36,2026-10-01,1,DEL,CCU,DEL-CCU,6E,IndiGo,1,8866,INR,0,,10:15,10,12:30,12,False,135,135,0,Airbus A321neo,97.0,98.0
2026-09-30,2026-09-30 14:36,2026-10-01,1,DEL,CCU,DEL-CCU,6E,IndiGo,1,8866,INR,0,,12:45,12,15:05,15,False,140,140,0,Airbus A321neo,97.0,98.0
2026-09-30,2026-09-30 14:36,2026-10-01,1,DEL,CCU,DEL-CCU,6E,IndiGo,1,8866,INR,0,,14:25,14,16:45,16,False,140,140,0,Airbus A321neo,97.0,98.0
2026-09-30,2026-09-30 14:36,2026-10-01,1,DEL,CCU,DEL-CCU,6E,IndiGo,1,8866,INR,0,,16:00,16,18:15,18,False,135,135,0,Airbus A321neo,97.0,98.0
2026-09-30,2026-09-30 14:36,2026-10-01,1,DEL,CCU,DEL-CCU,6E,IndiGo,1,8866,INR,0,,17:55,17,20:15,20,False,140,140,0,Airbus A321neo,97.0,98.0
2026-09-30,2026-09-30 14:36,2026-10-01,1,DEL,CCU,DEL-CCU,6E,IndiGo,1,8866,INR,0,,23:30,23,01:45,1,True,135,135,0,Airbus A321neo,97.0,98.0
2026-09-30,2026-09-30 14:36,2026-10-01,1,DEL,CCU,DEL-CCU,6E,IndiGo,1,9129,INR,0,,21:50,21,00:05,0,True,135,135,0,Airbus A321neo,97.0,98.0
2026-09-30,2026-09-30 14:36,2026-10-01,1,DEL,CCU,DEL-CCU,QP,Akasa Air,1,9358,INR,0,,17:00,17,19:15,19,False,135,135,0,Boeing 737MAX 8 Passenger,100.0,98.0
2026-09-30,2026-09-30 14:36,2026-10-01,1,DEL,CCU,DEL-CCU,AI,Air India,1,9396,INR,0,,18:00,18,20:20,20,False,140,140,0,Airbus A320neo,114.0,98.0
2026-09-30,2026-09-30 14:36,2026-10-01,1,DEL,CCU,DEL-CCU,SG,SpiceJet,1,10080,INR,0,,20:10,20,22:30,22,False,140,140,0,Boeing 737,119.0,98.0
2026-09-30,2026-09-30 14:36,2026-10-01,1,DEL,CCU,DEL-CCU,AI,Air India,1,10184,INR,0,,19:40,19,21:50,21,False,130,130,0,Airbus A320neo,114.0,98.0
2026-09-30,2026-09-30 14:36,2026-10-01,1,DEL,CCU,DEL-CCU,6E,IndiGo,1,10441,INR,0,,19:30,19,21:45,21,False,135,135,0,Airbus A321neo,97.0,98.0
2026-09-30,2026-09-30 14:36,2026-10-01,1,DEL,CCU,DEL-CCU,AI,Air India,1,10819,INR,0,,21:00,21,23:20,23,False,140,140,0,Airbus A320neo,114.0,98.0
2026-09-30,2026-09-30 14:36,2026-10-01,1,DEL,CCU,DEL-CCU,AI,Air India,1,11271,INR,0,,12:10,12,14:25,14,False,135,135,0,Airbus A321,145.0,98.0
2026-09-30,2026-09-30 14:36,2026-10-01,1,DEL,CCU,DEL-CCU,AI,Air India,1,11575,INR,0,,09:55,9,12:15,12,False,140,140,0,Airbus A320neo,114.0,98.0
2026-09-30,2026-09-30 14:36,2026-10-01,1,DEL,CCU,DEL-CCU,AI,Air India,1,12284,INR,0,,13:00,13,15:20,15,False,140,140,0,Airbus A320neo,114.0,98.0
2026-09-30,2026-09-30 14:36,2026-10-01,1,DEL,CCU,DEL-CCU,AI,Air India,1,21996,INR,0,,02:30,2,04:50,4,False,140,140,0,Airbus A320neo,114.0,98.0
2026-09-30,2026-09-30 14:36,2026-10-01,1,DEL,CCU,DEL-CCU,AI,Air India,1,21996,INR,0,,06:40,6,08:50,8,False,130,130,0,Airbus A320neo,114.0,98.0
2026-09-30,2026-09-30 14:36,2026-10-03,3,DEL,CCU,DEL-CCU,6E,IndiGo,1,7493,INR,1,VNS,05:25,5,10:20,10,False,295,165,130,Airbus A321neo | Airbus A321neo,115.0,98.0
2026-09-30,2026-09-30 14:36,2026-10-03,3,DEL,CCU,DEL-CCU,6E,IndiGo,1,7493,INR,1,NAG,09:00,9,14:15,14,False,315,205,110,Airbus A321neo | Airbus A320neo,149.0,98.0
2026-09-30,2026-09-30 14:36,2026-10-03,3,DEL,CCU,DEL-CCU,6E,IndiGo,1,7493,INR,1,RPR,14:25,14,20:25,20,False,360,195,165,Airbus A321neo | Airbus A320neo,139.0,98.0
2026-09-30,2026-09-30 14:36,2026-10-03,3,DEL,CCU,DEL-CCU,6E,IndiGo,1,7571,INR,1,JAI,10:55,10,15:20,15,False,265,200,65,Airbus A320neo | Airbus A320neo,139.0,98.0
2026-09-30,2026-09-30 14:36,2026-10-03,3,DEL,CCU,DEL-CCU,AI,Air India,1,8819,INR,0,,18:00,18,20:20,20,False,140,140,0,Airbus A320neo,114.0,98.0
2026-09-30,2026-09-30 14:36,2026-10-03,3,DEL,CCU,DEL-CCU,6E,IndiGo,1,8866,INR,0,,02:45,2,05:00,5,False,135,135,0,Airbus A321neo,97.0,98.0
2026-09-30,2026-09-30 14:36,2026-10-03,3,DEL,CCU,DEL-CCU,6E,IndiGo,1,8866,INR,0,,05:00,5,07:15,7,False,135,135,0,Airbus A321neo,97.0,98.0
2026-09-30,2026-09-30 14:36,2026-10-03,3,DEL,CCU,DEL-CCU,6E,IndiGo,1,8866,INR,0,,07:20,7,09:40,9,False,140,140,0,Airbus A321neo,97.0,98.0
2026-09-30,2026-09-30 14:36,2026-10-03,3,DEL,CCU,DEL-CCU,6E,IndiGo,1,8866,INR,0,,10:15,10,12:30,12,False,135,135,0,Airbus A321neo,97.0,98.0
2026-09-30,2026-09-30 14:36,2026-10-03,3,DEL,CCU,DEL-CCU,6E,IndiGo,1,8866,INR,0,,11:50,11,14:00,14,False,130,130,0,Airbus A321neo,97.0,98.0
2026-09-30,2026-09-30 14:36,2026-10-03,3,DEL,CCU,DEL-CCU,6E,IndiGo,1,8866,INR,0,,12:45,12,15:05,15,False,140,140,0,Airbus A321neo,97.0,98.0
2026-09-30,2026-09-30 14:36,2026-10-03,3,DEL,CCU,DEL-CCU,6E,IndiGo,1,8866,INR,0,,14:25,14,16:45,16,False,140,140,0,Airbus A321neo,97.0,98.0
2026-09-30,2026-09-30 14:36,2026-10-03,3,DEL,CCU,DEL-CCU,6E,IndiGo,1,8866,INR,0,,16:00,16,18:15,18,False,135,135,0,Airbus A321neo,97.0,98.0
2026-09-30,2026-09-30 14:36,2026-10-03,3,DEL,CCU,DEL-CCU,6E,IndiGo,1,8866,INR,0,,17:55,17,20:15,20,False,140,140,0,Airbus A321neo,97.0,98.0
2026-09-30,2026-09-30 14:36,2026-10-03,3,DEL,CCU,DEL-CCU,6E,IndiGo,1,8866,INR,0,,19:30,19,21:45,21,False,135,135,0,Airbus A321neo,97.0,98.0
2026-09-30,2026-09-30 14:36,2026-10-03,3,DEL,CCU,DEL-CCU,6E,IndiGo,1,8866,INR,0,,21:50,21,00:05,0,True,135,135,0,Airbus A321neo,97.0,98.0
2026-09-30,2026-09-30 14:36,2026-10-03,3,DEL,CCU,DEL-CCU,6E,IndiGo,1,8866,INR,0,,23:30,23,01:45,1,True,135,135,0,Airbus A321neo,97.0,98.0
2026-09-30,2026-09-30 14:36,2026-10-03,3,DEL,CCU,DEL-CCU,QP,Akasa Air,1,9028,INR,0,,05:55,5,08:15,8,False,140,140,0,Boeing 737MAX 8 Passenger,100.0,98.0
2026-09-30,2026-09-30 14:36,2026-10-03,3,DEL,CCU,DEL-CCU,AI,Air India,1,9045,INR,0,,19:40,19,21:50,21,False,130,130,0,Airbus A320neo,114.0,98.0
2026-09-30,2026-09-30 14:36,2026-10-03,3,DEL,CCU,DEL-CCU,AI,Air India,1,9045,INR,0,,21:00,21,23:20,23,False,140,140,0,Airbus A320neo,114.0,98.0
2026-09-30,2026-09-30 14:36,2026-10-03,3,DEL,CCU,DEL-CCU,AI,Air India,1,9921,INR,0,,06:40,6,08:50,8,False,130,130,0,Airbus A320neo,114.0,98.0
2026-09-30,2026-09-30 14:36,2026-10-03,3,DEL,CCU,DEL-CCU,AI,Air India,1,10079,INR,0,,09:55,9,12:15,12,False,140,140,0,Airbus A320neo,114.0,98.0
2026-09-30,2026-09-30 14:36,2026-10-03,3,DEL,CCU,DEL-CCU,AI,Air India,1,11979,INR,0,,16:15,16,18:35,18,False,140,140,0,Airbus A320neo,114.0,98.0
2026-09-30,2026-09-30 14:36,2026-10-03,3,DEL,CCU,DEL-CCU,AI,Air India,1,14358,INR,0,,13:00,13,15:20,15,False,140,140,0,Airbus A320neo,114.0,98.0
2026-09-30,2026-09-30 14:36,2026-10-07,7,DEL,CCU,DEL-CCU,6E,IndiGo,1,8310,INR,1,IDR,17:20,17,22:40,22,False,320,215,105,Airbus A321neo | Airbus A320neo,155.0,98.0
2026-09-30,2026-09-30 14:36,2026-10-07,7,DEL,CCU,DEL-CCU,6E,IndiGo,1,8580,INR,1,PAT,13:35,13,17:40,17,False,245,145,100,Airbus A320neo | Airbus A320neo,125.0,98.0
2026-09-30,2026-09-30 14:36,2026-10-07,7,DEL,CCU,DEL-CCU,AI,Air India,1,8724,INR,0,,02:30,2,04:50,4,False,140,140,0,Airbus A320neo,114.0,98.0
2026-09-30,2026-09-30 14:36,2026-10-07,7,DEL,CCU,DEL-CCU,6E,IndiGo,1,8767,INR,1,GOP,08:00,8,12:25,12,False,265,170,95,Airbus A320neo | Airbus A320neo,127.0,98.0
2026-09-30,2026-09-30 14:36,2026-10-07,7,DEL,CCU,DEL-CCU,SG,SpiceJet,1,8795,INR,0,,20:10,20,22:30,22,False,140,140,0,Airbus A320,119.0,98.0
2026-09-30,2026-09-30 14:36,2026-10-07,7,DEL,CCU,DEL-CCU,6E,IndiGo,1,8866,INR,0,,02:45,2,05:00,5,False,135,135,0,Airbus A321neo,97.0,98.0
2026-09-30,2026-09-30 14:36,2026-10-07,7,DEL,CCU,DEL-CCU,6E,IndiGo,1,8866,INR,0,,23:30,23,01:45,1,True,135,135,0,Airbus A321neo,97.0,98.0
2026-09-30,2026-09-30 14:36,2026-10-07,7,DEL,CCU,DEL-CCU,QP,Akasa Air,1,9028,INR,0,,05:55,5,08:15,8,False,140,140,0,Boeing 737MAX 8 Passenger,100.0,98.0
2026-09-30,2026-09-30 14:36,2026-10-07,7,DEL,CCU,DEL-CCU,AI,Air India,1,9081,INR,0,,06:40,6,08:50,8,False,130,130,0,Airbus A320neo,114.0,98.0
2026-09-30,2026-09-30 14:36,2026-10-07,7,DEL,CCU,DEL-CCU,6E,IndiGo,1,9129,INR,0,,07:20,7,09:40,9,False,140,140,0,Airbus A321neo,97.0,98.0
2026-09-30,2026-09-30 14:36,2026-10-07,7,DEL,CCU,DEL-CCU,6E,IndiGo,1,9129,INR,0,,21:50,21,00:05,0,True,135,135,0,Airbus A321neo,97.0,98.0
2026-09-30,2026-09-30 14:36,2026-10-07,7,DEL,CCU,DEL-CCU,AI,Air India,1,9318,INR,0,,21:00,21,23:20,23,False,140,140,0,Airbus A320neo,114.0,98.0
2026-09-30,2026-09-30 14:36,2026-10-07,7,DEL,CCU,DEL-CCU,AI,Air India,1,9396,INR,0,,18:00,18,20:20,20,False,140,140,0,Airbus A320neo,114.0,98.0
2026-09-30,2026-09-30 14:36,2026-10-07,7,DEL,CCU,DEL-CCU,6E,IndiGo,1,9444,INR,0,,17:55,17,20:15,20,False,140,140,0,Airbus A321neo,97.0,98.0
2026-09-30,2026-09-30 14:36,2026-10-07,7,DEL,CCU,DEL-CCU,6E,IndiGo,1,9916,INR,0,,08:30,8,10:45,10,False,135,135,0,Airbus A321neo,97.0,98.0
2026-09-30,2026-09-30 14:36,2026-10-07,7,DEL,CCU,DEL-CCU,AI,Air India,1,10184,INR,0,,09:55,9,12:15,12,False,140,140,0,Airbus A320neo,114.0,98.0
2026-09-30,2026-09-30 14:36,2026-10-07,7,DEL,CCU,DEL-CCU,AI,Air India,1,10184,INR,0,,19:40,19,21:50,21,False,130,130,0,Airbus A320neo,114.0,98.0
2026-09-30,2026-09-30 14:36,2026-10-07,7,DEL,CCU,DEL-CCU,6E,IndiGo,1,10441,INR,0,,10:15,10,12:30,12,False,135,135,0,Airbus A321neo,97.0,98.0
2026-09-30,2026-09-30 14:36,2026-10-07,7,DEL,CCU,DEL-CCU,6E,IndiGo,1,10441,INR,0,,12:45,12,15:05,15,False,140,140,0,Airbus A321neo,97.0,98.0
2026-09-30,2026-09-30 14:36,2026-10-07,7,DEL,CCU,DEL-CCU,6E,IndiGo,1,10441,INR,0,,14:25,14,16:45,16,False,140,140,0,Airbus A321neo,97.0,98.0
2026-09-30,2026-09-30 14:36,2026-10-07,7,DEL,CCU,DEL-CCU,6E,IndiGo,1,10441,INR,0,,19:30,19,21:45,21,False,135,135,0,Airbus A321neo,97.0,98.0
2026-09-30,2026-09-30 14:36,2026-10-07,7,DEL,CCU,DEL-CCU,AI,Air India,1,10446,INR,0,,13:00,13,15:20,15,False,140,140,0,Airbus A320neo,114.0,98.0
2026-09-30,2026-09-30 14:36,2026-10-07,7,DEL,CCU,DEL-CCU,6E,IndiGo,1,11071,INR,0,,16:00,16,18:15,18,False,135,135,0,Airbus A321neo,97.0,98.0
2026-09-30,2026-09-30 14:36,2026-10-07,7,DEL,CCU,DEL-CCU,AI,Air India,1,11979,INR,0,,16:15,16,18:35,18,False,140,140,0,Airbus A320neo,114.0,98.0
2026-09-30,2026-09-30 14:36,2026-10-14,14,DEL,CCU,DEL-CCU,6E,IndiGo,1,8960,INR,1,IXB,14:40,14,19:20,19,False,280,185,95,Airbus A321neo | Airbus A321neo,135.0,98.0
2026-09-30,2026-09-30 14:36,2026-10-14,14,DEL,CCU,DEL-CCU,6E,IndiGo,1,9301,INR,1,DIB,12:00,12,18:00,18,False,360,270,90,Airbus A320neo | Airbus A320neo,209.0,98.0
2026-09-30,2026-09-30 14:36,2026-10-14,14,DEL,CCU,DEL-CCU,6E,IndiGo,1,9590,INR,1,JAI,07:40,7,12:05,12,False,265,195,70,Airbus A320neo | Airbus A320neo,139.0,98.0
2026-09-30,2026-09-30 14:36,2026-10-14,14,DEL,CCU,DEL-CCU,6E,IndiGo,1,9916,INR,0,,02:45,2,05:00,5,False,135,135,0,Airbus A321neo,97.0,98.0
2026-09-30,2026-09-30 14:36,2026-10-14,14,DEL,CCU,DEL-CCU,SG,SpiceJet,1,10500,INR,0,,12:10,12,14:30,14,False,140,140,0,Boeing 737,135.0,98.0
2026-09-30,2026-09-30 14:36,2026-10-14,14,DEL,CCU,DEL-CCU,SG,SpiceJet,1,11516,INR,0,,20:10,20,22:30,22,False,140,140,0,Airbus A320,119.0,98.0
2026-09-30,2026-09-30 14:36,2026-10-14,14,DEL,CCU,DEL-CCU,6E,IndiGo,1,12594,INR,0,,07:20,7,09:40,9,False,140,140,0,Airbus A321neo,97.0,98.0
2026-09-30,2026-09-30 14:36,2026-10-14,14,DEL,CCU,DEL-CCU,6E,IndiGo,1,12594,INR,0,,17:55,17,20:15,20,False,140,140,0,Airbus A321neo,97.0,98.0
2026-09-30,2026-09-30 14:36,2026-10-14,14,DEL,CCU,DEL-CCU,QP,Akasa Air,1,12755,INR,0,,17:00,17,19:15,19,False,135,135,0,Boeing 737MAX 8 Passenger,100.0,98.0
2026-09-30,2026-09-30 14:36,2026-10-14,14,DEL,CCU,DEL-CCU,AI,Air India,1,13155,INR,0,,06:40,6,08:50,8,False,130,130,0,Airbus A320neo,114.0,98.0
2026-09-30,2026-09-30 14:36,2026-10-14,14,DEL,CCU,DEL-CCU,AI,Air India,1,13155,INR,0,,18:00,18,20:20,20,False,140,140,0,Airbus A320neo,114.0,98.0
2026-09-30,2026-09-30 14:36,2026-10-14,14,DEL,CCU,DEL-CCU,6E,IndiGo,1,13381,INR,0,,10:15,10,12:30,12,False,135,135,0,Airbus A321neo,97.0,98.0
2026-09-30,2026-09-30 14:36,2026-10-14,14,DEL,CCU,DEL-CCU,6E,IndiGo,1,13381,INR,0,,14:25,14,16:45,16,False,140,140,0,Airbus A321neo,97.0,98.0
2026-09-30,2026-09-30 14:36,2026-10-14,14,DEL,CCU,DEL-CCU,6E,IndiGo,1,13381,INR,0,,16:00,16,18:15,18,False,135,135,0,Airbus A321neo,97.0,98.0
2026-09-30,2026-09-30 14:36,2026-10-14,14,DEL,CCU,DEL-CCU,6E,IndiGo,1,13381,INR,0,,23:30,23,01:45,1,True,135,135,0,Airbus A321neo,97.0,98.0
2026-09-30,2026-09-30 14:36,2026-10-14,14,DEL,CCU,DEL-CCU,AI,Air India,1,14163,INR,0,,09:55,9,12:15,12,False,140,140,0,Airbus A320neo,114.0,98.0
2026-09-30,2026-09-30 14:36,2026-10-14,14,DEL,CCU,DEL-CCU,AI,Air India,1,14163,INR,0,,19:40,19,21:50,21,False,130,130,0,Airbus A320neo,114.0,98.0
2026-09-30,2026-09-30 14:36,2026-10-14,14,DEL,CCU,DEL-CCU,AI,Air India,1,14163,INR,0,,21:00,21,23:20,23,False,140,140,0,Airbus A320neo,114.0,98.0
2026-09-30,2026-09-30 14:36,2026-10-14,14,DEL,CCU,DEL-CCU,6E,IndiGo,1,14221,INR,0,,08:30,8,10:45,10,False,135,135,0,Airbus A321neo,97.0,98.0
2026-09-30,2026-09-30 14:36,2026-10-14,14,DEL,CCU,DEL-CCU,6E,IndiGo,1,14221,INR,0,,12:45,12,15:05,15,False,140,140,0,Airbus A321neo,97.0,98.0
2026-09-30,2026-09-30 14:36,2026-10-14,14,DEL,CCU,DEL-CCU,6E,IndiGo,1,14221,INR,0,,19:30,19,21:45,21,False,135,135,0,Airbus A321neo,97.0,98.0
2026-09-30,2026-09-30 14:36,2026-10-14,14,DEL,CCU,DEL-CCU,6E,IndiGo,1,14221,INR,0,,21:50,21,00:05,0,True,135,135,0,Airbus A321neo,97.0,98.0
2026-09-30,2026-09-30 14:36,2026-10-14,14,DEL,CCU,DEL-CCU,AI,Air India,1,14358,INR,0,,13:00,13,15:20,15,False,140,140,0,Airbus A320neo,114.0,98.0
2026-09-30,2026-09-30 14:36,2026-10-14,14,DEL,CCU,DEL-CCU,AI,Air India,1,15077,INR,0,,16:15,16,18:35,18,False,140,140,0,Airbus A320neo,114.0,98.0
2026-09-30,2026-09-30 14:36,2026-10-14,14,DEL,CCU,DEL-CCU,AI,Air India,1,21996,INR,0,,12:10,12,14:25,14,False,135,135,0,Airbus A321,145.0,98.0
2026-09-30,2026-09-30 14:36,2026-10-21,21,DEL,CCU,DEL-CCU,6E,IndiGo,1,9590,INR,1,JAI,07:40,7,12:05,12,False,265,195,70,Airbus A321neo | Airbus A320neo,136.0,98.0
2026-09-30,2026-09-30 14:36,2026-10-21,21,DEL,CCU,DEL-CCU,6E,IndiGo,1,9695,INR,1,IXB,10:50,10,15:25,15,False,275,180,95,Airbus A320neo | Airbus A321neo,141.0,98.0
2026-09-30,2026-09-30 14:36,2026-10-21,21,DEL,CCU,DEL-CCU,6E,IndiGo,1,9695,INR,1,IXB,14:40,14,19:20,19,False,280,185,95,Airbus A321neo | Airbus A321neo,135.0,98.0
2026-09-30,2026-09-30 14:36,2026-10-21,21,DEL,CCU,DEL-CCU,AI,Air India,1,10819,INR,0,,09:55,9,12:15,12,False,140,140,0,Airbus A320neo,114.0,98.0
2026-09-30,2026-09-30 14:36,2026-10-21,21,DEL,CCU,DEL-CCU,SG,SpiceJet,1,10825,INR,0,,06:10,6,08:30,8,False,140,140,0,Boeing 737,135.0,98.0
2026-09-30,2026-09-30 14:36,2026-10-21,21,DEL,CCU,DEL-CCU,SG,SpiceJet,1,10825,INR,0,,20:30,20,23:00,23,False,150,150,0,Boeing 737,113.0,98.0
2026-09-30,2026-09-30 14:36,2026-10-21,21,DEL,CCU,DEL-CCU,6E,IndiGo,1,11071,INR,0,,08:30,8,10:45,10,False,135,135,0,Airbus A321neo,97.0,98.0
2026-09-30,2026-09-30 14:36,2026-10-21,21,DEL,CCU,DEL-CCU,AI,Air India,1,11271,INR,0,,12:10,12,14:25,14,False,135,135,0,Airbus A321,145.0,98.0
2026-09-30,2026-09-30 14:36,2026-10-21,21,DEL,CCU,DEL-CCU,SG,SpiceJet,1,11411,INR,0,,12:10,12,14:30,14,False,140,140,0,Boeing 737,135.0,98.0
2026-09-30,2026-09-30 14:36,2026-10-21,21,DEL,CCU,DEL-CCU,QP,Akasa Air,1,11423,INR,0,,05:55,5,08:15,8,False,140,140,0,Boeing 737MAX 8 Passenger,100.0,98.0
2026-09-30,2026-09-30 14:36,2026-10-21,21,DEL,CCU,DEL-CCU,AI,Air India,1,11775,INR,0,,06:40,6,08:50,8,False,130,130,0,Airbus A320neo,114.0,98.0
2026-09-30,2026-09-30 14:36,2026-10-21,21,DEL,CCU,DEL-CCU,AI,Air India,1,11775,INR,0,,18:00,18,20:20,20,False,140,140,0,Airbus A320neo,114.0,98.0
2026-09-30,2026-09-30 14:36,2026-10-21,21,DEL,CCU,DEL-CCU,6E,IndiGo,1,11806,INR,0,,02:45,2,05:00,5,False,135,135,0,Airbus A321neo,97.0,98.0
2026-09-30,2026-09-30 14:36,2026-10-21,21,DEL,CCU,DEL-CCU,6E,IndiGo,1,11806,INR,0,,05:00,5,07:15,7,False,135,135,0,Airbus A321neo,97.0,98.0
2026-09-30,2026-09-30 14:36,2026-10-21,21,DEL,CCU,DEL-CCU,6E,IndiGo,1,11806,INR,0,,10:15,10,12:30,12,False,135,135,0,Airbus A321neo,97.0,98.0
2026-09-30,2026-09-30 14:36,2026-10-21,21,DEL,CCU,DEL-CCU,SG,SpiceJet,1,12046,INR,0,,20:10,20,22:30,22,False,140,140,0,Airbus A320,119.0,98.0
2026-09-30,2026-09-30 14:36,2026-10-21,21,DEL,CCU,DEL-CCU,AI,Air India,1,12284,INR,0,,13:00,13,15:20,15,False,140,140,0,Airbus A320neo,114.0,98.0
2026-09-30,2026-09-30 14:36,2026-10-21,21,DEL,CCU,DEL-CCU,AI,Air India,1,12378,INR,0,,21:00,21,23:20,23,False,140,140,0,Airbus A320neo,114.0,98.0
2026-09-30,2026-09-30 14:36,2026-10-21,21,DEL,CCU,DEL-CCU,6E,IndiGo,1,12594,INR,0,,16:00,16,18:15,18,False,135,135,0,Airbus A321neo,97.0,98.0
2026-09-30,2026-09-30 14:36,2026-10-21,21,DEL,CCU,DEL-CCU,6E,IndiGo,1,12594,INR,0,,17:55,17,20:15,20,False,140,140,0,Airbus A321neo,97.0,98.0
2026-09-30,2026-09-30 14:36,2026-10-21,21,DEL,CCU,DEL-CCU,6E,IndiGo,1,12594,INR,0,,21:50,21,00:05,0,True,135,135,0,Airbus A321neo,97.0,98.0
2026-09-30,2026-09-30 14:36,2026-10-21,21,DEL,CCU,DEL-CCU,6E,IndiGo,1,13381,INR,0,,12:45,12,15:05,15,False,140,140,0,Airbus A321neo,97.0,98.0
2026-09-30,2026-09-30 14:36,2026-10-21,21,DEL,CCU,DEL-CCU,6E,IndiGo,1,13381,INR,0,,14:25,14,16:45,16,False,140,140,0,Airbus A321neo,97.0,98.0
2026-09-30,2026-09-30 14:36,2026-10-21,21,DEL,CCU,DEL-CCU,6E,IndiGo,1,13381,INR,0,,23:30,23,01:45,1,True,135,135,0,Airbus A321neo,97.0,98.0
2026-09-30,2026-09-30 14:36,2026-10-21,21,DEL,CCU,DEL-CCU,AI,Air India,1,13995,INR,0,,16:15,16,18:35,18,False,140,140,0,Airbus A320neo,114.0,98.0
2026-09-30,2026-09-30 14:36,2026-10-21,21,DEL,CCU,DEL-CCU,6E,IndiGo,1,14221,INR,0,,19:30,19,21:45,21,False,135,135,0,Airbus A321neo,97.0,98.0
2026-09-30,2026-09-30 14:36,2026-10-30,30,DEL,CCU,DEL-CCU,6E,IndiGo,1,8528,INR,1,AMD,14:40,14,20:35,20,False,355,250,105,Airbus A321neo | Airbus A321neo,174.0,98.0
2026-09-30,2026-09-30 14:36,2026-10-30,30,DEL,CCU,DEL-CCU,6E,IndiGo,1,8528,INR,1,AMD,19:35,19,01:10,1,True,335,250,85,Airbus A321neo | Airbus A320neo,180.0,98.0
2026-09-30,2026-09-30 14:36,2026-10-30,30,DEL,CCU,DEL-CCU,6E,IndiGo,1,8645,INR,1,PAT,07:55,7,13:20,13,False,325,165,160,Airbus A320neo | Airbus A320neo,125.0,98.0
2026-09-30,2026-09-30 14:36,2026-10-30,30,DEL,CCU,DEL-CCU,6E,IndiGo,1,8645,INR,1,LKO,09:30,9,14:05,14,False,275,170,105,Airbus A321neo | Airbus A321neo,116.0,98.0
2026-09-30,2026-09-30 14:36,2026-10-30,30,DEL,CCU,DEL-CCU,6E,IndiGo,1,8645,INR,1,PAT,13:25,13,17:10,17,False,225,165,60,Airbus A320neo | Airbus A320neo,125.0,98.0
2026-09-30,2026-09-30 14:36,2026-10-30,30,DEL,CCU,DEL-CCU,QP,Akasa Air,1,9358,INR,0,,20:55,20,23:25,23,False,150,150,0,Boeing 737MAX 8 Passenger,100.0,98.0
2026-09-30,2026-09-30 14:36,2026-10-30,30,DEL,CCU,DEL-CCU,SG,SpiceJet,1,9390,INR,0,,07:00,7,09:25,9,False,145,145,0,Boeing 737,113.0,98.0
2026-09-30,2026-09-30 14:36,2026-10-30,30,DEL,CCU,DEL-CCU,AI,Air India,1,9396,INR,0,,21:40,21,23:50,23,False,130,130,0,Airbus A320neo,114.0,98.0
2026-09-30,2026-09-30 14:36,2026-10-30,30,DEL,CCU,DEL-CCU,6E,IndiGo,1,9444,INR,0,,04:45,4,06:55,6,False,130,130,0,Airbus A321neo,97.0,98.0
2026-09-30,2026-09-30 14:36,2026-10-30,30,DEL,CCU,DEL-CCU,6E,IndiGo,1,9444,INR,0,,06:15,6,08:25,8,False,130,130,0,Airbus A321neo,97.0,98.0
2026-09-30,2026-09-30 14:36,2026-10-30,30,DEL,CCU,DEL-CCU,6E,IndiGo,1,9444,INR,0,,22:15,22,00:25,0,True,130,130,0,Airbus A321neo,97.0,98.0
2026-09-30,2026-09-30 14:36,2026-10-30,30,DEL,CCU,DEL-CCU,6E,IndiGo,1,9916,INR,0,,03:00,3,05:10,5,False,130,130,0,Airbus A321neo,97.0,98.0
2026-09-30,2026-09-30 14:36,2026-10-30,30,DEL,CCU,DEL-CCU,6E,IndiGo,1,9916,INR,0,,10:30,10,12:40,12,False,130,130,0,Airbus A321neo,97.0,98.0
2026-09-30,2026-09-30 14:36,2026-10-30,30,DEL,CCU,DEL-CCU,6E,IndiGo,1,9916,INR,0,,12:15,12,14:25,14,False,130,130,0,Airbus A321neo,97.0,98.0
2026-09-30,2026-09-30 14:36,2026-10-30,30,DEL,CCU,DEL-CCU,AI,Air India,1,10079,INR,0,,11:40,11,13:55,13,False,135,135,0,Airbus A320neo,114.0,98.0
2026-09-30,2026-09-30 14:36,2026-10-30,30,DEL,CCU,DEL-CCU,AI,Air India,1,10184,INR,0,,09:30,9,11:45,11,False,135,135,0,Airbus A320neo,114.0,98.0
2026-09-30,2026-09-30 14:36,2026-10-30,30,DEL,CCU,DEL-CCU,6E,IndiGo,1,10441,INR,0,,15:30,15,17:40,17,False,130,130,0,Airbus A321neo,97.0,98.0
2026-09-30,2026-09-30 14:36,2026-10-30,30,DEL,CCU,DEL-CCU,6E,IndiGo,1,10441,INR,0,,17:15,17,19:25,19,False,130,130,0,Airbus A321neo,97.0,98.0
2026-09-30,2026-09-30 14:36,2026-10-30,30,DEL,CCU,DEL-CCU,AI,Air India,1,10536,INR,0,,16:15,16,18:25,18,False,130,130,0,Airbus A320neo,114.0,98.0
2026-09-30,2026-09-30 14:36,2026-10-30,30,DEL,CCU,DEL-CCU,AI,Air India,1,10625,INR,0,,19:40,19,21:50,21,False,130,130,0,Airbus A320neo,114.0,98.0
2026-09-30,2026-09-30 14:36,2026-10-30,30,DEL,CCU,DEL-CCU,AI,Air India,1,10819,INR,0,,13:00,13,15:10,15,False,130,130,0,Airbus A320neo,114.0,98.0
2026-09-30,2026-09-30 14:36,2026-10-30,30,DEL,CCU,DEL-CCU,AI,Air India,1,11008,INR,0,,18:00,18,20:10,20,False,130,130,0,Airbus A320neo,114.0,98.0
2026-09-30,2026-09-30 14:36,2026-10-30,30,DEL,CCU,DEL-CCU,6E,IndiGo,1,14221,INR,0,,13:35,13,15:45,15,False,130,130,0,Airbus A321neo,97.0,98.0
2026-09-30,2026-09-30 14:36,2026-10-30,30,DEL,CCU,DEL-CCU,6E,IndiGo,1,14221,INR,0,,19:30,19,21:40,21,False,130,130,0,Airbus A321neo,97.0,98.0
2026-09-30,2026-09-30 14:36,2026-10-30,30,DEL,CCU,DEL-CCU,6E,IndiGo,1,14221,INR,0,,23:45,23,01:55,1,True,130,130,0,Airbus A321neo,97.0,98.0
2026-09-30,2026-09-30 14:36,2026-11-14,45,DEL,CCU,DEL-CCU,6E,IndiGo,1,8187,INR,1,IXR,18:10,18,22:40,22,False,270,175,95,Airbus A320neo | ATR 72,117.0,98.0
2026-09-30,2026-09-30 14:36,2026-11-14,45,DEL,CCU,DEL-CCU,6E,IndiGo,1,8502,INR,1,IXA,12:35,12,17:30,17,False,295,205,90,Airbus A320neo | Airbus A320neo,158.0,98.0
2026-09-30,2026-09-30 14:36,2026-11-14,45,DEL,CCU,DEL-CCU,6E,IndiGo,1,9380,INR,1,LKO,09:30,9,14:05,14,False,275,170,105,Airbus A321neo | Airbus A321neo,113.0,98.0
2026-09-30,2026-09-30 14:36,2026-11-14,45,DEL,CCU,DEL-CCU,6E,IndiGo,1,11071,INR,0,,03:00,3,05:10,5,False,130,130,0,Airbus A321neo,95.0,98.0
2026-09-30,2026-09-30 14:36,2026-11-14,45,DEL,CCU,DEL-CCU,6E,IndiGo,1,11071,INR,0,,04:45,4,06:55,6,False,130,130,0,Airbus A321neo,95.0,98.0
2026-09-30,2026-09-30 14:36,2026-11-14,45,DEL,CCU,DEL-CCU,6E,IndiGo,1,11071,INR,0,,06:15,6,08:25,8,False,130,130,0,Airbus A321neo,95.0,98.0
2026-09-30,2026-09-30 14:36,2026-11-14,45,DEL,CCU,DEL-CCU,6E,IndiGo,1,11071,INR,0,,08:30,8,10:40,10,False,130,130,0,Airbus A321neo,95.0,98.0
2026-09-30,2026-09-30 14:36,2026-11-14,45,DEL,CCU,DEL-CCU,6E,IndiGo,1,11071,INR,0,,10:30,10,12:40,12,False,130,130,0,Airbus A321neo,95.0,98.0
2026-09-30,2026-09-30 14:36,2026-11-14,45,DEL,CCU,DEL-CCU,6E,IndiGo,1,11071,INR,0,,12:15,12,14:25,14,False,130,130,0,Airbus A321neo,95.0,98.0
2026-09-30,2026-09-30 14:36,2026-11-14,45,DEL,CCU,DEL-CCU,6E,IndiGo,1,11071,INR,0,,13:35,13,15:45,15,False,130,130,0,Airbus A321neo,95.0,98.0
2026-09-30,2026-09-30 14:36,2026-11-14,45,DEL,CCU,DEL-CCU,6E,IndiGo,1,11071,INR,0,,17:15,17,19:25,19,False,130,130,0,Airbus A321neo,95.0,98.0
2026-09-30,2026-09-30 14:36,2026-11-14,45,DEL,CCU,DEL-CCU,6E,IndiGo,1,11071,INR,0,,22:15,22,00:25,0,True,130,130,0,Airbus A321neo,95.0,98.0
2026-09-30,2026-09-30 14:36,2026-11-14,45,DEL,CCU,DEL-CCU,QP,Akasa Air,1,11216,INR,0,,08:50,8,11:10,11,False,140,140,0,Boeing 737MAX 8 Passenger,98.0,98.0
2026-09-30,2026-09-30 14:36,2026-11-14,45,DEL,CCU,DEL-CCU,AI,Air India,1,11428,INR,0,,16:15,16,18:25,18,False,130,130,0,Airbus A320neo,112.0,98.0
2026-09-30,2026-09-30 14:36,2026-11-14,45,DEL,CCU,DEL-CCU,AI,Air India,1,11428,INR,0,,18:00,18,20:10,20,False,130,130,0,Airbus A320neo,112.0,98.0
2026-09-30,2026-09-30 14:36,2026-11-14,45,DEL,CCU,DEL-CCU,AI,Air India,1,11633,INR,0,,21:40,21,23:50,23,False,130,130,0,Airbus A320neo,112.0,98.0
2026-09-30,2026-09-30 14:36,2026-11-14,45,DEL,CCU,DEL-CCU,AI,Air India,1,11738,INR,0,,09:30,9,11:45,11,False,135,135,0,Airbus A320neo,112.0,98.0
2026-09-30,2026-09-30 14:36,2026-11-14,45,DEL,CCU,DEL-CCU,6E,IndiGo,1,11806,INR,0,,15:30,15,17:40,17,False,130,130,0,Airbus A321neo,95.0,98.0
2026-09-30,2026-09-30 14:36,2026-11-14,45,DEL,CCU,DEL-CCU,6E,IndiGo,1,11806,INR,0,,23:45,23,01:55,1,True,130,130,0,Airbus A321neo,95.0,98.0
2026-09-30,2026-09-30 14:36,2026-11-14,45,DEL,CCU,DEL-CCU,AI,Air India,1,12210,INR,0,,11:40,11,13:55,13,False,135,135,0,Airbus A320neo,112.0,98.0
2026-09-30,2026-09-30 14:36,2026-11-14,45,DEL,CCU,DEL-CCU,AI,Air India,1,12541,INR,0,,13:00,13,15:10,15,False,130,130,0,Airbus A320neo,112.0,98.0
2026-09-30,2026-09-30 14:36,2026-11-14,45,DEL,CCU,DEL-CCU,6E,IndiGo,1,12594,INR,0,,19:30,19,21:40,21,False,130,130,0,Airbus A321neo,95.0,98.0
2026-09-30,2026-09-30 14:36,2026-11-14,45,DEL,CCU,DEL-CCU,AI,Air India,1,13155,INR,0,,06:45,6,09:00,9,False,135,135,0,Airbus A320neo,112.0,98.0
2026-09-30,2026-09-30 14:36,2026-11-14,45,DEL,CCU,DEL-CCU,AI,Air India,1,13518,INR,0,,19:40,19,21:50,21,False,130,130,0,Airbus A320neo,112.0,98.0
2026-09-30,2026-09-30 14:36,2026-11-29,60,DEL,CCU,DEL-CCU,6E,IndiGo,1,7369,INR,1,PAT,07:55,7,13:20,13,False,325,165,160,Airbus A320neo | Airbus A320neo,122.0,98.0
2026-09-30,2026-09-30 14:36,2026-11-29,60,DEL,CCU,DEL-CCU,6E,IndiGo,1,7369,INR,1,LKO,09:30,9,14:05,14,False,275,170,105,Airbus A321neo | Airbus A321neo,113.0,98.0
2026-09-30,2026-09-30 14:36,2026-11-29,60,DEL,CCU,DEL-CCU,6E,IndiGo,1,7369,INR,1,PAT,14:35,14,20:45,20,False,370,165,205,Airbus A320neo | Airbus A320neo,122.0,98.0
2026-09-30,2026-09-30 14:36,2026-11-29,60,DEL,CCU,DEL-CCU,6E,IndiGo,1,7579,INR,1,IXR,15:05,15,20:25,20,False,320,175,145,Airbus A320neo | ATR 72,117.0,98.0
2026-09-30,2026-09-30 14:36,2026-11-29,60,DEL,CCU,DEL-CCU,6E,IndiGo,1,7684,INR,1,IXB,14:50,14,19:45,19,False,295,185,110,Airbus A321neo | Airbus A321neo,132.0,98.0
2026-09-30,2026-09-30 14:36,2026-11-29,60,DEL,CCU,DEL-CCU,6E,IndiGo,1,9444,INR,0,,06:15,6,08:25,8,False,130,130,0,Airbus A321neo,95.0,98.0
2026-09-30,2026-09-30 14:36,2026-11-29,60,DEL,CCU,DEL-CCU,6E,IndiGo,1,9444,INR,0,,08:30,8,10:40,10,False,130,130,0,Airbus A321neo,95.0,98.0
2026-09-30,2026-09-30 14:36,2026-11-29,60,DEL,CCU,DEL-CCU,6E,IndiGo,1,9444,INR,0,,12:15,12,14:25,14,False,130,130,0,Airbus A321neo,95.0,98.0
2026-09-30,2026-09-30 14:36,2026-11-29,60,DEL,CCU,DEL-CCU,6E,IndiGo,1,9444,INR,0,,22:15,22,00:25,0,True,130,130,0,Airbus A321neo,95.0,98.0
2026-09-30,2026-09-30 14:36,2026-11-29,60,DEL,CCU,DEL-CCU,6E,IndiGo,1,9444,INR,0,,23:45,23,01:55,1,True,130,130,0,Airbus A321neo,95.0,98.0
2026-09-30,2026-09-30 14:36,2026-11-29,60,DEL,CCU,DEL-CCU,6E,IndiGo,1,9916,INR,0,,10:30,10,12:40,12,False,130,130,0,Airbus A321neo,95.0,98.0
2026-09-30,2026-09-30 14:36,2026-11-29,60,DEL,CCU,DEL-CCU,6E,IndiGo,1,9916,INR,0,,15:30,15,17:40,17,False,130,130,0,Airbus A321neo,95.0,98.0
2026-09-30,2026-09-30 14:36,2026-11-29,60,DEL,CCU,DEL-CCU,AI,Air India,1,10257,INR,0,,16:15,16,18:25,18,False,130,130,0,Airbus A320neo,112.0,98.0
2026-09-30,2026-09-30 14:36,2026-11-29,60,DEL,CCU,DEL-CCU,SG,SpiceJet,1,10288,INR,0,,07:00,7,09:25,9,False,145,145,0,Boeing 737,111.0,98.0
2026-09-30,2026-09-30 14:36,2026-11-29,60,DEL,CCU,DEL-CCU,AI,Air India,1,10347,INR,0,,13:00,13,15:10,15,False,130,130,0,Airbus A320neo,112.0,98.0
2026-09-30,2026-09-30 14:36,2026-11-29,60,DEL,CCU,DEL-CCU,6E,IndiGo,1,10441,INR,0,,17:15,17,19:25,19,False,130,130,0,Airbus A321neo,95.0,98.0
2026-09-30,2026-09-30 14:36,2026-11-29,60,DEL,CCU,DEL-CCU,QP,Akasa Air,1,10620,INR,0,,08:50,8,11:10,11,False,140,140,0,Boeing 737MAX 8 Passenger,98.0,98.0
2026-09-30,2026-09-30 14:36,2026-11-29,60,DEL,CCU,DEL-CCU,QP,Akasa Air,1,10620,INR,0,,20:55,20,23:25,23,False,150,150,0,Boeing 737MAX 8 Passenger,98.0,98.0
2026-09-30,2026-09-30 14:36,2026-11-29,60,DEL,CCU,DEL-CCU,AI,Air India,1,10693,INR,0,,18:00,18,20:10,20,False,130,130,0,Airbus A320neo,112.0,98.0
2026-09-30,2026-09-30 14:36,2026-11-29,60,DEL,CCU,DEL-CCU,AI,Air India,1,10982,INR,0,,09:30,9,11:45,11,False,135,135,0,Airbus A320neo,112.0,98.0
2026-09-30,2026-09-30 14:36,2026-11-29,60,DEL,CCU,DEL-CCU,AI,Air India,1,11428,INR,0,,11:40,11,13:55,13,False,135,135,0,Airbus A320neo,112.0,98.0
2026-09-30,2026-09-30 14:36,2026-11-29,60,DEL,CCU,DEL-CCU,AI,Air India,1,11738,INR,0,,19:40,19,21:50,21,False,130,130,0,Airbus A320neo,112.0,98.0
2026-09-30,2026-09-30 14:36,2026-11-29,60,DEL,CCU,DEL-CCU,6E,IndiGo,1,11806,INR,0,,19:30,19,21:40,21,False,130,130,0,Airbus A321neo,95.0,98.0
2026-09-30,2026-09-30 14:36,2026-11-29,60,DEL,CCU,DEL-CCU,AI,Air India,1,12210,INR,0,,06:45,6,09:00,9,False,135,135,0,Airbus A320neo,112.0,98.0
2026-09-30,2026-09-30 14:36,2026-11-29,60,DEL,CCU,DEL-CCU,6E,IndiGo,1,22487,INR,0,,03:00,3,05:10,5,False,130,130,0,Airbus A321neo,95.0,98.0
2026-09-30,2026-09-30 14:36,2026-11-29,60,DEL,CCU,DEL-CCU,6E,IndiGo,1,22487,INR,0,,04:45,4,06:55,6,False,130,130,0,Airbus A321neo,95.0,98.0
2026-09-30,2026-09-30 14:36,2026-10-01,1,PNQ,DEL,PNQ-DEL,AI,Air India,1,8208,INR,0,,00:35,0,03:00,3,False,145,145,0,Airbus A320neo,110.0,98.0
2026-09-30,2026-09-30 14:36,2026-10-01,1,PNQ,DEL,PNQ-DEL,6E,IndiGo,1,8297,INR,1,IDR,01:10,1,08:30,8,False,440,175,265,Airbus A320neo | Airbus A321neo,112.0,98.0
2026-09-30,2026-09-30 14:36,2026-10-01,1,PNQ,DEL,PNQ-DEL,6E,IndiGo,1,8368,INR,0,,00:15,0,02:30,2,False,135,135,0,Airbus A321neo,94.0,98.0
2026-09-30,2026-09-30 14:36,2026-10-01,1,PNQ,DEL,PNQ-DEL,6E,IndiGo,1,8368,INR,0,,01:45,1,04:00,4,False,135,135,0,Airbus A321neo,94.0,98.0
2026-09-30,2026-09-30 14:36,2026-10-01,1,PNQ,DEL,PNQ-DEL,6E,IndiGo,1,8368,INR,0,,05:05,5,07:15,7,False,130,130,0,Airbus A321neo,94.0,98.0
2026-09-30,2026-09-30 14:36,2026-10-01,1,PNQ,DEL,PNQ-DEL,6E,IndiGo,1,8368,INR,0,,07:25,7,09:40,9,False,135,135,0,Airbus A321neo,94.0,98.0
2026-09-30,2026-09-30 14:36,2026-10-01,1,PNQ,DEL,PNQ-DEL,AI,Air India,1,8948,INR,0,,07:40,7,10:05,10,False,145,145,0,Airbus A321,140.0,98.0
2026-09-30,2026-09-30 14:36,2026-10-01,1,PNQ,DEL,PNQ-DEL,QP,Akasa Air,1,9235,INR,0,,07:50,7,10:10,10,False,140,140,0,Boeing 737MAX 8 Passenger,93.0,98.0
2026-09-30,2026-09-30 14:36,2026-10-01,1,PNQ,DEL,PNQ-DEL,6E,IndiGo,1,9733,INR,0,,12:25,12,14:40,14,False,135,135,0,Airbus A321neo,94.0,98.0
2026-09-30,2026-09-30 14:36,2026-10-01,1,PNQ,DEL,PNQ-DEL,6E,IndiGo,1,12417,INR,0,,14:45,14,16:45,16,False,120,120,0,Airbus A321neo,94.0,98.0
2026-09-30,2026-09-30 14:36,2026-10-01,1,PNQ,DEL,PNQ-DEL,AI,Air India,1,13600,INR,0,,05:15,5,07:40,7,False,145,145,0,Airbus A320neo,110.0,98.0
2026-09-30,2026-09-30 14:36,2026-10-01,1,PNQ,DEL,PNQ-DEL,QP,Akasa Air,1,14100,INR,0,,21:05,21,23:40,23,False,155,155,0,Boeing 737MAX 8 Passenger,98.0,98.0
2026-09-30,2026-09-30 14:36,2026-10-01,1,PNQ,DEL,PNQ-DEL,IX,Air India Express,1,14541,INR,0,,18:50,18,21:15,21,False,145,145,0,Boeing 737MAX 8 Passenger,111.0,98.0
2026-09-30,2026-09-30 14:36,2026-10-01,1,PNQ,DEL,PNQ-DEL,AI,Air India,1,14750,INR,0,,08:45,8,11:10,11,False,145,145,0,Airbus A320neo,110.0,98.0
2026-09-30,2026-09-30 14:36,2026-10-01,1,PNQ,DEL,PNQ-DEL,6E,IndiGo,1,15811,INR,0,,19:10,19,21:25,21,False,135,135,0,Airbus A321neo,94.0,98.0
2026-09-30,2026-09-30 14:36,2026-10-01,1,PNQ,DEL,PNQ-DEL,6E,IndiGo,1,17163,INR,0,,21:00,21,23:15,23,False,135,135,0,Airbus A321neo,94.0,98.0
2026-09-30,2026-09-30 14:36,2026-10-01,1,PNQ,DEL,PNQ-DEL,AI,Air India,1,20252,INR,0,,22:00,22,00:25,0,True,145,145,0,Airbus A320neo,110.0,98.0
2026-09-30,2026-09-30 14:36,2026-10-01,1,PNQ,DEL,PNQ-DEL,AI,Air India,1,20813,INR,0,,15:50,15,18:15,18,False,145,145,0,Airbus A320neo,110.0,98.0
2026-09-30,2026-09-30 14:36,2026-10-01,1,PNQ,DEL,PNQ-DEL,AI,Air India,1,24803,INR,0,,18:45,18,21:10,21,False,145,145,0,Airbus A320neo,110.0,98.0
2026-09-30,2026-09-30 14:36,2026-10-01,1,PNQ,DEL,PNQ-DEL,AI,Air India,1,24803,INR,0,,20:30,20,22:55,22,False,145,145,0,Airbus A320neo,110.0,98.0
2026-09-30,2026-09-30 14:36,2026-10-03,3,PNQ,DEL,PNQ-DEL,AI,Air India,1,6938,INR,0,,18:45,18,21:10,21,False,145,145,0,Airbus A320neo,110.0,98.0
2026-09-30,2026-09-30 14:36,2026-10-03,3,PNQ,DEL,PNQ-DEL,AI,Air India,1,6938,INR,0,,22:00,22,00:25,0,True,145,145,0,Airbus A320neo,110.0,98.0
2026-09-30,2026-09-30 14:36,2026-10-03,3,PNQ,DEL,PNQ-DEL,6E,IndiGo,1,7014,INR,0,,00:15,0,02:30,2,False,135,135,0,Airbus A321neo,94.0,98.0
2026-09-30,2026-09-30 14:36,2026-10-03,3,PNQ,DEL,PNQ-DEL,6E,IndiGo,1,7014,INR,0,,01:45,1,04:00,4,False,135,135,0,Airbus A321neo,94.0,98.0
2026-09-30,2026-09-30 14:36,2026-10-03,3,PNQ,DEL,PNQ-DEL,6E,IndiGo,1,7014,INR,0,,07:25,7,09:40,9,False,135,135,0,Airbus A321neo,94.0,98.0
2026-09-30,2026-09-30 14:36,2026-10-03,3,PNQ,DEL,PNQ-DEL,6E,IndiGo,1,7014,INR,0,,19:10,19,21:25,21,False,135,135,0,Airbus A321neo,94.0,98.0
2026-09-30,2026-09-30 14:36,2026-10-03,3,PNQ,DEL,PNQ-DEL,6E,IndiGo,1,7014,INR,0,,21:00,21,23:15,23,False,135,135,0,Airbus A321neo,94.0,98.0
2026-09-30,2026-09-30 14:36,2026-10-03,3,PNQ,DEL,PNQ-DEL,AI,Air India,1,7058,INR,0,,20:30,20,22:55,22,False,145,145,0,Airbus A320neo,110.0,98.0
2026-09-30,2026-09-30 14:36,2026-10-03,3,PNQ,DEL,PNQ-DEL,6E,IndiGo,1,7308,INR,0,,08:50,8,11:05,11,False,135,135,0,Airbus A321neo,94.0,98.0
2026-09-30,2026-09-30 14:36,2026-10-03,3,PNQ,DEL,PNQ-DEL,IX,Air India Express,1,7724,INR,0,,18:50,18,21:15,21,False,145,145,0,Boeing 737MAX 8 Passenger,111.0,98.0
2026-09-30,2026-09-30 14:36,2026-10-03,3,PNQ,DEL,PNQ-DEL,AI,Air India,1,7856,INR,0,,07:40,7,10:05,10,False,145,145,0,Airbus A321,140.0,98.0
2026-09-30,2026-09-30 14:36,2026-10-03,3,PNQ,DEL,PNQ-DEL,QP,Akasa Air,1,8201,INR,0,,07:50,7,10:10,10,False,140,140,0,Boeing 737MAX 8 Passenger,93.0,98.0
2026-09-30,2026-09-30 14:36,2026-10-03,3,PNQ,DEL,PNQ-DEL,SG,SpiceJet,1,9222,INR,0,,05:55,5,08:30,8,False,155,155,0,Airbus A320,110.0,98.0
2026-09-30,2026-09-30 14:36,2026-10-03,3,PNQ,DEL,PNQ-DEL,AI,Air India,1,14750,INR,0,,04:55,4,07:15,7,False,140,140,0,Airbus A320neo,110.0,98.0
2026-09-30,2026-09-30 14:36,2026-10-07,7,PNQ,DEL,PNQ-DEL,AI,Air India,1,7148,INR,0,,04:55,4,07:15,7,False,140,140,0,Airbus A320neo,110.0,98.0
2026-09-30,2026-09-30 14:36,2026-10-07,7,PNQ,DEL,PNQ-DEL,AI,Air India,1,7148,INR,0,,05:15,5,07:40,7,False,145,145,0,Airbus A320neo,110.0,98.0
2026-09-30,2026-09-30 14:36,2026-10-07,7,PNQ,DEL,PNQ-DEL,6E,IndiGo,1,7308,INR,0,,12:25,12,14:40,14,False,135,135,0,Airbus A321neo,94.0,98.0
2026-09-30,2026-09-30 14:36,2026-10-07,7,PNQ,DEL,PNQ-DEL,AI,Air India,1,7368,INR,0,,22:00,22,00:25,0,True,145,145,0,Airbus A320neo,110.0,98.0
2026-09-30,2026-09-30 14:36,2026-10-07,7,PNQ,DEL,PNQ-DEL,QP,Akasa Air,1,7420,INR,0,,21:05,21,23:40,23,False,155,155,0,Boeing 737MAX 8 Passenger,98.0,98.0
2026-09-30,2026-09-30 14:36,2026-10-07,7,PNQ,DEL,PNQ-DEL,AI,Air India,1,7478,INR,0,,07:40,7,10:05,10,False,145,145,0,Airbus A320neo,140.0,98.0
2026-09-30,2026-09-30 14:36,2026-10-07,7,PNQ,DEL,PNQ-DEL,AI,Air India,1,7478,INR,0,,08:45,8,11:10,11,False,145,145,0,Airbus A320neo,110.0,98.0
2026-09-30,2026-09-30 14:36,2026-10-07,7,PNQ,DEL,PNQ-DEL,6E,IndiGo,1,7528,INR,0,,07:25,7,09:40,9,False,135,135,0,Airbus A321neo,94.0,98.0
2026-09-30,2026-09-30 14:36,2026-10-07,7,PNQ,DEL,PNQ-DEL,6E,IndiGo,1,7528,INR,0,,08:50,8,11:05,11,False,135,135,0,Airbus A321neo,94.0,98.0
2026-09-30,2026-09-30 14:36,2026-10-07,7,PNQ,DEL,PNQ-DEL,AI,Air India,1,7657,INR,0,,20:30,20,22:55,22,False,145,145,0,Airbus A320neo,110.0,98.0
2026-09-30,2026-09-30 14:36,2026-10-07,7,PNQ,DEL,PNQ-DEL,IX,Air India Express,1,7724,INR,0,,18:50,18,21:15,21,False,145,145,0,Boeing 737MAX 8 Passenger,111.0,98.0
2026-09-30,2026-09-30 14:36,2026-10-07,7,PNQ,DEL,PNQ-DEL,6E,IndiGo,1,7843,INR,0,,14:45,14,16:45,16,False,120,120,0,Airbus A321neo,94.0,98.0
2026-09-30,2026-09-30 14:36,2026-10-07,7,PNQ,DEL,PNQ-DEL,6E,IndiGo,1,7843,INR,0,,19:10,19,21:25,21,False,135,135,0,Airbus A321neo,94.0,98.0
2026-09-30,2026-09-30 14:36,2026-10-07,7,PNQ,DEL,PNQ-DEL,QP,Akasa Air,1,7930,INR,0,,07:50,7,10:10,10,False,140,140,0,Boeing 737MAX 8 Passenger,93.0,98.0
2026-09-30,2026-09-30 14:36,2026-10-07,7,PNQ,DEL,PNQ-DEL,AI,Air India,1,7982,INR,0,,15:50,15,18:15,18,False,145,145,0,Airbus A320neo,110.0,98.0
2026-09-30,2026-09-30 14:36,2026-10-07,7,PNQ,DEL,PNQ-DEL,AI,Air India,1,7982,INR,0,,18:45,18,21:10,21,False,145,145,0,Airbus A320neo,110.0,98.0
2026-09-30,2026-09-30 14:36,2026-10-07,7,PNQ,DEL,PNQ-DEL,IX,Air India Express,1,8106,INR,0,,07:40,7,10:00,10,False,140,140,0,Boeing 737MAX 8 Passenger,111.0,98.0
2026-09-30,2026-09-30 14:36,2026-10-14,14,PNQ,DEL,PNQ-DEL,AI,Air India,1,6938,INR,0,,00:35,0,03:00,3,False,145,145,0,Airbus A320neo,110.0,98.0
2026-09-30,2026-09-30 14:36,2026-10-14,14,PNQ,DEL,PNQ-DEL,AI,Air India,1,6938,INR,0,,04:55,4,07:15,7,False,140,140,0,Airbus A320neo,110.0,98.0
2026-09-30,2026-09-30 14:36,2026-10-14,14,PNQ,DEL,PNQ-DEL,AI,Air India,1,6938,INR,0,,05:15,5,07:40,7,False,145,145,0,Airbus A320neo,110.0,98.0
2026-09-30,2026-09-30 14:36,2026-10-14,14,PNQ,DEL,PNQ-DEL,6E,IndiGo,1,7014,INR,0,,00:15,0,02:30,2,False,135,135,0,Airbus A321neo,94.0,98.0
2026-09-30,2026-09-30 14:36,2026-10-14,14,PNQ,DEL,PNQ-DEL,6E,IndiGo,1,7014,INR,0,,01:45,1,04:00,4,False,135,135,0,Airbus A321neo,94.0,98.0
2026-09-30,2026-09-30 14:36,2026-10-14,14,PNQ,DEL,PNQ-DEL,6E,IndiGo,1,7014,INR,0,,21:00,21,23:15,23,False,135,135,0,Airbus A321neo,94.0,98.0
2026-09-30,2026-09-30 14:36,2026-10-14,14,PNQ,DEL,PNQ-DEL,AI,Air India,1,7058,INR,0,,20:30,20,22:55,22,False,145,145,0,Airbus A320neo,110.0,98.0
2026-09-30,2026-09-30 14:36,2026-10-14,14,PNQ,DEL,PNQ-DEL,IX,Air India Express,1,7456,INR,0,,18:50,18,21:15,21,False,145,145,0,Boeing 737MAX 8 Passenger,111.0,98.0
2026-09-30,2026-09-30 14:36,2026-10-14,14,PNQ,DEL,PNQ-DEL,AI,Air India,1,7478,INR,0,,07:40,7,10:05,10,False,145,145,0,Airbus A320neo,140.0,98.0
2026-09-30,2026-09-30 14:36,2026-10-14,14,PNQ,DEL,PNQ-DEL,6E,IndiGo,1,7528,INR,0,,19:10,19,21:25,21,False,135,135,0,Airbus A321neo,94.0,98.0
2026-09-30,2026-09-30 14:36,2026-10-14,14,PNQ,DEL,PNQ-DEL,SG,SpiceJet,1,7571,INR,0,,05:55,5,08:30,8,False,155,155,0,Boeing 737,110.0,98.0
2026-09-30,2026-09-30 14:36,2026-10-14,14,PNQ,DEL,PNQ-DEL,AI,Air India,1,7657,INR,0,,18:45,18,21:10,21,False,145,145,0,Airbus A320neo,110.0,98.0
2026-09-30,2026-09-30 14:36,2026-10-14,14,PNQ,DEL,PNQ-DEL,QP,Akasa Air,1,7755,INR,0,,07:50,7,10:10,10,False,140,140,0,Boeing 737MAX 8 Passenger,93.0,98.0
2026-09-30,2026-09-30 14:36,2026-10-14,14,PNQ,DEL,PNQ-DEL,IX,Air India Express,1,7990,INR,0,,07:40,7,10:00,10,False,140,140,0,Boeing 737MAX 8 Passenger,111.0,98.0
2026-09-30,2026-09-30 14:36,2026-10-14,14,PNQ,DEL,PNQ-DEL,AI,Air India,1,8318,INR,0,,08:45,8,11:10,11,False,145,145,0,Airbus A320neo,110.0,98.0
2026-09-30,2026-09-30 14:36,2026-10-14,14,PNQ,DEL,PNQ-DEL,6E,IndiGo,1,8368,INR,0,,08:50,8,11:05,11,False,135,135,0,Airbus A321neo,94.0,98.0
2026-09-30,2026-09-30 14:36,2026-10-14,14,PNQ,DEL,PNQ-DEL,6E,IndiGo,1,8368,INR,0,,12:25,12,14:40,14,False,135,135,0,Airbus A321neo,94.0,98.0
2026-09-30,2026-09-30 14:36,2026-10-14,14,PNQ,DEL,PNQ-DEL,AI,Air India,1,8523,INR,0,,15:50,15,18:15,18,False,145,145,0,Airbus A320neo,110.0,98.0
2026-09-30,2026-09-30 14:36,2026-10-14,14,PNQ,DEL,PNQ-DEL,6E,IndiGo,1,8998,INR,0,,14:45,14,16:45,16,False,120,120,0,Airbus A321neo,94.0,98.0
2026-09-30,2026-09-30 14:36,2026-10-14,14,PNQ,DEL,PNQ-DEL,6E,IndiGo,1,9733,INR,0,,07:25,7,09:40,9,False,135,135,0,Airbus A321neo,94.0,98.0
2026-09-30,2026-09-30 14:36,2026-10-21,21,PNQ,DEL,PNQ-DEL,6E,IndiGo,1,8166,INR,1,STV,14:00,14,19:30,19,False,330,180,150,Airbus A321neo | Airbus A321neo,111.0,98.0
2026-09-30,2026-09-30 14:36,2026-10-21,21,PNQ,DEL,PNQ-DEL,SG,SpiceJet,1,8201,INR,0,,05:55,5,08:30,8,False,155,155,0,Boeing 737,110.0,98.0
2026-09-30,2026-09-30 14:36,2026-10-21,21,PNQ,DEL,PNQ-DEL,AI,Air India,1,8213,INR,0,,20:30,20,22:55,22,False,145,145,0,Airbus A320neo,110.0,98.0
2026-09-30,2026-09-30 14:36,2026-10-21,21,PNQ,DEL,PNQ-DEL,6E,IndiGo,1,8264,INR,0,,21:00,21,23:15,23,False,135,135,0,Airbus A321neo,94.0,98.0
2026-09-30,2026-09-30 14:36,2026-10-21,21,PNQ,DEL,PNQ-DEL,IX,Air India Express,1,8411,INR,0,,18:50,18,21:15,21,False,145,145,0,Boeing 737MAX 8 Passenger,111.0,98.0
2026-09-30,2026-09-30 14:36,2026-10-21,21,PNQ,DEL,PNQ-DEL,AI,Air India,1,8418,INR,0,,18:45,18,21:10,21,False,145,145,0,Airbus A320neo,110.0,98.0
2026-09-30,2026-09-30 14:36,2026-10-21,21,PNQ,DEL,PNQ-DEL,IX,Air India Express,1,8437,INR,1,IDR,08:10,8,12:20,12,False,250,210,40,Boeing 737MAX 8 Passenger | Boeing 737MAX 8 Passenger,135.0,98.0
2026-09-30,2026-09-30 14:36,2026-10-21,21,PNQ,DEL,PNQ-DEL,QP,Akasa Air,1,8627,INR,0,,21:05,21,23:40,23,False,155,155,0,Boeing 737MAX 8 Passenger,98.0,98.0
2026-09-30,2026-09-30 14:36,2026-10-21,21,PNQ,DEL,PNQ-DEL,AI,Air India,1,8665,INR,0,,00:35,0,03:00,3,False,145,145,0,Airbus A320neo,110.0,98.0
2026-09-30,2026-09-30 14:36,2026-10-21,21,PNQ,DEL,PNQ-DEL,AI,Air India,1,8665,INR,0,,04:55,4,07:15,7,False,140,140,0,Airbus A320neo,110.0,98.0
2026-09-30,2026-09-30 14:36,2026-10-21,21,PNQ,DEL,PNQ-DEL,AI,Air India,1,8665,INR,0,,05:15,5,07:40,7,False,145,145,0,Airbus A320neo,110.0,98.0
2026-09-30,2026-09-30 14:36,2026-10-21,21,PNQ,DEL,PNQ-DEL,AI,Air India,1,8780,INR,0,,08:45,8,11:10,11,False,145,145,0,Airbus A320neo,110.0,98.0
2026-09-30,2026-09-30 14:36,2026-10-21,21,PNQ,DEL,PNQ-DEL,6E,IndiGo,1,8827,INR,0,,00:15,0,02:30,2,False,135,135,0,Airbus A321neo,94.0,98.0
2026-09-30,2026-09-30 14:36,2026-10-21,21,PNQ,DEL,PNQ-DEL,6E,IndiGo,1,8827,INR,0,,05:05,5,07:15,7,False,130,130,0,Airbus A321neo,94.0,98.0
2026-09-30,2026-09-30 14:36,2026-10-21,21,PNQ,DEL,PNQ-DEL,6E,IndiGo,1,8827,INR,0,,08:50,8,11:05,11,False,135,135,0,Airbus A321neo,94.0,98.0
2026-09-30,2026-09-30 14:36,2026-10-21,21,PNQ,DEL,PNQ-DEL,6E,IndiGo,1,8827,INR,0,,14:45,14,16:45,16,False,120,120,0,Airbus A321neo,94.0,98.0
2026-09-30,2026-09-30 14:36,2026-10-21,21,PNQ,DEL,PNQ-DEL,AI,Air India,1,8996,INR,0,,15:50,15,18:15,18,False,145,145,0,Airbus A320neo,110.0,98.0
2026-09-30,2026-09-30 14:36,2026-10-21,21,PNQ,DEL,PNQ-DEL,AI,Air India,1,9389,INR,0,,07:40,7,10:05,10,False,145,145,0,Airbus A321,140.0,98.0
2026-09-30,2026-09-30 14:36,2026-10-21,21,PNQ,DEL,PNQ-DEL,6E,IndiGo,1,9436,INR,0,,07:25,7,09:40,9,False,135,135,0,Airbus A321neo,94.0,98.0
2026-09-30,2026-09-30 14:36,2026-10-21,21,PNQ,DEL,PNQ-DEL,6E,IndiGo,1,9436,INR,0,,12:25,12,14:40,14,False,135,135,0,Airbus A321neo,94.0,98.0
2026-09-30,2026-09-30 14:36,2026-10-21,21,PNQ,DEL,PNQ-DEL,QP,Akasa Air,1,9558,INR,0,,07:50,7,10:10,10,False,140,140,0,Boeing 737MAX 8 Passenger,93.0,98.0
2026-09-30,2026-09-30 14:36,2026-10-21,21,PNQ,DEL,PNQ-DEL,IX,Air India Express,1,9583,INR,0,,07:40,7,10:00,10,False,140,140,0,Boeing 737MAX 8 Passenger,111.0,98.0
2026-09-30,2026-09-30 14:36,2026-10-21,21,PNQ,DEL,PNQ-DEL,6E,IndiGo,1,10095,INR,0,,01:45,1,04:00,4,False,135,135,0,Airbus A321neo,94.0,98.0
2026-09-30,2026-09-30 14:36,2026-10-30,30,PNQ,DEL,PNQ-DEL,6E,IndiGo,1,8166,INR,1,BDQ,06:15,6,14:05,14,False,470,165,305,Airbus A321neo | Airbus A320neo,115.0,98.0
2026-09-30,2026-09-30 14:36,2026-10-30,30,PNQ,DEL,PNQ-DEL,6E,IndiGo,1,8297,INR,1,IDR,14:45,14,20:15,20,False,330,165,165,Airbus A321neo | Airbus A320neo,112.0,98.0
2026-09-30,2026-09-30 14:36,2026-10-30,30,PNQ,DEL,PNQ-DEL,6E,IndiGo,1,8297,INR,1,AMD,15:30,15,21:10,21,False,340,175,165,Airbus A321neo | Airbus A321neo,115.0,98.0
2026-09-30,2026-09-30 14:36,2026-10-30,30,PNQ,DEL,PNQ-DEL,AI,Air India,1,9274,INR,0,,00:35,0,02:50,2,False,135,135,0,Airbus A320neo,110.0,98.0
2026-09-30,2026-09-30 14:36,2026-10-30,30,PNQ,DEL,PNQ-DEL,AI,Air India,1,9274,INR,0,,04:55,4,07:10,7,False,135,135,0,Airbus A320neo,110.0,98.0
2026-09-30,2026-09-30 14:36,2026-10-30,30,PNQ,DEL,PNQ-DEL,AI,Air India,1,9389,INR,0,,07:40,7,10:00,10,False,140,140,0,Airbus A321,140.0,98.0
2026-09-30,2026-09-30 14:36,2026-10-30,30,PNQ,DEL,PNQ-DEL,6E,IndiGo,1,9436,INR,0,,00:05,0,02:15,2,False,130,130,0,Airbus A321neo,94.0,98.0
2026-09-30,2026-09-30 14:36,2026-10-30,30,PNQ,DEL,PNQ-DEL,6E,IndiGo,1,9436,INR,0,,05:05,5,07:15,7,False,130,130,0,Airbus A321neo,94.0,98.0
2026-09-30,2026-09-30 14:36,2026-10-30,30,PNQ,DEL,PNQ-DEL,SG,SpiceJet,1,9572,INR,0,,17:50,17,20:05,20,False,135,135,0,Boeing 737,110.0,98.0
2026-09-30,2026-09-30 14:36,2026-10-30,30,PNQ,DEL,PNQ-DEL,AI,Air India,1,10103,INR,0,,22:00,22,00:15,0,True,135,135,0,Airbus A320neo,110.0,98.0
2026-09-30,2026-09-30 14:36,2026-10-30,30,PNQ,DEL,PNQ-DEL,SG,SpiceJet,1,10142,INR,0,,22:50,22,01:10,1,True,140,140,0,Boeing 737,131.0,98.0
2026-09-30,2026-09-30 14:36,2026-10-30,30,PNQ,DEL,PNQ-DEL,AI,Air India,1,10387,INR,0,,15:50,15,18:10,18,False,140,140,0,Airbus A320neo,110.0,98.0
2026-09-30,2026-09-30 14:36,2026-10-30,30,PNQ,DEL,PNQ-DEL,SG,SpiceJet,1,10767,INR,0,,23:55,23,02:15,2,True,140,140,0,Boeing 737,131.0,98.0
2026-09-30,2026-09-30 14:36,2026-10-30,30,PNQ,DEL,PNQ-DEL,6E,IndiGo,1,10809,INR,0,,07:30,7,09:40,9,False,130,130,0,Airbus A321neo,94.0,98.0
2026-09-30,2026-09-30 14:36,2026-10-30,30,PNQ,DEL,PNQ-DEL,6E,IndiGo,1,10809,INR,0,,14:30,14,16:40,16,False,130,130,0,Airbus A321neo,94.0,98.0
2026-09-30,2026-09-30 14:36,2026-10-30,30,PNQ,DEL,PNQ-DEL,IX,Air India Express,1,10957,INR,0,,13:45,13,16:10,16,False,145,145,0,Airbus A321,123.0,98.0
2026-09-30,2026-09-30 14:36,2026-10-30,30,PNQ,DEL,PNQ-DEL,QP,Akasa Air,1,11379,INR,0,,21:00,21,23:25,23,False,145,145,0,Boeing 737MAX 8 Passenger,96.0,98.0
2026-09-30,2026-09-30 14:36,2026-10-30,30,PNQ,DEL,PNQ-DEL,6E,IndiGo,1,11582,INR,0,,12:15,12,14:25,14,False,130,130,0,Airbus A321neo,94.0,98.0
2026-09-30,2026-09-30 14:36,2026-10-30,30,PNQ,DEL,PNQ-DEL,IX,Air India Express,1,11641,INR,0,,18:05,18,20:15,20,False,130,130,0,Airbus A320neo,108.0,98.0
2026-09-30,2026-09-30 14:36,2026-10-30,30,PNQ,DEL,PNQ-DEL,6E,IndiGo,1,13324,INR,0,,08:40,8,10:50,10,False,130,130,0,Airbus A321neo,94.0,98.0
2026-09-30,2026-09-30 14:36,2026-10-30,30,PNQ,DEL,PNQ-DEL,6E,IndiGo,1,13324,INR,0,,21:20,21,23:30,23,False,130,130,0,Airbus A321neo,94.0,98.0
2026-09-30,2026-09-30 14:36,2026-10-30,30,PNQ,DEL,PNQ-DEL,AI,Air India,1,13841,INR,0,,08:45,8,11:05,11,False,140,140,0,Airbus A320neo,110.0,98.0
2026-09-30,2026-09-30 14:36,2026-10-30,30,PNQ,DEL,PNQ-DEL,AI,Air India,1,14083,INR,0,,20:30,20,22:45,22,False,135,135,0,Airbus A320neo,110.0,98.0
2026-09-30,2026-09-30 14:36,2026-10-30,30,PNQ,DEL,PNQ-DEL,6E,IndiGo,1,14304,INR,0,,19:15,19,21:25,21,False,130,130,0,Airbus A321neo,94.0,98.0
2026-09-30,2026-09-30 14:36,2026-10-30,30,PNQ,DEL,PNQ-DEL,AI,Air India,1,15411,INR,0,,18:45,18,21:00,21,False,135,135,0,Airbus A320neo,110.0,98.0
2026-09-30,2026-09-30 14:36,2026-11-14,45,PNQ,DEL,PNQ-DEL,6E,IndiGo,1,8166,INR,1,JAI,02:00,2,09:35,9,False,455,170,285,Airbus A320neo | Airbus A321neo,112.0,98.0
2026-09-30,2026-09-30 14:36,2026-11-14,45,PNQ,DEL,PNQ-DEL,6E,IndiGo,1,8166,INR,1,BDQ,06:15,6,14:05,14,False,470,165,305,Airbus A321neo | Airbus A320neo,112.0,98.0
2026-09-30,2026-09-30 14:36,2026-11-14,45,PNQ,DEL,PNQ-DEL,SG,SpiceJet,1,8201,INR,0,,05:55,5,08:30,8,False,155,155,0,Boeing 737,107.0,98.0
2026-09-30,2026-09-30 14:36,2026-11-14,45,PNQ,DEL,PNQ-DEL,SG,SpiceJet,1,8201,INR,0,,22:50,22,01:10,1,True,140,140,0,Boeing 737,128.0,98.0
2026-09-30,2026-09-30 14:36,2026-11-14,45,PNQ,DEL,PNQ-DEL,IX,Air India Express,1,9336,INR,1,IDR,08:10,8,12:00,12,False,230,185,45,Airbus A320neo | Airbus A320neo,125.0,98.0
2026-09-30,2026-09-30 14:36,2026-11-14,45,PNQ,DEL,PNQ-DEL,IX,Air India Express,1,9942,INR,0,,01:20,1,03:45,3,False,145,145,0,Airbus A320neo,104.0,98.0
2026-09-30,2026-09-30 14:36,2026-11-14,45,PNQ,DEL,PNQ-DEL,6E,IndiGo,1,10095,INR,0,,01:45,1,03:55,3,False,130,130,0,Airbus A321neo,92.0,98.0
2026-09-30,2026-09-30 14:36,2026-11-14,45,PNQ,DEL,PNQ-DEL,6E,IndiGo,1,10095,INR,0,,07:30,7,09:40,9,False,130,130,0,Airbus A321neo,92.0,98.0
2026-09-30,2026-09-30 14:36,2026-11-14,45,PNQ,DEL,PNQ-DEL,6E,IndiGo,1,10095,INR,0,,19:15,19,21:25,21,False,130,130,0,Airbus A321neo,92.0,98.0
2026-09-30,2026-09-30 14:36,2026-11-14,45,PNQ,DEL,PNQ-DEL,QP,Akasa Air,1,10425,INR,0,,08:50,8,11:15,11,False,145,145,0,Boeing 737MAX 8 Passenger,93.0,98.0
2026-09-30,2026-09-30 14:36,2026-11-14,45,PNQ,DEL,PNQ-DEL,AI,Air India,1,10466,INR,0,,20:30,20,22:45,22,False,135,135,0,Airbus A320neo,108.0,98.0
2026-09-30,2026-09-30 14:36,2026-11-14,45,PNQ,DEL,PNQ-DEL,AI,Air India,1,10639,INR,0,,18:45,18,21:00,21,False,135,135,0,Airbus A320neo,108.0,98.0
2026-09-30,2026-09-30 14:36,2026-11-14,45,PNQ,DEL,PNQ-DEL,6E,IndiGo,1,10809,INR,0,,05:05,5,07:15,7,False,130,130,0,Airbus A321neo,92.0,98.0
2026-09-30,2026-09-30 14:36,2026-11-14,45,PNQ,DEL,PNQ-DEL,AI,Air India,1,10917,INR,0,,04:55,4,07:10,7,False,135,135,0,Airbus A320neo,108.0,98.0
2026-09-30,2026-09-30 14:36,2026-11-14,45,PNQ,DEL,PNQ-DEL,AI,Air India,1,10917,INR,0,,05:15,5,07:30,7,False,135,135,0,Airbus A320neo,108.0,98.0
2026-09-30,2026-09-30 14:36,2026-11-14,45,PNQ,DEL,PNQ-DEL,6E,IndiGo,1,11582,INR,0,,00:05,0,02:15,2,False,130,130,0,Airbus A321neo,92.0,98.0
2026-09-30,2026-09-30 14:36,2026-11-14,45,PNQ,DEL,PNQ-DEL,AI,Air India,1,11689,INR,0,,00:35,0,02:50,2,False,135,135,0,Airbus A320neo,108.0,98.0
2026-09-30,2026-09-30 14:36,2026-11-14,45,PNQ,DEL,PNQ-DEL,AI,Air India,1,11794,INR,0,,07:40,7,10:00,10,False,140,140,0,Airbus A321,137.0,98.0
2026-09-30,2026-09-30 14:36,2026-11-14,45,PNQ,DEL,PNQ-DEL,6E,IndiGo,1,12419,INR,0,,08:40,8,10:50,10,False,130,130,0,Airbus A321neo,92.0,98.0
2026-09-30,2026-09-30 14:36,2026-11-14,45,PNQ,DEL,PNQ-DEL,AI,Air India,1,13028,INR,0,,08:45,8,11:05,11,False,140,140,0,Airbus A320neo,108.0,98.0
2026-09-30,2026-09-30 14:36,2026-11-14,45,PNQ,DEL,PNQ-DEL,IX,Air India Express,1,22817,INR,0,,18:05,18,20:15,20,False,130,130,0,Airbus A320neo,104.0,98.0
2026-09-30,2026-09-30 14:36,2026-11-29,60,PNQ,DEL,PNQ-DEL,SG,SpiceJet,1,8201,INR,0,,05:55,5,08:30,8,False,155,155,0,Boeing 737,107.0,98.0
2026-09-30,2026-09-30 14:36,2026-11-29,60,PNQ,DEL,PNQ-DEL,SG,SpiceJet,1,8201,INR,0,,22:50,22,01:10,1,True,140,140,0,Boeing 737,128.0,98.0
2026-09-30,2026-09-30 14:36,2026-11-29,60,PNQ,DEL,PNQ-DEL,SG,SpiceJet,1,8201,INR,0,,23:55,23,02:15,2,True,140,140,0,Boeing 737,128.0,98.0
2026-09-30,2026-09-30 14:36,2026-11-29,60,PNQ,DEL,PNQ-DEL,6E,IndiGo,1,8264,INR,0,,00:05,0,02:15,2,False,130,130,0,Airbus A321neo,92.0,98.0
2026-09-30,2026-09-30 14:36,2026-11-29,60,PNQ,DEL,PNQ-DEL,6E,IndiGo,1,8264,INR,0,,01:45,1,03:55,3,False,130,130,0,Airbus A321neo,92.0,98.0
2026-09-30,2026-09-30 14:36,2026-11-29,60,PNQ,DEL,PNQ-DEL,IX,Air India Express,1,8975,INR,0,,01:20,1,03:45,3,False,145,145,0,Airbus A320neo,104.0,98.0
2026-09-30,2026-09-30 14:36,2026-11-29,60,PNQ,DEL,PNQ-DEL,QP,Akasa Air,1,9395,INR,0,,21:00,21,23:25,23,False,145,145,0,Boeing 737MAX 8 Passenger,93.0,98.0
2026-09-30,2026-09-30 14:36,2026-11-29,60,PNQ,DEL,PNQ-DEL,6E,IndiGo,1,9436,INR,0,,08:40,8,10:50,10,False,130,130,0,Airbus A321neo,92.0,98.0
2026-09-30,2026-09-30 14:36,2026-11-29,60,PNQ,DEL,PNQ-DEL,6E,IndiGo,1,9436,INR,0,,12:15,12,14:25,14,False,130,130,0,Airbus A321neo,92.0,98.0
2026-09-30,2026-09-30 14:36,2026-11-29,60,PNQ,DEL,PNQ-DEL,6E,IndiGo,1,9436,INR,0,,19:15,19,21:25,21,False,130,130,0,Airbus A321neo,92.0,98.0
2026-09-30,2026-09-30 14:36,2026-11-29,60,PNQ,DEL,PNQ-DEL,6E,IndiGo,1,9436,INR,0,,21:20,21,23:30,23,False,130,130,0,Airbus A321neo,92.0,98.0
2026-09-30,2026-09-30 14:36,2026-11-29,60,PNQ,DEL,PNQ-DEL,AI,Air India,1,9547,INR,0,,22:00,22,00:15,0,True,135,135,0,Airbus A320neo,108.0,98.0
2026-09-30,2026-09-30 14:36,2026-11-29,60,PNQ,DEL,PNQ-DEL,AI,Air India,1,9783,INR,0,,20:30,20,22:45,22,False,135,135,0,Airbus A320neo,108.0,98.0
2026-09-30,2026-09-30 14:36,2026-11-29,60,PNQ,DEL,PNQ-DEL,IX,Air India Express,1,9942,INR,0,,18:05,18,20:15,20,False,130,130,0,Airbus A320neo,104.0,98.0
2026-09-30,2026-09-30 14:36,2026-11-29,60,PNQ,DEL,PNQ-DEL,6E,IndiGo,1,10095,INR,0,,14:30,14,16:40,16,False,130,130,0,Airbus A321neo,92.0,98.0
2026-09-30,2026-09-30 14:36,2026-11-29,60,PNQ,DEL,PNQ-DEL,AI,Air India,1,10203,INR,0,,07:40,7,10:00,10,False,140,140,0,Airbus A321,137.0,98.0
2026-09-30,2026-09-30 14:36,2026-11-29,60,PNQ,DEL,PNQ-DEL,IX,Air India Express,1,10243,INR,0,,13:45,13,16:10,16,False,145,145,0,Airbus A321,119.0,98.0
2026-09-30,2026-09-30 14:36,2026-11-29,60,PNQ,DEL,PNQ-DEL,AI,Air India,1,10466,INR,0,,18:45,18,21:00,21,False,135,135,0,Airbus A320neo,108.0,98.0
2026-09-30,2026-09-30 14:36,2026-11-29,60,PNQ,DEL,PNQ-DEL,AI,Air India,1,10917,INR,0,,08:45,8,11:05,11,False,140,140,0,Airbus A320neo,108.0,98.0
2026-09-30,2026-09-30 14:36,2026-11-29,60,PNQ,DEL,PNQ-DEL,AI,Air India,1,11295,INR,0,,15:50,15,18:10,18,False,140,140,0,Airbus A320neo,108.0,98.0
2026-09-30,2026-09-30 14:36,2026-11-29,60,PNQ,DEL,PNQ-DEL,6E,IndiGo,1,12419,INR,0,,05:05,5,07:15,7,False,130,130,0,Airbus A321neo,92.0,98.0
2026-09-30,2026-09-30 14:36,2026-11-29,60,PNQ,DEL,PNQ-DEL,AI,Air India,1,12697,INR,0,,04:55,4,07:10,7,False,135,135,0,Airbus A320neo,108.0,98.0
2026-09-30,2026-09-30 14:36,2026-11-29,60,PNQ,DEL,PNQ-DEL,AI,Air India,1,12697,INR,0,,05:15,5,07:30,7,False,135,135,0,Airbus A320neo,108.0,98.0
2026-09-30,2026-09-30 14:36,2026-10-01,1,HYD,DEL,HYD-DEL,6E,IndiGo,1,8124,INR,1,UDR,07:50,7,13:00,13,False,310,195,115,Airbus A321neo | Airbus A320neo,131.0,113.0
2026-09-30,2026-09-30 14:36,2026-10-01,1,HYD,DEL,HYD-DEL,AI,Air India,1,8291,INR,0,,13:30,13,16:05,16,False,155,155,0,Airbus A320neo,112.0,113.0
2026-09-30,2026-09-30 14:36,2026-10-01,1,HYD,DEL,HYD-DEL,6E,IndiGo,1,8339,INR,0,,02:15,2,04:40,4,False,145,145,0,Airbus A321neo,93.0,113.0
2026-09-30,2026-09-30 14:36,2026-10-01,1,HYD,DEL,HYD-DEL,6E,IndiGo,1,8339,INR,0,,05:20,5,07:45,7,False,145,145,0,Airbus A321neo,96.0,113.0
2026-09-30,2026-09-30 14:36,2026-10-01,1,HYD,DEL,HYD-DEL,6E,IndiGo,1,8339,INR,0,,06:25,6,08:45,8,False,140,140,0,Airbus A321neo,96.0,113.0
2026-09-30,2026-09-30 14:36,2026-10-01,1,HYD,DEL,HYD-DEL,6E,IndiGo,1,8339,INR,0,,08:30,8,10:55,10,False,145,145,0,Airbus A321neo,96.0,113.0
2026-09-30,2026-09-30 14:36,2026-10-01,1,HYD,DEL,HYD-DEL,6E,IndiGo,1,8339,INR,0,,11:35,11,13:55,13,False,140,140,0,Airbus A321neo,96.0,113.0
2026-09-30,2026-09-30 14:36,2026-10-01,1,HYD,DEL,HYD-DEL,6E,IndiGo,1,8339,INR,0,,13:00,13,15:25,15,False,145,145,0,Airbus A321neo,96.0,113.0
2026-09-30,2026-09-30 14:36,2026-10-01,1,HYD,DEL,HYD-DEL,AI,Air India,1,8700,INR,0,,05:30,5,07:55,7,False,145,145,0,Airbus A320neo,112.0,113.0
2026-09-30,2026-09-30 14:36,2026-10-01,1,HYD,DEL,HYD-DEL,6E,IndiGo,1,9319,INR,0,,10:00,10,12:30,12,False,150,150,0,Airbus A320neo,99.0,113.0
2026-09-30,2026-09-30 14:36,2026-10-01,1,HYD,DEL,HYD-DEL,AI,Air India,1,9498,INR,0,,07:15,7,09:35,9,False,140,140,0,Airbus A320neo,112.0,113.0
2026-09-30,2026-09-30 14:36,2026-10-01,1,HYD,DEL,HYD-DEL,QP,Akasa Air,1,9957,INR,0,,17:30,17,20:00,20,False,150,150,0,Boeing 737MAX 8 Passenger,97.0,113.0
2026-09-30,2026-09-30 14:36,2026-10-01,1,HYD,DEL,HYD-DEL,AI,Air India,1,10386,INR,0,,17:30,17,20:00,20,False,150,150,0,Airbus A320neo,112.0,113.0
2026-09-30,2026-09-30 14:36,2026-10-01,1,HYD,DEL,HYD-DEL,AI,Air India,1,10391,INR,0,,19:25,19,22:00,22,False,155,155,0,Airbus A350,110.0,113.0
2026-09-30,2026-09-30 14:36,2026-10-01,1,HYD,DEL,HYD-DEL,AI,Air India,1,10827,INR,0,,18:25,18,21:00,21,False,155,155,0,Airbus A320neo,112.0,113.0
2026-09-30,2026-09-30 14:36,2026-10-01,1,HYD,DEL,HYD-DEL,6E,IndiGo,1,11060,INR,0,,16:25,16,18:55,18,False,150,150,0,Airbus A320neo,99.0,113.0
2026-09-30,2026-09-30 14:36,2026-10-01,1,HYD,DEL,HYD-DEL,6E,IndiGo,1,12434,INR,0,,23:50,23,02:05,2,True,135,135,0,Airbus A320neo,99.0,113.0
2026-09-30,2026-09-30 14:36,2026-10-01,1,HYD,DEL,HYD-DEL,6E,IndiGo,1,14007,INR,0,,17:45,17,20:10,20,False,145,145,0,Airbus A321neo,96.0,113.0
2026-09-30,2026-09-30 14:36,2026-10-01,1,HYD,DEL,HYD-DEL,6E,IndiGo,1,14007,INR,0,,19:10,19,21:40,21,False,150,150,0,Airbus A321neo,96.0,113.0
2026-09-30,2026-09-30 14:36,2026-10-01,1,HYD,DEL,HYD-DEL,AI,Air India,1,14465,INR,0,,23:30,23,02:00,2,True,150,150,0,Airbus A320neo,112.0,113.0
2026-09-30,2026-09-30 14:36,2026-10-01,1,HYD,DEL,HYD-DEL,AI,Air India,1,14722,INR,0,,08:35,8,10:55,10,False,140,140,0,Airbus A320neo,112.0,113.0
2026-09-30,2026-09-30 14:36,2026-10-01,1,HYD,DEL,HYD-DEL,6E,IndiGo,1,22940,INR,0,,21:00,21,23:25,23,False,145,145,0,Airbus A321neo,96.0,113.0
2026-09-30,2026-09-30 14:36,2026-10-01,1,HYD,DEL,HYD-DEL,AI,Air India,1,23332,INR,0,,21:30,21,23:55,23,False,145,145,0,Airbus A320neo,112.0,113.0
2026-09-30,2026-09-30 14:36,2026-10-03,3,HYD,DEL,HYD-DEL,6E,IndiGo,1,7792,INR,1,AMD,06:20,6,11:35,11,False,315,215,100,Airbus A320neo | Airbus A321neo,142.0,113.0
2026-09-30,2026-09-30 14:36,2026-10-03,3,HYD,DEL,HYD-DEL,6E,IndiGo,1,7792,INR,1,UDR,07:50,7,13:00,13,False,310,195,115,Airbus A321neo | Airbus A320neo,131.0,113.0
2026-09-30,2026-09-30 14:36,2026-10-03,3,HYD,DEL,HYD-DEL,6E,IndiGo,1,7792,INR,1,AMD,08:50,8,14:10,14,False,320,220,100,Airbus A320neo | Airbus A321neo,142.0,113.0
2026-09-30,2026-09-30 14:36,2026-10-03,3,HYD,DEL,HYD-DEL,6E,IndiGo,1,7792,INR,1,AMD,10:35,10,16:20,16,False,345,215,130,Airbus A321neo | Airbus A321neo,137.0,113.0
2026-09-30,2026-09-30 14:36,2026-10-03,3,HYD,DEL,HYD-DEL,6E,IndiGo,1,7792,INR,1,RPR,14:05,14,18:45,18,False,280,195,85,Airbus A321neo | Airbus A321neo,126.0,113.0
2026-09-30,2026-09-30 14:36,2026-10-03,3,HYD,DEL,HYD-DEL,6E,IndiGo,1,7792,INR,1,AMD,18:15,18,23:30,23,False,315,210,105,Airbus A320neo | Airbus A321neo,142.0,113.0
2026-09-30,2026-09-30 14:36,2026-10-03,3,HYD,DEL,HYD-DEL,AI,Air India,1,8175,INR,0,,23:30,23,02:00,2,True,150,150,0,Airbus A320neo,112.0,113.0
2026-09-30,2026-09-30 14:36,2026-10-03,3,HYD,DEL,HYD-DEL,QP,Akasa Air,1,8280,INR,0,,17:30,17,20:00,20,False,150,150,0,Boeing 737MAX 8 Passenger,99.0,113.0
2026-09-30,2026-09-30 14:36,2026-10-03,3,HYD,DEL,HYD-DEL,AI,Air India,1,8286,INR,0,,07:15,7,09:35,9,False,140,140,0,Airbus A320neo,112.0,113.0
2026-09-30,2026-09-30 14:36,2026-10-03,3,HYD,DEL,HYD-DEL,AI,Air India,1,8286,INR,0,,17:30,17,20:00,20,False,150,150,0,Airbus A320neo,112.0,113.0
2026-09-30,2026-09-30 14:36,2026-10-03,3,HYD,DEL,HYD-DEL,AI,Air India,1,8291,INR,0,,12:45,12,15:15,15,False,150,150,0,Airbus A320neo,112.0,113.0
2026-09-30,2026-09-30 14:36,2026-10-03,3,HYD,DEL,HYD-DEL,AI,Air India,1,8291,INR,0,,18:25,18,21:00,21,False,155,155,0,Airbus A320neo,112.0,113.0
2026-09-30,2026-09-30 14:36,2026-10-03,3,HYD,DEL,HYD-DEL,AI,Air India,1,8291,INR,0,,19:25,19,22:00,22,False,155,155,0,Airbus A350,110.0,113.0
2026-09-30,2026-09-30 14:36,2026-10-03,3,HYD,DEL,HYD-DEL,AI,Air India,1,8291,INR,0,,21:30,21,23:55,23,False,145,145,0,Airbus A320neo,112.0,113.0
2026-09-30,2026-09-30 14:36,2026-10-03,3,HYD,DEL,HYD-DEL,6E,IndiGo,1,8339,INR,0,,02:15,2,04:40,4,False,145,145,0,Airbus A321neo,96.0,113.0
2026-09-30,2026-09-30 14:36,2026-10-03,3,HYD,DEL,HYD-DEL,6E,IndiGo,1,8339,INR,0,,05:20,5,07:45,7,False,145,145,0,Airbus A321neo,96.0,113.0
2026-09-30,2026-09-30 14:36,2026-10-03,3,HYD,DEL,HYD-DEL,6E,IndiGo,1,8339,INR,0,,06:25,6,08:45,8,False,140,140,0,Airbus A321neo,96.0,113.0
2026-09-30,2026-09-30 14:36,2026-10-03,3,HYD,DEL,HYD-DEL,6E,IndiGo,1,8339,INR,0,,11:35,11,13:55,13,False,140,140,0,Airbus A321neo,96.0,113.0
2026-09-30,2026-09-30 14:36,2026-10-03,3,HYD,DEL,HYD-DEL,6E,IndiGo,1,8339,INR,0,,13:00,13,15:25,15,False,145,145,0,Airbus A321neo,96.0,113.0
2026-09-30,2026-09-30 14:36,2026-10-03,3,HYD,DEL,HYD-DEL,6E,IndiGo,1,8339,INR,0,,14:40,14,16:55,16,False,135,135,0,Airbus A321neo,96.0,113.0
2026-09-30,2026-09-30 14:36,2026-10-03,3,HYD,DEL,HYD-DEL,6E,IndiGo,1,8339,INR,0,,16:25,16,18:55,18,False,150,150,0,Airbus A320neo,99.0,113.0
2026-09-30,2026-09-30 14:36,2026-10-03,3,HYD,DEL,HYD-DEL,6E,IndiGo,1,8339,INR,0,,17:45,17,20:10,20,False,145,145,0,Airbus A321neo,96.0,113.0
2026-09-30,2026-09-30 14:36,2026-10-03,3,HYD,DEL,HYD-DEL,6E,IndiGo,1,8339,INR,0,,19:10,19,21:40,21,False,150,150,0,Airbus A321neo,96.0,113.0
2026-09-30,2026-09-30 14:36,2026-10-03,3,HYD,DEL,HYD-DEL,6E,IndiGo,1,8339,INR,0,,21:00,21,23:25,23,False,145,145,0,Airbus A321neo,96.0,113.0
2026-09-30,2026-09-30 14:36,2026-10-03,3,HYD,DEL,HYD-DEL,6E,IndiGo,1,9319,INR,0,,10:00,10,12:30,12,False,150,150,0,Airbus A320neo,99.0,113.0
2026-09-30,2026-09-30 14:36,2026-10-03,3,HYD,DEL,HYD-DEL,AI,Air India,1,13693,INR,0,,08:35,8,10:55,10,False,140,140,0,Airbus A320neo,112.0,113.0
2026-09-30,2026-09-30 14:36,2026-10-07,7,HYD,DEL,HYD-DEL,6E,IndiGo,1,7261,INR,1,AMD,06:20,6,11:35,11,False,315,215,100,Airbus A320neo | Airbus A321neo,142.0,113.0
2026-09-30,2026-09-30 14:36,2026-10-07,7,HYD,DEL,HYD-DEL,6E,IndiGo,1,7261,INR,1,UDR,07:50,7,13:00,13,False,310,195,115,Airbus A321neo | Airbus A320neo,131.0,113.0
2026-09-30,2026-09-30 14:36,2026-10-07,7,HYD,DEL,HYD-DEL,6E,IndiGo,1,7261,INR,1,RPR,14:05,14,18:45,18,False,280,195,85,Airbus A321neo | Airbus A321neo,126.0,113.0
2026-09-30,2026-09-30 14:36,2026-10-07,7,HYD,DEL,HYD-DEL,6E,IndiGo,1,7261,INR,1,AMD,18:15,18,23:30,23,False,315,210,105,Airbus A320neo | Airbus A321neo,142.0,113.0
2026-09-30,2026-09-30 14:36,2026-10-07,7,HYD,DEL,HYD-DEL,6E,IndiGo,1,7261,INR,1,IDR,20:25,20,00:45,0,True,260,175,85,Airbus A321neo | Airbus A320neo,121.0,113.0
2026-09-30,2026-09-30 14:36,2026-10-07,7,HYD,DEL,HYD-DEL,6E,IndiGo,1,7261,INR,1,AMD,21:15,21,02:00,2,True,285,220,65,Airbus A320neo | Airbus A321neo,142.0,113.0
2026-09-30,2026-09-30 14:36,2026-10-07,7,HYD,DEL,HYD-DEL,AI,Air India,1,8175,INR,0,,05:30,5,07:55,7,False,145,145,0,Airbus A320neo,112.0,113.0
2026-09-30,2026-09-30 14:36,2026-10-07,7,HYD,DEL,HYD-DEL,AI,Air India,1,8291,INR,0,,12:45,12,15:15,15,False,150,150,0,Airbus A320neo,112.0,113.0
2026-09-30,2026-09-30 14:36,2026-10-07,7,HYD,DEL,HYD-DEL,AI,Air India,1,8291,INR,0,,13:30,13,16:05,16,False,155,155,0,Airbus A320neo,112.0,113.0
2026-09-30,2026-09-30 14:36,2026-10-07,7,HYD,DEL,HYD-DEL,AI,Air India,1,8291,INR,0,,18:25,18,21:00,21,False,155,155,0,Airbus A320neo,112.0,113.0
2026-09-30,2026-09-30 14:36,2026-10-07,7,HYD,DEL,HYD-DEL,6E,IndiGo,1,8339,INR,0,,02:15,2,04:40,4,False,145,145,0,Airbus A321neo,96.0,113.0
2026-09-30,2026-09-30 14:36,2026-10-07,7,HYD,DEL,HYD-DEL,6E,IndiGo,1,8339,INR,0,,05:20,5,07:45,7,False,145,145,0,Airbus A321neo,96.0,113.0
2026-09-30,2026-09-30 14:36,2026-10-07,7,HYD,DEL,HYD-DEL,6E,IndiGo,1,8339,INR,0,,06:25,6,08:45,8,False,140,140,0,Airbus A321neo,96.0,113.0
2026-09-30,2026-09-30 14:36,2026-10-07,7,HYD,DEL,HYD-DEL,6E,IndiGo,1,8339,INR,0,,08:30,8,10:55,10,False,145,145,0,Airbus A321neo,96.0,113.0
2026-09-30,2026-09-30 14:36,2026-10-07,7,HYD,DEL,HYD-DEL,6E,IndiGo,1,8339,INR,0,,10:00,10,12:30,12,False,150,150,0,Airbus A321neo,96.0,113.0
2026-09-30,2026-09-30 14:36,2026-10-07,7,HYD,DEL,HYD-DEL,6E,IndiGo,1,8339,INR,0,,11:35,11,13:55,13,False,140,140,0,Airbus A321neo,96.0,113.0
2026-09-30,2026-09-30 14:36,2026-10-07,7,HYD,DEL,HYD-DEL,6E,IndiGo,1,8339,INR,0,,13:00,13,15:25,15,False,145,145,0,Airbus A321neo,96.0,113.0
2026-09-30,2026-09-30 14:36,2026-10-07,7,HYD,DEL,HYD-DEL,6E,IndiGo,1,8339,INR,0,,16:25,16,18:55,18,False,150,150,0,Airbus A321neo,96.0,113.0
2026-09-30,2026-09-30 14:36,2026-10-07,7,HYD,DEL,HYD-DEL,6E,IndiGo,1,8339,INR,0,,17:45,17,20:10,20,False,145,145,0,Airbus A321neo,96.0,113.0
2026-09-30,2026-09-30 14:36,2026-10-07,7,HYD,DEL,HYD-DEL,6E,IndiGo,1,8339,INR,0,,23:50,23,02:05,2,True,135,135,0,Airbus A321neo,96.0,113.0
2026-09-30,2026-09-30 14:36,2026-10-07,7,HYD,DEL,HYD-DEL,AI,Air India,1,8422,INR,0,,08:35,8,10:55,10,False,140,140,0,Airbus A320neo,112.0,113.0
2026-09-30,2026-09-30 14:36,2026-10-07,7,HYD,DEL,HYD-DEL,AI,Air India,1,8422,INR,0,,10:35,10,13:05,13,False,150,150,0,Airbus A320neo,112.0,113.0
2026-09-30,2026-09-30 14:36,2026-10-07,7,HYD,DEL,HYD-DEL,AI,Air India,1,8422,INR,0,,17:30,17,20:00,20,False,150,150,0,Airbus A320neo,112.0,113.0
2026-09-30,2026-09-30 14:36,2026-10-07,7,HYD,DEL,HYD-DEL,AI,Air India,1,8685,INR,0,,07:15,7,09:35,9,False,140,140,0,Airbus A320neo,112.0,113.0
2026-09-30,2026-09-30 14:36,2026-10-07,7,HYD,DEL,HYD-DEL,6E,IndiGo,1,8812,INR,0,,19:10,19,21:40,21,False,150,150,0,Airbus A321neo,96.0,113.0
2026-09-30,2026-09-30 14:36,2026-10-07,7,HYD,DEL,HYD-DEL,QP,Akasa Air,1,8997,INR,0,,17:30,17,20:00,20,False,150,150,0,Boeing 737MAX 8 Passenger,99.0,113.0
2026-09-30,2026-09-30 14:36,2026-10-07,7,HYD,DEL,HYD-DEL,AI,Air India,1,9273,INR,0,,19:50,19,22:25,22,False,155,155,0,Airbus A350,110.0,113.0
2026-09-30,2026-09-30 14:36,2026-10-07,7,HYD,DEL,HYD-DEL,6E,IndiGo,1,10439,INR,0,,21:00,21,23:25,23,False,145,145,0,Airbus A321neo,96.0,113.0
2026-09-30,2026-09-30 14:36,2026-10-07,7,HYD,DEL,HYD-DEL,AI,Air India,1,11184,INR,0,,21:30,21,23:55,23,False,145,145,0,Airbus A320neo,112.0,113.0
2026-09-30,2026-09-30 14:36,2026-10-14,14,HYD,DEL,HYD-DEL,6E,IndiGo,1,8741,INR,1,AMD,18:15,18,23:30,23,False,315,210,105,Airbus A320neo | Airbus A321neo,142.0,113.0
2026-09-30,2026-09-30 14:36,2026-10-14,14,HYD,DEL,HYD-DEL,6E,IndiGo,1,8741,INR,1,IDR,20:25,20,00:45,0,True,260,175,85,Airbus A321neo | Airbus A320neo,121.0,113.0
2026-09-30,2026-09-30 14:36,2026-10-14,14,HYD,DEL,HYD-DEL,6E,IndiGo,1,8741,INR,1,AMD,21:15,21,02:00,2,True,285,220,65,Airbus A320neo | Airbus A321neo,142.0,113.0
2026-09-30,2026-09-30 14:36,2026-10-14,14,HYD,DEL,HYD-DEL,6E,IndiGo,1,8820,INR,1,JAI,19:30,19,23:25,23,False,235,175,60,Airbus A320neo | Airbus A321neo,122.0,113.0
2026-09-30,2026-09-30 14:36,2026-10-14,14,HYD,DEL,HYD-DEL,AI,Air India,1,9273,INR,0,,19:50,19,22:25,22,False,155,155,0,Airbus A350,110.0,113.0
2026-09-30,2026-09-30 14:36,2026-10-14,14,HYD,DEL,HYD-DEL,6E,IndiGo,1,9319,INR,0,,16:25,16,18:55,18,False,150,150,0,Airbus A321neo,96.0,113.0
2026-09-30,2026-09-30 14:36,2026-10-14,14,HYD,DEL,HYD-DEL,6E,IndiGo,1,9319,INR,0,,17:45,17,20:10,20,False,145,145,0,Airbus A321neo,96.0,113.0
2026-09-30,2026-09-30 14:36,2026-10-14,14,HYD,DEL,HYD-DEL,6E,IndiGo,1,9319,INR,0,,19:10,19,21:40,21,False,150,150,0,Airbus A321neo,96.0,113.0
2026-09-30,2026-09-30 14:36,2026-10-14,14,HYD,DEL,HYD-DEL,AI,Air India,1,9425,INR,0,,17:30,17,20:00,20,False,150,150,0,Airbus A320neo,112.0,113.0
2026-09-30,2026-09-30 14:36,2026-10-14,14,HYD,DEL,HYD-DEL,AI,Air India,1,9813,INR,0,,12:45,12,15:15,15,False,150,150,0,Airbus A320neo,112.0,113.0
2026-09-30,2026-09-30 14:36,2026-10-14,14,HYD,DEL,HYD-DEL,AI,Air India,1,9813,INR,0,,13:30,13,16:05,16,False,155,155,0,Airbus A320neo,112.0,113.0
2026-09-30,2026-09-30 14:36,2026-10-14,14,HYD,DEL,HYD-DEL,AI,Air India,1,9813,INR,0,,21:30,21,23:55,23,False,145,145,0,Airbus A320neo,112.0,113.0
2026-09-30,2026-09-30 14:36,2026-10-14,14,HYD,DEL,HYD-DEL,6E,IndiGo,1,9860,INR,0,,02:15,2,04:40,4,False,145,145,0,Airbus A321neo,96.0,113.0
2026-09-30,2026-09-30 14:36,2026-10-14,14,HYD,DEL,HYD-DEL,6E,IndiGo,1,9860,INR,0,,13:00,13,15:25,15,False,145,145,0,Airbus A321neo,96.0,113.0
2026-09-30,2026-09-30 14:36,2026-10-14,14,HYD,DEL,HYD-DEL,6E,IndiGo,1,9860,INR,0,,21:00,21,23:25,23,False,145,145,0,Airbus A321neo,96.0,113.0
2026-09-30,2026-09-30 14:36,2026-10-14,14,HYD,DEL,HYD-DEL,QP,Akasa Air,1,10302,INR,0,,06:00,6,08:15,8,False,135,135,0,Boeing 737MAX 8 Passenger,99.0,113.0
2026-09-30,2026-09-30 14:36,2026-10-14,14,HYD,DEL,HYD-DEL,AI,Air India,1,10391,INR,0,,05:30,5,07:55,7,False,145,145,0,Airbus A320neo,112.0,113.0
2026-09-30,2026-09-30 14:36,2026-10-14,14,HYD,DEL,HYD-DEL,6E,IndiGo,1,10439,INR,0,,05:20,5,07:45,7,False,145,145,0,Airbus A321neo,96.0,113.0
2026-09-30,2026-09-30 14:36,2026-10-14,14,HYD,DEL,HYD-DEL,6E,IndiGo,1,10439,INR,0,,11:35,11,13:55,13,False,140,140,0,Airbus A321neo,96.0,113.0
2026-09-30,2026-09-30 14:36,2026-10-14,14,HYD,DEL,HYD-DEL,AI,Air India,1,10564,INR,0,,10:35,10,13:05,13,False,150,150,0,Airbus A320neo,112.0,113.0
2026-09-30,2026-09-30 14:36,2026-10-14,14,HYD,DEL,HYD-DEL,AI,Air India,1,11184,INR,0,,23:30,23,02:00,2,True,150,150,0,Airbus A320neo,112.0,113.0
2026-09-30,2026-09-30 14:36,2026-10-14,14,HYD,DEL,HYD-DEL,AI,Air India,1,11373,INR,0,,08:35,8,10:55,10,False,140,140,0,Airbus A320neo,112.0,113.0
2026-09-30,2026-09-30 14:36,2026-10-14,14,HYD,DEL,HYD-DEL,6E,IndiGo,1,11724,INR,0,,23:50,23,02:05,2,True,135,135,0,Airbus A321neo,96.0,113.0
2026-09-30,2026-09-30 14:36,2026-10-14,14,HYD,DEL,HYD-DEL,6E,IndiGo,1,12434,INR,0,,10:00,10,12:30,12,False,150,150,0,Airbus A321neo,96.0,113.0
2026-09-30,2026-09-30 14:36,2026-10-14,14,HYD,DEL,HYD-DEL,6E,IndiGo,1,13195,INR,0,,06:25,6,08:45,8,False,140,140,0,Airbus A321neo,96.0,113.0
2026-09-30,2026-09-30 14:36,2026-10-14,14,HYD,DEL,HYD-DEL,6E,IndiGo,1,13195,INR,0,,08:30,8,10:55,10,False,145,145,0,Airbus A321neo,96.0,113.0
2026-09-30,2026-09-30 14:36,2026-10-14,14,HYD,DEL,HYD-DEL,AI,Air India,1,13809,INR,0,,07:15,7,09:35,9,False,140,140,0,Airbus A320neo,112.0,113.0
2026-09-30,2026-09-30 14:36,2026-10-21,21,HYD,DEL,HYD-DEL,6E,IndiGo,1,8124,INR,1,RPR,14:05,14,18:45,18,False,280,195,85,Airbus A321neo | Airbus A321neo,126.0,113.0
2026-09-30,2026-09-30 14:36,2026-10-21,21,HYD,DEL,HYD-DEL,6E,IndiGo,1,8124,INR,1,AMD,18:15,18,23:30,23,False,315,210,105,Airbus A320neo | Airbus A321neo,142.0,113.0
2026-09-30,2026-09-30 14:36,2026-10-21,21,HYD,DEL,HYD-DEL,6E,IndiGo,1,8124,INR,1,AMD,21:15,21,02:00,2,True,285,220,65,Airbus A320neo | Airbus A321neo,142.0,113.0
2026-09-30,2026-09-30 14:36,2026-10-21,21,HYD,DEL,HYD-DEL,6E,IndiGo,1,8203,INR,1,JAI,19:30,19,23:25,23,False,235,175,60,Airbus A320neo | Airbus A321neo,122.0,113.0
2026-09-30,2026-09-30 14:36,2026-10-21,21,HYD,DEL,HYD-DEL,AI,Air India,1,8291,INR,0,,05:30,5,07:55,7,False,145,145,0,Airbus A320neo,112.0,113.0
2026-09-30,2026-09-30 14:36,2026-10-21,21,HYD,DEL,HYD-DEL,6E,IndiGo,1,8339,INR,0,,05:20,5,07:45,7,False,145,145,0,Airbus A321neo,96.0,113.0
2026-09-30,2026-09-30 14:36,2026-10-21,21,HYD,DEL,HYD-DEL,6E,IndiGo,1,8339,INR,0,,21:00,21,23:25,23,False,145,145,0,Airbus A321neo,96.0,113.0
2026-09-30,2026-09-30 14:36,2026-10-21,21,HYD,DEL,HYD-DEL,AI,Air India,1,8763,INR,0,,18:25,18,21:00,21,False,155,155,0,Airbus A320neo,112.0,113.0
2026-09-30,2026-09-30 14:36,2026-10-21,21,HYD,DEL,HYD-DEL,6E,IndiGo,1,8812,INR,0,,08:30,8,10:55,10,False,145,145,0,Airbus A321neo,96.0,113.0
2026-09-30,2026-09-30 14:36,2026-10-21,21,HYD,DEL,HYD-DEL,6E,IndiGo,1,8812,INR,0,,10:00,10,12:30,12,False,150,150,0,Airbus A321neo,96.0,113.0
2026-09-30,2026-09-30 14:36,2026-10-21,21,HYD,DEL,HYD-DEL,6E,IndiGo,1,8812,INR,0,,11:35,11,13:55,13,False,140,140,0,Airbus A321neo,96.0,113.0
2026-09-30,2026-09-30 14:36,2026-10-21,21,HYD,DEL,HYD-DEL,6E,IndiGo,1,8812,INR,0,,14:40,14,16:55,16,False,135,135,0,Airbus A321neo,96.0,113.0
2026-09-30,2026-09-30 14:36,2026-10-21,21,HYD,DEL,HYD-DEL,6E,IndiGo,1,8812,INR,0,,16:25,16,18:55,18,False,150,150,0,Airbus A321neo,96.0,113.0
2026-09-30,2026-09-30 14:36,2026-10-21,21,HYD,DEL,HYD-DEL,6E,IndiGo,1,8812,INR,0,,17:45,17,20:10,20,False,145,145,0,Airbus A321neo,96.0,113.0
2026-09-30,2026-09-30 14:36,2026-10-21,21,HYD,DEL,HYD-DEL,AI,Air India,1,8905,INR,0,,10:35,10,13:05,13,False,150,150,0,Airbus A320neo,112.0,113.0
2026-09-30,2026-09-30 14:36,2026-10-21,21,HYD,DEL,HYD-DEL,AI,Air India,1,8905,INR,0,,17:30,17,20:00,20,False,150,150,0,Airbus A320neo,112.0,113.0
2026-09-30,2026-09-30 14:36,2026-10-21,21,HYD,DEL,HYD-DEL,AI,Air India,1,9189,INR,0,,07:15,7,09:35,9,False,140,140,0,Airbus A320neo,112.0,113.0
2026-09-30,2026-09-30 14:36,2026-10-21,21,HYD,DEL,HYD-DEL,AI,Air India,1,9273,INR,0,,12:45,12,15:15,15,False,150,150,0,Airbus A320neo,112.0,113.0
2026-09-30,2026-09-30 14:36,2026-10-21,21,HYD,DEL,HYD-DEL,AI,Air India,1,9273,INR,0,,13:30,13,16:05,16,False,155,155,0,Airbus A320neo,112.0,113.0
2026-09-30,2026-09-30 14:36,2026-10-21,21,HYD,DEL,HYD-DEL,6E,IndiGo,1,9319,INR,0,,13:00,13,15:25,15,False,145,145,0,Airbus A321neo,96.0,113.0
2026-09-30,2026-09-30 14:36,2026-10-21,21,HYD,DEL,HYD-DEL,AI,Air India,1,9425,INR,0,,08:35,8,10:55,10,False,140,140,0,Airbus A320neo,112.0,113.0
2026-09-30,2026-09-30 14:36,2026-10-21,21,HYD,DEL,HYD-DEL,AI,Air India,1,9813,INR,0,,19:50,19,22:25,22,False,155,155,0,Airbus A350,110.0,113.0
2026-09-30,2026-09-30 14:36,2026-10-21,21,HYD,DEL,HYD-DEL,6E,IndiGo,1,9860,INR,0,,02:15,2,04:40,4,False,145,145,0,Airbus A321neo,96.0,113.0
2026-09-30,2026-09-30 14:36,2026-10-21,21,HYD,DEL,HYD-DEL,6E,IndiGo,1,9860,INR,0,,19:10,19,21:40,21,False,150,150,0,Airbus A321neo,96.0,113.0
2026-09-30,2026-09-30 14:36,2026-10-21,21,HYD,DEL,HYD-DEL,6E,IndiGo,1,11060,INR,0,,06:25,6,08:45,8,False,140,140,0,Airbus A321neo,96.0,113.0
2026-09-30,2026-09-30 14:36,2026-10-30,30,HYD,DEL,HYD-DEL,6E,IndiGo,1,8820,INR,1,PNQ,01:45,1,07:15,7,False,330,200,130,Airbus A321neo | Airbus A321neo,142.0,113.0
2026-09-30,2026-09-30 14:36,2026-10-30,30,HYD,DEL,HYD-DEL,6E,IndiGo,1,8820,INR,1,LKO,07:30,7,12:35,12,False,305,190,115,Airbus A321neo | Airbus A321neo,128.0,113.0
2026-09-30,2026-09-30 14:36,2026-10-30,30,HYD,DEL,HYD-DEL,6E,IndiGo,1,8820,INR,1,DED,08:35,8,13:20,13,False,285,190,95,Airbus A320neo | Airbus A320neo,146.0,113.0
2026-09-30,2026-09-30 14:36,2026-10-30,30,HYD,DEL,HYD-DEL,AI,Air India,1,9813,INR,0,,05:30,5,07:50,7,False,140,140,0,Airbus A320neo,112.0,113.0
2026-09-30,2026-09-30 14:36,2026-10-30,30,HYD,DEL,HYD-DEL,6E,IndiGo,1,9860,INR,0,,02:00,2,04:20,4,False,140,140,0,Airbus A321neo,96.0,113.0
2026-09-30,2026-09-30 14:36,2026-10-30,30,HYD,DEL,HYD-DEL,6E,IndiGo,1,9860,INR,0,,05:25,5,07:45,7,False,140,140,0,Airbus A321neo,96.0,113.0
2026-09-30,2026-09-30 14:36,2026-10-30,30,HYD,DEL,HYD-DEL,6E,IndiGo,1,9860,INR,0,,14:45,14,17:05,17,False,140,140,0,Airbus A321neo,96.0,113.0
2026-09-30,2026-09-30 14:36,2026-10-30,30,HYD,DEL,HYD-DEL,AI,Air India,1,10380,INR,0,,17:00,17,19:20,19,False,140,140,0,Airbus A320neo,112.0,113.0
2026-09-30,2026-09-30 14:36,2026-10-30,30,HYD,DEL,HYD-DEL,AI,Air India,1,10391,INR,0,,12:45,12,15:05,15,False,140,140,0,Airbus A320neo,112.0,113.0
2026-09-30,2026-09-30 14:36,2026-10-30,30,HYD,DEL,HYD-DEL,6E,IndiGo,1,10439,INR,0,,06:45,6,09:05,9,False,140,140,0,Airbus A321neo,96.0,113.0
2026-09-30,2026-09-30 14:36,2026-10-30,30,HYD,DEL,HYD-DEL,6E,IndiGo,1,10439,INR,0,,08:30,8,10:50,10,False,140,140,0,Airbus A321neo,96.0,113.0
2026-09-30,2026-09-30 14:36,2026-10-30,30,HYD,DEL,HYD-DEL,6E,IndiGo,1,10439,INR,0,,09:45,9,12:05,12,False,140,140,0,Airbus A321neo,96.0,113.0
2026-09-30,2026-09-30 14:36,2026-10-30,30,HYD,DEL,HYD-DEL,6E,IndiGo,1,10439,INR,0,,11:45,11,14:05,14,False,140,140,0,Airbus A321neo,96.0,113.0
2026-09-30,2026-09-30 14:36,2026-10-30,30,HYD,DEL,HYD-DEL,6E,IndiGo,1,10439,INR,0,,13:00,13,15:20,15,False,140,140,0,Airbus A321neo,96.0,113.0
2026-09-30,2026-09-30 14:36,2026-10-30,30,HYD,DEL,HYD-DEL,6E,IndiGo,1,10439,INR,0,,17:50,17,20:10,20,False,140,140,0,Airbus A321neo,96.0,113.0
2026-09-30,2026-09-30 14:36,2026-10-30,30,HYD,DEL,HYD-DEL,QP,Akasa Air,1,10480,INR,0,,17:25,17,19:55,19,False,150,150,0,Boeing 737MAX 8 Passenger,99.0,113.0
2026-09-30,2026-09-30 14:36,2026-10-30,30,HYD,DEL,HYD-DEL,AI,Air India,1,10564,INR,0,,08:35,8,10:55,10,False,140,140,0,Airbus A320neo,112.0,113.0
2026-09-30,2026-09-30 14:36,2026-10-30,30,HYD,DEL,HYD-DEL,AI,Air India,1,10564,INR,0,,10:15,10,12:35,12,False,140,140,0,Airbus A320neo,112.0,113.0
2026-09-30,2026-09-30 14:36,2026-10-30,30,HYD,DEL,HYD-DEL,AI,Air India,1,10653,INR,0,,19:25,19,21:50,21,False,145,145,0,Airbus A350,110.0,113.0
2026-09-30,2026-09-30 14:36,2026-10-30,30,HYD,DEL,HYD-DEL,AI,Air India,1,10653,INR,0,,21:30,21,23:50,23,False,140,140,0,Airbus A321,143.0,113.0
2026-09-30,2026-09-30 14:36,2026-10-30,30,HYD,DEL,HYD-DEL,AI,Air India,1,10827,INR,0,,18:30,18,20:50,20,False,140,140,0,Airbus A320neo,112.0,113.0
2026-09-30,2026-09-30 14:36,2026-10-30,30,HYD,DEL,HYD-DEL,6E,IndiGo,1,11060,INR,0,,19:15,19,21:35,21,False,140,140,0,Airbus A321neo,96.0,113.0
2026-09-30,2026-09-30 14:36,2026-10-30,30,HYD,DEL,HYD-DEL,6E,IndiGo,1,11060,INR,0,,21:15,21,23:35,23,False,140,140,0,Airbus A321neo,96.0,113.0
2026-09-30,2026-09-30 14:36,2026-10-30,30,HYD,DEL,HYD-DEL,AI,Air India,1,16917,INR,0,,22:30,22,00:50,0,True,140,140,0,Airbus A320neo,112.0,113.0
2026-09-30,2026-09-30 14:36,2026-10-30,30,HYD,DEL,HYD-DEL,6E,IndiGo,1,17872,INR,0,,22:45,22,01:05,1,True,140,140,0,Airbus A321neo,96.0,113.0
2026-09-30,2026-09-30 14:36,2026-11-14,45,HYD,DEL,HYD-DEL,6E,IndiGo,1,7561,INR,1,RPR,18:10,18,23:45,23,False,335,230,105,ATR 72 | Airbus A321neo,126.0,113.0
2026-09-30,2026-09-30 14:36,2026-11-14,45,HYD,DEL,HYD-DEL,6E,IndiGo,1,7561,INR,1,BHO,19:00,19,23:50,23,False,290,175,115,Airbus A320neo | Airbus A320neo,119.0,113.0
2026-09-30,2026-09-30 14:36,2026-11-14,45,HYD,DEL,HYD-DEL,AI,Air India,1,9068,INR,0,,17:00,17,19:20,19,False,140,140,0,Airbus A320neo,110.0,113.0
2026-09-30,2026-09-30 14:36,2026-11-14,45,HYD,DEL,HYD-DEL,6E,IndiGo,1,9319,INR,0,,02:00,2,04:20,4,False,140,140,0,Airbus A321neo,94.0,113.0
2026-09-30,2026-09-30 14:36,2026-11-14,45,HYD,DEL,HYD-DEL,6E,IndiGo,1,9319,INR,0,,05:25,5,07:45,7,False,140,140,0,Airbus A321neo,94.0,113.0
2026-09-30,2026-09-30 14:36,2026-11-14,45,HYD,DEL,HYD-DEL,6E,IndiGo,1,9319,INR,0,,06:45,6,09:05,9,False,140,140,0,Airbus A321neo,94.0,113.0
2026-09-30,2026-09-30 14:36,2026-11-14,45,HYD,DEL,HYD-DEL,6E,IndiGo,1,9319,INR,0,,08:30,8,10:50,10,False,140,140,0,Airbus A321neo,94.0,113.0
2026-09-30,2026-09-30 14:36,2026-11-14,45,HYD,DEL,HYD-DEL,6E,IndiGo,1,9319,INR,0,,09:45,9,12:05,12,False,140,140,0,Airbus A321neo,94.0,113.0
2026-09-30,2026-09-30 14:36,2026-11-14,45,HYD,DEL,HYD-DEL,6E,IndiGo,1,9319,INR,0,,11:45,11,14:05,14,False,140,140,0,Airbus A321neo,94.0,113.0
2026-09-30,2026-09-30 14:36,2026-11-14,45,HYD,DEL,HYD-DEL,6E,IndiGo,1,9319,INR,0,,13:00,13,15:20,15,False,140,140,0,Airbus A321neo,94.0,113.0
2026-09-30,2026-09-30 14:36,2026-11-14,45,HYD,DEL,HYD-DEL,6E,IndiGo,1,9319,INR,0,,16:30,16,18:50,18,False,140,140,0,Airbus A321neo,94.0,113.0
2026-09-30,2026-09-30 14:36,2026-11-14,45,HYD,DEL,HYD-DEL,6E,IndiGo,1,9319,INR,0,,19:15,19,21:35,21,False,140,140,0,Airbus A321neo,94.0,113.0
2026-09-30,2026-09-30 14:36,2026-11-14,45,HYD,DEL,HYD-DEL,6E,IndiGo,1,9319,INR,0,,21:15,21,23:35,23,False,140,140,0,Airbus A321neo,94.0,113.0
2026-09-30,2026-09-30 14:36,2026-11-14,45,HYD,DEL,HYD-DEL,6E,IndiGo,1,9319,INR,0,,22:45,22,01:05,1,True,140,140,0,Airbus A321neo,94.0,113.0
2026-09-30,2026-09-30 14:36,2026-11-14,45,HYD,DEL,HYD-DEL,AI,Air India,1,9430,INR,0,,12:45,12,15:05,15,False,140,140,0,Airbus A320neo,110.0,113.0
2026-09-30,2026-09-30 14:36,2026-11-14,45,HYD,DEL,HYD-DEL,AI,Air India,1,9430,INR,0,,19:25,19,21:50,21,False,145,145,0,Airbus A350,108.0,113.0
2026-09-30,2026-09-30 14:36,2026-11-14,45,HYD,DEL,HYD-DEL,AI,Air India,1,9430,INR,0,,21:30,21,23:50,23,False,140,140,0,Airbus A321,140.0,113.0
2026-09-30,2026-09-30 14:36,2026-11-14,45,HYD,DEL,HYD-DEL,AI,Air India,1,9430,INR,0,,22:30,22,00:50,0,True,140,140,0,Airbus A320neo,110.0,113.0
2026-09-30,2026-09-30 14:36,2026-11-14,45,HYD,DEL,HYD-DEL,AI,Air India,1,9661,INR,0,,05:30,5,07:50,7,False,140,140,0,Airbus A320neo,110.0,113.0
2026-09-30,2026-09-30 14:36,2026-11-14,45,HYD,DEL,HYD-DEL,AI,Air India,1,9819,INR,0,,08:35,8,10:55,10,False,140,140,0,Airbus A320neo,110.0,113.0
2026-09-30,2026-09-30 14:36,2026-11-14,45,HYD,DEL,HYD-DEL,AI,Air India,1,9819,INR,0,,10:15,10,12:35,12,False,140,140,0,Airbus A320neo,110.0,113.0
2026-09-30,2026-09-30 14:36,2026-11-14,45,HYD,DEL,HYD-DEL,6E,IndiGo,1,9860,INR,0,,14:45,14,17:05,17,False,140,140,0,Airbus A321neo,94.0,113.0
2026-09-30,2026-09-30 14:36,2026-11-14,45,HYD,DEL,HYD-DEL,AI,Air India,1,9971,INR,0,,14:55,14,17:15,17,False,140,140,0,Airbus A320neo,110.0,113.0
2026-09-30,2026-09-30 14:36,2026-11-14,45,HYD,DEL,HYD-DEL,QP,Akasa Air,1,10302,INR,0,,06:00,6,08:15,8,False,135,135,0,Boeing 737MAX 8 Passenger,96.0,113.0
2026-09-30,2026-09-30 14:36,2026-11-29,60,HYD,DEL,HYD-DEL,6E,IndiGo,1,7561,INR,1,AMD,06:15,6,11:35,11,False,320,210,110,Airbus A320neo | Airbus A321neo,138.0,113.0
2026-09-30,2026-09-30 14:36,2026-11-29,60,HYD,DEL,HYD-DEL,6E,IndiGo,1,7561,INR,1,AMD,08:45,8,13:55,13,False,310,210,100,Airbus A321neo | Airbus A321neo,134.0,113.0
2026-09-30,2026-09-30 14:36,2026-11-29,60,HYD,DEL,HYD-DEL,6E,IndiGo,1,7561,INR,1,JLR,15:35,15,20:25,20,False,290,175,115,Airbus A320neo | Airbus A320neo,123.0,113.0
2026-09-30,2026-09-30 14:36,2026-11-29,60,HYD,DEL,HYD-DEL,6E,IndiGo,1,7561,INR,1,BDQ,16:55,16,22:35,22,False,340,200,140,Airbus A321neo | Airbus A321neo,131.0,113.0
2026-09-30,2026-09-30 14:36,2026-11-29,60,HYD,DEL,HYD-DEL,6E,IndiGo,1,7561,INR,1,RPR,18:10,18,23:45,23,False,335,230,105,ATR 72 | Airbus A321neo,126.0,113.0
2026-09-30,2026-09-30 14:36,2026-11-29,60,HYD,DEL,HYD-DEL,6E,IndiGo,1,7561,INR,1,BHO,19:00,19,23:50,23,False,290,175,115,Airbus A320neo | Airbus A320neo,119.0,113.0
2026-09-30,2026-09-30 14:36,2026-11-29,60,HYD,DEL,HYD-DEL,AI,Air India,1,9283,INR,0,,18:30,18,20:50,20,False,140,140,0,Airbus A320neo,110.0,113.0
2026-09-30,2026-09-30 14:36,2026-11-29,60,HYD,DEL,HYD-DEL,6E,IndiGo,1,9319,INR,0,,02:00,2,04:20,4,False,140,140,0,Airbus A321neo,94.0,113.0
2026-09-30,2026-09-30 14:36,2026-11-29,60,HYD,DEL,HYD-DEL,6E,IndiGo,1,9319,INR,0,,05:25,5,07:45,7,False,140,140,0,Airbus A321neo,94.0,113.0
2026-09-30,2026-09-30 14:36,2026-11-29,60,HYD,DEL,HYD-DEL,6E,IndiGo,1,9319,INR,0,,06:45,6,09:05,9,False,140,140,0,Airbus A321neo,94.0,113.0
2026-09-30,2026-09-30 14:36,2026-11-29,60,HYD,DEL,HYD-DEL,6E,IndiGo,1,9319,INR,0,,08:30,8,10:50,10,False,140,140,0,Airbus A321neo,94.0,113.0
2026-09-30,2026-09-30 14:36,2026-11-29,60,HYD,DEL,HYD-DEL,6E,IndiGo,1,9319,INR,0,,09:45,9,12:05,12,False,140,140,0,Airbus A321neo,94.0,113.0
2026-09-30,2026-09-30 14:36,2026-11-29,60,HYD,DEL,HYD-DEL,6E,IndiGo,1,9319,INR,0,,11:45,11,14:05,14,False,140,140,0,Airbus A321neo,94.0,113.0
2026-09-30,2026-09-30 14:36,2026-11-29,60,HYD,DEL,HYD-DEL,6E,IndiGo,1,9319,INR,0,,16:30,16,18:50,18,False,140,140,0,Airbus A321neo,94.0,113.0
2026-09-30,2026-09-30 14:36,2026-11-29,60,HYD,DEL,HYD-DEL,6E,IndiGo,1,9319,INR,0,,19:15,19,21:35,21,False,140,140,0,Airbus A321neo,94.0,113.0
2026-09-30,2026-09-30 14:36,2026-11-29,60,HYD,DEL,HYD-DEL,6E,IndiGo,1,9319,INR,0,,22:45,22,01:05,1,True,140,140,0,Airbus A321neo,94.0,113.0
2026-09-30,2026-09-30 14:36,2026-11-29,60,HYD,DEL,HYD-DEL,AI,Air India,1,9430,INR,0,,12:45,12,15:05,15,False,140,140,0,Airbus A320neo,110.0,113.0
2026-09-30,2026-09-30 14:36,2026-11-29,60,HYD,DEL,HYD-DEL,AI,Air India,1,9430,INR,0,,17:00,17,19:20,19,False,140,140,0,Airbus A320neo,110.0,113.0
2026-09-30,2026-09-30 14:36,2026-11-29,60,HYD,DEL,HYD-DEL,AI,Air India,1,9430,INR,0,,22:30,22,00:50,0,True,140,140,0,Airbus A320neo,110.0,113.0
2026-09-30,2026-09-30 14:36,2026-11-29,60,HYD,DEL,HYD-DEL,QP,Akasa Air,1,9462,INR,0,,17:25,17,19:55,19,False,150,150,0,Boeing 737MAX 8 Passenger,96.0,113.0
2026-09-30,2026-09-30 14:36,2026-11-29,60,HYD,DEL,HYD-DEL,AI,Air India,1,9582,INR,0,,10:15,10,12:35,12,False,140,140,0,Airbus A320neo,110.0,113.0
2026-09-30,2026-09-30 14:36,2026-11-29,60,HYD,DEL,HYD-DEL,AI,Air India,1,9661,INR,0,,05:30,5,07:50,7,False,140,140,0,Airbus A320neo,110.0,113.0
2026-09-30,2026-09-30 14:36,2026-11-29,60,HYD,DEL,HYD-DEL,AI,Air India,1,9661,INR,0,,19:25,19,21:50,21,False,145,145,0,Airbus A350,108.0,113.0
2026-09-30,2026-09-30 14:36,2026-11-29,60,HYD,DEL,HYD-DEL,AI,Air India,1,9661,INR,0,,21:30,21,23:50,23,False,140,140,0,Airbus A321,140.0,113.0
2026-09-30,2026-09-30 14:36,2026-11-29,60,HYD,DEL,HYD-DEL,AI,Air India,1,9819,INR,0,,08:35,8,10:55,10,False,140,140,0,Airbus A320neo,110.0,113.0
2026-09-30,2026-09-30 14:36,2026-11-29,60,HYD,DEL,HYD-DEL,6E,IndiGo,1,9860,INR,0,,21:15,21,23:35,23,False,140,140,0,Airbus A321neo,94.0,113.0
2026-09-30,2026-09-30 14:36,2026-11-29,60,HYD,DEL,HYD-DEL,6E,IndiGo,1,10439,INR,0,,14:45,14,17:05,17,False,140,140,0,Airbus A321neo,94.0,113.0
2026-09-30,2026-09-30 14:36,2026-11-29,60,HYD,DEL,HYD-DEL,AI,Air India,1,10816,INR,0,,14:55,14,17:15,17,False,140,140,0,Airbus A320neo,110.0,113.0
2026-09-30,2026-09-30 14:36,2026-11-29,60,HYD,DEL,HYD-DEL,6E,IndiGo,1,11060,INR,0,,13:00,13,15:20,15,False,140,140,0,Airbus A321neo,94.0,113.0
