scraped_on,scraped_at,flight_date,days_left,origin,destination,route,airline_code,airlines,num_airlines,price,currency,num_stops,layover_airports,dep_time,dep_hour,arr_time,arr_hour,arrives_next_day,total_duration_min,flying_min,layover_min,plane_types,carbon_kg,carbon_typical_kg
2026-10-01,2026-10-01 15:33,2026-10-04,3,DEL,BOM,DEL-BOM,6E,IndiGo,1,6474,INR,0,,05:00,5,07:15,7,False,135,135,0,Airbus A321neo,87.0,100.0
2026-10-01,2026-10-01 15:33,2026-10-04,3,DEL,BOM,DEL-BOM,6E,IndiGo,1,6474,INR,0,,06:00,6,08:20,8,False,140,140,0,Airbus A321neo,87.0,100.0
2026-10-01,2026-10-01 15:33,2026-10-04,3,DEL,BOM,DEL-BOM,6E,IndiGo,1,6474,INR,0,,07:15,7,09:30,9,False,135,135,0,Airbus A321neo,87.0,100.0
2026-10-01,2026-10-01 15:33,2026-10-04,3,DEL,BOM,DEL-BOM,AI,Air India,1,6582,INR,0,,05:00,5,07:25,7,False,145,145,0,Airbus A320neo,102.0,100.0
2026-10-01,2026-10-01 15:33,2026-10-04,3,DEL,BOM,DEL-BOM,AI,Air India,1,6582,INR,0,,06:30,6,08:50,8,False,140,140,0,Airbus A320neo,102.0,100.0
2026-10-01,2026-10-01 15:33,2026-10-04,3,DEL,BOM,DEL-BOM,AI,Air India,1,6582,INR,0,,07:00,7,09:25,9,False,145,145,0,Airbus A320neo,102.0,100.0
2026-10-01,2026-10-01 15:33,2026-10-04,3,DEL,BOM,DEL-BOM,AI,Air India,1,6582,INR,0,,07:30,7,09:55,9,False,145,145,0,Airbus A350,100.0,100.0
2026-10-01,2026-10-01 15:33,2026-10-04,3,DEL,BOM,DEL-BOM,6E,IndiGo,1,7104,INR,0,,08:45,8,11:00,11,False,135,135,0,Airbus A321neo,87.0,100.0
2026-10-01,2026-10-01 15:33,2026-10-04,3,DEL,BOM,DEL-BOM,QP,Akasa Air,1,7350,INR,0,,08:40,8,11:05,11,False,145,145,0,Boeing 737MAX 8 Passenger,90.0,100.0
2026-10-01,2026-10-01 15:33,2026-10-04,3,DEL,BOM,DEL-BOM,AI,Air India,1,7370,INR,0,,09:30,9,12:00,12,False,150,150,0,Airbus A320neo,102.0,100.0
2026-10-01,2026-10-01 15:33,2026-10-04,3,DEL,BOM,DEL-BOM,6E,IndiGo,1,8102,INR,0,,09:30,9,11:55,11,False,145,145,0,Airbus A321neo,87.0,100.0
2026-10-01,2026-10-01 15:33,2026-10-04,3,DEL,BOM,DEL-BOM,QP,Akasa Air,1,8129,INR,0,,10:00,10,12:20,12,False,140,140,0,Boeing 737MAX 8 Passenger,90.0,100.0
2026-10-01,2026-10-01 15:33,2026-10-04,3,DEL,BOM,DEL-BOM,6E,IndiGo,1,9047,INR,0,,10:15,10,12:35,12,False,140,140,0,Airbus A321neo,87.0,100.0
2026-10-01,2026-10-01 15:33,2026-10-04,3,DEL,BOM,DEL-BOM,6E,IndiGo,1,11252,INR,0,,22:45,22,01:05,1,True,140,140,0,Airbus A321neo,87.0,100.0
2026-10-01,2026-10-01 15:33,2026-10-04,3,DEL,BOM,DEL-BOM,QP,Akasa Air,1,11827,INR,0,,19:55,19,22:20,22,False,145,145,0,Boeing 737MAX 8 Passenger,89.0,100.0
2026-10-01,2026-10-01 15:33,2026-10-04,3,DEL,BOM,DEL-BOM,6E,IndiGo,1,12302,INR,0,,16:15,16,18:35,18,False,140,140,0,Airbus A321neo,87.0,100.0
2026-10-01,2026-10-01 15:33,2026-10-04,3,DEL,BOM,DEL-BOM,6E,IndiGo,1,12302,INR,0,,17:00,17,19:15,19,False,135,135,0,Airbus A321neo,87.0,100.0
2026-10-01,2026-10-01 15:33,2026-10-04,3,DEL,BOM,DEL-BOM,6E,IndiGo,1,12302,INR,0,,20:45,20,23:00,23,False,135,135,0,Airbus A321neo,87.0,100.0
2026-10-01,2026-10-01 15:33,2026-10-04,3,DEL,BOM,DEL-BOM,6E,IndiGo,1,12302,INR,0,,21:45,21,00:05,0,True,140,140,0,Airbus A321neo,87.0,100.0
2026-10-01,2026-10-01 15:33,2026-10-04,3,DEL,BOM,DEL-BOM,6E,IndiGo,1,12302,INR,0,,23:30,23,01:45,1,True,135,135,0,Airbus A321neo,87.0,100.0
2026-10-01,2026-10-01 15:33,2026-10-04,3,DEL,BOM,DEL-BOM,SG,SpiceJet,1,12412,INR,0,,19:55,19,22:40,22,False,165,165,0,Boeing 737,122.0,100.0
2026-10-01,2026-10-01 15:33,2026-10-04,3,DEL,BOM,DEL-BOM,SG,SpiceJet,1,12412,INR,0,,22:30,22,01:10,1,True,160,160,0,De Havilland-Bombardier Dash-8,118.0,100.0
2026-10-01,2026-10-01 15:33,2026-10-04,3,DEL,BOM,DEL-BOM,QP,Akasa Air,1,12493,INR,0,,17:30,17,19:50,19,False,140,140,0,Boeing 737MAX 8 Passenger,86.0,100.0
2026-10-01,2026-10-01 15:33,2026-10-04,3,DEL,BOM,DEL-BOM,QP,Akasa Air,1,13544,INR,0,,16:00,16,18:20,18,False,140,140,0,Boeing 737MAX 8 Passenger,90.0,100.0
2026-10-01,2026-10-01 15:33,2026-10-04,3,DEL,BOM,DEL-BOM,6E,IndiGo,1,13562,INR,0,,11:00,11,13:15,13,False,135,135,0,Airbus A321neo,87.0,100.0
2026-10-01,2026-10-01 15:33,2026-10-04,3,DEL,BOM,DEL-BOM,6E,IndiGo,1,13562,INR,0,,12:00,12,14:15,14,False,135,135,0,Airbus A321neo,87.0,100.0
2026-10-01,2026-10-01 15:33,2026-10-04,3,DEL,BOM,DEL-BOM,6E,IndiGo,1,13562,INR,0,,13:00,13,15:10,15,False,130,130,0,Airbus A321neo,87.0,100.0
2026-10-01,2026-10-01 15:33,2026-10-04,3,DEL,BOM,DEL-BOM,6E,IndiGo,1,13562,INR,0,,15:30,15,17:45,17,False,135,135,0,Airbus A321neo,87.0,100.0
2026-10-01,2026-10-01 15:33,2026-10-04,3,DEL,BOM,DEL-BOM,6E,IndiGo,1,13562,INR,0,,18:00,18,20:15,20,False,135,135,0,Airbus A321neo,87.0,100.0
2026-10-01,2026-10-01 15:33,2026-10-04,3,DEL,BOM,DEL-BOM,6E,IndiGo,1,13562,INR,0,,19:00,19,21:25,21,False,145,145,0,Airbus A321neo,87.0,100.0
2026-10-01,2026-10-01 15:33,2026-10-04,3,DEL,BOM,DEL-BOM,6E,IndiGo,1,15137,INR,0,,14:45,14,17:00,17,False,135,135,0,Airbus A321neo,87.0,100.0
2026-10-01,2026-10-01 15:33,2026-10-04,3,DEL,BOM,DEL-BOM,6E,IndiGo,1,15137,INR,0,,20:00,20,22:10,22,False,130,130,0,Airbus A321neo,87.0,100.0
2026-10-01,2026-10-01 15:33,2026-10-04,3,DEL,BOM,DEL-BOM,IX,Air India Express,1,15808,INR,0,,17:50,17,20:10,20,False,140,140,0,Airbus A320,116.0,100.0
2026-10-01,2026-10-01 15:33,2026-10-04,3,DEL,BOM,DEL-BOM,IX,Air India Express,1,15808,INR,0,,23:25,23,01:50,1,True,145,145,0,Boeing 737MAX 8 Passenger,101.0,100.0
2026-10-01,2026-10-01 15:33,2026-10-04,3,DEL,BOM,DEL-BOM,AI,Air India,1,16583,INR,0,,11:00,11,13:25,13,False,145,145,0,Boeing 787,103.0,100.0
2026-10-01,2026-10-01 15:33,2026-10-04,3,DEL,BOM,DEL-BOM,AI,Air India,1,16583,INR,0,,12:00,12,14:25,14,False,145,145,0,Airbus A320neo,102.0,100.0
2026-10-01,2026-10-01 15:33,2026-10-04,3,DEL,BOM,DEL-BOM,AI,Air India,1,16583,INR,0,,17:00,17,19:25,19,False,145,145,0,Boeing 777,115.0,100.0
2026-10-01,2026-10-01 15:33,2026-10-04,3,DEL,BOM,DEL-BOM,AI,Air India,1,16583,INR,0,,20:30,20,23:05,23,False,155,155,0,Airbus A320neo,102.0,100.0
2026-10-01,2026-10-01 15:33,2026-10-04,3,DEL,BOM,DEL-BOM,AI,Air India,1,16583,INR,0,,21:30,21,23:55,23,False,145,145,0,Airbus A320neo,102.0,100.0
2026-10-01,2026-10-01 15:33,2026-10-04,3,DEL,BOM,DEL-BOM,AI,Air India,1,17045,INR,0,,21:00,21,23:20,23,False,140,140,0,Airbus A320neo,102.0,100.0
2026-10-01,2026-10-01 15:33,2026-10-04,3,DEL,BOM,DEL-BOM,AI,Air India,1,17045,INR,0,,23:00,23,01:25,1,True,145,145,0,Airbus A320neo,102.0,100.0
2026-10-01,2026-10-01 15:33,2026-10-04,3,DEL,BOM,DEL-BOM,6E,IndiGo,1,17132,INR,0,,14:00,14,16:25,16,False,145,145,0,Airbus A321neo,87.0,100.0
2026-10-01,2026-10-01 15:33,2026-10-04,3,DEL,BOM,DEL-BOM,AI,Air India,1,17198,INR,0,,18:00,18,20:25,20,False,145,145,0,Airbus A320neo,102.0,100.0
2026-10-01,2026-10-01 15:33,2026-10-04,3,DEL,BOM,DEL-BOM,AI,Air India,1,20657,INR,0,,09:00,9,11:15,11,False,135,135,0,Airbus A320neo,102.0,100.0
2026-10-01,2026-10-01 15:33,2026-10-04,3,DEL,BOM,DEL-BOM,AI,Air India,1,20657,INR,0,,10:00,10,12:25,12,False,145,145,0,Airbus A320neo,102.0,100.0
2026-10-01,2026-10-01 15:33,2026-10-04,3,DEL,BOM,DEL-BOM,AI,Air India,1,20657,INR,0,,10:30,10,12:50,12,False,140,140,0,Airbus A320neo,102.0,100.0
2026-10-01,2026-10-01 15:33,2026-10-04,3,DEL,BOM,DEL-BOM,AI,Air India,1,20657,INR,0,,19:30,19,21:55,21,False,145,145,0,Airbus A320neo,102.0,100.0
2026-10-01,2026-10-01 15:33,2026-10-04,3,DEL,BOM,DEL-BOM,AI,Air India,1,20657,INR,0,,20:00,20,22:25,22,False,145,145,0,Airbus A321,130.0,100.0
2026-10-01,2026-10-01 15:33,2026-10-04,3,DEL,BOM,DEL-BOM,AI,Air India,1,21434,INR,0,,16:00,16,18:25,18,False,145,145,0,Airbus A320neo,102.0,100.0
2026-10-01,2026-10-01 15:33,2026-10-04,3,DEL,BOM,DEL-BOM,AI,Air India,1,23844,INR,0,,14:10,14,16:35,16,False,145,145,0,Airbus A320neo,102.0,100.0
2026-10-01,2026-10-01 15:33,2026-10-04,3,DEL,BOM,DEL-BOM,AI,Air India,1,24521,INR,0,,15:30,15,17:55,17,False,145,145,0,Airbus A320neo,102.0,100.0
2026-10-01,2026-10-01 15:33,2026-10-08,7,DEL,BOM,DEL-BOM,6E,IndiGo,1,6474,INR,0,,03:00,3,05:20,5,False,140,140,0,Airbus A321neo,87.0,100.0
2026-10-01,2026-10-01 15:33,2026-10-08,7,DEL,BOM,DEL-BOM,6E,IndiGo,1,6474,INR,0,,05:00,5,07:15,7,False,135,135,0,Airbus A321neo,87.0,100.0
2026-10-01,2026-10-01 15:33,2026-10-08,7,DEL,BOM,DEL-BOM,6E,IndiGo,1,6474,INR,0,,06:00,6,08:20,8,False,140,140,0,Airbus A321neo,87.0,100.0
2026-10-01,2026-10-01 15:33,2026-10-08,7,DEL,BOM,DEL-BOM,6E,IndiGo,1,6474,INR,0,,16:15,16,18:35,18,False,140,140,0,Airbus A321neo,87.0,100.0
2026-10-01,2026-10-01 15:33,2026-10-08,7,DEL,BOM,DEL-BOM,6E,IndiGo,1,6474,INR,0,,22:45,22,01:05,1,True,140,140,0,Airbus A321neo,87.0,100.0
2026-10-01,2026-10-01 15:33,2026-10-08,7,DEL,BOM,DEL-BOM,6E,IndiGo,1,6474,INR,0,,23:30,23,01:45,1,True,135,135,0,Airbus A321neo,87.0,100.0
2026-10-01,2026-10-01 15:33,2026-10-08,7,DEL,BOM,DEL-BOM,IX,Air India Express,1,6610,INR,0,,23:25,23,01:50,1,True,145,145,0,Boeing 737MAX 8 Passenger,101.0,100.0
2026-10-01,2026-10-01 15:33,2026-10-08,7,DEL,BOM,DEL-BOM,6E,IndiGo,1,6632,INR,0,,14:45,14,17:00,17,False,135,135,0,Airbus A321neo,87.0,100.0
2026-10-01,2026-10-01 15:33,2026-10-08,7,DEL,BOM,DEL-BOM,6E,IndiGo,1,6632,INR,0,,20:00,20,22:10,22,False,130,130,0,Airbus A321neo,87.0,100.0
2026-10-01,2026-10-01 15:33,2026-10-08,7,DEL,BOM,DEL-BOM,6E,IndiGo,1,6632,INR,0,,20:45,20,23:00,23,False,135,135,0,Airbus A321neo,87.0,100.0
2026-10-01,2026-10-01 15:33,2026-10-08,7,DEL,BOM,DEL-BOM,6E,IndiGo,1,6632,INR,0,,21:45,21,00:05,0,True,140,140,0,Airbus A321neo,87.0,100.0
2026-10-01,2026-10-01 15:33,2026-10-08,7,DEL,BOM,DEL-BOM,SG,SpiceJet,1,6801,INR,0,,19:55,19,22:40,22,False,165,165,0,Boeing 737,122.0,100.0
2026-10-01,2026-10-01 15:33,2026-10-08,7,DEL,BOM,DEL-BOM,SG,SpiceJet,1,6801,INR,0,,22:30,22,01:10,1,True,160,160,0,De Havilland-Bombardier Dash-8,118.0,100.0
2026-10-01,2026-10-01 15:33,2026-10-08,7,DEL,BOM,DEL-BOM,6E,IndiGo,1,6842,INR,0,,09:30,9,11:55,11,False,145,145,0,Airbus A321neo,87.0,100.0
2026-10-01,2026-10-01 15:33,2026-10-08,7,DEL,BOM,DEL-BOM,6E,IndiGo,1,6842,INR,0,,10:15,10,12:35,12,False,140,140,0,Airbus A321neo,87.0,100.0
2026-10-01,2026-10-01 15:33,2026-10-08,7,DEL,BOM,DEL-BOM,6E,IndiGo,1,6842,INR,0,,14:00,14,16:25,16,False,145,145,0,Airbus A321neo,87.0,100.0
2026-10-01,2026-10-01 15:33,2026-10-08,7,DEL,BOM,DEL-BOM,6E,IndiGo,1,6842,INR,0,,17:00,17,19:15,19,False,135,135,0,Airbus A321neo,87.0,100.0
2026-10-01,2026-10-01 15:33,2026-10-08,7,DEL,BOM,DEL-BOM,QP,Akasa Air,1,6880,INR,0,,06:50,6,09:10,9,False,140,140,0,Boeing 737MAX 8 Passenger,86.0,100.0
2026-10-01,2026-10-01 15:33,2026-10-08,7,DEL,BOM,DEL-BOM,QP,Akasa Air,1,6880,INR,0,,08:40,8,11:05,11,False,145,145,0,Boeing 737MAX 8 Passenger,90.0,100.0
2026-10-01,2026-10-01 15:33,2026-10-08,7,DEL,BOM,DEL-BOM,QP,Akasa Air,1,6880,INR,0,,17:30,17,19:50,19,False,140,140,0,Boeing 737MAX 8 Passenger,86.0,100.0
2026-10-01,2026-10-01 15:33,2026-10-08,7,DEL,BOM,DEL-BOM,QP,Akasa Air,1,6959,INR,0,,19:55,19,22:20,22,False,145,145,0,Boeing 737MAX 8 Passenger,90.0,100.0
2026-10-01,2026-10-01 15:33,2026-10-08,7,DEL,BOM,DEL-BOM,AI,Air India,1,6960,INR,0,,21:30,21,23:55,23,False,145,145,0,Airbus A320neo,102.0,100.0
2026-10-01,2026-10-01 15:33,2026-10-08,7,DEL,BOM,DEL-BOM,AI,Air India,1,7055,INR,0,,07:00,7,09:25,9,False,145,145,0,Airbus A320neo,102.0,100.0
2026-10-01,2026-10-01 15:33,2026-10-08,7,DEL,BOM,DEL-BOM,AI,Air India,1,7055,INR,0,,07:30,7,09:55,9,False,145,145,0,Airbus A350,100.0,100.0
2026-10-01,2026-10-01 15:33,2026-10-08,7,DEL,BOM,DEL-BOM,AI,Air India,1,7055,INR,0,,11:00,11,13:25,13,False,145,145,0,Airbus A320neo,102.0,100.0
2026-10-01,2026-10-01 15:33,2026-10-08,7,DEL,BOM,DEL-BOM,AI,Air India,1,7055,INR,0,,12:00,12,14:25,14,False,145,145,0,Airbus A320neo,102.0,100.0
2026-10-01,2026-10-01 15:33,2026-10-08,7,DEL,BOM,DEL-BOM,AI,Air India,1,7055,INR,0,,13:30,13,15:50,15,False,140,140,0,Airbus A320neo,102.0,100.0
2026-10-01,2026-10-01 15:33,2026-10-08,7,DEL,BOM,DEL-BOM,AI,Air India,1,7055,INR,0,,14:10,14,16:35,16,False,145,145,0,Airbus A320neo,102.0,100.0
2026-10-01,2026-10-01 15:33,2026-10-08,7,DEL,BOM,DEL-BOM,AI,Air India,1,7055,INR,0,,17:00,17,19:25,19,False,145,145,0,Boeing 777,115.0,100.0
2026-10-01,2026-10-01 15:33,2026-10-08,7,DEL,BOM,DEL-BOM,AI,Air India,1,7055,INR,0,,22:00,22,00:25,0,True,145,145,0,Airbus A321,130.0,100.0
2026-10-01,2026-10-01 15:33,2026-10-08,7,DEL,BOM,DEL-BOM,6E,IndiGo,1,7104,INR,0,,11:00,11,13:15,13,False,135,135,0,Airbus A321neo,87.0,100.0
2026-10-01,2026-10-01 15:33,2026-10-08,7,DEL,BOM,DEL-BOM,6E,IndiGo,1,7104,INR,0,,12:00,12,14:15,14,False,135,135,0,Airbus A321neo,87.0,100.0
2026-10-01,2026-10-01 15:33,2026-10-08,7,DEL,BOM,DEL-BOM,6E,IndiGo,1,7104,INR,0,,13:00,13,15:10,15,False,130,130,0,Airbus A321neo,87.0,100.0
2026-10-01,2026-10-01 15:33,2026-10-08,7,DEL,BOM,DEL-BOM,QP,Akasa Air,1,7201,INR,0,,10:00,10,12:20,12,False,140,140,0,Boeing 737MAX 8 Passenger,90.0,100.0
2026-10-01,2026-10-01 15:33,2026-10-08,7,DEL,BOM,DEL-BOM,AI,Air India,1,7370,INR,0,,15:30,15,17:55,17,False,145,145,0,Airbus A320neo,102.0,100.0
2026-10-01,2026-10-01 15:33,2026-10-08,7,DEL,BOM,DEL-BOM,AI,Air India,1,7370,INR,0,,16:00,16,18:25,18,False,145,145,0,Airbus A320neo,102.0,100.0
2026-10-01,2026-10-01 15:33,2026-10-08,7,DEL,BOM,DEL-BOM,6E,IndiGo,1,7419,INR,0,,08:00,8,10:20,10,False,140,140,0,Airbus A321neo,87.0,100.0
2026-10-01,2026-10-01 15:33,2026-10-08,7,DEL,BOM,DEL-BOM,6E,IndiGo,1,7419,INR,0,,08:45,8,11:00,11,False,135,135,0,Airbus A321neo,87.0,100.0
2026-10-01,2026-10-01 15:33,2026-10-08,7,DEL,BOM,DEL-BOM,AI,Air India,1,7685,INR,0,,10:30,10,12:50,12,False,140,140,0,Boeing 787,103.0,100.0
2026-10-01,2026-10-01 15:33,2026-10-08,7,DEL,BOM,DEL-BOM,AI,Air India,1,7685,INR,0,,20:30,20,23:05,23,False,155,155,0,Airbus A320neo,102.0,100.0
2026-10-01,2026-10-01 15:33,2026-10-08,7,DEL,BOM,DEL-BOM,6E,IndiGo,1,7734,INR,0,,18:00,18,20:15,20,False,135,135,0,Airbus A321neo,87.0,100.0
2026-10-01,2026-10-01 15:33,2026-10-08,7,DEL,BOM,DEL-BOM,6E,IndiGo,1,7734,INR,0,,19:00,19,21:25,21,False,145,145,0,Airbus A321neo,87.0,100.0
2026-10-01,2026-10-01 15:33,2026-10-08,7,DEL,BOM,DEL-BOM,AI,Air India,1,8052,INR,0,,05:00,5,07:25,7,False,145,145,0,Airbus A320neo,102.0,100.0
2026-10-01,2026-10-01 15:33,2026-10-08,7,DEL,BOM,DEL-BOM,AI,Air India,1,8052,INR,0,,08:30,8,10:40,10,False,130,130,0,Airbus A320neo,102.0,100.0
2026-10-01,2026-10-01 15:33,2026-10-08,7,DEL,BOM,DEL-BOM,AI,Air India,1,8052,INR,0,,21:00,21,23:20,23,False,140,140,0,Airbus A320neo,102.0,100.0
2026-10-01,2026-10-01 15:33,2026-10-08,7,DEL,BOM,DEL-BOM,6E,IndiGo,1,8102,INR,0,,07:15,7,09:30,9,False,135,135,0,Airbus A321neo,87.0,100.0
2026-10-01,2026-10-01 15:33,2026-10-08,7,DEL,BOM,DEL-BOM,AI,Air India,1,8456,INR,0,,18:00,18,20:25,20,False,145,145,0,Airbus A320neo,102.0,100.0
2026-10-01,2026-10-01 15:33,2026-10-08,7,DEL,BOM,DEL-BOM,AI,Air India,1,9905,INR,0,,20:00,20,22:25,22,False,145,145,0,Airbus A321,130.0,100.0
2026-10-01,2026-10-01 15:33,2026-10-08,7,DEL,BOM,DEL-BOM,AI,Air India,1,9968,INR,0,,06:30,6,08:50,8,False,140,140,0,Airbus A320neo,102.0,100.0
2026-10-01,2026-10-01 15:33,2026-10-08,7,DEL,BOM,DEL-BOM,AI,Air India,1,9968,INR,0,,09:00,9,11:15,11,False,135,135,0,Airbus A320neo,102.0,100.0
2026-10-01,2026-10-01 15:33,2026-10-08,7,DEL,BOM,DEL-BOM,AI,Air India,1,9968,INR,0,,10:00,10,12:25,12,False,145,145,0,Airbus A320neo,102.0,100.0
2026-10-01,2026-10-01 15:33,2026-10-08,7,DEL,BOM,DEL-BOM,AI,Air India,1,10404,INR,0,,19:00,19,21:25,21,False,145,145,0,Airbus A320neo,102.0,100.0
2026-10-01,2026-10-01 15:33,2026-10-15,14,DEL,BOM,DEL-BOM,AI,Air India,1,6425,INR,0,,05:00,5,07:25,7,False,145,145,0,Airbus A320neo,102.0,100.0
2026-10-01,2026-10-01 15:33,2026-10-15,14,DEL,BOM,DEL-BOM,AI,Air India,1,6425,INR,0,,06:30,6,08:50,8,False,140,140,0,Airbus A320neo,102.0,100.0
2026-10-01,2026-10-01 15:33,2026-10-15,14,DEL,BOM,DEL-BOM,AI,Air India,1,6425,INR,0,,10:00,10,12:25,12,False,145,145,0,Boeing 787,102.0,100.0
2026-10-01,2026-10-01 15:33,2026-10-15,14,DEL,BOM,DEL-BOM,AI,Air India,1,6425,INR,0,,11:00,11,13:25,13,False,145,145,0,Airbus A320neo,102.0,100.0
2026-10-01,2026-10-01 15:33,2026-10-15,14,DEL,BOM,DEL-BOM,6E,IndiGo,1,6474,INR,0,,03:00,3,05:20,5,False,140,140,0,Airbus A321neo,87.0,100.0
2026-10-01,2026-10-01 15:33,2026-10-15,14,DEL,BOM,DEL-BOM,6E,IndiGo,1,6474,INR,0,,05:00,5,07:15,7,False,135,135,0,Airbus A321neo,87.0,100.0
2026-10-01,2026-10-01 15:33,2026-10-15,14,DEL,BOM,DEL-BOM,6E,IndiGo,1,6474,INR,0,,06:00,6,08:20,8,False,140,140,0,Airbus A321neo,87.0,100.0
2026-10-01,2026-10-01 15:33,2026-10-15,14,DEL,BOM,DEL-BOM,6E,IndiGo,1,6474,INR,0,,07:15,7,09:30,9,False,135,135,0,Airbus A321neo,87.0,100.0
2026-10-01,2026-10-01 15:33,2026-10-15,14,DEL,BOM,DEL-BOM,6E,IndiGo,1,6474,INR,0,,08:00,8,10:20,10,False,140,140,0,Airbus A321neo,87.0,100.0
2026-10-01,2026-10-01 15:33,2026-10-15,14,DEL,BOM,DEL-BOM,6E,IndiGo,1,6474,INR,0,,08:45,8,11:00,11,False,135,135,0,Airbus A321neo,87.0,100.0
2026-10-01,2026-10-01 15:33,2026-10-15,14,DEL,BOM,DEL-BOM,6E,IndiGo,1,6474,INR,0,,09:30,9,11:55,11,False,145,145,0,Airbus A321neo,87.0,100.0
2026-10-01,2026-10-01 15:33,2026-10-15,14,DEL,BOM,DEL-BOM,6E,IndiGo,1,6474,INR,0,,10:15,10,12:35,12,False,140,140,0,Airbus A321neo,87.0,100.0
2026-10-01,2026-10-01 15:33,2026-10-15,14,DEL,BOM,DEL-BOM,6E,IndiGo,1,6474,INR,0,,11:00,11,13:15,13,False,135,135,0,Airbus A321neo,87.0,100.0
2026-10-01,2026-10-01 15:33,2026-10-15,14,DEL,BOM,DEL-BOM,6E,IndiGo,1,6474,INR,0,,12:00,12,14:15,14,False,135,135,0,Airbus A321neo,87.0,100.0
2026-10-01,2026-10-01 15:33,2026-10-15,14,DEL,BOM,DEL-BOM,6E,IndiGo,1,6474,INR,0,,14:00,14,16:25,16,False,145,145,0,Airbus A321neo,87.0,100.0
2026-10-01,2026-10-01 15:33,2026-10-15,14,DEL,BOM,DEL-BOM,6E,IndiGo,1,6474,INR,0,,18:00,18,20:15,20,False,135,135,0,Airbus A321neo,87.0,100.0
2026-10-01,2026-10-01 15:33,2026-10-15,14,DEL,BOM,DEL-BOM,6E,IndiGo,1,6474,INR,0,,20:00,20,22:10,22,False,130,130,0,Airbus A321neo,87.0,100.0
2026-10-01,2026-10-01 15:33,2026-10-15,14,DEL,BOM,DEL-BOM,6E,IndiGo,1,6474,INR,0,,20:45,20,23:00,23,False,135,135,0,Airbus A321neo,87.0,100.0
2026-10-01,2026-10-01 15:33,2026-10-15,14,DEL,BOM,DEL-BOM,6E,IndiGo,1,6474,INR,0,,21:45,21,00:05,0,True,140,140,0,Airbus A321neo,87.0,100.0
2026-10-01,2026-10-01 15:33,2026-10-15,14,DEL,BOM,DEL-BOM,6E,IndiGo,1,6474,INR,0,,23:30,23,01:45,1,True,135,135,0,Airbus A321neo,87.0,100.0
2026-10-01,2026-10-01 15:33,2026-10-15,14,DEL,BOM,DEL-BOM,AI,Air India,1,6530,INR,0,,08:30,8,10:40,10,False,130,130,0,Airbus A320neo,102.0,100.0
2026-10-01,2026-10-01 15:33,2026-10-15,14,DEL,BOM,DEL-BOM,AI,Air India,1,6582,INR,0,,07:30,7,09:55,9,False,145,145,0,Airbus A350,100.0,100.0
2026-10-01,2026-10-01 15:33,2026-10-15,14,DEL,BOM,DEL-BOM,AI,Air India,1,6582,INR,0,,09:00,9,11:15,11,False,135,135,0,Airbus A320neo,102.0,100.0
2026-10-01,2026-10-01 15:33,2026-10-15,14,DEL,BOM,DEL-BOM,AI,Air India,1,6582,INR,0,,12:00,12,14:25,14,False,145,145,0,Airbus A320neo,102.0,100.0
2026-10-01,2026-10-01 15:33,2026-10-15,14,DEL,BOM,DEL-BOM,AI,Air India,1,6582,INR,0,,14:10,14,16:35,16,False,145,145,0,Airbus A320neo,102.0,100.0
2026-10-01,2026-10-01 15:33,2026-10-15,14,DEL,BOM,DEL-BOM,AI,Air India,1,6582,INR,0,,19:30,19,21:55,21,False,145,145,0,Airbus A320neo,102.0,100.0
2026-10-01,2026-10-01 15:33,2026-10-15,14,DEL,BOM,DEL-BOM,AI,Air India,1,6582,INR,0,,21:00,21,23:20,23,False,140,140,0,Airbus A320neo,102.0,100.0
2026-10-01,2026-10-01 15:33,2026-10-15,14,DEL,BOM,DEL-BOM,IX,Air India Express,1,6610,INR,0,,17:50,17,20:10,20,False,140,140,0,Airbus A320,116.0,100.0
2026-10-01,2026-10-01 15:33,2026-10-15,14,DEL,BOM,DEL-BOM,IX,Air India Express,1,6610,INR,0,,23:25,23,01:50,1,True,145,145,0,Boeing 737MAX 8 Passenger,103.0,100.0
2026-10-01,2026-10-01 15:33,2026-10-15,14,DEL,BOM,DEL-BOM,6E,IndiGo,1,6632,INR,0,,15:30,15,17:45,17,False,135,135,0,Airbus A321neo,87.0,100.0
2026-10-01,2026-10-01 15:33,2026-10-15,14,DEL,BOM,DEL-BOM,6E,IndiGo,1,6632,INR,0,,19:00,19,21:25,21,False,145,145,0,Airbus A321neo,87.0,100.0
2026-10-01,2026-10-01 15:33,2026-10-15,14,DEL,BOM,DEL-BOM,6E,IndiGo,1,6632,INR,0,,22:45,22,01:05,1,True,140,140,0,Airbus A321neo,87.0,100.0
2026-10-01,2026-10-01 15:33,2026-10-15,14,DEL,BOM,DEL-BOM,AI,Air India,1,6682,INR,0,,07:00,7,09:25,9,False,145,145,0,Airbus A320neo,102.0,100.0
2026-10-01,2026-10-01 15:33,2026-10-15,14,DEL,BOM,DEL-BOM,AI,Air India,1,6682,INR,0,,20:00,20,22:25,22,False,145,145,0,Airbus A321,130.0,100.0
2026-10-01,2026-10-01 15:33,2026-10-15,14,DEL,BOM,DEL-BOM,AI,Air India,1,6682,INR,0,,23:00,23,01:25,1,True,145,145,0,Airbus A320neo,102.0,100.0
2026-10-01,2026-10-01 15:33,2026-10-15,14,DEL,BOM,DEL-BOM,AI,Air India,1,6692,INR,0,,20:30,20,23:05,23,False,155,155,0,Airbus A320neo,102.0,100.0
2026-10-01,2026-10-01 15:33,2026-10-15,14,DEL,BOM,DEL-BOM,AI,Air India,1,6734,INR,0,,21:30,21,23:55,23,False,145,145,0,Airbus A320neo,102.0,100.0
2026-10-01,2026-10-01 15:33,2026-10-15,14,DEL,BOM,DEL-BOM,AI,Air India,1,6745,INR,0,,16:00,16,18:25,18,False,145,145,0,Airbus A320neo,102.0,100.0
2026-10-01,2026-10-01 15:33,2026-10-15,14,DEL,BOM,DEL-BOM,AI,Air India,1,6792,INR,0,,13:30,13,15:50,15,False,140,140,0,Airbus A320neo,102.0,100.0
2026-10-01,2026-10-01 15:33,2026-10-15,14,DEL,BOM,DEL-BOM,QP,Akasa Air,1,6880,INR,0,,06:50,6,09:10,9,False,140,140,0,Boeing 737MAX 8 Passenger,90.0,100.0
2026-10-01,2026-10-01 15:33,2026-10-15,14,DEL,BOM,DEL-BOM,QP,Akasa Air,1,6880,INR,0,,08:40,8,11:05,11,False,145,145,0,Boeing 737MAX 8 Passenger,90.0,100.0
2026-10-01,2026-10-01 15:33,2026-10-15,14,DEL,BOM,DEL-BOM,QP,Akasa Air,1,6880,INR,0,,10:00,10,12:20,12,False,140,140,0,Boeing 737MAX 8 Passenger,86.0,100.0
2026-10-01,2026-10-01 15:33,2026-10-15,14,DEL,BOM,DEL-BOM,QP,Akasa Air,1,6880,INR,0,,16:00,16,18:20,18,False,140,140,0,Boeing 737MAX 8 Passenger,90.0,100.0
2026-10-01,2026-10-01 15:33,2026-10-15,14,DEL,BOM,DEL-BOM,QP,Akasa Air,1,6880,INR,0,,17:30,17,19:50,19,False,140,140,0,Boeing 737MAX 8 Passenger,89.0,100.0
2026-10-01,2026-10-01 15:33,2026-10-15,14,DEL,BOM,DEL-BOM,QP,Akasa Air,1,6880,INR,0,,19:55,19,22:20,22,False,145,145,0,Boeing 737MAX 8 Passenger,90.0,100.0
2026-10-01,2026-10-01 15:33,2026-10-15,14,DEL,BOM,DEL-BOM,AI,Air India,1,6902,INR,0,,19:00,19,21:25,21,False,145,145,0,Airbus A320neo,102.0,100.0
2026-10-01,2026-10-01 15:33,2026-10-15,14,DEL,BOM,DEL-BOM,AI,Air India,1,7013,INR,0,,18:00,18,20:25,20,False,145,145,0,Airbus A321,130.0,100.0
2026-10-01,2026-10-01 15:33,2026-10-15,14,DEL,BOM,DEL-BOM,AI,Air India,1,7055,INR,0,,17:00,17,19:25,19,False,145,145,0,Boeing 777,115.0,100.0
2026-10-01,2026-10-01 15:33,2026-10-15,14,DEL,BOM,DEL-BOM,6E,IndiGo,1,7419,INR,0,,17:00,17,19:15,19,False,135,135,0,Airbus A321neo,87.0,100.0
2026-10-01,2026-10-01 15:33,2026-10-15,14,DEL,BOM,DEL-BOM,6E,IndiGo,1,7734,INR,0,,16:15,16,18:35,18,False,140,140,0,Airbus A321neo,87.0,100.0
2026-10-01,2026-10-01 15:33,2026-10-22,21,DEL,BOM,DEL-BOM,AI,Air India,1,6913,INR,0,,05:00,5,07:25,7,False,145,145,0,Airbus A320neo,102.0,100.0
2026-10-01,2026-10-01 15:33,2026-10-22,21,DEL,BOM,DEL-BOM,AI,Air India,1,6913,INR,0,,10:00,10,12:25,12,False,145,145,0,Airbus A320neo,102.0,100.0
2026-10-01,2026-10-01 15:33,2026-10-22,21,DEL,BOM,DEL-BOM,AI,Air India,1,6913,INR,0,,10:30,10,12:50,12,False,140,140,0,Boeing 787,103.0,100.0
2026-10-01,2026-10-01 15:33,2026-10-22,21,DEL,BOM,DEL-BOM,AI,Air India,1,6913,INR,0,,11:00,11,13:25,13,False,145,145,0,Airbus A320neo,102.0,100.0
2026-10-01,2026-10-01 15:33,2026-10-22,21,DEL,BOM,DEL-BOM,6E,IndiGo,1,6963,INR,0,,03:00,3,05:20,5,False,140,140,0,Airbus A321neo,87.0,100.0
2026-10-01,2026-10-01 15:33,2026-10-22,21,DEL,BOM,DEL-BOM,6E,IndiGo,1,6963,INR,0,,05:00,5,07:15,7,False,135,135,0,Airbus A321neo,87.0,100.0
2026-10-01,2026-10-01 15:33,2026-10-22,21,DEL,BOM,DEL-BOM,6E,IndiGo,1,6963,INR,0,,10:15,10,12:35,12,False,140,140,0,Airbus A321neo,87.0,100.0
2026-10-01,2026-10-01 15:33,2026-10-22,21,DEL,BOM,DEL-BOM,6E,IndiGo,1,6963,INR,0,,11:00,11,13:15,13,False,135,135,0,Airbus A321neo,87.0,100.0
2026-10-01,2026-10-01 15:33,2026-10-22,21,DEL,BOM,DEL-BOM,6E,IndiGo,1,6963,INR,0,,12:00,12,14:15,14,False,135,135,0,Airbus A321neo,87.0,100.0
2026-10-01,2026-10-01 15:33,2026-10-22,21,DEL,BOM,DEL-BOM,6E,IndiGo,1,6963,INR,0,,14:00,14,16:25,16,False,145,145,0,Airbus A321neo,87.0,100.0
2026-10-01,2026-10-01 15:33,2026-10-22,21,DEL,BOM,DEL-BOM,6E,IndiGo,1,6963,INR,0,,14:45,14,17:00,17,False,135,135,0,Airbus A321neo,87.0,100.0
2026-10-01,2026-10-01 15:33,2026-10-22,21,DEL,BOM,DEL-BOM,6E,IndiGo,1,6963,INR,0,,15:30,15,17:45,17,False,135,135,0,Airbus A321neo,87.0,100.0
2026-10-01,2026-10-01 15:33,2026-10-22,21,DEL,BOM,DEL-BOM,6E,IndiGo,1,6963,INR,0,,16:15,16,18:35,18,False,140,140,0,Airbus A321neo,87.0,100.0
2026-10-01,2026-10-01 15:33,2026-10-22,21,DEL,BOM,DEL-BOM,6E,IndiGo,1,6963,INR,0,,22:45,22,01:05,1,True,140,140,0,Airbus A321neo,87.0,100.0
2026-10-01,2026-10-01 15:33,2026-10-22,21,DEL,BOM,DEL-BOM,6E,IndiGo,1,6963,INR,0,,23:30,23,01:45,1,True,135,135,0,Airbus A321neo,87.0,100.0
2026-10-01,2026-10-01 15:33,2026-10-22,21,DEL,BOM,DEL-BOM,IX,Air India Express,1,7041,INR,0,,23:25,23,01:50,1,True,145,145,0,Boeing 737MAX 8 Passenger,101.0,100.0
2026-10-01,2026-10-01 15:33,2026-10-22,21,DEL,BOM,DEL-BOM,AI,Air India,1,7086,INR,0,,12:00,12,14:25,14,False,145,145,0,Airbus A320neo,102.0,100.0
2026-10-01,2026-10-01 15:33,2026-10-22,21,DEL,BOM,DEL-BOM,AI,Air India,1,7086,INR,0,,16:00,16,18:25,18,False,145,145,0,Airbus A320neo,102.0,100.0
2026-10-01,2026-10-01 15:33,2026-10-22,21,DEL,BOM,DEL-BOM,6E,IndiGo,1,7113,INR,0,,06:00,6,08:20,8,False,140,140,0,Airbus A321neo,87.0,100.0
2026-10-01,2026-10-01 15:33,2026-10-22,21,DEL,BOM,DEL-BOM,6E,IndiGo,1,7113,INR,0,,07:15,7,09:30,9,False,135,135,0,Airbus A321neo,87.0,100.0
2026-10-01,2026-10-01 15:33,2026-10-22,21,DEL,BOM,DEL-BOM,6E,IndiGo,1,7113,INR,0,,08:00,8,10:20,10,False,140,140,0,Airbus A321neo,87.0,100.0
2026-10-01,2026-10-01 15:33,2026-10-22,21,DEL,BOM,DEL-BOM,6E,IndiGo,1,7113,INR,0,,08:45,8,11:00,11,False,135,135,0,Airbus A321neo,87.0,100.0
2026-10-01,2026-10-01 15:33,2026-10-22,21,DEL,BOM,DEL-BOM,6E,IndiGo,1,7113,INR,0,,09:30,9,11:55,11,False,145,145,0,Airbus A321neo,87.0,100.0
2026-10-01,2026-10-01 15:33,2026-10-22,21,DEL,BOM,DEL-BOM,6E,IndiGo,1,7113,INR,0,,17:00,17,19:15,19,False,135,135,0,Airbus A321neo,87.0,100.0
2026-10-01,2026-10-01 15:33,2026-10-22,21,DEL,BOM,DEL-BOM,6E,IndiGo,1,7113,INR,0,,20:00,20,22:10,22,False,130,130,0,Airbus A321neo,87.0,100.0
2026-10-01,2026-10-01 15:33,2026-10-22,21,DEL,BOM,DEL-BOM,6E,IndiGo,1,7113,INR,0,,20:45,20,23:00,23,False,135,135,0,Airbus A321neo,87.0,100.0
2026-10-01,2026-10-01 15:33,2026-10-22,21,DEL,BOM,DEL-BOM,6E,IndiGo,1,7113,INR,0,,21:45,21,00:05,0,True,140,140,0,Airbus A321neo,87.0,100.0
2026-10-01,2026-10-01 15:33,2026-10-22,21,DEL,BOM,DEL-BOM,AI,Air India,1,7196,INR,0,,23:00,23,01:25,1,True,145,145,0,Airbus A320neo,102.0,100.0
2026-10-01,2026-10-01 15:33,2026-10-22,21,DEL,BOM,DEL-BOM,QP,Akasa Air,1,7350,INR,0,,06:50,6,09:10,9,False,140,140,0,Boeing 737MAX 8 Passenger,91.0,100.0
2026-10-01,2026-10-01 15:33,2026-10-22,21,DEL,BOM,DEL-BOM,QP,Akasa Air,1,7350,INR,0,,08:40,8,11:05,11,False,145,145,0,Boeing 737MAX 8 Passenger,86.0,100.0
2026-10-01,2026-10-01 15:33,2026-10-22,21,DEL,BOM,DEL-BOM,QP,Akasa Air,1,7350,INR,0,,10:00,10,12:20,12,False,140,140,0,Boeing 737MAX 8 Passenger,86.0,100.0
2026-10-01,2026-10-01 15:33,2026-10-22,21,DEL,BOM,DEL-BOM,QP,Akasa Air,1,7350,INR,0,,16:00,16,18:20,18,False,140,140,0,Boeing 737MAX 8 Passenger,86.0,100.0
2026-10-01,2026-10-01 15:33,2026-10-22,21,DEL,BOM,DEL-BOM,QP,Akasa Air,1,7350,INR,0,,19:55,19,22:20,22,False,145,145,0,Boeing 737MAX 8 Passenger,90.0,100.0
2026-10-01,2026-10-01 15:33,2026-10-22,21,DEL,BOM,DEL-BOM,AI,Air India,1,7364,INR,0,,06:30,6,08:50,8,False,140,140,0,Airbus A320neo,102.0,100.0
2026-10-01,2026-10-01 15:33,2026-10-22,21,DEL,BOM,DEL-BOM,AI,Air India,1,7364,INR,0,,09:00,9,11:15,11,False,135,135,0,Airbus A320neo,102.0,100.0
2026-10-01,2026-10-01 15:33,2026-10-22,21,DEL,BOM,DEL-BOM,AI,Air India,1,7364,INR,0,,13:30,13,15:50,15,False,140,140,0,Airbus A320neo,102.0,100.0
2026-10-01,2026-10-01 15:33,2026-10-22,21,DEL,BOM,DEL-BOM,AI,Air India,1,7364,INR,0,,15:30,15,17:55,17,False,145,145,0,Airbus A320neo,102.0,100.0
2026-10-01,2026-10-01 15:33,2026-10-22,21,DEL,BOM,DEL-BOM,AI,Air India,1,7364,INR,0,,17:00,17,19:25,19,False,145,145,0,Boeing 777,115.0,100.0
2026-10-01,2026-10-01 15:33,2026-10-22,21,DEL,BOM,DEL-BOM,AI,Air India,1,7364,INR,0,,21:00,21,23:20,23,False,140,140,0,Airbus A320neo,102.0,100.0
2026-10-01,2026-10-01 15:33,2026-10-22,21,DEL,BOM,DEL-BOM,AI,Air India,1,7364,INR,0,,22:00,22,00:25,0,True,145,145,0,Airbus A321,130.0,100.0
2026-10-01,2026-10-01 15:33,2026-10-22,21,DEL,BOM,DEL-BOM,6E,IndiGo,1,7413,INR,0,,19:00,19,21:25,21,False,145,145,0,Airbus A321neo,87.0,100.0
2026-10-01,2026-10-01 15:33,2026-10-22,21,DEL,BOM,DEL-BOM,AI,Air India,1,7485,INR,0,,08:30,8,10:40,10,False,130,130,0,Airbus A320neo,102.0,100.0
2026-10-01,2026-10-01 15:33,2026-10-22,21,DEL,BOM,DEL-BOM,AI,Air India,1,7485,INR,0,,20:30,20,23:05,23,False,155,155,0,Airbus A320neo,102.0,100.0
2026-10-01,2026-10-01 15:33,2026-10-22,21,DEL,BOM,DEL-BOM,AI,Air India,1,7548,INR,0,,07:30,7,09:55,9,False,145,145,0,Airbus A350,100.0,100.0
2026-10-01,2026-10-01 15:33,2026-10-22,21,DEL,BOM,DEL-BOM,AI,Air India,1,7548,INR,0,,19:30,19,21:55,21,False,145,145,0,Airbus A321,130.0,100.0
2026-10-01,2026-10-01 15:33,2026-10-22,21,DEL,BOM,DEL-BOM,AI,Air India,1,7669,INR,0,,07:00,7,09:25,9,False,145,145,0,Airbus A320neo,102.0,100.0
2026-10-01,2026-10-01 15:33,2026-10-22,21,DEL,BOM,DEL-BOM,AI,Air India,1,7669,INR,0,,20:00,20,22:25,22,False,145,145,0,Airbus A321,130.0,100.0
2026-10-01,2026-10-01 15:33,2026-10-22,21,DEL,BOM,DEL-BOM,6E,IndiGo,1,7713,INR,0,,18:00,18,20:15,20,False,135,135,0,Airbus A321neo,87.0,100.0
2026-10-01,2026-10-01 15:33,2026-10-22,21,DEL,BOM,DEL-BOM,AI,Air India,1,7732,INR,0,,19:00,19,21:25,21,False,145,145,0,Airbus A320neo,102.0,100.0
2026-10-01,2026-10-01 15:33,2026-10-22,21,DEL,BOM,DEL-BOM,AI,Air India,1,7732,INR,0,,21:30,21,23:55,23,False,145,145,0,Airbus A320neo,102.0,100.0
2026-10-01,2026-10-01 15:33,2026-10-22,21,DEL,BOM,DEL-BOM,AI,Air India,1,8367,INR,0,,18:00,18,20:25,20,False,145,145,0,Airbus A320neo,102.0,100.0
2026-10-01,2026-10-01 15:33,2026-10-31,30,DEL,BOM,DEL-BOM,IX,Air India Express,1,6831,INR,0,,20:40,20,23:10,23,False,150,150,0,Boeing 737MAX 8 Passenger,101.0,100.0
2026-10-01,2026-10-01 15:33,2026-10-31,30,DEL,BOM,DEL-BOM,QP,Akasa Air,1,6880,INR,0,,10:15,10,12:40,12,False,145,145,0,Boeing 737MAX 8 Passenger,86.0,100.0
2026-10-01,2026-10-01 15:33,2026-10-31,30,DEL,BOM,DEL-BOM,QP,Akasa Air,1,6880,INR,0,,18:10,18,20:40,20,False,150,150,0,Boeing 737MAX 8 Passenger,90.0,100.0
2026-10-01,2026-10-01 15:33,2026-10-31,30,DEL,BOM,DEL-BOM,AI,Air India,1,6913,INR,0,,05:30,5,07:55,7,False,145,145,0,Airbus A321,130.0,100.0
2026-10-01,2026-10-01 15:33,2026-10-31,30,DEL,BOM,DEL-BOM,AI,Air India,1,6913,INR,0,,06:30,6,08:55,8,False,145,145,0,Airbus A320neo,102.0,100.0
2026-10-01,2026-10-01 15:33,2026-10-31,30,DEL,BOM,DEL-BOM,AI,Air India,1,6913,INR,0,,09:00,9,11:15,11,False,135,135,0,Airbus A320neo,102.0,100.0
2026-10-01,2026-10-01 15:33,2026-10-31,30,DEL,BOM,DEL-BOM,AI,Air India,1,6913,INR,0,,10:30,10,12:55,12,False,145,145,0,Airbus A320neo,102.0,100.0
2026-10-01,2026-10-01 15:33,2026-10-31,30,DEL,BOM,DEL-BOM,AI,Air India,1,6913,INR,0,,11:00,11,13:25,13,False,145,145,0,Airbus A320neo,102.0,100.0
2026-10-01,2026-10-01 15:33,2026-10-31,30,DEL,BOM,DEL-BOM,AI,Air India,1,6913,INR,0,,12:00,12,14:25,14,False,145,145,0,Airbus A321,130.0,100.0
2026-10-01,2026-10-01 15:33,2026-10-31,30,DEL,BOM,DEL-BOM,AI,Air India,1,6913,INR,0,,13:30,13,15:55,15,False,145,145,0,Airbus A320neo,102.0,100.0
2026-10-01,2026-10-01 15:33,2026-10-31,30,DEL,BOM,DEL-BOM,AI,Air India,1,6913,INR,0,,17:00,17,19:25,19,False,145,145,0,Boeing 777,115.0,100.0
2026-10-01,2026-10-01 15:33,2026-10-31,30,DEL,BOM,DEL-BOM,AI,Air India,1,6913,INR,0,,20:30,20,22:55,22,False,145,145,0,Airbus A320neo,102.0,100.0
2026-10-01,2026-10-01 15:33,2026-10-31,30,DEL,BOM,DEL-BOM,AI,Air India,1,6913,INR,0,,21:00,21,23:25,23,False,145,145,0,Airbus A320neo,102.0,100.0
2026-10-01,2026-10-01 15:33,2026-10-31,30,DEL,BOM,DEL-BOM,AI,Air India,1,6913,INR,0,,22:00,22,00:20,0,True,140,140,0,Boeing 787,100.0,100.0
2026-10-01,2026-10-01 15:33,2026-10-31,30,DEL,BOM,DEL-BOM,AI,Air India,1,6913,INR,0,,22:00,22,00:25,0,True,145,145,0,Airbus A321,130.0,100.0
2026-10-01,2026-10-01 15:33,2026-10-31,30,DEL,BOM,DEL-BOM,AI,Air India,1,6913,INR,0,,22:30,22,00:55,0,True,145,145,0,Airbus A320neo,102.0,100.0
2026-10-01,2026-10-01 15:33,2026-10-31,30,DEL,BOM,DEL-BOM,6E,IndiGo,1,6963,INR,0,,03:30,3,05:55,5,False,145,145,0,Airbus A321neo,87.0,100.0
2026-10-01,2026-10-01 15:33,2026-10-31,30,DEL,BOM,DEL-BOM,6E,IndiGo,1,6963,INR,0,,05:00,5,07:25,7,False,145,145,0,Airbus A321neo,87.0,100.0
2026-10-01,2026-10-01 15:33,2026-10-31,30,DEL,BOM,DEL-BOM,6E,IndiGo,1,6963,INR,0,,06:05,6,08:30,8,False,145,145,0,Airbus A321neo,87.0,100.0
2026-10-01,2026-10-01 15:33,2026-10-31,30,DEL,BOM,DEL-BOM,6E,IndiGo,1,6963,INR,0,,07:00,7,09:25,9,False,145,145,0,Airbus A321neo,87.0,100.0
2026-10-01,2026-10-01 15:33,2026-10-31,30,DEL,BOM,DEL-BOM,6E,IndiGo,1,6963,INR,0,,08:00,8,10:25,10,False,145,145,0,Airbus A321neo,87.0,100.0
2026-10-01,2026-10-01 15:33,2026-10-31,30,DEL,BOM,DEL-BOM,6E,IndiGo,1,6963,INR,0,,08:45,8,11:10,11,False,145,145,0,Airbus A321neo,87.0,100.0
2026-10-01,2026-10-01 15:33,2026-10-31,30,DEL,BOM,DEL-BOM,6E,IndiGo,1,6963,INR,0,,09:30,9,11:55,11,False,145,145,0,Airbus A321neo,87.0,100.0
2026-10-01,2026-10-01 15:33,2026-10-31,30,DEL,BOM,DEL-BOM,6E,IndiGo,1,6963,INR,0,,10:15,10,12:40,12,False,145,145,0,Airbus A321neo,87.0,100.0
2026-10-01,2026-10-01 15:33,2026-10-31,30,DEL,BOM,DEL-BOM,6E,IndiGo,1,6963,INR,0,,11:00,11,13:25,13,False,145,145,0,Airbus A321neo,87.0,100.0
2026-10-01,2026-10-01 15:33,2026-10-31,30,DEL,BOM,DEL-BOM,6E,IndiGo,1,6963,INR,0,,11:45,11,14:15,14,False,150,150,0,Airbus A321neo,87.0,100.0
2026-10-01,2026-10-01 15:33,2026-10-31,30,DEL,BOM,DEL-BOM,6E,IndiGo,1,6963,INR,0,,12:30,12,14:55,14,False,145,145,0,Airbus A321neo,87.0,100.0
2026-10-01,2026-10-01 15:33,2026-10-31,30,DEL,BOM,DEL-BOM,6E,IndiGo,1,6963,INR,0,,13:15,13,15:40,15,False,145,145,0,Airbus A321neo,87.0,100.0
2026-10-01,2026-10-01 15:33,2026-10-31,30,DEL,BOM,DEL-BOM,6E,IndiGo,1,6963,INR,0,,14:00,14,16:25,16,False,145,145,0,Airbus A321neo,87.0,100.0
2026-10-01,2026-10-01 15:33,2026-10-31,30,DEL,BOM,DEL-BOM,6E,IndiGo,1,6963,INR,0,,14:45,14,17:10,17,False,145,145,0,Airbus A321neo,87.0,100.0
2026-10-01,2026-10-01 15:33,2026-10-31,30,DEL,BOM,DEL-BOM,6E,IndiGo,1,6963,INR,0,,15:30,15,17:55,17,False,145,145,0,Airbus A321neo,87.0,100.0
2026-10-01,2026-10-01 15:33,2026-10-31,30,DEL,BOM,DEL-BOM,6E,IndiGo,1,6963,INR,0,,16:15,16,18:40,18,False,145,145,0,Airbus A321neo,87.0,100.0
2026-10-01,2026-10-01 15:33,2026-10-31,30,DEL,BOM,DEL-BOM,6E,IndiGo,1,6963,INR,0,,17:00,17,19:25,19,False,145,145,0,Airbus A321neo,87.0,100.0
2026-10-01,2026-10-01 15:33,2026-10-31,30,DEL,BOM,DEL-BOM,6E,IndiGo,1,6963,INR,0,,17:45,17,20:10,20,False,145,145,0,Airbus A321neo,87.0,100.0
2026-10-01,2026-10-01 15:33,2026-10-31,30,DEL,BOM,DEL-BOM,6E,IndiGo,1,6963,INR,0,,18:30,18,20:55,20,False,145,145,0,Airbus A321neo,87.0,100.0
2026-10-01,2026-10-01 15:33,2026-10-31,30,DEL,BOM,DEL-BOM,6E,IndiGo,1,6963,INR,0,,19:15,19,21:40,21,False,145,145,0,Airbus A321neo,87.0,100.0
2026-10-01,2026-10-01 15:33,2026-10-31,30,DEL,BOM,DEL-BOM,6E,IndiGo,1,6963,INR,0,,21:00,21,23:25,23,False,145,145,0,Airbus A321neo,87.0,100.0
2026-10-01,2026-10-01 15:33,2026-10-31,30,DEL,BOM,DEL-BOM,6E,IndiGo,1,6963,INR,0,,22:00,22,00:25,0,True,145,145,0,Airbus A321neo,87.0,100.0
2026-10-01,2026-10-01 15:33,2026-10-31,30,DEL,BOM,DEL-BOM,6E,IndiGo,1,6963,INR,0,,23:00,23,01:25,1,True,145,145,0,Airbus A321neo,87.0,100.0
2026-10-01,2026-10-01 15:33,2026-10-31,30,DEL,BOM,DEL-BOM,AI,Air India,1,7086,INR,0,,07:30,7,09:45,9,False,135,135,0,Airbus A350,100.0,100.0
2026-10-01,2026-10-01 15:33,2026-10-31,30,DEL,BOM,DEL-BOM,AI,Air India,1,7086,INR,0,,19:30,19,21:55,21,False,145,145,0,Airbus A321,130.0,100.0
2026-10-01,2026-10-01 15:33,2026-10-31,30,DEL,BOM,DEL-BOM,AI,Air India,1,7086,INR,0,,21:30,21,23:55,23,False,145,145,0,Airbus A320neo,102.0,100.0
2026-10-01,2026-10-01 15:33,2026-10-31,30,DEL,BOM,DEL-BOM,6E,IndiGo,1,7113,INR,0,,20:00,20,22:25,22,False,145,145,0,Airbus A321neo,87.0,100.0
2026-10-01,2026-10-01 15:33,2026-10-31,30,DEL,BOM,DEL-BOM,QP,Akasa Air,1,7201,INR,0,,19:55,19,22:25,22,False,150,150,0,Boeing 737MAX 8 Passenger,86.0,100.0
2026-10-01,2026-10-01 15:33,2026-10-31,30,DEL,BOM,DEL-BOM,AI,Air India,1,7254,INR,0,,18:00,18,20:25,20,False,145,145,0,Airbus A320neo,102.0,100.0
2026-10-01,2026-10-01 15:33,2026-10-31,30,DEL,BOM,DEL-BOM,AI,Air India,1,7254,INR,0,,19:00,19,21:25,21,False,145,145,0,Airbus A321,130.0,100.0
2026-10-01,2026-10-01 15:33,2026-10-31,30,DEL,BOM,DEL-BOM,SG,SpiceJet,1,7327,INR,0,,05:45,5,08:05,8,False,140,140,0,Boeing 737,102.0,100.0
2026-10-01,2026-10-01 15:33,2026-10-31,30,DEL,BOM,DEL-BOM,SG,SpiceJet,1,7327,INR,0,,06:30,6,08:45,8,False,135,135,0,Boeing 737,102.0,100.0
2026-10-01,2026-10-01 15:33,2026-10-31,30,DEL,BOM,DEL-BOM,SG,SpiceJet,1,7327,INR,0,,09:50,9,12:05,12,False,135,135,0,Boeing 737,102.0,100.0
2026-10-01,2026-10-01 15:33,2026-10-31,30,DEL,BOM,DEL-BOM,SG,SpiceJet,1,7327,INR,0,,19:00,19,21:10,21,False,130,130,0,Boeing 737,102.0,100.0
2026-10-01,2026-10-01 15:33,2026-10-31,30,DEL,BOM,DEL-BOM,QP,Akasa Air,1,7350,INR,0,,07:10,7,09:30,9,False,140,140,0,Boeing 737MAX 8 Passenger,86.0,100.0
2026-10-01,2026-10-01 15:33,2026-10-31,30,DEL,BOM,DEL-BOM,QP,Akasa Air,1,7350,INR,0,,21:45,21,00:10,0,True,145,145,0,Boeing 737MAX 8 Passenger,85.0,100.0
2026-10-01,2026-10-01 15:33,2026-10-31,30,DEL,BOM,DEL-BOM,AI,Air India,1,7364,INR,0,,13:00,13,15:25,15,False,145,145,0,Airbus A320neo,102.0,100.0
2026-10-01,2026-10-01 15:33,2026-10-31,30,DEL,BOM,DEL-BOM,AI,Air India,1,7364,INR,0,,16:30,16,18:55,18,False,145,145,0,Airbus A320neo,102.0,100.0
2026-10-01,2026-10-01 15:33,2026-10-31,30,DEL,BOM,DEL-BOM,AI,Air India,1,7364,INR,0,,17:30,17,19:55,19,False,145,145,0,Airbus A320neo,102.0,100.0
2026-10-01,2026-10-01 15:33,2026-10-31,30,DEL,BOM,DEL-BOM,AI,Air India,1,8467,INR,0,,15:30,15,17:45,17,False,135,135,0,Airbus A320neo,102.0,100.0
2026-10-01,2026-10-01 15:33,2026-10-31,30,DEL,BOM,DEL-BOM,AI,Air India,1,9569,INR,0,,23:00,23,01:25,1,True,145,145,0,Airbus A320neo,102.0,100.0
2026-10-01,2026-10-01 15:33,2026-11-15,45,DEL,BOM,DEL-BOM,6E,IndiGo,1,8739,INR,1,IDR,05:10,5,10:35,10,False,325,175,150,Airbus A321neo | Airbus A320neo,108.0,100.0
2026-10-01,2026-10-01 15:33,2026-11-15,45,DEL,BOM,DEL-BOM,6E,IndiGo,1,10659,INR,0,,05:00,5,07:25,7,False,145,145,0,Airbus A321neo,85.0,100.0
2026-10-01,2026-10-01 15:33,2026-11-15,45,DEL,BOM,DEL-BOM,6E,IndiGo,1,10659,INR,0,,06:05,6,08:30,8,False,145,145,0,Airbus A321neo,85.0,100.0
2026-10-01,2026-10-01 15:33,2026-11-15,45,DEL,BOM,DEL-BOM,SG,SpiceJet,1,11245,INR,0,,06:30,6,08:45,8,False,135,135,0,Boeing 737,99.0,100.0
2026-10-01,2026-10-01 15:33,2026-11-15,45,DEL,BOM,DEL-BOM,SG,SpiceJet,1,11245,INR,0,,07:00,7,09:15,9,False,135,135,0,Boeing 737,99.0,100.0
2026-10-01,2026-10-01 15:33,2026-11-15,45,DEL,BOM,DEL-BOM,6E,IndiGo,1,11289,INR,0,,07:00,7,09:25,9,False,145,145,0,Airbus A321neo,85.0,100.0
2026-10-01,2026-10-01 15:33,2026-11-15,45,DEL,BOM,DEL-BOM,6E,IndiGo,1,11289,INR,0,,08:00,8,10:25,10,False,145,145,0,Airbus A321neo,85.0,100.0
2026-10-01,2026-10-01 15:33,2026-11-15,45,DEL,BOM,DEL-BOM,6E,IndiGo,1,12024,INR,0,,08:45,8,11:10,11,False,145,145,0,Airbus A321neo,85.0,100.0
2026-10-01,2026-10-01 15:33,2026-11-15,45,DEL,BOM,DEL-BOM,SG,SpiceJet,1,12055,INR,0,,09:30,9,11:50,11,False,140,140,0,Boeing 737,99.0,100.0
2026-10-01,2026-10-01 15:33,2026-11-15,45,DEL,BOM,DEL-BOM,IX,Air India Express,1,12623,INR,0,,08:50,8,11:15,11,False,145,145,0,Boeing 737MAX 8 Passenger,98.0,100.0
2026-10-01,2026-10-01 15:33,2026-11-15,45,DEL,BOM,DEL-BOM,6E,IndiGo,1,12864,INR,0,,09:30,9,11:55,11,False,145,145,0,Airbus A321neo,85.0,100.0
2026-10-01,2026-10-01 15:33,2026-11-15,45,DEL,BOM,DEL-BOM,6E,IndiGo,1,12864,INR,0,,10:15,10,12:40,12,False,145,145,0,Airbus A321neo,85.0,100.0
2026-10-01,2026-10-01 15:33,2026-11-15,45,DEL,BOM,DEL-BOM,AI,Air India,1,12887,INR,0,,05:30,5,07:55,7,False,145,145,0,Airbus A321,127.0,100.0
2026-10-01,2026-10-01 15:33,2026-11-15,45,DEL,BOM,DEL-BOM,AI,Air India,1,12887,INR,0,,06:30,6,08:55,8,False,145,145,0,Airbus A320neo,100.0,100.0
2026-10-01,2026-10-01 15:33,2026-11-15,45,DEL,BOM,DEL-BOM,AI,Air India,1,12887,INR,0,,08:30,8,10:45,10,False,135,135,0,Airbus A320neo,100.0,100.0
2026-10-01,2026-10-01 15:33,2026-11-15,45,DEL,BOM,DEL-BOM,AI,Air India,1,12887,INR,0,,09:00,9,11:15,11,False,135,135,0,Airbus A320neo,100.0,100.0
2026-10-01,2026-10-01 15:33,2026-11-15,45,DEL,BOM,DEL-BOM,AI,Air India,1,12887,INR,0,,10:30,10,12:55,12,False,145,145,0,Airbus A320neo,100.0,100.0
2026-10-01,2026-10-01 15:33,2026-11-15,45,DEL,BOM,DEL-BOM,SG,SpiceJet,1,12943,INR,0,,19:00,19,21:10,21,False,130,130,0,Boeing 737,99.0,100.0
2026-10-01,2026-10-01 15:33,2026-11-15,45,DEL,BOM,DEL-BOM,AI,Air India,1,13239,INR,0,,07:30,7,09:45,9,False,135,135,0,Airbus A350,98.0,100.0
2026-10-01,2026-10-01 15:33,2026-11-15,45,DEL,BOM,DEL-BOM,QP,Akasa Air,1,13544,INR,0,,10:15,10,12:40,12,False,145,145,0,Boeing 737MAX 8 Passenger,84.0,100.0
2026-10-01,2026-10-01 15:33,2026-11-15,45,DEL,BOM,DEL-BOM,6E,IndiGo,1,13809,INR,0,,11:00,11,13:25,13,False,145,145,0,Airbus A321neo,85.0,100.0
2026-10-01,2026-10-01 15:33,2026-11-15,45,DEL,BOM,DEL-BOM,6E,IndiGo,1,13809,INR,0,,11:45,11,14:15,14,False,150,150,0,Airbus A321neo,85.0,100.0
2026-10-01,2026-10-01 15:33,2026-11-15,45,DEL,BOM,DEL-BOM,SG,SpiceJet,1,13915,INR,0,,17:10,17,19:25,19,False,135,135,0,Boeing 737,99.0,100.0
2026-10-01,2026-10-01 15:33,2026-11-15,45,DEL,BOM,DEL-BOM,6E,IndiGo,1,14859,INR,0,,12:30,12,14:55,14,False,145,145,0,Airbus A321neo,85.0,100.0
2026-10-01,2026-10-01 15:33,2026-11-15,45,DEL,BOM,DEL-BOM,6E,IndiGo,1,14859,INR,0,,15:30,15,17:55,17,False,145,145,0,Airbus A321neo,85.0,100.0
2026-10-01,2026-10-01 15:33,2026-11-15,45,DEL,BOM,DEL-BOM,6E,IndiGo,1,14859,INR,0,,23:00,23,01:25,1,True,145,145,0,Airbus A321neo,85.0,100.0
2026-10-01,2026-10-01 15:33,2026-11-15,45,DEL,BOM,DEL-BOM,6E,IndiGo,1,16066,INR,0,,13:15,13,15:40,15,False,145,145,0,Airbus A321neo,85.0,100.0
2026-10-01,2026-10-01 15:33,2026-11-15,45,DEL,BOM,DEL-BOM,6E,IndiGo,1,16066,INR,0,,14:00,14,16:25,16,False,145,145,0,Airbus A321neo,85.0,100.0
2026-10-01,2026-10-01 15:33,2026-11-15,45,DEL,BOM,DEL-BOM,6E,IndiGo,1,16066,INR,0,,14:45,14,17:10,17,False,145,145,0,Airbus A321neo,85.0,100.0
2026-10-01,2026-10-01 15:33,2026-11-15,45,DEL,BOM,DEL-BOM,6E,IndiGo,1,16066,INR,0,,16:15,16,18:40,18,False,145,145,0,Airbus A321neo,85.0,100.0
2026-10-01,2026-10-01 15:33,2026-11-15,45,DEL,BOM,DEL-BOM,6E,IndiGo,1,16066,INR,0,,17:00,17,19:25,19,False,145,145,0,Airbus A321neo,85.0,100.0
2026-10-01,2026-10-01 15:33,2026-11-15,45,DEL,BOM,DEL-BOM,6E,IndiGo,1,16066,INR,0,,17:45,17,20:10,20,False,145,145,0,Airbus A321neo,85.0,100.0
2026-10-01,2026-10-01 15:33,2026-11-15,45,DEL,BOM,DEL-BOM,6E,IndiGo,1,16066,INR,0,,18:30,18,20:55,20,False,145,145,0,Airbus A321neo,85.0,100.0
2026-10-01,2026-10-01 15:33,2026-11-15,45,DEL,BOM,DEL-BOM,6E,IndiGo,1,16066,INR,0,,19:15,19,21:40,21,False,145,145,0,Airbus A321neo,85.0,100.0
2026-10-01,2026-10-01 15:33,2026-11-15,45,DEL,BOM,DEL-BOM,6E,IndiGo,1,16066,INR,0,,22:00,22,00:25,0,True,145,145,0,Airbus A321neo,85.0,100.0
2026-10-01,2026-10-01 15:33,2026-11-15,45,DEL,BOM,DEL-BOM,AI,Air India,1,16583,INR,0,,11:00,11,13:25,13,False,145,145,0,Airbus A320neo,100.0,100.0
2026-10-01,2026-10-01 15:33,2026-11-15,45,DEL,BOM,DEL-BOM,AI,Air India,1,16583,INR,0,,12:00,12,14:25,14,False,145,145,0,Airbus A321,127.0,100.0
2026-10-01,2026-10-01 15:33,2026-11-15,45,DEL,BOM,DEL-BOM,AI,Air India,1,16583,INR,0,,13:00,13,15:25,15,False,145,145,0,Airbus A320neo,100.0,100.0
2026-10-01,2026-10-01 15:33,2026-11-15,45,DEL,BOM,DEL-BOM,AI,Air India,1,16583,INR,0,,13:30,13,15:55,15,False,145,145,0,Airbus A320neo,100.0,100.0
2026-10-01,2026-10-01 15:33,2026-11-15,45,DEL,BOM,DEL-BOM,AI,Air India,1,16583,INR,0,,17:30,17,19:55,19,False,145,145,0,Airbus A320neo,100.0,100.0
2026-10-01,2026-10-01 15:33,2026-11-15,45,DEL,BOM,DEL-BOM,AI,Air India,1,16583,INR,0,,22:00,22,00:25,0,True,145,145,0,Airbus A321,127.0,100.0
2026-10-01,2026-10-01 15:33,2026-11-15,45,DEL,BOM,DEL-BOM,AI,Air India,1,16583,INR,0,,22:30,22,00:55,0,True,145,145,0,Airbus A320neo,100.0,100.0
2026-10-01,2026-10-01 15:33,2026-11-15,45,DEL,BOM,DEL-BOM,AI,Air India,1,16583,INR,0,,23:00,23,01:25,1,True,145,145,0,Airbus A320neo,100.0,100.0
2026-10-01,2026-10-01 15:33,2026-11-15,45,DEL,BOM,DEL-BOM,AI,Air India,1,17045,INR,0,,19:30,19,21:55,21,False,145,145,0,Airbus A321,127.0,100.0
2026-10-01,2026-10-01 15:33,2026-11-15,45,DEL,BOM,DEL-BOM,AI,Air India,1,17045,INR,0,,21:30,21,23:55,23,False,145,145,0,Airbus A320neo,100.0,100.0
2026-10-01,2026-10-01 15:33,2026-11-15,45,DEL,BOM,DEL-BOM,AI,Air India,1,17350,INR,0,,17:00,17,19:25,19,False,145,145,0,Boeing 777,113.0,100.0
2026-10-01,2026-10-01 15:33,2026-11-15,45,DEL,BOM,DEL-BOM,AI,Air India,1,17350,INR,0,,18:00,18,20:25,20,False,145,145,0,Airbus A320neo,100.0,100.0
2026-10-01,2026-10-01 15:33,2026-11-15,45,DEL,BOM,DEL-BOM,AI,Air India,1,17350,INR,0,,19:00,19,21:25,21,False,145,145,0,Airbus A321,127.0,100.0
2026-10-01,2026-10-01 15:33,2026-11-15,45,DEL,BOM,DEL-BOM,6E,IndiGo,1,17536,INR,0,,20:00,20,22:25,22,False,145,145,0,Airbus A321neo,85.0,100.0
2026-10-01,2026-10-01 15:33,2026-11-15,45,DEL,BOM,DEL-BOM,6E,IndiGo,1,19216,INR,0,,21:00,21,23:25,23,False,145,145,0,Airbus A321neo,85.0,100.0
2026-10-01,2026-10-01 15:33,2026-11-15,45,DEL,BOM,DEL-BOM,QP,Akasa Air,1,19306,INR,0,,16:20,16,18:45,18,False,145,145,0,Boeing 737MAX 8 Passenger,88.0,100.0
2026-10-01,2026-10-01 15:33,2026-11-15,45,DEL,BOM,DEL-BOM,QP,Akasa Air,1,19306,INR,0,,18:10,18,20:40,20,False,150,150,0,Boeing 737MAX 8 Passenger,88.0,100.0
2026-10-01,2026-10-01 15:33,2026-11-15,45,DEL,BOM,DEL-BOM,QP,Akasa Air,1,19306,INR,0,,19:55,19,22:25,22,False,150,150,0,Boeing 737MAX 8 Passenger,84.0,100.0
2026-10-01,2026-10-01 15:33,2026-11-15,45,DEL,BOM,DEL-BOM,IX,Air India Express,1,20308,INR,0,,20:40,20,23:10,23,False,150,150,0,Boeing 737MAX 8 Passenger,98.0,100.0
2026-10-01,2026-10-01 15:33,2026-11-15,45,DEL,BOM,DEL-BOM,AI,Air India,1,21629,INR,0,,15:30,15,17:45,17,False,135,135,0,Airbus A320neo,100.0,100.0
2026-10-01,2026-10-01 15:33,2026-11-15,45,DEL,BOM,DEL-BOM,AI,Air India,1,21629,INR,0,,16:30,16,18:55,18,False,145,145,0,Airbus A320neo,100.0,100.0
2026-10-01,2026-10-01 15:33,2026-11-15,45,DEL,BOM,DEL-BOM,AI,Air India,1,21629,INR,0,,20:30,20,22:55,22,False,145,145,0,Airbus A320neo,100.0,100.0
2026-10-01,2026-10-01 15:33,2026-11-15,45,DEL,BOM,DEL-BOM,AI,Air India,1,21823,INR,0,,21:00,21,23:25,23,False,145,145,0,Airbus A320neo,100.0,100.0
2026-10-01,2026-10-01 15:33,2026-11-15,45,DEL,BOM,DEL-BOM,QP,Akasa Air,1,23111,INR,0,,21:45,21,00:10,0,True,145,145,0,Boeing 737MAX 8 Passenger,83.0,100.0
2026-10-01,2026-10-01 15:33,2026-11-30,60,DEL,BOM,DEL-BOM,IX,Air India Express,1,6831,INR,0,,08:50,8,11:15,11,False,145,145,0,Boeing 737MAX 8 Passenger,98.0,100.0
2026-10-01,2026-10-01 15:33,2026-11-30,60,DEL,BOM,DEL-BOM,6E,IndiGo,1,6963,INR,0,,03:30,3,05:55,5,False,145,145,0,Airbus A321neo,85.0,100.0
2026-10-01,2026-10-01 15:33,2026-11-30,60,DEL,BOM,DEL-BOM,6E,IndiGo,1,6963,INR,0,,10:15,10,12:40,12,False,145,145,0,Airbus A321neo,85.0,100.0
2026-10-01,2026-10-01 15:33,2026-11-30,60,DEL,BOM,DEL-BOM,6E,IndiGo,1,6963,INR,0,,11:00,11,13:25,13,False,145,145,0,Airbus A321neo,85.0,100.0
2026-10-01,2026-10-01 15:33,2026-11-30,60,DEL,BOM,DEL-BOM,6E,IndiGo,1,6963,INR,0,,11:45,11,14:15,14,False,150,150,0,Airbus A321neo,85.0,100.0
2026-10-01,2026-10-01 15:33,2026-11-30,60,DEL,BOM,DEL-BOM,6E,IndiGo,1,6963,INR,0,,12:30,12,14:55,14,False,145,145,0,Airbus A321neo,85.0,100.0
2026-10-01,2026-10-01 15:33,2026-11-30,60,DEL,BOM,DEL-BOM,6E,IndiGo,1,6963,INR,0,,13:15,13,15:40,15,False,145,145,0,Airbus A321neo,85.0,100.0
2026-10-01,2026-10-01 15:33,2026-11-30,60,DEL,BOM,DEL-BOM,6E,IndiGo,1,6963,INR,0,,14:00,14,16:25,16,False,145,145,0,Airbus A321neo,85.0,100.0
2026-10-01,2026-10-01 15:33,2026-11-30,60,DEL,BOM,DEL-BOM,6E,IndiGo,1,6963,INR,0,,14:45,14,17:10,17,False,145,145,0,Airbus A321neo,85.0,100.0
2026-10-01,2026-10-01 15:33,2026-11-30,60,DEL,BOM,DEL-BOM,6E,IndiGo,1,6963,INR,0,,15:30,15,17:55,17,False,145,145,0,Airbus A321neo,85.0,100.0
2026-10-01,2026-10-01 15:33,2026-11-30,60,DEL,BOM,DEL-BOM,6E,IndiGo,1,6963,INR,0,,16:15,16,18:40,18,False,145,145,0,Airbus A321neo,85.0,100.0
2026-10-01,2026-10-01 15:33,2026-11-30,60,DEL,BOM,DEL-BOM,6E,IndiGo,1,6963,INR,0,,17:00,17,19:25,19,False,145,145,0,Airbus A321neo,85.0,100.0
2026-10-01,2026-10-01 15:33,2026-11-30,60,DEL,BOM,DEL-BOM,6E,IndiGo,1,6963,INR,0,,19:15,19,21:40,21,False,145,145,0,Airbus A321neo,85.0,100.0
2026-10-01,2026-10-01 15:33,2026-11-30,60,DEL,BOM,DEL-BOM,6E,IndiGo,1,6963,INR,0,,20:00,20,22:25,22,False,145,145,0,Airbus A321neo,85.0,100.0
2026-10-01,2026-10-01 15:33,2026-11-30,60,DEL,BOM,DEL-BOM,6E,IndiGo,1,6963,INR,0,,22:00,22,00:25,0,True,145,145,0,Airbus A321neo,85.0,100.0
2026-10-01,2026-10-01 15:33,2026-11-30,60,DEL,BOM,DEL-BOM,AI,Air India,1,7070,INR,0,,10:55,10,13:15,13,False,140,140,0,Boeing 787,101.0,100.0
2026-10-01,2026-10-01 15:33,2026-11-30,60,DEL,BOM,DEL-BOM,AI,Air India,1,7070,INR,0,,11:00,11,13:25,13,False,145,145,0,Airbus A320neo,100.0,100.0
2026-10-01,2026-10-01 15:33,2026-11-30,60,DEL,BOM,DEL-BOM,AI,Air India,1,7070,INR,0,,21:00,21,23:25,23,False,145,145,0,Airbus A320neo,100.0,100.0
2026-10-01,2026-10-01 15:33,2026-11-30,60,DEL,BOM,DEL-BOM,AI,Air India,1,7070,INR,0,,22:00,22,00:25,0,True,145,145,0,Airbus A321,127.0,100.0
2026-10-01,2026-10-01 15:33,2026-11-30,60,DEL,BOM,DEL-BOM,AI,Air India,1,7070,INR,0,,22:30,22,00:55,0,True,145,145,0,Airbus A320neo,100.0,100.0
2026-10-01,2026-10-01 15:33,2026-11-30,60,DEL,BOM,DEL-BOM,6E,IndiGo,1,7113,INR,0,,08:45,8,11:10,11,False,145,145,0,Airbus A321neo,85.0,100.0
2026-10-01,2026-10-01 15:33,2026-11-30,60,DEL,BOM,DEL-BOM,6E,IndiGo,1,7113,INR,0,,09:30,9,11:55,11,False,145,145,0,Airbus A321neo,85.0,100.0
2026-10-01,2026-10-01 15:33,2026-11-30,60,DEL,BOM,DEL-BOM,6E,IndiGo,1,7113,INR,0,,17:45,17,20:10,20,False,145,145,0,Airbus A321neo,85.0,100.0
2026-10-01,2026-10-01 15:33,2026-11-30,60,DEL,BOM,DEL-BOM,6E,IndiGo,1,7113,INR,0,,21:00,21,23:25,23,False,145,145,0,Airbus A321neo,85.0,100.0
2026-10-01,2026-10-01 15:33,2026-11-30,60,DEL,BOM,DEL-BOM,AI,Air India,1,7223,INR,0,,20:30,20,22:55,22,False,145,145,0,Airbus A320neo,100.0,100.0
2026-10-01,2026-10-01 15:33,2026-11-30,60,DEL,BOM,DEL-BOM,AI,Air India,1,7249,INR,0,,09:30,9,11:55,11,False,145,145,0,Airbus A320neo,100.0,100.0
2026-10-01,2026-10-01 15:33,2026-11-30,60,DEL,BOM,DEL-BOM,AI,Air India,1,7249,INR,0,,21:30,21,23:55,23,False,145,145,0,Airbus A320neo,100.0,100.0
2026-10-01,2026-10-01 15:33,2026-11-30,60,DEL,BOM,DEL-BOM,SG,SpiceJet,1,7327,INR,0,,05:45,5,08:05,8,False,140,140,0,Boeing 737,99.0,100.0
2026-10-01,2026-10-01 15:33,2026-11-30,60,DEL,BOM,DEL-BOM,SG,SpiceJet,1,7327,INR,0,,06:30,6,08:45,8,False,135,135,0,Boeing 737,99.0,100.0
2026-10-01,2026-10-01 15:33,2026-11-30,60,DEL,BOM,DEL-BOM,SG,SpiceJet,1,7327,INR,0,,07:00,7,09:15,9,False,135,135,0,Boeing 737,99.0,100.0
2026-10-01,2026-10-01 15:33,2026-11-30,60,DEL,BOM,DEL-BOM,SG,SpiceJet,1,7327,INR,0,,09:30,9,11:50,11,False,140,140,0,Boeing 737,99.0,100.0
2026-10-01,2026-10-01 15:33,2026-11-30,60,DEL,BOM,DEL-BOM,SG,SpiceJet,1,7327,INR,0,,17:10,17,19:25,19,False,135,135,0,Boeing 737,99.0,100.0
2026-10-01,2026-10-01 15:33,2026-11-30,60,DEL,BOM,DEL-BOM,SG,SpiceJet,1,7327,INR,0,,19:00,19,21:10,21,False,130,130,0,Boeing 737,99.0,100.0
2026-10-01,2026-10-01 15:33,2026-11-30,60,DEL,BOM,DEL-BOM,QP,Akasa Air,1,7350,INR,0,,10:15,10,12:40,12,False,145,145,0,Boeing 737MAX 8 Passenger,84.0,100.0
2026-10-01,2026-10-01 15:33,2026-11-30,60,DEL,BOM,DEL-BOM,QP,Akasa Air,1,7350,INR,0,,19:55,19,22:25,22,False,150,150,0,Boeing 737MAX 8 Passenger,84.0,100.0
2026-10-01,2026-10-01 15:33,2026-11-30,60,DEL,BOM,DEL-BOM,6E,IndiGo,1,7413,INR,0,,07:00,7,09:25,9,False,145,145,0,Airbus A321neo,85.0,100.0
2026-10-01,2026-10-01 15:33,2026-11-30,60,DEL,BOM,DEL-BOM,6E,IndiGo,1,7413,INR,0,,08:00,8,10:25,10,False,145,145,0,Airbus A321neo,85.0,100.0
2026-10-01,2026-10-01 15:33,2026-11-30,60,DEL,BOM,DEL-BOM,6E,IndiGo,1,7413,INR,0,,23:00,23,01:25,1,True,145,145,0,Airbus A321neo,85.0,100.0
2026-10-01,2026-10-01 15:33,2026-11-30,60,DEL,BOM,DEL-BOM,QP,Akasa Air,1,7453,INR,0,,16:20,16,18:45,18,False,145,145,0,Boeing 737MAX 8 Passenger,88.0,100.0
2026-10-01,2026-10-01 15:33,2026-11-30,60,DEL,BOM,DEL-BOM,QP,Akasa Air,1,7453,INR,0,,21:45,21,00:10,0,True,145,145,0,Boeing 737MAX 8 Passenger,83.0,100.0
2026-10-01,2026-10-01 15:33,2026-11-30,60,DEL,BOM,DEL-BOM,AI,Air India,1,7522,INR,0,,12:00,12,14:25,14,False,145,145,0,Airbus A321,127.0,100.0
2026-10-01,2026-10-01 15:33,2026-11-30,60,DEL,BOM,DEL-BOM,AI,Air India,1,7522,INR,0,,16:30,16,18:55,18,False,145,145,0,Airbus A320neo,100.0,100.0
2026-10-01,2026-10-01 15:33,2026-11-30,60,DEL,BOM,DEL-BOM,AI,Air India,1,7522,INR,0,,17:30,17,19:55,19,False,145,145,0,Airbus A320neo,100.0,100.0
2026-10-01,2026-10-01 15:33,2026-11-30,60,DEL,BOM,DEL-BOM,AI,Air India,1,7522,INR,0,,23:00,23,01:25,1,True,145,145,0,Airbus A320neo,100.0,100.0
2026-10-01,2026-10-01 15:33,2026-11-30,60,DEL,BOM,DEL-BOM,AI,Air India,1,7580,INR,0,,18:00,18,20:25,20,False,145,145,0,Airbus A320neo,100.0,100.0
2026-10-01,2026-10-01 15:33,2026-11-30,60,DEL,BOM,DEL-BOM,QP,Akasa Air,1,7583,INR,0,,07:10,7,09:30,9,False,140,140,0,Boeing 737MAX 8 Passenger,84.0,100.0
2026-10-01,2026-10-01 15:33,2026-11-30,60,DEL,BOM,DEL-BOM,AI,Air India,1,7700,INR,0,,19:00,19,21:25,21,False,145,145,0,Airbus A321,127.0,100.0
2026-10-01,2026-10-01 15:33,2026-11-30,60,DEL,BOM,DEL-BOM,AI,Air India,1,7711,INR,0,,07:30,7,09:45,9,False,135,135,0,Airbus A350,98.0,100.0
2026-10-01,2026-10-01 15:33,2026-11-30,60,DEL,BOM,DEL-BOM,6E,IndiGo,1,7713,INR,0,,05:00,5,07:25,7,False,145,145,0,Airbus A321neo,85.0,100.0
2026-10-01,2026-10-01 15:33,2026-11-30,60,DEL,BOM,DEL-BOM,6E,IndiGo,1,7713,INR,0,,06:05,6,08:30,8,False,145,145,0,Airbus A321neo,85.0,100.0
2026-10-01,2026-10-01 15:33,2026-11-30,60,DEL,BOM,DEL-BOM,AI,Air India,1,7837,INR,0,,09:00,9,11:15,11,False,135,135,0,Airbus A320neo,100.0,100.0
2026-10-01,2026-10-01 15:33,2026-11-30,60,DEL,BOM,DEL-BOM,AI,Air India,1,8525,INR,0,,05:30,5,07:55,7,False,145,145,0,Airbus A321,127.0,100.0
2026-10-01,2026-10-01 15:33,2026-11-30,60,DEL,BOM,DEL-BOM,AI,Air India,1,8525,INR,0,,20:00,20,22:25,22,False,145,145,0,Airbus A321,127.0,100.0
2026-10-01,2026-10-01 15:33,2026-11-30,60,DEL,BOM,DEL-BOM,AI,Air India,1,8530,INR,0,,19:30,19,21:55,21,False,145,145,0,Airbus A320neo,100.0,100.0
2026-10-01,2026-10-01 15:33,2026-11-30,60,DEL,BOM,DEL-BOM,AI,Air India,1,8892,INR,0,,08:30,8,10:45,10,False,135,135,0,Airbus A320neo,100.0,100.0
2026-10-01,2026-10-01 15:33,2026-11-30,60,DEL,BOM,DEL-BOM,AI,Air India,1,9013,INR,0,,13:30,13,15:55,15,False,145,145,0,Airbus A320neo,100.0,100.0
2026-10-01,2026-10-01 15:33,2026-11-30,60,DEL,BOM,DEL-BOM,AI,Air India,1,9401,INR,0,,07:00,7,09:25,9,False,145,145,0,Airbus A320neo,100.0,100.0
2026-10-01,2026-10-01 15:33,2026-11-30,60,DEL,BOM,DEL-BOM,AI,Air India,1,9968,INR,0,,15:30,15,17:45,17,False,135,135,0,Airbus A320neo,100.0,100.0
2026-10-01,2026-10-01 15:33,2026-10-04,3,BOM,DEL,BOM-DEL,6E,IndiGo,1,6467,INR,0,,03:00,3,05:10,5,False,130,130,0,Airbus A321neo,90.0,103.0
2026-10-01,2026-10-01 15:33,2026-10-04,3,BOM,DEL,BOM-DEL,6E,IndiGo,1,6467,INR,0,,06:00,6,08:05,8,False,125,125,0,Airbus A321neo,90.0,103.0
2026-10-01,2026-10-01 15:33,2026-10-04,3,BOM,DEL,BOM-DEL,6E,IndiGo,1,6467,INR,0,,07:00,7,09:10,9,False,130,130,0,Airbus A321neo,90.0,103.0
2026-10-01,2026-10-01 15:33,2026-10-04,3,BOM,DEL,BOM-DEL,AI,Air India,1,6614,INR,0,,01:00,1,03:20,3,False,140,140,0,Airbus A320neo,105.0,103.0
2026-10-01,2026-10-01 15:33,2026-10-04,3,BOM,DEL,BOM-DEL,AI,Air India,1,6614,INR,0,,06:30,6,08:40,8,False,130,130,0,Airbus A320neo,105.0,103.0
2026-10-01,2026-10-01 15:33,2026-10-04,3,BOM,DEL,BOM-DEL,AI,Air India,1,6614,INR,0,,07:00,7,09:15,9,False,135,135,0,Airbus A320neo,105.0,103.0
2026-10-01,2026-10-01 15:33,2026-10-04,3,BOM,DEL,BOM-DEL,AI,Air India,1,6614,INR,0,,07:30,7,09:45,9,False,135,135,0,Airbus A320neo,105.0,103.0
2026-10-01,2026-10-01 15:33,2026-10-04,3,BOM,DEL,BOM-DEL,SG,SpiceJet,1,6774,INR,0,,01:50,1,04:30,4,False,160,160,0,De Havilland-Bombardier Dash-8,122.0,103.0
2026-10-01,2026-10-01 15:33,2026-10-04,3,BOM,DEL,BOM-DEL,AI,Air India,1,6777,INR,0,,08:30,8,10:50,10,False,140,140,0,Airbus A320neo,105.0,103.0
2026-10-01,2026-10-01 15:33,2026-10-04,3,BOM,DEL,BOM-DEL,6E,IndiGo,1,6874,INR,0,,09:00,9,11:15,11,False,135,135,0,Airbus A321neo,90.0,103.0
2026-10-01,2026-10-01 15:33,2026-10-04,3,BOM,DEL,BOM-DEL,6E,IndiGo,1,7136,INR,0,,10:00,10,12:30,12,False,150,150,0,Airbus A321neo,90.0,103.0
2026-10-01,2026-10-01 15:33,2026-10-04,3,BOM,DEL,BOM-DEL,6E,IndiGo,1,7136,INR,0,,10:35,10,13:00,13,False,145,145,0,Airbus A321neo,90.0,103.0
2026-10-01,2026-10-01 15:33,2026-10-04,3,BOM,DEL,BOM-DEL,6E,IndiGo,1,7451,INR,0,,11:30,11,13:45,13,False,135,135,0,Airbus A321neo,90.0,103.0
2026-10-01,2026-10-01 15:33,2026-10-04,3,BOM,DEL,BOM-DEL,AI,Air India,1,7717,INR,0,,11:25,11,13:50,13,False,145,145,0,Airbus A350,103.0,103.0
2026-10-01,2026-10-01 15:33,2026-10-04,3,BOM,DEL,BOM-DEL,QP,Akasa Air,1,7748,INR,0,,10:25,10,12:45,12,False,140,140,0,Boeing 737MAX 8 Passenger,89.0,103.0
2026-10-01,2026-10-01 15:33,2026-10-04,3,BOM,DEL,BOM-DEL,AI,Air India,1,8084,INR,0,,12:00,12,14:20,14,False,140,140,0,Airbus A320neo,105.0,103.0
2026-10-01,2026-10-01 15:33,2026-10-04,3,BOM,DEL,BOM-DEL,6E,IndiGo,1,8554,INR,0,,13:00,13,15:15,15,False,135,135,0,Airbus A321neo,90.0,103.0
2026-10-01,2026-10-01 15:33,2026-10-04,3,BOM,DEL,BOM-DEL,SG,SpiceJet,1,8679,INR,0,,23:25,23,01:50,1,True,145,145,0,Boeing 737,125.0,103.0
2026-10-01,2026-10-01 15:33,2026-10-04,3,BOM,DEL,BOM-DEL,6E,IndiGo,1,9079,INR,0,,14:00,14,16:15,16,False,135,135,0,Airbus A321neo,90.0,103.0
2026-10-01,2026-10-01 15:33,2026-10-04,3,BOM,DEL,BOM-DEL,6E,IndiGo,1,9079,INR,0,,15:00,15,17:15,17,False,135,135,0,Airbus A321neo,90.0,103.0
2026-10-01,2026-10-01 15:33,2026-10-04,3,BOM,DEL,BOM-DEL,6E,IndiGo,1,9079,INR,0,,22:15,22,00:30,0,True,135,135,0,Airbus A321neo,90.0,103.0
2026-10-01,2026-10-01 15:33,2026-10-04,3,BOM,DEL,BOM-DEL,QP,Akasa Air,1,9227,INR,0,,13:00,13,15:20,15,False,140,140,0,Boeing 737MAX 8 Passenger,93.0,103.0
2026-10-01,2026-10-01 15:33,2026-10-04,3,BOM,DEL,BOM-DEL,QP,Akasa Air,1,9392,INR,0,,14:30,14,16:50,16,False,140,140,0,Boeing 737MAX 8 Passenger,89.0,103.0
2026-10-01,2026-10-01 15:33,2026-10-04,3,BOM,DEL,BOM-DEL,QP,Akasa Air,1,9560,INR,0,,19:00,19,21:15,21,False,135,135,0,Boeing 737MAX 8 Passenger,93.0,103.0
2026-10-01,2026-10-01 15:33,2026-10-04,3,BOM,DEL,BOM-DEL,6E,IndiGo,1,9709,INR,0,,16:00,16,18:15,18,False,135,135,0,Airbus A321neo,90.0,103.0
2026-10-01,2026-10-01 15:33,2026-10-04,3,BOM,DEL,BOM-DEL,6E,IndiGo,1,9709,INR,0,,16:45,16,18:55,18,False,130,130,0,Airbus A321neo,90.0,103.0
2026-10-01,2026-10-01 15:33,2026-10-04,3,BOM,DEL,BOM-DEL,6E,IndiGo,1,9709,INR,0,,17:20,17,19:45,19,False,145,145,0,Airbus A321neo,90.0,103.0
2026-10-01,2026-10-01 15:33,2026-10-04,3,BOM,DEL,BOM-DEL,6E,IndiGo,1,9709,INR,0,,19:00,19,21:15,21,False,135,135,0,Airbus A321neo,90.0,103.0
2026-10-01,2026-10-01 15:33,2026-10-04,3,BOM,DEL,BOM-DEL,6E,IndiGo,1,9709,INR,0,,19:45,19,21:55,21,False,130,130,0,Airbus A321neo,90.0,103.0
2026-10-01,2026-10-01 15:33,2026-10-04,3,BOM,DEL,BOM-DEL,6E,IndiGo,1,9709,INR,0,,20:20,20,22:45,22,False,145,145,0,Airbus A321neo,90.0,103.0
2026-10-01,2026-10-01 15:33,2026-10-04,3,BOM,DEL,BOM-DEL,6E,IndiGo,1,9709,INR,0,,21:15,21,23:30,23,False,135,135,0,Airbus A321neo,90.0,103.0
2026-10-01,2026-10-01 15:33,2026-10-04,3,BOM,DEL,BOM-DEL,6E,IndiGo,1,9709,INR,0,,23:45,23,02:00,2,True,135,135,0,Airbus A321neo,90.0,103.0
2026-10-01,2026-10-01 15:33,2026-10-04,3,BOM,DEL,BOM-DEL,AI,Air India,1,10000,INR,0,,13:00,13,15:15,15,False,135,135,0,Airbus A320neo,105.0,103.0
2026-10-01,2026-10-01 15:33,2026-10-04,3,BOM,DEL,BOM-DEL,AI,Air India,1,10000,INR,0,,15:00,15,17:20,17,False,140,140,0,Airbus A320neo,105.0,103.0
2026-10-01,2026-10-01 15:33,2026-10-04,3,BOM,DEL,BOM-DEL,AI,Air India,1,10000,INR,0,,15:30,15,17:50,17,False,140,140,0,Airbus A320neo,105.0,103.0
2026-10-01,2026-10-01 15:33,2026-10-04,3,BOM,DEL,BOM-DEL,AI,Air India,1,10000,INR,0,,19:30,19,21:45,21,False,135,135,0,Airbus A320neo,105.0,103.0
2026-10-01,2026-10-01 15:33,2026-10-04,3,BOM,DEL,BOM-DEL,AI,Air India,1,10000,INR,0,,20:00,20,22:20,22,False,140,140,0,Airbus A320neo,105.0,103.0
2026-10-01,2026-10-01 15:33,2026-10-04,3,BOM,DEL,BOM-DEL,AI,Air India,1,10000,INR,0,,20:30,20,22:50,22,False,140,140,0,Airbus A320neo,105.0,103.0
2026-10-01,2026-10-01 15:33,2026-10-04,3,BOM,DEL,BOM-DEL,AI,Air India,1,10000,INR,0,,21:30,21,23:45,23,False,135,135,0,Airbus A320neo,105.0,103.0
2026-10-01,2026-10-01 15:33,2026-10-04,3,BOM,DEL,BOM-DEL,AI,Air India,1,10000,INR,0,,22:35,22,01:00,1,True,145,145,0,Airbus A320neo,105.0,103.0
2026-10-01,2026-10-01 15:33,2026-10-04,3,BOM,DEL,BOM-DEL,AI,Air India,1,10263,INR,0,,16:30,16,19:00,19,False,150,150,0,Airbus A321,133.0,103.0
2026-10-01,2026-10-01 15:33,2026-10-04,3,BOM,DEL,BOM-DEL,QP,Akasa Air,1,10267,INR,0,,16:55,16,19:15,19,False,140,140,0,Boeing 737MAX 8 Passenger,91.0,103.0
2026-10-01,2026-10-01 15:33,2026-10-04,3,BOM,DEL,BOM-DEL,6E,IndiGo,1,11284,INR,0,,12:15,12,14:25,14,False,130,130,0,Airbus A321neo,90.0,103.0
2026-10-01,2026-10-01 15:33,2026-10-04,3,BOM,DEL,BOM-DEL,6E,IndiGo,1,12334,INR,0,,18:15,18,20:30,20,False,135,135,0,Airbus A321neo,90.0,103.0
2026-10-01,2026-10-01 15:33,2026-10-04,3,BOM,DEL,BOM-DEL,AI,Air India,1,12919,INR,0,,09:30,9,11:50,11,False,140,140,0,Airbus A320neo,105.0,103.0
2026-10-01,2026-10-01 15:33,2026-10-04,3,BOM,DEL,BOM-DEL,AI,Air India,1,12919,INR,0,,21:00,21,23:15,23,False,135,135,0,Boeing 777,118.0,103.0
2026-10-01,2026-10-01 15:33,2026-10-04,3,BOM,DEL,BOM-DEL,AI,Air India,1,12919,INR,0,,23:55,23,02:15,2,True,140,140,0,Airbus A320neo,105.0,103.0
2026-10-01,2026-10-01 15:33,2026-10-04,3,BOM,DEL,BOM-DEL,AI,Air India,1,13387,INR,0,,18:00,18,20:20,20,False,140,140,0,Airbus A320neo,105.0,103.0
2026-10-01,2026-10-01 15:33,2026-10-04,3,BOM,DEL,BOM-DEL,IX,Air India Express,1,13988,INR,0,,14:45,14,17:00,17,False,135,135,0,Airbus A320,120.0,103.0
2026-10-01,2026-10-01 15:33,2026-10-04,3,BOM,DEL,BOM-DEL,IX,Air India Express,1,15788,INR,0,,16:45,16,19:05,19,False,140,140,0,Boeing 737MAX 8 Passenger,106.0,103.0
2026-10-01,2026-10-01 15:33,2026-10-04,3,BOM,DEL,BOM-DEL,AI,Air India,1,16615,INR,0,,18:30,18,20:50,20,False,140,140,0,Airbus A320neo,105.0,103.0
2026-10-01,2026-10-01 15:33,2026-10-08,7,BOM,DEL,BOM-DEL,6E,IndiGo,1,6506,INR,0,,05:00,5,07:10,7,False,130,130,0,Airbus A321neo,90.0,103.0
2026-10-01,2026-10-01 15:33,2026-10-08,7,BOM,DEL,BOM-DEL,6E,IndiGo,1,6506,INR,0,,10:00,10,12:30,12,False,150,150,0,Airbus A321neo,90.0,103.0
2026-10-01,2026-10-01 15:33,2026-10-08,7,BOM,DEL,BOM-DEL,6E,IndiGo,1,6506,INR,0,,10:35,10,13:00,13,False,145,145,0,Airbus A321neo,90.0,103.0
2026-10-01,2026-10-01 15:33,2026-10-08,7,BOM,DEL,BOM-DEL,6E,IndiGo,1,6506,INR,0,,11:30,11,13:45,13,False,135,135,0,Airbus A321neo,90.0,103.0
2026-10-01,2026-10-01 15:33,2026-10-08,7,BOM,DEL,BOM-DEL,6E,IndiGo,1,6506,INR,0,,12:15,12,14:25,14,False,130,130,0,Airbus A321neo,90.0,103.0
2026-10-01,2026-10-01 15:33,2026-10-08,7,BOM,DEL,BOM-DEL,6E,IndiGo,1,6506,INR,0,,13:00,13,15:15,15,False,135,135,0,Airbus A321neo,90.0,103.0
2026-10-01,2026-10-01 15:33,2026-10-08,7,BOM,DEL,BOM-DEL,6E,IndiGo,1,6506,INR,0,,14:00,14,16:15,16,False,135,135,0,Airbus A321neo,90.0,103.0
2026-10-01,2026-10-01 15:33,2026-10-08,7,BOM,DEL,BOM-DEL,6E,IndiGo,1,6506,INR,0,,15:00,15,17:15,17,False,135,135,0,Airbus A321neo,90.0,103.0
2026-10-01,2026-10-01 15:33,2026-10-08,7,BOM,DEL,BOM-DEL,6E,IndiGo,1,6506,INR,0,,16:00,16,18:15,18,False,135,135,0,Airbus A321neo,90.0,103.0
2026-10-01,2026-10-01 15:33,2026-10-08,7,BOM,DEL,BOM-DEL,6E,IndiGo,1,6506,INR,0,,16:45,16,18:55,18,False,130,130,0,Airbus A321neo,90.0,103.0
2026-10-01,2026-10-01 15:33,2026-10-08,7,BOM,DEL,BOM-DEL,6E,IndiGo,1,6506,INR,0,,17:20,17,19:45,19,False,145,145,0,Airbus A321neo,90.0,103.0
2026-10-01,2026-10-01 15:33,2026-10-08,7,BOM,DEL,BOM-DEL,6E,IndiGo,1,6506,INR,0,,22:15,22,00:30,0,True,135,135,0,Airbus A321neo,90.0,103.0
2026-10-01,2026-10-01 15:33,2026-10-08,7,BOM,DEL,BOM-DEL,6E,IndiGo,1,6506,INR,0,,23:45,23,02:00,2,True,135,135,0,Airbus A321neo,90.0,103.0
2026-10-01,2026-10-01 15:33,2026-10-08,7,BOM,DEL,BOM-DEL,IX,Air India Express,1,6603,INR,0,,14:45,14,17:00,17,False,135,135,0,Airbus A320,120.0,103.0
2026-10-01,2026-10-01 15:33,2026-10-08,7,BOM,DEL,BOM-DEL,IX,Air India Express,1,6603,INR,0,,16:45,16,19:05,19,False,140,140,0,Boeing 737MAX 8 Passenger,106.0,103.0
2026-10-01,2026-10-01 15:33,2026-10-08,7,BOM,DEL,BOM-DEL,AI,Air India,1,6614,INR,0,,13:00,13,15:15,15,False,135,135,0,Airbus A320neo,105.0,103.0
2026-10-01,2026-10-01 15:33,2026-10-08,7,BOM,DEL,BOM-DEL,AI,Air India,1,6614,INR,0,,14:35,14,16:55,16,False,140,140,0,Airbus A320neo,105.0,103.0
2026-10-01,2026-10-01 15:33,2026-10-08,7,BOM,DEL,BOM-DEL,AI,Air India,1,6614,INR,0,,15:30,15,17:50,17,False,140,140,0,Airbus A320neo,105.0,103.0
2026-10-01,2026-10-01 15:33,2026-10-08,7,BOM,DEL,BOM-DEL,AI,Air India,1,6614,INR,0,,22:35,22,01:00,1,True,145,145,0,Airbus A320neo,105.0,103.0
2026-10-01,2026-10-01 15:33,2026-10-08,7,BOM,DEL,BOM-DEL,6E,IndiGo,1,6664,INR,0,,06:00,6,08:05,8,False,125,125,0,Airbus A321neo,90.0,103.0
2026-10-01,2026-10-01 15:33,2026-10-08,7,BOM,DEL,BOM-DEL,6E,IndiGo,1,6664,INR,0,,09:00,9,11:15,11,False,135,135,0,Airbus A321neo,90.0,103.0
2026-10-01,2026-10-01 15:33,2026-10-08,7,BOM,DEL,BOM-DEL,6E,IndiGo,1,6664,INR,0,,18:15,18,20:30,20,False,135,135,0,Airbus A321neo,90.0,103.0
2026-10-01,2026-10-01 15:33,2026-10-08,7,BOM,DEL,BOM-DEL,SG,SpiceJet,1,6774,INR,0,,01:50,1,04:30,4,False,160,160,0,De Havilland-Bombardier Dash-8,122.0,103.0
2026-10-01,2026-10-01 15:33,2026-10-08,7,BOM,DEL,BOM-DEL,SG,SpiceJet,1,6774,INR,0,,08:00,8,10:30,10,False,150,150,0,,,103.0
2026-10-01,2026-10-01 15:33,2026-10-08,7,BOM,DEL,BOM-DEL,SG,SpiceJet,1,6774,INR,0,,09:50,9,12:10,12,False,140,140,0,Boeing 737,105.0,103.0
2026-10-01,2026-10-01 15:33,2026-10-08,7,BOM,DEL,BOM-DEL,SG,SpiceJet,1,6774,INR,0,,23:25,23,01:50,1,True,145,145,0,Boeing 737,125.0,103.0
2026-10-01,2026-10-01 15:33,2026-10-08,7,BOM,DEL,BOM-DEL,AI,Air India,1,6824,INR,0,,11:25,11,13:50,13,False,145,145,0,Airbus A350,103.0,103.0
2026-10-01,2026-10-01 15:33,2026-10-08,7,BOM,DEL,BOM-DEL,AI,Air India,1,6824,INR,0,,17:30,17,19:50,19,False,140,140,0,Airbus A321,133.0,103.0
2026-10-01,2026-10-01 15:33,2026-10-08,7,BOM,DEL,BOM-DEL,QP,Akasa Air,1,6873,INR,0,,13:00,13,15:20,15,False,140,140,0,Boeing 737MAX 8 Passenger,93.0,103.0
2026-10-01,2026-10-01 15:33,2026-10-08,7,BOM,DEL,BOM-DEL,QP,Akasa Air,1,6873,INR,0,,14:30,14,16:50,16,False,140,140,0,Boeing 737MAX 8 Passenger,89.0,103.0
2026-10-01,2026-10-01 15:33,2026-10-08,7,BOM,DEL,BOM-DEL,QP,Akasa Air,1,6873,INR,0,,16:55,16,19:15,19,False,140,140,0,Boeing 737MAX 8 Passenger,93.0,103.0
2026-10-01,2026-10-01 15:33,2026-10-08,7,BOM,DEL,BOM-DEL,AI,Air India,1,7050,INR,0,,18:00,18,20:25,20,False,145,145,0,Boeing 787,106.0,103.0
2026-10-01,2026-10-01 15:33,2026-10-08,7,BOM,DEL,BOM-DEL,AI,Air India,1,7087,INR,0,,01:00,1,03:20,3,False,140,140,0,Airbus A320neo,105.0,103.0
2026-10-01,2026-10-01 15:33,2026-10-08,7,BOM,DEL,BOM-DEL,AI,Air India,1,7087,INR,0,,21:00,21,23:15,23,False,135,135,0,Boeing 777,118.0,103.0
2026-10-01,2026-10-01 15:33,2026-10-08,7,BOM,DEL,BOM-DEL,AI,Air India,1,7087,INR,0,,21:30,21,23:45,23,False,135,135,0,Airbus A320neo,105.0,103.0
2026-10-01,2026-10-01 15:33,2026-10-08,7,BOM,DEL,BOM-DEL,QP,Akasa Air,1,7111,INR,0,,19:00,19,21:15,21,False,135,135,0,Boeing 737MAX 8 Passenger,93.0,103.0
2026-10-01,2026-10-01 15:33,2026-10-08,7,BOM,DEL,BOM-DEL,6E,IndiGo,1,7136,INR,0,,07:00,7,09:10,9,False,130,130,0,Airbus A321neo,90.0,103.0
2026-10-01,2026-10-01 15:33,2026-10-08,7,BOM,DEL,BOM-DEL,6E,IndiGo,1,7136,INR,0,,19:45,19,21:55,21,False,130,130,0,Airbus A321neo,90.0,103.0
2026-10-01,2026-10-01 15:33,2026-10-08,7,BOM,DEL,BOM-DEL,6E,IndiGo,1,7136,INR,0,,20:20,20,22:45,22,False,145,145,0,Airbus A321neo,90.0,103.0
2026-10-01,2026-10-01 15:33,2026-10-08,7,BOM,DEL,BOM-DEL,AI,Air India,1,7260,INR,0,,09:30,9,11:50,11,False,140,140,0,Airbus A321,105.0,103.0
2026-10-01,2026-10-01 15:33,2026-10-08,7,BOM,DEL,BOM-DEL,AI,Air India,1,7318,INR,0,,07:00,7,09:15,9,False,135,135,0,Airbus A320neo,105.0,103.0
2026-10-01,2026-10-01 15:33,2026-10-08,7,BOM,DEL,BOM-DEL,QP,Akasa Air,1,7382,INR,0,,07:00,7,09:20,9,False,140,140,0,Boeing 737MAX 8 Passenger,93.0,103.0
2026-10-01,2026-10-01 15:33,2026-10-08,7,BOM,DEL,BOM-DEL,6E,IndiGo,1,7451,INR,0,,08:00,8,10:10,10,False,130,130,0,Airbus A321neo,90.0,103.0
2026-10-01,2026-10-01 15:33,2026-10-08,7,BOM,DEL,BOM-DEL,6E,IndiGo,1,7451,INR,0,,21:15,21,23:30,23,False,135,135,0,Airbus A321neo,90.0,103.0
2026-10-01,2026-10-01 15:33,2026-10-08,7,BOM,DEL,BOM-DEL,AI,Air India,1,7648,INR,0,,08:00,8,10:20,10,False,140,140,0,Airbus A320neo,105.0,103.0
2026-10-01,2026-10-01 15:33,2026-10-08,7,BOM,DEL,BOM-DEL,AI,Air India,1,7717,INR,0,,10:00,10,12:20,12,False,140,140,0,Airbus A320neo,105.0,103.0
2026-10-01,2026-10-01 15:33,2026-10-08,7,BOM,DEL,BOM-DEL,6E,IndiGo,1,7766,INR,0,,19:00,19,21:15,21,False,135,135,0,Airbus A321neo,90.0,103.0
2026-10-01,2026-10-01 15:33,2026-10-08,7,BOM,DEL,BOM-DEL,AI,Air India,1,7911,INR,0,,20:00,20,22:20,22,False,140,140,0,Airbus A321,133.0,103.0
2026-10-01,2026-10-01 15:33,2026-10-08,7,BOM,DEL,BOM-DEL,AI,Air India,1,8767,INR,0,,07:30,7,09:45,9,False,135,135,0,Airbus A320neo,105.0,103.0
2026-10-01,2026-10-01 15:33,2026-10-08,7,BOM,DEL,BOM-DEL,AI,Air India,1,8767,INR,0,,20:30,20,22:50,22,False,140,140,0,Airbus A320neo,105.0,103.0
2026-10-01,2026-10-01 15:33,2026-10-08,7,BOM,DEL,BOM-DEL,AI,Air India,1,8992,INR,0,,06:30,6,08:40,8,False,130,130,0,Airbus A320neo,105.0,103.0
2026-10-01,2026-10-01 15:33,2026-10-08,7,BOM,DEL,BOM-DEL,AI,Air India,1,8992,INR,0,,08:30,8,10:50,10,False,140,140,0,Airbus A320neo,105.0,103.0
2026-10-01,2026-10-01 15:33,2026-10-08,7,BOM,DEL,BOM-DEL,AI,Air India,1,10000,INR,0,,18:30,18,20:50,20,False,140,140,0,Airbus A320neo,105.0,103.0
2026-10-01,2026-10-01 15:33,2026-10-08,7,BOM,DEL,BOM-DEL,AI,Air India,1,10000,INR,0,,19:30,19,21:45,21,False,135,135,0,Airbus A320neo,105.0,103.0
2026-10-01,2026-10-01 15:33,2026-10-15,14,BOM,DEL,BOM-DEL,AI,Air India,1,6457,INR,0,,11:25,11,13:50,13,False,145,145,0,Airbus A350,103.0,103.0
2026-10-01,2026-10-01 15:33,2026-10-15,14,BOM,DEL,BOM-DEL,AI,Air India,1,6457,INR,0,,15:30,15,17:50,17,False,140,140,0,Airbus A320neo,105.0,103.0
2026-10-01,2026-10-01 15:33,2026-10-15,14,BOM,DEL,BOM-DEL,AI,Air India,1,6457,INR,0,,16:30,16,19:00,19,False,150,150,0,Airbus A321,133.0,103.0
2026-10-01,2026-10-01 15:33,2026-10-15,14,BOM,DEL,BOM-DEL,AI,Air India,1,6457,INR,0,,18:00,18,20:25,20,False,145,145,0,Boeing 787,106.0,103.0
2026-10-01,2026-10-01 15:33,2026-10-15,14,BOM,DEL,BOM-DEL,AI,Air India,1,6457,INR,0,,20:30,20,22:50,22,False,140,140,0,Airbus A320neo,105.0,103.0
2026-10-01,2026-10-01 15:33,2026-10-15,14,BOM,DEL,BOM-DEL,AI,Air India,1,6457,INR,0,,23:55,23,02:15,2,True,140,140,0,Airbus A320neo,105.0,103.0
2026-10-01,2026-10-01 15:33,2026-10-15,14,BOM,DEL,BOM-DEL,6E,IndiGo,1,6506,INR,0,,15:00,15,17:15,17,False,135,135,0,Airbus A321neo,90.0,103.0
2026-10-01,2026-10-01 15:33,2026-10-15,14,BOM,DEL,BOM-DEL,6E,IndiGo,1,6506,INR,0,,16:00,16,18:15,18,False,135,135,0,Airbus A321neo,90.0,103.0
2026-10-01,2026-10-01 15:33,2026-10-15,14,BOM,DEL,BOM-DEL,6E,IndiGo,1,6506,INR,0,,16:45,16,18:55,18,False,130,130,0,Airbus A321neo,90.0,103.0
2026-10-01,2026-10-01 15:33,2026-10-15,14,BOM,DEL,BOM-DEL,6E,IndiGo,1,6506,INR,0,,17:20,17,19:45,19,False,145,145,0,Airbus A321neo,90.0,103.0
2026-10-01,2026-10-01 15:33,2026-10-15,14,BOM,DEL,BOM-DEL,6E,IndiGo,1,6506,INR,0,,18:15,18,20:30,20,False,135,135,0,Airbus A321neo,90.0,103.0
2026-10-01,2026-10-01 15:33,2026-10-15,14,BOM,DEL,BOM-DEL,6E,IndiGo,1,6506,INR,0,,20:20,20,22:45,22,False,145,145,0,Airbus A321neo,90.0,103.0
2026-10-01,2026-10-01 15:33,2026-10-15,14,BOM,DEL,BOM-DEL,6E,IndiGo,1,6506,INR,0,,23:45,23,02:00,2,True,135,135,0,Airbus A321neo,90.0,103.0
2026-10-01,2026-10-01 15:33,2026-10-15,14,BOM,DEL,BOM-DEL,IX,Air India Express,1,6603,INR,0,,14:45,14,17:00,17,False,135,135,0,Airbus A320,120.0,103.0
2026-10-01,2026-10-01 15:33,2026-10-15,14,BOM,DEL,BOM-DEL,IX,Air India Express,1,6603,INR,0,,16:45,16,19:05,19,False,140,140,0,Boeing 737MAX 8 Passenger,104.0,103.0
2026-10-01,2026-10-01 15:33,2026-10-15,14,BOM,DEL,BOM-DEL,AI,Air India,1,6614,INR,0,,17:30,17,19:50,19,False,140,140,0,Airbus A321,133.0,103.0
2026-10-01,2026-10-01 15:33,2026-10-15,14,BOM,DEL,BOM-DEL,AI,Air India,1,6614,INR,0,,21:00,21,23:15,23,False,135,135,0,Boeing 777,118.0,103.0
2026-10-01,2026-10-01 15:33,2026-10-15,14,BOM,DEL,BOM-DEL,AI,Air India,1,6614,INR,0,,21:30,21,23:45,23,False,135,135,0,Airbus A320neo,105.0,103.0
2026-10-01,2026-10-01 15:33,2026-10-15,14,BOM,DEL,BOM-DEL,AI,Air India,1,6614,INR,0,,22:35,22,01:00,1,True,145,145,0,Airbus A320neo,105.0,103.0
2026-10-01,2026-10-01 15:33,2026-10-15,14,BOM,DEL,BOM-DEL,6E,IndiGo,1,6664,INR,0,,08:00,8,10:10,10,False,130,130,0,Airbus A321neo,90.0,103.0
2026-10-01,2026-10-01 15:33,2026-10-15,14,BOM,DEL,BOM-DEL,6E,IndiGo,1,6664,INR,0,,10:00,10,12:30,12,False,150,150,0,Airbus A321neo,90.0,103.0
2026-10-01,2026-10-01 15:33,2026-10-15,14,BOM,DEL,BOM-DEL,6E,IndiGo,1,6664,INR,0,,10:35,10,13:00,13,False,145,145,0,Airbus A321neo,90.0,103.0
2026-10-01,2026-10-01 15:33,2026-10-15,14,BOM,DEL,BOM-DEL,6E,IndiGo,1,6664,INR,0,,14:00,14,16:15,16,False,135,135,0,Airbus A321neo,90.0,103.0
2026-10-01,2026-10-01 15:33,2026-10-15,14,BOM,DEL,BOM-DEL,6E,IndiGo,1,6664,INR,0,,19:00,19,21:15,21,False,135,135,0,Airbus A321neo,90.0,103.0
2026-10-01,2026-10-01 15:33,2026-10-15,14,BOM,DEL,BOM-DEL,6E,IndiGo,1,6664,INR,0,,21:15,21,23:30,23,False,135,135,0,Airbus A321neo,90.0,103.0
2026-10-01,2026-10-01 15:33,2026-10-15,14,BOM,DEL,BOM-DEL,6E,IndiGo,1,6664,INR,0,,22:15,22,00:30,0,True,135,135,0,Airbus A321neo,90.0,103.0
2026-10-01,2026-10-01 15:33,2026-10-15,14,BOM,DEL,BOM-DEL,AI,Air India,1,6777,INR,0,,09:30,9,11:50,11,False,140,140,0,Airbus A320neo,105.0,103.0
2026-10-01,2026-10-01 15:33,2026-10-15,14,BOM,DEL,BOM-DEL,SG,SpiceJet,1,6799,INR,0,,09:50,9,12:10,12,False,140,140,0,Boeing 737,105.0,103.0
2026-10-01,2026-10-01 15:33,2026-10-15,14,BOM,DEL,BOM-DEL,AI,Air India,1,6819,INR,0,,18:30,18,20:50,20,False,140,140,0,Airbus A320neo,105.0,103.0
2026-10-01,2026-10-01 15:33,2026-10-15,14,BOM,DEL,BOM-DEL,AI,Air India,1,6824,INR,0,,01:00,1,03:20,3,False,140,140,0,Airbus A320neo,105.0,103.0
2026-10-01,2026-10-01 15:33,2026-10-15,14,BOM,DEL,BOM-DEL,AI,Air India,1,6824,INR,0,,20:00,20,22:20,22,False,140,140,0,Airbus A321,133.0,103.0
2026-10-01,2026-10-01 15:33,2026-10-15,14,BOM,DEL,BOM-DEL,QP,Akasa Air,1,6873,INR,0,,14:30,14,16:50,16,False,140,140,0,Boeing 737MAX 8 Passenger,91.0,103.0
2026-10-01,2026-10-01 15:33,2026-10-15,14,BOM,DEL,BOM-DEL,QP,Akasa Air,1,6873,INR,0,,16:55,16,19:15,19,False,140,140,0,Boeing 737MAX 8 Passenger,93.0,103.0
2026-10-01,2026-10-01 15:33,2026-10-15,14,BOM,DEL,BOM-DEL,6E,IndiGo,1,6874,INR,0,,03:00,3,05:10,5,False,130,130,0,Airbus A321neo,90.0,103.0
2026-10-01,2026-10-01 15:33,2026-10-15,14,BOM,DEL,BOM-DEL,6E,IndiGo,1,6874,INR,0,,07:00,7,09:10,9,False,130,130,0,Airbus A321neo,90.0,103.0
2026-10-01,2026-10-01 15:33,2026-10-15,14,BOM,DEL,BOM-DEL,6E,IndiGo,1,6874,INR,0,,12:15,12,14:25,14,False,130,130,0,Airbus A321neo,90.0,103.0
2026-10-01,2026-10-01 15:33,2026-10-15,14,BOM,DEL,BOM-DEL,6E,IndiGo,1,6874,INR,0,,19:45,19,21:55,21,False,130,130,0,Airbus A321neo,90.0,103.0
2026-10-01,2026-10-01 15:33,2026-10-15,14,BOM,DEL,BOM-DEL,QP,Akasa Air,1,6991,INR,0,,07:00,7,09:20,9,False,140,140,0,Boeing 737MAX 8 Passenger,89.0,103.0
2026-10-01,2026-10-01 15:33,2026-10-15,14,BOM,DEL,BOM-DEL,QP,Akasa Air,1,6991,INR,0,,10:05,10,12:25,12,False,140,140,0,Boeing 737MAX 8 Passenger,93.0,103.0
2026-10-01,2026-10-01 15:33,2026-10-15,14,BOM,DEL,BOM-DEL,QP,Akasa Air,1,6991,INR,0,,19:00,19,21:15,21,False,135,135,0,Boeing 737MAX 8 Passenger,93.0,103.0
2026-10-01,2026-10-01 15:33,2026-10-15,14,BOM,DEL,BOM-DEL,AI,Air India,1,7087,INR,0,,06:30,6,08:40,8,False,130,130,0,Airbus A320neo,105.0,103.0
2026-10-01,2026-10-01 15:33,2026-10-15,14,BOM,DEL,BOM-DEL,AI,Air India,1,7102,INR,0,,07:00,7,09:15,9,False,135,135,0,Airbus A320neo,105.0,103.0
2026-10-01,2026-10-01 15:33,2026-10-15,14,BOM,DEL,BOM-DEL,6E,IndiGo,1,7136,INR,0,,05:00,5,07:10,7,False,130,130,0,Airbus A321neo,90.0,103.0
2026-10-01,2026-10-01 15:33,2026-10-15,14,BOM,DEL,BOM-DEL,6E,IndiGo,1,7136,INR,0,,09:00,9,11:15,11,False,135,135,0,Airbus A321neo,90.0,103.0
2026-10-01,2026-10-01 15:33,2026-10-15,14,BOM,DEL,BOM-DEL,6E,IndiGo,1,7451,INR,0,,06:00,6,08:05,8,False,125,125,0,Airbus A321neo,90.0,103.0
2026-10-01,2026-10-01 15:33,2026-10-15,14,BOM,DEL,BOM-DEL,6E,IndiGo,1,7451,INR,0,,13:00,13,15:15,15,False,135,135,0,Airbus A321neo,90.0,103.0
2026-10-01,2026-10-01 15:33,2026-10-15,14,BOM,DEL,BOM-DEL,AI,Air India,1,7911,INR,0,,10:00,10,12:20,12,False,140,140,0,Airbus A320neo,105.0,103.0
2026-10-01,2026-10-01 15:33,2026-10-15,14,BOM,DEL,BOM-DEL,AI,Air India,1,8084,INR,0,,08:30,8,10:50,10,False,140,140,0,Airbus A320neo,105.0,103.0
2026-10-01,2026-10-01 15:33,2026-10-15,14,BOM,DEL,BOM-DEL,AI,Air India,1,8084,INR,0,,13:00,13,15:15,15,False,135,135,0,Airbus A320neo,105.0,103.0
2026-10-01,2026-10-01 15:33,2026-10-22,21,BOM,DEL,BOM-DEL,AI,Air India,1,6945,INR,0,,01:00,1,03:20,3,False,140,140,0,Airbus A320neo,105.0,103.0
2026-10-01,2026-10-01 15:33,2026-10-22,21,BOM,DEL,BOM-DEL,AI,Air India,1,6945,INR,0,,15:30,15,17:50,17,False,140,140,0,Airbus A320neo,105.0,103.0
2026-10-01,2026-10-01 15:33,2026-10-22,21,BOM,DEL,BOM-DEL,AI,Air India,1,6945,INR,0,,16:30,16,19:00,19,False,150,150,0,Airbus A321,133.0,103.0
2026-10-01,2026-10-01 15:33,2026-10-22,21,BOM,DEL,BOM-DEL,AI,Air India,1,6945,INR,0,,22:35,22,01:00,1,True,145,145,0,Airbus A320neo,105.0,103.0
2026-10-01,2026-10-01 15:33,2026-10-22,21,BOM,DEL,BOM-DEL,6E,IndiGo,1,6995,INR,0,,16:00,16,18:15,18,False,135,135,0,Airbus A321neo,90.0,103.0
2026-10-01,2026-10-01 15:33,2026-10-22,21,BOM,DEL,BOM-DEL,6E,IndiGo,1,6995,INR,0,,17:20,17,19:45,19,False,145,145,0,Airbus A321neo,90.0,103.0
2026-10-01,2026-10-01 15:33,2026-10-22,21,BOM,DEL,BOM-DEL,6E,IndiGo,1,6995,INR,0,,22:15,22,00:30,0,True,135,135,0,Airbus A321neo,90.0,103.0
2026-10-01,2026-10-01 15:33,2026-10-22,21,BOM,DEL,BOM-DEL,6E,IndiGo,1,6995,INR,0,,23:45,23,02:00,2,True,135,135,0,Airbus A321neo,90.0,103.0
2026-10-01,2026-10-01 15:33,2026-10-22,21,BOM,DEL,BOM-DEL,IX,Air India Express,1,7010,INR,1,BHO,13:10,13,21:35,21,False,505,200,305,Boeing 737MAX 8 Passenger | Boeing 737MAX 8 Passenger,140.0,103.0
2026-10-01,2026-10-01 15:33,2026-10-22,21,BOM,DEL,BOM-DEL,AI,Air India,1,7118,INR,0,,17:30,17,19:50,19,False,140,140,0,Airbus A321,133.0,103.0
2026-10-01,2026-10-01 15:33,2026-10-22,21,BOM,DEL,BOM-DEL,6E,IndiGo,1,7145,INR,0,,05:00,5,07:10,7,False,130,130,0,Airbus A321neo,90.0,103.0
2026-10-01,2026-10-01 15:33,2026-10-22,21,BOM,DEL,BOM-DEL,6E,IndiGo,1,7145,INR,0,,15:00,15,17:15,17,False,135,135,0,Airbus A321neo,90.0,103.0
2026-10-01,2026-10-01 15:33,2026-10-22,21,BOM,DEL,BOM-DEL,6E,IndiGo,1,7145,INR,0,,16:45,16,18:55,18,False,130,130,0,Airbus A321neo,90.0,103.0
2026-10-01,2026-10-01 15:33,2026-10-22,21,BOM,DEL,BOM-DEL,IX,Air India Express,1,7293,INR,0,,14:45,14,17:00,17,False,135,135,0,Airbus A320,120.0,103.0
2026-10-01,2026-10-01 15:33,2026-10-22,21,BOM,DEL,BOM-DEL,IX,Air India Express,1,7293,INR,0,,16:45,16,19:05,19,False,140,140,0,Boeing 737MAX 8 Passenger,106.0,103.0
2026-10-01,2026-10-01 15:33,2026-10-22,21,BOM,DEL,BOM-DEL,AI,Air India,1,7396,INR,0,,18:00,18,20:25,20,False,145,145,0,Boeing 787,106.0,103.0
2026-10-01,2026-10-01 15:33,2026-10-22,21,BOM,DEL,BOM-DEL,AI,Air India,1,7396,INR,0,,20:30,20,22:50,22,False,140,140,0,Airbus A320neo,105.0,103.0
2026-10-01,2026-10-01 15:33,2026-10-22,21,BOM,DEL,BOM-DEL,AI,Air India,1,7396,INR,0,,21:00,21,23:15,23,False,135,135,0,Boeing 777,118.0,103.0
2026-10-01,2026-10-01 15:33,2026-10-22,21,BOM,DEL,BOM-DEL,AI,Air India,1,7396,INR,0,,21:30,21,23:45,23,False,135,135,0,Airbus A320neo,105.0,103.0
2026-10-01,2026-10-01 15:33,2026-10-22,21,BOM,DEL,BOM-DEL,6E,IndiGo,1,7445,INR,0,,06:00,6,08:05,8,False,125,125,0,Airbus A321neo,90.0,103.0
2026-10-01,2026-10-01 15:33,2026-10-22,21,BOM,DEL,BOM-DEL,6E,IndiGo,1,7445,INR,0,,08:00,8,10:10,10,False,130,130,0,Airbus A321neo,90.0,103.0
2026-10-01,2026-10-01 15:33,2026-10-22,21,BOM,DEL,BOM-DEL,6E,IndiGo,1,7445,INR,0,,18:15,18,20:30,20,False,135,135,0,Airbus A321neo,90.0,103.0
2026-10-01,2026-10-01 15:33,2026-10-22,21,BOM,DEL,BOM-DEL,6E,IndiGo,1,7445,INR,0,,19:00,19,21:15,21,False,135,135,0,Airbus A321neo,90.0,103.0
2026-10-01,2026-10-01 15:33,2026-10-22,21,BOM,DEL,BOM-DEL,6E,IndiGo,1,7445,INR,0,,19:45,19,21:55,21,False,130,130,0,Airbus A321neo,90.0,103.0
2026-10-01,2026-10-01 15:33,2026-10-22,21,BOM,DEL,BOM-DEL,6E,IndiGo,1,7445,INR,0,,20:20,20,22:45,22,False,145,145,0,Airbus A321neo,90.0,103.0
2026-10-01,2026-10-01 15:33,2026-10-22,21,BOM,DEL,BOM-DEL,6E,IndiGo,1,7445,INR,0,,21:15,21,23:30,23,False,135,135,0,Airbus A321neo,90.0,103.0
2026-10-01,2026-10-01 15:33,2026-10-22,21,BOM,DEL,BOM-DEL,QP,Akasa Air,1,7485,INR,0,,14:30,14,16:50,16,False,140,140,0,Boeing 737MAX 8 Passenger,89.0,103.0
2026-10-01,2026-10-01 15:33,2026-10-22,21,BOM,DEL,BOM-DEL,QP,Akasa Air,1,7485,INR,0,,19:00,19,21:15,21,False,135,135,0,Boeing 737MAX 8 Passenger,89.0,103.0
2026-10-01,2026-10-01 15:33,2026-10-22,21,BOM,DEL,BOM-DEL,AI,Air India,1,7580,INR,0,,08:00,8,10:20,10,False,140,140,0,Airbus A320neo,105.0,103.0
2026-10-01,2026-10-01 15:33,2026-10-22,21,BOM,DEL,BOM-DEL,AI,Air India,1,7580,INR,0,,08:30,8,10:50,10,False,140,140,0,Airbus A320neo,105.0,103.0
2026-10-01,2026-10-01 15:33,2026-10-22,21,BOM,DEL,BOM-DEL,AI,Air India,1,7580,INR,0,,19:30,19,21:45,21,False,135,135,0,Airbus A320neo,105.0,103.0
2026-10-01,2026-10-01 15:33,2026-10-22,21,BOM,DEL,BOM-DEL,AI,Air India,1,7606,INR,0,,06:30,6,08:40,8,False,130,130,0,Airbus A320neo,105.0,103.0
2026-10-01,2026-10-01 15:33,2026-10-22,21,BOM,DEL,BOM-DEL,AI,Air India,1,7606,INR,0,,20:00,20,22:20,22,False,140,140,0,Airbus A321,133.0,103.0
2026-10-01,2026-10-01 15:33,2026-10-22,21,BOM,DEL,BOM-DEL,QP,Akasa Air,1,7615,INR,0,,07:00,7,09:20,9,False,140,140,0,Boeing 737MAX 8 Passenger,89.0,103.0
2026-10-01,2026-10-01 15:33,2026-10-22,21,BOM,DEL,BOM-DEL,6E,IndiGo,1,7745,INR,0,,07:00,7,09:10,9,False,130,130,0,Airbus A321neo,90.0,103.0
2026-10-01,2026-10-01 15:33,2026-10-22,21,BOM,DEL,BOM-DEL,AI,Air India,1,7764,INR,0,,07:30,7,09:45,9,False,135,135,0,Airbus A320neo,105.0,103.0
2026-10-01,2026-10-01 15:33,2026-10-22,21,BOM,DEL,BOM-DEL,AI,Air India,1,7827,INR,0,,18:30,18,20:50,20,False,140,140,0,Airbus A320neo,105.0,103.0
2026-10-01,2026-10-01 15:33,2026-10-22,21,BOM,DEL,BOM-DEL,6E,IndiGo,1,8045,INR,0,,09:00,9,11:15,11,False,135,135,0,Airbus A321neo,90.0,103.0
2026-10-01,2026-10-01 15:33,2026-10-22,21,BOM,DEL,BOM-DEL,6E,IndiGo,1,8045,INR,0,,10:00,10,12:30,12,False,150,150,0,Airbus A321neo,90.0,103.0
2026-10-01,2026-10-01 15:33,2026-10-22,21,BOM,DEL,BOM-DEL,6E,IndiGo,1,8045,INR,0,,10:35,10,13:00,13,False,145,145,0,Airbus A321neo,90.0,103.0
2026-10-01,2026-10-01 15:33,2026-10-22,21,BOM,DEL,BOM-DEL,6E,IndiGo,1,8045,INR,0,,14:00,14,16:15,16,False,135,135,0,Airbus A321neo,90.0,103.0
2026-10-01,2026-10-01 15:33,2026-10-22,21,BOM,DEL,BOM-DEL,AI,Air India,1,8200,INR,0,,07:00,7,09:15,9,False,135,135,0,Airbus A320neo,105.0,103.0
2026-10-01,2026-10-01 15:33,2026-10-22,21,BOM,DEL,BOM-DEL,QP,Akasa Air,1,8304,INR,0,,10:05,10,12:25,12,False,140,140,0,Boeing 737MAX 8 Passenger,93.0,103.0
2026-10-01,2026-10-01 15:33,2026-10-22,21,BOM,DEL,BOM-DEL,6E,IndiGo,1,8360,INR,0,,11:30,11,13:45,13,False,135,135,0,Airbus A321neo,90.0,103.0
2026-10-01,2026-10-01 15:33,2026-10-22,21,BOM,DEL,BOM-DEL,AI,Air India,1,8394,INR,0,,09:30,9,11:50,11,False,140,140,0,Airbus A320neo,105.0,103.0
2026-10-01,2026-10-01 15:33,2026-10-22,21,BOM,DEL,BOM-DEL,AI,Air India,1,8394,INR,0,,10:00,10,12:20,12,False,140,140,0,Airbus A320neo,105.0,103.0
2026-10-01,2026-10-01 15:33,2026-10-22,21,BOM,DEL,BOM-DEL,AI,Air India,1,8499,INR,0,,11:25,11,13:50,13,False,145,145,0,Airbus A350,103.0,103.0
2026-10-01,2026-10-01 15:33,2026-10-22,21,BOM,DEL,BOM-DEL,SG,SpiceJet,1,8682,INR,0,,09:50,9,12:10,12,False,140,140,0,Boeing 737,105.0,103.0
2026-10-01,2026-10-01 15:33,2026-10-22,21,BOM,DEL,BOM-DEL,AI,Air India,1,9601,INR,0,,14:35,14,16:55,16,False,140,140,0,Airbus A320neo,105.0,103.0
2026-10-01,2026-10-01 15:33,2026-10-22,21,BOM,DEL,BOM-DEL,6E,IndiGo,1,9935,INR,0,,12:15,12,14:25,14,False,130,130,0,Airbus A321neo,90.0,103.0
2026-10-01,2026-10-01 15:33,2026-10-22,21,BOM,DEL,BOM-DEL,QP,Akasa Air,1,10451,INR,0,,13:00,13,15:20,15,False,140,140,0,Boeing 737MAX 8 Passenger,89.0,103.0
2026-10-01,2026-10-01 15:33,2026-10-22,21,BOM,DEL,BOM-DEL,6E,IndiGo,1,10670,INR,0,,13:00,13,15:15,15,False,135,135,0,Airbus A321neo,90.0,103.0
2026-10-01,2026-10-01 15:33,2026-10-22,21,BOM,DEL,BOM-DEL,AI,Air India,1,12919,INR,0,,13:00,13,15:15,15,False,135,135,0,Airbus A320neo,105.0,103.0
2026-10-01,2026-10-01 15:33,2026-10-31,30,BOM,DEL,BOM-DEL,6E,IndiGo,1,7488,INR,0,,17:30,17,19:40,19,False,130,130,0,Airbus A321neo,90.0,103.0
2026-10-01,2026-10-01 15:33,2026-10-31,30,BOM,DEL,BOM-DEL,6E,IndiGo,1,7488,INR,0,,18:15,18,20:25,20,False,130,130,0,Airbus A321neo,90.0,103.0
2026-10-01,2026-10-01 15:33,2026-10-31,30,BOM,DEL,BOM-DEL,6E,IndiGo,1,7488,INR,0,,19:45,19,21:55,21,False,130,130,0,Airbus A321neo,90.0,103.0
2026-10-01,2026-10-01 15:33,2026-10-31,30,BOM,DEL,BOM-DEL,6E,IndiGo,1,7488,INR,0,,20:30,20,22:40,22,False,130,130,0,Airbus A321neo,90.0,103.0
2026-10-01,2026-10-01 15:33,2026-10-31,30,BOM,DEL,BOM-DEL,6E,IndiGo,1,7488,INR,0,,21:15,21,23:30,23,False,135,135,0,Airbus A321neo,90.0,103.0
2026-10-01,2026-10-01 15:33,2026-10-31,30,BOM,DEL,BOM-DEL,AI,Air India,1,7606,INR,0,,18:00,18,20:15,20,False,135,135,0,Airbus A320neo,105.0,103.0
2026-10-01,2026-10-01 15:33,2026-10-31,30,BOM,DEL,BOM-DEL,AI,Air India,1,7606,INR,0,,18:30,18,20:45,20,False,135,135,0,Boeing 787,106.0,103.0
2026-10-01,2026-10-01 15:33,2026-10-31,30,BOM,DEL,BOM-DEL,AI,Air India,1,7606,INR,0,,19:30,19,21:50,21,False,140,140,0,Airbus A320neo,105.0,103.0
2026-10-01,2026-10-01 15:33,2026-10-31,30,BOM,DEL,BOM-DEL,AI,Air India,1,7606,INR,0,,20:30,20,22:45,22,False,135,135,0,Airbus A320neo,105.0,103.0
2026-10-01,2026-10-01 15:33,2026-10-31,30,BOM,DEL,BOM-DEL,AI,Air India,1,7606,INR,0,,21:00,21,23:15,23,False,135,135,0,Boeing 777,118.0,103.0
2026-10-01,2026-10-01 15:33,2026-10-31,30,BOM,DEL,BOM-DEL,AI,Air India,1,7606,INR,0,,21:30,21,23:50,23,False,140,140,0,Airbus A320neo,105.0,103.0
2026-10-01,2026-10-01 15:33,2026-10-31,30,BOM,DEL,BOM-DEL,AI,Air India,1,7606,INR,0,,22:35,22,00:55,0,True,140,140,0,Airbus A321,133.0,103.0
2026-10-01,2026-10-01 15:33,2026-10-31,30,BOM,DEL,BOM-DEL,AI,Air India,1,7669,INR,0,,18:30,18,20:45,20,False,135,135,0,Airbus A321,133.0,103.0
2026-10-01,2026-10-01 15:33,2026-10-31,30,BOM,DEL,BOM-DEL,6E,IndiGo,1,7856,INR,0,,16:00,16,18:10,18,False,130,130,0,Airbus A321neo,90.0,103.0
2026-10-01,2026-10-01 15:33,2026-10-31,30,BOM,DEL,BOM-DEL,6E,IndiGo,1,7856,INR,0,,16:45,16,18:55,18,False,130,130,0,Airbus A321neo,90.0,103.0
2026-10-01,2026-10-01 15:33,2026-10-31,30,BOM,DEL,BOM-DEL,6E,IndiGo,1,7856,INR,0,,19:00,19,21:10,21,False,130,130,0,Airbus A321neo,90.0,103.0
2026-10-01,2026-10-01 15:33,2026-10-31,30,BOM,DEL,BOM-DEL,AI,Air India,1,7869,INR,0,,15:30,15,17:50,17,False,140,140,0,Airbus A321,133.0,103.0
2026-10-01,2026-10-01 15:33,2026-10-31,30,BOM,DEL,BOM-DEL,AI,Air India,1,7869,INR,0,,19:00,19,21:15,21,False,135,135,0,Airbus A320neo,105.0,103.0
2026-10-01,2026-10-01 15:33,2026-10-31,30,BOM,DEL,BOM-DEL,QP,Akasa Air,1,8161,INR,0,,18:35,18,21:00,21,False,145,145,0,Boeing 737MAX 8 Passenger,87.0,103.0
2026-10-01,2026-10-01 15:33,2026-10-31,30,BOM,DEL,BOM-DEL,SG,SpiceJet,1,8178,INR,0,,21:50,21,23:55,23,False,125,125,0,Boeing 737,105.0,103.0
2026-10-01,2026-10-01 15:33,2026-10-31,30,BOM,DEL,BOM-DEL,SG,SpiceJet,1,8178,INR,0,,22:30,22,00:40,0,True,130,130,0,Boeing 737,105.0,103.0
2026-10-01,2026-10-01 15:33,2026-10-31,30,BOM,DEL,BOM-DEL,6E,IndiGo,1,8276,INR,0,,15:15,15,17:25,17,False,130,130,0,Airbus A321neo,90.0,103.0
2026-10-01,2026-10-01 15:33,2026-10-31,30,BOM,DEL,BOM-DEL,QP,Akasa Air,1,8304,INR,0,,15:05,15,17:25,17,False,140,140,0,Boeing 737MAX 8 Passenger,93.0,103.0
2026-10-01,2026-10-01 15:33,2026-10-31,30,BOM,DEL,BOM-DEL,SG,SpiceJet,1,8682,INR,0,,08:45,8,11:05,11,False,140,140,0,Boeing 737,125.0,103.0
2026-10-01,2026-10-01 15:33,2026-10-31,30,BOM,DEL,BOM-DEL,SG,SpiceJet,1,8682,INR,0,,13:05,13,15:20,15,False,135,135,0,Boeing 737,105.0,103.0
2026-10-01,2026-10-01 15:33,2026-10-31,30,BOM,DEL,BOM-DEL,6E,IndiGo,1,8696,INR,0,,06:00,6,08:10,8,False,130,130,0,Airbus A321neo,90.0,103.0
2026-10-01,2026-10-01 15:33,2026-10-31,30,BOM,DEL,BOM-DEL,6E,IndiGo,1,8696,INR,0,,11:30,11,13:40,13,False,130,130,0,Airbus A321neo,90.0,103.0
2026-10-01,2026-10-01 15:33,2026-10-31,30,BOM,DEL,BOM-DEL,6E,IndiGo,1,8696,INR,0,,13:45,13,15:55,15,False,130,130,0,Airbus A321neo,90.0,103.0
2026-10-01,2026-10-01 15:33,2026-10-31,30,BOM,DEL,BOM-DEL,6E,IndiGo,1,8696,INR,0,,14:30,14,16:40,16,False,130,130,0,Airbus A321neo,90.0,103.0
2026-10-01,2026-10-01 15:33,2026-10-31,30,BOM,DEL,BOM-DEL,QP,Akasa Air,1,8752,INR,0,,13:00,13,15:25,15,False,145,145,0,Boeing 737MAX 8 Passenger,93.0,103.0
2026-10-01,2026-10-01 15:33,2026-10-31,30,BOM,DEL,BOM-DEL,QP,Akasa Air,1,8909,INR,0,,10:10,10,12:40,12,False,150,150,0,Boeing 737MAX 8 Passenger,89.0,103.0
2026-10-01,2026-10-01 15:33,2026-10-31,30,BOM,DEL,BOM-DEL,6E,IndiGo,1,9168,INR,0,,03:00,3,05:10,5,False,130,130,0,Airbus A321neo,90.0,103.0
2026-10-01,2026-10-01 15:33,2026-10-31,30,BOM,DEL,BOM-DEL,6E,IndiGo,1,9168,INR,0,,07:45,7,09:55,9,False,130,130,0,Airbus A321neo,90.0,103.0
2026-10-01,2026-10-01 15:33,2026-10-31,30,BOM,DEL,BOM-DEL,6E,IndiGo,1,9168,INR,0,,08:30,8,10:40,10,False,130,130,0,Airbus A321neo,90.0,103.0
2026-10-01,2026-10-01 15:33,2026-10-31,30,BOM,DEL,BOM-DEL,6E,IndiGo,1,9168,INR,0,,10:00,10,12:10,12,False,130,130,0,Airbus A321neo,90.0,103.0
2026-10-01,2026-10-01 15:33,2026-10-31,30,BOM,DEL,BOM-DEL,6E,IndiGo,1,9168,INR,0,,10:45,10,12:55,12,False,130,130,0,Airbus A321neo,90.0,103.0
2026-10-01,2026-10-01 15:33,2026-10-31,30,BOM,DEL,BOM-DEL,6E,IndiGo,1,9168,INR,0,,12:15,12,14:25,14,False,130,130,0,Airbus A321neo,90.0,103.0
2026-10-01,2026-10-01 15:33,2026-10-31,30,BOM,DEL,BOM-DEL,6E,IndiGo,1,9168,INR,0,,13:00,13,15:10,15,False,130,130,0,Airbus A321neo,90.0,103.0
2026-10-01,2026-10-01 15:33,2026-10-31,30,BOM,DEL,BOM-DEL,IX,Air India Express,1,9227,INR,0,,05:30,5,07:55,7,False,145,145,0,Boeing 737MAX 8 Passenger,104.0,103.0
2026-10-01,2026-10-01 15:33,2026-10-31,30,BOM,DEL,BOM-DEL,IX,Air India Express,1,9227,INR,0,,17:20,17,19:35,19,False,135,135,0,Boeing 737MAX 8 Passenger,104.0,103.0
2026-10-01,2026-10-01 15:33,2026-10-31,30,BOM,DEL,BOM-DEL,AI,Air India,1,9601,INR,0,,08:30,8,10:45,10,False,135,135,0,Airbus A320neo,105.0,103.0
2026-10-01,2026-10-01 15:33,2026-10-31,30,BOM,DEL,BOM-DEL,AI,Air India,1,9601,INR,0,,08:55,8,11:10,11,False,135,135,0,Airbus A321,133.0,103.0
2026-10-01,2026-10-01 15:33,2026-10-31,30,BOM,DEL,BOM-DEL,AI,Air India,1,9601,INR,0,,10:55,10,13:15,13,False,140,140,0,Airbus A350,103.0,103.0
2026-10-01,2026-10-01 15:33,2026-10-31,30,BOM,DEL,BOM-DEL,AI,Air India,1,9601,INR,0,,12:15,12,14:35,14,False,140,140,0,Airbus A320neo,105.0,103.0
2026-10-01,2026-10-01 15:33,2026-10-31,30,BOM,DEL,BOM-DEL,AI,Air India,1,9601,INR,0,,13:00,13,15:15,15,False,135,135,0,Airbus A320neo,105.0,103.0
2026-10-01,2026-10-01 15:33,2026-10-31,30,BOM,DEL,BOM-DEL,AI,Air India,1,9601,INR,0,,14:55,14,17:15,17,False,140,140,0,Airbus A320neo,105.0,103.0
2026-10-01,2026-10-01 15:33,2026-10-31,30,BOM,DEL,BOM-DEL,AI,Air India,1,9601,INR,0,,16:30,16,18:50,18,False,140,140,0,Airbus A321,133.0,103.0
2026-10-01,2026-10-01 15:33,2026-10-31,30,BOM,DEL,BOM-DEL,6E,IndiGo,1,9641,INR,0,,05:00,5,07:10,7,False,130,130,0,Airbus A321neo,90.0,103.0
2026-10-01,2026-10-01 15:33,2026-10-31,30,BOM,DEL,BOM-DEL,QP,Akasa Air,1,10086,INR,0,,07:00,7,09:25,9,False,145,145,0,Boeing 737MAX 8 Passenger,89.0,103.0
2026-10-01,2026-10-01 15:33,2026-10-31,30,BOM,DEL,BOM-DEL,6E,IndiGo,1,10166,INR,0,,07:00,7,09:10,9,False,130,130,0,Airbus A321neo,90.0,103.0
2026-10-01,2026-10-01 15:33,2026-10-31,30,BOM,DEL,BOM-DEL,6E,IndiGo,1,10166,INR,0,,09:15,9,11:25,11,False,130,130,0,Airbus A321neo,90.0,103.0
2026-10-01,2026-10-01 15:33,2026-10-31,30,BOM,DEL,BOM-DEL,AI,Air India,1,10263,INR,0,,07:30,7,09:50,9,False,140,140,0,Airbus A320neo,105.0,103.0
2026-10-01,2026-10-01 15:33,2026-10-31,30,BOM,DEL,BOM-DEL,AI,Air India,1,10263,INR,0,,08:00,8,10:15,10,False,135,135,0,Airbus A320neo,105.0,103.0
2026-10-01,2026-10-01 15:33,2026-10-31,30,BOM,DEL,BOM-DEL,AI,Air India,1,10263,INR,0,,17:30,17,19:45,19,False,135,135,0,Airbus A320neo,105.0,103.0
2026-10-01,2026-10-01 15:33,2026-10-31,30,BOM,DEL,BOM-DEL,AI,Air India,1,12919,INR,0,,07:00,7,09:15,9,False,135,135,0,Airbus A320neo,105.0,103.0
2026-10-01,2026-10-01 15:33,2026-11-15,45,BOM,DEL,BOM-DEL,IX,Air India Express,1,7021,INR,0,,05:30,5,07:55,7,False,145,145,0,Boeing 737MAX 8 Passenger,101.0,103.0
2026-10-01,2026-10-01 15:33,2026-11-15,45,BOM,DEL,BOM-DEL,6E,IndiGo,1,7488,INR,0,,03:00,3,05:10,5,False,130,130,0,Airbus A321neo,87.0,103.0
2026-10-01,2026-10-01 15:33,2026-11-15,45,BOM,DEL,BOM-DEL,6E,IndiGo,1,7488,INR,0,,05:00,5,07:10,7,False,130,130,0,Airbus A321neo,87.0,103.0
2026-10-01,2026-10-01 15:33,2026-11-15,45,BOM,DEL,BOM-DEL,6E,IndiGo,1,7488,INR,0,,06:00,6,08:10,8,False,130,130,0,Airbus A321neo,87.0,103.0
2026-10-01,2026-10-01 15:33,2026-11-15,45,BOM,DEL,BOM-DEL,6E,IndiGo,1,7488,INR,0,,07:00,7,09:10,9,False,130,130,0,Airbus A321neo,87.0,103.0
2026-10-01,2026-10-01 15:33,2026-11-15,45,BOM,DEL,BOM-DEL,6E,IndiGo,1,7488,INR,0,,08:30,8,10:40,10,False,130,130,0,Airbus A321neo,87.0,103.0
2026-10-01,2026-10-01 15:33,2026-11-15,45,BOM,DEL,BOM-DEL,6E,IndiGo,1,7488,INR,0,,09:15,9,11:25,11,False,130,130,0,Airbus A321neo,87.0,103.0
2026-10-01,2026-10-01 15:33,2026-11-15,45,BOM,DEL,BOM-DEL,6E,IndiGo,1,7488,INR,0,,10:45,10,12:55,12,False,130,130,0,Airbus A321neo,87.0,103.0
2026-10-01,2026-10-01 15:33,2026-11-15,45,BOM,DEL,BOM-DEL,6E,IndiGo,1,7488,INR,0,,11:30,11,13:40,13,False,130,130,0,Airbus A321neo,87.0,103.0
2026-10-01,2026-10-01 15:33,2026-11-15,45,BOM,DEL,BOM-DEL,6E,IndiGo,1,7488,INR,0,,15:15,15,17:25,17,False,130,130,0,Airbus A321neo,87.0,103.0
2026-10-01,2026-10-01 15:33,2026-11-15,45,BOM,DEL,BOM-DEL,6E,IndiGo,1,7488,INR,0,,16:45,16,18:55,18,False,130,130,0,Airbus A321neo,87.0,103.0
2026-10-01,2026-10-01 15:33,2026-11-15,45,BOM,DEL,BOM-DEL,6E,IndiGo,1,7488,INR,0,,17:30,17,19:40,19,False,130,130,0,Airbus A321neo,87.0,103.0
2026-10-01,2026-10-01 15:33,2026-11-15,45,BOM,DEL,BOM-DEL,6E,IndiGo,1,7488,INR,0,,18:15,18,20:25,20,False,130,130,0,Airbus A321neo,87.0,103.0
2026-10-01,2026-10-01 15:33,2026-11-15,45,BOM,DEL,BOM-DEL,6E,IndiGo,1,7488,INR,0,,19:45,19,21:55,21,False,130,130,0,Airbus A321neo,87.0,103.0
2026-10-01,2026-10-01 15:33,2026-11-15,45,BOM,DEL,BOM-DEL,6E,IndiGo,1,7488,INR,0,,20:30,20,22:40,22,False,130,130,0,Airbus A321neo,87.0,103.0
2026-10-01,2026-10-01 15:33,2026-11-15,45,BOM,DEL,BOM-DEL,6E,IndiGo,1,7488,INR,0,,21:15,21,23:30,23,False,135,135,0,Airbus A321neo,87.0,103.0
2026-10-01,2026-10-01 15:33,2026-11-15,45,BOM,DEL,BOM-DEL,6E,IndiGo,1,7488,INR,0,,22:30,22,00:40,0,True,130,130,0,Airbus A321neo,87.0,103.0
2026-10-01,2026-10-01 15:33,2026-11-15,45,BOM,DEL,BOM-DEL,AI,Air India,1,7575,INR,0,,01:15,1,03:30,3,False,135,135,0,Airbus A320neo,103.0,103.0
2026-10-01,2026-10-01 15:33,2026-11-15,45,BOM,DEL,BOM-DEL,AI,Air India,1,7575,INR,0,,07:00,7,09:15,9,False,135,135,0,Airbus A320neo,103.0,103.0
2026-10-01,2026-10-01 15:33,2026-11-15,45,BOM,DEL,BOM-DEL,AI,Air India,1,7575,INR,0,,08:30,8,10:45,10,False,135,135,0,Airbus A320neo,103.0,103.0
2026-10-01,2026-10-01 15:33,2026-11-15,45,BOM,DEL,BOM-DEL,AI,Air India,1,7575,INR,0,,08:55,8,11:10,11,False,135,135,0,Airbus A321,131.0,103.0
2026-10-01,2026-10-01 15:33,2026-11-15,45,BOM,DEL,BOM-DEL,AI,Air India,1,7575,INR,0,,10:55,10,13:15,13,False,140,140,0,Airbus A350,101.0,103.0
2026-10-01,2026-10-01 15:33,2026-11-15,45,BOM,DEL,BOM-DEL,AI,Air India,1,7575,INR,0,,16:30,16,18:50,18,False,140,140,0,Airbus A321,131.0,103.0
2026-10-01,2026-10-01 15:33,2026-11-15,45,BOM,DEL,BOM-DEL,AI,Air India,1,7575,INR,0,,19:30,19,21:50,21,False,140,140,0,Airbus A320neo,103.0,103.0
2026-10-01,2026-10-01 15:33,2026-11-15,45,BOM,DEL,BOM-DEL,AI,Air India,1,7575,INR,0,,20:30,20,22:45,22,False,135,135,0,Airbus A320neo,103.0,103.0
2026-10-01,2026-10-01 15:33,2026-11-15,45,BOM,DEL,BOM-DEL,AI,Air India,1,7575,INR,0,,21:00,21,23:15,23,False,135,135,0,Boeing 777,116.0,103.0
2026-10-01,2026-10-01 15:33,2026-11-15,45,BOM,DEL,BOM-DEL,AI,Air India,1,7575,INR,0,,21:30,21,23:50,23,False,140,140,0,Airbus A320neo,103.0,103.0
2026-10-01,2026-10-01 15:33,2026-11-15,45,BOM,DEL,BOM-DEL,AI,Air India,1,7575,INR,0,,22:35,22,00:55,0,True,140,140,0,Airbus A321,131.0,103.0
2026-10-01,2026-10-01 15:33,2026-11-15,45,BOM,DEL,BOM-DEL,IX,Air India Express,1,7636,INR,0,,17:20,17,19:35,19,False,135,135,0,Boeing 737MAX 8 Passenger,101.0,103.0
2026-10-01,2026-10-01 15:33,2026-11-15,45,BOM,DEL,BOM-DEL,SG,SpiceJet,1,7730,INR,0,,06:25,6,08:45,8,False,140,140,0,Boeing 737,102.0,103.0
2026-10-01,2026-10-01 15:33,2026-11-15,45,BOM,DEL,BOM-DEL,SG,SpiceJet,1,7730,INR,0,,08:45,8,11:05,11,False,140,140,0,Boeing 737,102.0,103.0
2026-10-01,2026-10-01 15:33,2026-11-15,45,BOM,DEL,BOM-DEL,SG,SpiceJet,1,7730,INR,0,,20:30,20,22:45,22,False,135,135,0,Boeing 737,102.0,103.0
2026-10-01,2026-10-01 15:33,2026-11-15,45,BOM,DEL,BOM-DEL,SG,SpiceJet,1,7730,INR,0,,21:50,21,23:55,23,False,125,125,0,Boeing 737,102.0,103.0
2026-10-01,2026-10-01 15:33,2026-11-15,45,BOM,DEL,BOM-DEL,SG,SpiceJet,1,7730,INR,0,,22:00,22,00:45,0,True,165,165,0,Boeing 737,102.0,103.0
2026-10-01,2026-10-01 15:33,2026-11-15,45,BOM,DEL,BOM-DEL,SG,SpiceJet,1,7730,INR,0,,22:30,22,00:40,0,True,130,130,0,Boeing 737,102.0,103.0
2026-10-01,2026-10-01 15:33,2026-11-15,45,BOM,DEL,BOM-DEL,AI,Air India,1,7764,INR,0,,07:30,7,09:50,9,False,140,140,0,Airbus A320neo,103.0,103.0
2026-10-01,2026-10-01 15:33,2026-11-15,45,BOM,DEL,BOM-DEL,AI,Air India,1,7764,INR,0,,08:00,8,10:15,10,False,135,135,0,Airbus A320neo,103.0,103.0
2026-10-01,2026-10-01 15:33,2026-11-15,45,BOM,DEL,BOM-DEL,AI,Air India,1,7764,INR,0,,17:30,17,19:45,19,False,135,135,0,Airbus A320neo,103.0,103.0
2026-10-01,2026-10-01 15:33,2026-11-15,45,BOM,DEL,BOM-DEL,AI,Air India,1,7827,INR,0,,18:30,18,20:45,20,False,135,135,0,Airbus A321,131.0,103.0
2026-10-01,2026-10-01 15:33,2026-11-15,45,BOM,DEL,BOM-DEL,6E,IndiGo,1,7856,INR,0,,07:45,7,09:55,9,False,130,130,0,Airbus A321neo,87.0,103.0
2026-10-01,2026-10-01 15:33,2026-11-15,45,BOM,DEL,BOM-DEL,6E,IndiGo,1,7856,INR,0,,12:15,12,14:25,14,False,130,130,0,Airbus A321neo,87.0,103.0
2026-10-01,2026-10-01 15:33,2026-11-15,45,BOM,DEL,BOM-DEL,6E,IndiGo,1,7856,INR,0,,13:45,13,15:55,15,False,130,130,0,Airbus A321neo,87.0,103.0
2026-10-01,2026-10-01 15:33,2026-11-15,45,BOM,DEL,BOM-DEL,6E,IndiGo,1,7856,INR,0,,14:30,14,16:40,16,False,130,130,0,Airbus A321neo,87.0,103.0
2026-10-01,2026-10-01 15:33,2026-11-15,45,BOM,DEL,BOM-DEL,QP,Akasa Air,1,7883,INR,0,,15:05,15,17:25,17,False,140,140,0,Boeing 737MAX 8 Passenger,90.0,103.0
2026-10-01,2026-10-01 15:33,2026-11-15,45,BOM,DEL,BOM-DEL,AI,Air India,1,7953,INR,0,,12:15,12,14:35,14,False,140,140,0,Airbus A320neo,103.0,103.0
2026-10-01,2026-10-01 15:33,2026-11-15,45,BOM,DEL,BOM-DEL,AI,Air India,1,7953,INR,0,,18:00,18,20:15,20,False,135,135,0,Airbus A320neo,103.0,103.0
2026-10-01,2026-10-01 15:33,2026-11-15,45,BOM,DEL,BOM-DEL,QP,Akasa Air,1,8020,INR,0,,07:00,7,09:25,9,False,145,145,0,Boeing 737MAX 8 Passenger,87.0,103.0
2026-10-01,2026-10-01 15:33,2026-11-15,45,BOM,DEL,BOM-DEL,QP,Akasa Air,1,8020,INR,0,,20:55,20,23:15,23,False,140,140,0,Boeing 737MAX 8 Passenger,87.0,103.0
2026-10-01,2026-10-01 15:33,2026-11-15,45,BOM,DEL,BOM-DEL,QP,Akasa Air,1,8161,INR,0,,13:00,13,15:25,15,False,145,145,0,Boeing 737MAX 8 Passenger,90.0,103.0
2026-10-01,2026-10-01 15:33,2026-11-15,45,BOM,DEL,BOM-DEL,6E,IndiGo,1,8276,INR,0,,10:00,10,12:10,12,False,130,130,0,Airbus A321neo,87.0,103.0
2026-10-01,2026-10-01 15:33,2026-11-15,45,BOM,DEL,BOM-DEL,6E,IndiGo,1,8276,INR,0,,13:00,13,15:10,15,False,130,130,0,Airbus A321neo,87.0,103.0
2026-10-01,2026-10-01 15:33,2026-11-15,45,BOM,DEL,BOM-DEL,QP,Akasa Air,1,8304,INR,0,,18:35,18,21:00,21,False,145,145,0,Boeing 737MAX 8 Passenger,85.0,103.0
2026-10-01,2026-10-01 15:33,2026-11-15,45,BOM,DEL,BOM-DEL,AI,Air India,1,8347,INR,0,,13:00,13,15:15,15,False,135,135,0,Airbus A320neo,103.0,103.0
2026-10-01,2026-10-01 15:33,2026-11-15,45,BOM,DEL,BOM-DEL,AI,Air India,1,8347,INR,0,,14:55,14,17:15,17,False,140,140,0,Airbus A320neo,103.0,103.0
2026-10-01,2026-10-01 15:33,2026-11-15,45,BOM,DEL,BOM-DEL,AI,Air India,1,8646,INR,0,,23:55,23,02:15,2,True,140,140,0,Airbus A320neo,103.0,103.0
2026-10-01,2026-10-01 15:33,2026-11-15,45,BOM,DEL,BOM-DEL,6E,IndiGo,1,8696,INR,0,,19:00,19,21:10,21,False,130,130,0,Airbus A321neo,87.0,103.0
2026-10-01,2026-10-01 15:33,2026-11-15,45,BOM,DEL,BOM-DEL,AI,Air India,1,8940,INR,0,,19:00,19,21:15,21,False,135,135,0,Airbus A320neo,103.0,103.0
2026-10-01,2026-10-01 15:33,2026-11-30,60,BOM,DEL,BOM-DEL,6E,IndiGo,1,6995,INR,0,,10:00,10,12:10,12,False,130,130,0,Airbus A321neo,87.0,103.0
2026-10-01,2026-10-01 15:33,2026-11-30,60,BOM,DEL,BOM-DEL,6E,IndiGo,1,6995,INR,0,,10:45,10,12:55,12,False,130,130,0,Airbus A321neo,87.0,103.0
2026-10-01,2026-10-01 15:33,2026-11-30,60,BOM,DEL,BOM-DEL,6E,IndiGo,1,6995,INR,0,,11:30,11,13:40,13,False,130,130,0,Airbus A321neo,87.0,103.0
2026-10-01,2026-10-01 15:33,2026-11-30,60,BOM,DEL,BOM-DEL,6E,IndiGo,1,6995,INR,0,,12:15,12,14:25,14,False,130,130,0,Airbus A321neo,87.0,103.0
2026-10-01,2026-10-01 15:33,2026-11-30,60,BOM,DEL,BOM-DEL,6E,IndiGo,1,6995,INR,0,,13:00,13,15:10,15,False,130,130,0,Airbus A321neo,87.0,103.0
2026-10-01,2026-10-01 15:33,2026-11-30,60,BOM,DEL,BOM-DEL,6E,IndiGo,1,6995,INR,0,,13:45,13,15:55,15,False,130,130,0,Airbus A321neo,87.0,103.0
2026-10-01,2026-10-01 15:33,2026-11-30,60,BOM,DEL,BOM-DEL,6E,IndiGo,1,6995,INR,0,,14:30,14,16:40,16,False,130,130,0,Airbus A321neo,87.0,103.0
2026-10-01,2026-10-01 15:33,2026-11-30,60,BOM,DEL,BOM-DEL,6E,IndiGo,1,6995,INR,0,,15:15,15,17:25,17,False,130,130,0,Airbus A321neo,87.0,103.0
2026-10-01,2026-10-01 15:33,2026-11-30,60,BOM,DEL,BOM-DEL,6E,IndiGo,1,6995,INR,0,,16:00,16,18:10,18,False,130,130,0,Airbus A321neo,87.0,103.0
2026-10-01,2026-10-01 15:33,2026-11-30,60,BOM,DEL,BOM-DEL,6E,IndiGo,1,6995,INR,0,,16:45,16,18:55,18,False,130,130,0,Airbus A321neo,87.0,103.0
2026-10-01,2026-10-01 15:33,2026-11-30,60,BOM,DEL,BOM-DEL,6E,IndiGo,1,6995,INR,0,,17:30,17,19:40,19,False,130,130,0,Airbus A321neo,87.0,103.0
2026-10-01,2026-10-01 15:33,2026-11-30,60,BOM,DEL,BOM-DEL,6E,IndiGo,1,6995,INR,0,,18:15,18,20:25,20,False,130,130,0,Airbus A321neo,87.0,103.0
2026-10-01,2026-10-01 15:33,2026-11-30,60,BOM,DEL,BOM-DEL,6E,IndiGo,1,6995,INR,0,,19:00,19,21:10,21,False,130,130,0,Airbus A321neo,87.0,103.0
2026-10-01,2026-10-01 15:33,2026-11-30,60,BOM,DEL,BOM-DEL,6E,IndiGo,1,6995,INR,0,,19:45,19,21:55,21,False,130,130,0,Airbus A321neo,87.0,103.0
2026-10-01,2026-10-01 15:33,2026-11-30,60,BOM,DEL,BOM-DEL,6E,IndiGo,1,6995,INR,0,,20:30,20,22:40,22,False,130,130,0,Airbus A321neo,87.0,103.0
2026-10-01,2026-10-01 15:33,2026-11-30,60,BOM,DEL,BOM-DEL,6E,IndiGo,1,6995,INR,0,,21:15,21,23:30,23,False,135,135,0,Airbus A321neo,87.0,103.0
2026-10-01,2026-10-01 15:33,2026-11-30,60,BOM,DEL,BOM-DEL,6E,IndiGo,1,6995,INR,0,,22:30,22,00:40,0,True,130,130,0,Airbus A321neo,87.0,103.0
2026-10-01,2026-10-01 15:33,2026-11-30,60,BOM,DEL,BOM-DEL,AI,Air India,1,7102,INR,0,,10:55,10,13:15,13,False,140,140,0,Airbus A350,101.0,103.0
2026-10-01,2026-10-01 15:33,2026-11-30,60,BOM,DEL,BOM-DEL,AI,Air India,1,7102,INR,0,,12:15,12,14:35,14,False,140,140,0,Airbus A320neo,103.0,103.0
2026-10-01,2026-10-01 15:33,2026-11-30,60,BOM,DEL,BOM-DEL,AI,Air India,1,7102,INR,0,,13:00,13,15:15,15,False,135,135,0,Airbus A320neo,103.0,103.0
2026-10-01,2026-10-01 15:33,2026-11-30,60,BOM,DEL,BOM-DEL,AI,Air India,1,7102,INR,0,,14:35,14,16:55,16,False,140,140,0,Airbus A320neo,103.0,103.0
2026-10-01,2026-10-01 15:33,2026-11-30,60,BOM,DEL,BOM-DEL,AI,Air India,1,7102,INR,0,,14:55,14,17:15,17,False,140,140,0,Airbus A320neo,103.0,103.0
2026-10-01,2026-10-01 15:33,2026-11-30,60,BOM,DEL,BOM-DEL,AI,Air India,1,7102,INR,0,,15:30,15,17:50,17,False,140,140,0,Airbus A321,131.0,103.0
2026-10-01,2026-10-01 15:33,2026-11-30,60,BOM,DEL,BOM-DEL,AI,Air India,1,7102,INR,0,,18:00,18,20:20,20,False,140,140,0,Boeing 787,104.0,103.0
2026-10-01,2026-10-01 15:33,2026-11-30,60,BOM,DEL,BOM-DEL,AI,Air India,1,7102,INR,0,,18:30,18,20:45,20,False,135,135,0,Boeing 787,104.0,103.0
2026-10-01,2026-10-01 15:33,2026-11-30,60,BOM,DEL,BOM-DEL,AI,Air India,1,7102,INR,0,,19:00,19,21:15,21,False,135,135,0,Airbus A320neo,103.0,103.0
2026-10-01,2026-10-01 15:33,2026-11-30,60,BOM,DEL,BOM-DEL,AI,Air India,1,7102,INR,0,,19:30,19,21:50,21,False,140,140,0,Airbus A320neo,103.0,103.0
2026-10-01,2026-10-01 15:33,2026-11-30,60,BOM,DEL,BOM-DEL,AI,Air India,1,7102,INR,0,,20:30,20,22:45,22,False,135,135,0,Airbus A320neo,103.0,103.0
2026-10-01,2026-10-01 15:33,2026-11-30,60,BOM,DEL,BOM-DEL,AI,Air India,1,7102,INR,0,,21:00,21,23:15,23,False,135,135,0,Boeing 777,116.0,103.0
2026-10-01,2026-10-01 15:33,2026-11-30,60,BOM,DEL,BOM-DEL,AI,Air India,1,7102,INR,0,,21:30,21,23:50,23,False,140,140,0,Airbus A320neo,103.0,103.0
2026-10-01,2026-10-01 15:33,2026-11-30,60,BOM,DEL,BOM-DEL,AI,Air India,1,7102,INR,0,,22:35,22,00:55,0,True,140,140,0,Airbus A321,131.0,103.0
2026-10-01,2026-10-01 15:33,2026-11-30,60,BOM,DEL,BOM-DEL,AI,Air India,1,7102,INR,0,,23:55,23,02:15,2,True,140,140,0,Airbus A320neo,103.0,103.0
2026-10-01,2026-10-01 15:33,2026-11-30,60,BOM,DEL,BOM-DEL,6E,IndiGo,1,7145,INR,0,,05:00,5,07:10,7,False,130,130,0,Airbus A321neo,87.0,103.0
2026-10-01,2026-10-01 15:33,2026-11-30,60,BOM,DEL,BOM-DEL,6E,IndiGo,1,7145,INR,0,,08:30,8,10:40,10,False,130,130,0,Airbus A321neo,87.0,103.0
2026-10-01,2026-10-01 15:33,2026-11-30,60,BOM,DEL,BOM-DEL,6E,IndiGo,1,7145,INR,0,,09:15,9,11:25,11,False,130,130,0,Airbus A321neo,87.0,103.0
2026-10-01,2026-10-01 15:33,2026-11-30,60,BOM,DEL,BOM-DEL,AI,Air India,1,7255,INR,0,,08:55,8,11:10,11,False,135,135,0,Airbus A321,131.0,103.0
2026-10-01,2026-10-01 15:33,2026-11-30,60,BOM,DEL,BOM-DEL,AI,Air India,1,7255,INR,0,,16:30,16,18:50,18,False,140,140,0,Airbus A321,131.0,103.0
2026-10-01,2026-10-01 15:33,2026-11-30,60,BOM,DEL,BOM-DEL,AI,Air India,1,7281,INR,0,,08:00,8,10:15,10,False,135,135,0,Airbus A320neo,103.0,103.0
2026-10-01,2026-10-01 15:33,2026-11-30,60,BOM,DEL,BOM-DEL,AI,Air India,1,7339,INR,0,,18:30,18,20:45,20,False,135,135,0,Airbus A321,131.0,103.0
2026-10-01,2026-10-01 15:33,2026-11-30,60,BOM,DEL,BOM-DEL,SG,SpiceJet,1,7352,INR,0,,06:25,6,08:45,8,False,140,140,0,Boeing 737,102.0,103.0
2026-10-01,2026-10-01 15:33,2026-11-30,60,BOM,DEL,BOM-DEL,SG,SpiceJet,1,7352,INR,0,,20:30,20,22:45,22,False,135,135,0,Boeing 737,102.0,103.0
2026-10-01,2026-10-01 15:33,2026-11-30,60,BOM,DEL,BOM-DEL,SG,SpiceJet,1,7352,INR,0,,21:50,21,23:55,23,False,125,125,0,Boeing 737,102.0,103.0
2026-10-01,2026-10-01 15:33,2026-11-30,60,BOM,DEL,BOM-DEL,SG,SpiceJet,1,7352,INR,0,,22:00,22,00:45,0,True,165,165,0,Boeing 737,102.0,103.0
2026-10-01,2026-10-01 15:33,2026-11-30,60,BOM,DEL,BOM-DEL,SG,SpiceJet,1,7352,INR,0,,22:30,22,00:40,0,True,130,130,0,Boeing 737,102.0,103.0
2026-10-01,2026-10-01 15:33,2026-11-30,60,BOM,DEL,BOM-DEL,QP,Akasa Air,1,7382,INR,0,,07:00,7,09:25,9,False,145,145,0,Boeing 737MAX 8 Passenger,87.0,103.0
2026-10-01,2026-10-01 15:33,2026-11-30,60,BOM,DEL,BOM-DEL,QP,Akasa Air,1,7382,INR,0,,10:10,10,12:40,12,False,150,150,0,Boeing 737MAX 8 Passenger,87.0,103.0
2026-10-01,2026-10-01 15:33,2026-11-30,60,BOM,DEL,BOM-DEL,QP,Akasa Air,1,7382,INR,0,,13:00,13,15:25,15,False,145,145,0,Boeing 737MAX 8 Passenger,90.0,103.0
2026-10-01,2026-10-01 15:33,2026-11-30,60,BOM,DEL,BOM-DEL,QP,Akasa Air,1,7382,INR,0,,15:05,15,17:25,17,False,140,140,0,Boeing 737MAX 8 Passenger,90.0,103.0
2026-10-01,2026-10-01 15:33,2026-11-30,60,BOM,DEL,BOM-DEL,QP,Akasa Air,1,7382,INR,0,,18:35,18,21:00,21,False,145,145,0,Boeing 737MAX 8 Passenger,85.0,103.0
2026-10-01,2026-10-01 15:33,2026-11-30,60,BOM,DEL,BOM-DEL,AI,Air India,1,7433,INR,0,,08:30,8,10:45,10,False,135,135,0,Airbus A320neo,103.0,103.0
2026-10-01,2026-10-01 15:33,2026-11-30,60,BOM,DEL,BOM-DEL,AI,Air India,1,7433,INR,0,,17:30,17,19:45,19,False,135,135,0,Airbus A320neo,103.0,103.0
2026-10-01,2026-10-01 15:33,2026-11-30,60,BOM,DEL,BOM-DEL,6E,IndiGo,1,7445,INR,0,,07:00,7,09:10,9,False,130,130,0,Airbus A321neo,87.0,103.0
2026-10-01,2026-10-01 15:33,2026-11-30,60,BOM,DEL,BOM-DEL,6E,IndiGo,1,7445,INR,0,,07:45,7,09:55,9,False,130,130,0,Airbus A321neo,87.0,103.0
2026-10-01,2026-10-01 15:33,2026-11-30,60,BOM,DEL,BOM-DEL,AI,Air India,1,7575,INR,0,,06:30,6,08:45,8,False,135,135,0,Airbus A320neo,103.0,103.0
2026-10-01,2026-10-01 15:33,2026-11-30,60,BOM,DEL,BOM-DEL,SG,SpiceJet,1,7730,INR,0,,08:45,8,11:05,11,False,140,140,0,Boeing 737,102.0,103.0
2026-10-01,2026-10-01 15:33,2026-11-30,60,BOM,DEL,BOM-DEL,6E,IndiGo,1,7745,INR,0,,06:00,6,08:10,8,False,130,130,0,Airbus A321neo,87.0,103.0
2026-10-01,2026-10-01 15:33,2026-11-30,60,BOM,DEL,BOM-DEL,AI,Air India,1,7890,INR,0,,07:00,7,09:15,9,False,135,135,0,Airbus A320neo,103.0,103.0
2026-10-01,2026-10-01 15:33,2026-11-30,60,BOM,DEL,BOM-DEL,IX,Air India Express,1,8508,INR,0,,17:20,17,19:35,19,False,135,135,0,Boeing 737MAX 8 Passenger,101.0,103.0
2026-10-01,2026-10-01 15:33,2026-11-30,60,BOM,DEL,BOM-DEL,AI,Air India,1,9276,INR,0,,09:30,9,11:45,11,False,135,135,0,Airbus A320neo,103.0,103.0
2026-10-01,2026-10-01 15:33,2026-10-02,1,BLR,DEL,BLR-DEL,AI,Air India,1,8252,INR,0,,19:40,19,22:35,22,False,175,175,0,Airbus A320neo,142.0,120.0
2026-10-01,2026-10-01 15:33,2026-10-02,1,BLR,DEL,BLR-DEL,6E,IndiGo,1,8308,INR,0,,20:40,20,23:30,23,False,170,170,0,Airbus A321neo,122.0,120.0
2026-10-01,2026-10-01 15:33,2026-10-02,1,BLR,DEL,BLR-DEL,AI,Air India,1,8709,INR,0,,17:25,17,20:30,20,False,185,185,0,Airbus A320neo,142.0,120.0
2026-10-01,2026-10-01 15:33,2026-10-02,1,BLR,DEL,BLR-DEL,AI,Air India,1,8709,INR,0,,18:20,18,21:10,21,False,170,170,0,Airbus A320neo,142.0,120.0
2026-10-01,2026-10-01 15:33,2026-10-02,1,BLR,DEL,BLR-DEL,6E,IndiGo,1,8764,INR,0,,19:30,19,22:15,22,False,165,165,0,Airbus A321neo,122.0,120.0
2026-10-01,2026-10-01 15:33,2026-10-02,1,BLR,DEL,BLR-DEL,6E,IndiGo,1,8764,INR,0,,23:30,23,02:20,2,True,170,170,0,Airbus A321neo,122.0,120.0
2026-10-01,2026-10-01 15:33,2026-10-02,1,BLR,DEL,BLR-DEL,IX,Air India Express,1,8798,INR,1,NMI,18:45,18,00:10,0,True,325,235,90,Boeing 737MAX 8 Passenger | Airbus A321,193.0,120.0
2026-10-01,2026-10-01 15:33,2026-10-02,1,BLR,DEL,BLR-DEL,AI,Air India,1,9202,INR,0,,15:30,15,18:15,18,False,165,165,0,Boeing 787,142.0,120.0
2026-10-01,2026-10-01 15:33,2026-10-02,1,BLR,DEL,BLR-DEL,6E,IndiGo,1,9250,INR,0,,17:00,17,19:50,19,False,170,170,0,Airbus A321neo,122.0,120.0
2026-10-01,2026-10-01 15:33,2026-10-02,1,BLR,DEL,BLR-DEL,6E,IndiGo,1,9250,INR,0,,18:15,18,21:05,21,False,170,170,0,Airbus A321neo,122.0,120.0
2026-10-01,2026-10-01 15:33,2026-10-02,1,BLR,DEL,BLR-DEL,AI,Air India,1,9580,INR,0,,15:00,15,18:00,18,False,180,180,0,Airbus A320neo,142.0,120.0
2026-10-01,2026-10-01 15:33,2026-10-02,1,BLR,DEL,BLR-DEL,AI,Air India,1,10126,INR,0,,16:30,16,19:25,19,False,175,175,0,Airbus A320neo,142.0,120.0
2026-10-01,2026-10-01 15:33,2026-10-02,1,BLR,DEL,BLR-DEL,AI,Air India,1,10273,INR,0,,14:00,14,16:45,16,False,165,165,0,Airbus A320neo,142.0,120.0
2026-10-01,2026-10-01 15:33,2026-10-02,1,BLR,DEL,BLR-DEL,6E,IndiGo,1,10322,INR,0,,03:00,3,05:50,5,False,170,170,0,Airbus A321neo,122.0,120.0
2026-10-01,2026-10-01 15:33,2026-10-02,1,BLR,DEL,BLR-DEL,6E,IndiGo,1,10322,INR,0,,13:10,13,16:05,16,False,175,175,0,Airbus A321neo,122.0,120.0
2026-10-01,2026-10-01 15:33,2026-10-02,1,BLR,DEL,BLR-DEL,6E,IndiGo,1,10322,INR,0,,15:45,15,18:35,18,False,170,170,0,Airbus A321neo,122.0,120.0
2026-10-01,2026-10-01 15:33,2026-10-02,1,BLR,DEL,BLR-DEL,QP,Akasa Air,1,10701,INR,0,,05:30,5,08:25,8,False,175,175,0,Boeing 737MAX 8 Passenger,119.0,120.0
2026-10-01,2026-10-01 15:33,2026-10-02,1,BLR,DEL,BLR-DEL,QP,Akasa Air,1,10701,INR,0,,13:05,13,16:00,16,False,175,175,0,Boeing 737MAX 8 Passenger,119.0,120.0
2026-10-01,2026-10-01 15:33,2026-10-02,1,BLR,DEL,BLR-DEL,AI,Air India,1,10867,INR,0,,06:00,6,08:45,8,False,165,165,0,Airbus A320neo,142.0,120.0
2026-10-01,2026-10-01 15:33,2026-10-02,1,BLR,DEL,BLR-DEL,6E,IndiGo,1,10913,INR,0,,01:00,1,03:50,3,False,170,170,0,Airbus A321neo,122.0,120.0
2026-10-01,2026-10-01 15:33,2026-10-02,1,BLR,DEL,BLR-DEL,6E,IndiGo,1,10913,INR,0,,05:05,5,07:55,7,False,170,170,0,Airbus A321neo,122.0,120.0
2026-10-01,2026-10-01 15:33,2026-10-02,1,BLR,DEL,BLR-DEL,6E,IndiGo,1,10913,INR,0,,07:00,7,09:50,9,False,170,170,0,Airbus A321neo,122.0,120.0
2026-10-01,2026-10-01 15:33,2026-10-02,1,BLR,DEL,BLR-DEL,6E,IndiGo,1,10913,INR,0,,12:00,12,14:50,14,False,170,170,0,Airbus A321neo,122.0,120.0
2026-10-01,2026-10-01 15:33,2026-10-02,1,BLR,DEL,BLR-DEL,AI,Air India,1,11050,INR,0,,05:30,5,08:25,8,False,175,175,0,Airbus A320neo,142.0,120.0
2026-10-01,2026-10-01 15:33,2026-10-02,1,BLR,DEL,BLR-DEL,IX,Air India Express,1,11060,INR,0,,01:15,1,04:10,4,False,175,175,0,Airbus A320neo,134.0,120.0
2026-10-01,2026-10-01 15:33,2026-10-02,1,BLR,DEL,BLR-DEL,AI,Air India,1,11329,INR,0,,22:00,22,00:55,0,True,175,175,0,Airbus A320neo,142.0,120.0
2026-10-01,2026-10-01 15:33,2026-10-02,1,BLR,DEL,BLR-DEL,6E,IndiGo,1,11543,INR,0,,08:15,8,11:05,11,False,170,170,0,Airbus A321neo,122.0,120.0
2026-10-01,2026-10-01 15:33,2026-10-02,1,BLR,DEL,BLR-DEL,6E,IndiGo,1,11543,INR,0,,09:30,9,12:30,12,False,180,180,0,Airbus A321neo,122.0,120.0
2026-10-01,2026-10-01 15:33,2026-10-02,1,BLR,DEL,BLR-DEL,6E,IndiGo,1,11543,INR,0,,10:45,10,13:35,13,False,170,170,0,Airbus A321neo,122.0,120.0
2026-10-01,2026-10-01 15:33,2026-10-02,1,BLR,DEL,BLR-DEL,6E,IndiGo,1,11543,INR,0,,13:55,13,16:45,16,False,170,170,0,Airbus A321neo,122.0,120.0
2026-10-01,2026-10-01 15:33,2026-10-02,1,BLR,DEL,BLR-DEL,AI,Air India,1,11591,INR,0,,11:00,11,14:00,14,False,180,180,0,Airbus A320neo,142.0,120.0
2026-10-01,2026-10-01 15:33,2026-10-02,1,BLR,DEL,BLR-DEL,QP,Akasa Air,1,11695,INR,0,,06:05,6,08:50,8,False,165,165,0,Boeing 737MAX 8 Passenger,124.0,120.0
2026-10-01,2026-10-01 15:33,2026-10-02,1,BLR,DEL,BLR-DEL,QP,Akasa Air,1,12796,INR,0,,03:55,3,07:00,7,False,185,185,0,Boeing 737MAX 8 Passenger,124.0,120.0
2026-10-01,2026-10-01 15:33,2026-10-02,1,BLR,DEL,BLR-DEL,AI,Air India,1,12888,INR,0,,10:00,10,13:00,13,False,180,180,0,Airbus A320neo,142.0,120.0
2026-10-01,2026-10-01 15:33,2026-10-02,1,BLR,DEL,BLR-DEL,AI,Air India,1,13450,INR,0,,07:00,7,10:00,10,False,180,180,0,Airbus A320neo,142.0,120.0
2026-10-01,2026-10-01 15:33,2026-10-02,1,BLR,DEL,BLR-DEL,QP,Akasa Air,1,14267,INR,0,,05:00,5,07:50,7,False,170,170,0,Boeing 737MAX 8 Passenger,119.0,120.0
2026-10-01,2026-10-01 15:33,2026-10-02,1,BLR,DEL,BLR-DEL,AI,Air India,1,24679,INR,0,,00:15,0,03:10,3,False,175,175,0,Airbus A320neo,142.0,120.0
2026-10-01,2026-10-01 15:33,2026-10-04,3,BLR,DEL,BLR-DEL,6E,IndiGo,1,8308,INR,0,,01:00,1,03:50,3,False,170,170,0,Airbus A321neo,122.0,120.0
2026-10-01,2026-10-01 15:33,2026-10-04,3,BLR,DEL,BLR-DEL,6E,IndiGo,1,8308,INR,0,,05:05,5,07:55,7,False,170,170,0,Airbus A321neo,122.0,120.0
2026-10-01,2026-10-01 15:33,2026-10-04,3,BLR,DEL,BLR-DEL,QP,Akasa Air,1,8714,INR,0,,03:55,3,07:00,7,False,185,185,0,Boeing 737MAX 8 Passenger,124.0,120.0
2026-10-01,2026-10-01 15:33,2026-10-04,3,BLR,DEL,BLR-DEL,AI,Air India,1,8714,INR,0,,06:00,6,08:45,8,False,165,165,0,Airbus A320neo,142.0,120.0
2026-10-01,2026-10-01 15:33,2026-10-04,3,BLR,DEL,BLR-DEL,6E,IndiGo,1,8764,INR,0,,07:00,7,09:50,9,False,170,170,0,Airbus A321neo,122.0,120.0
2026-10-01,2026-10-01 15:33,2026-10-04,3,BLR,DEL,BLR-DEL,QP,Akasa Air,1,9299,INR,0,,06:05,6,08:50,8,False,165,165,0,Boeing 737MAX 8 Passenger,124.0,120.0
2026-10-01,2026-10-01 15:33,2026-10-04,3,BLR,DEL,BLR-DEL,6E,IndiGo,1,9769,INR,0,,08:15,8,11:05,11,False,170,170,0,Airbus A321neo,122.0,120.0
2026-10-01,2026-10-01 15:33,2026-10-04,3,BLR,DEL,BLR-DEL,6E,IndiGo,1,10322,INR,0,,22:00,22,00:50,0,True,170,170,0,Airbus A321neo,122.0,120.0
2026-10-01,2026-10-01 15:33,2026-10-04,3,BLR,DEL,BLR-DEL,6E,IndiGo,1,10322,INR,0,,23:30,23,02:20,2,True,170,170,0,Airbus A321neo,122.0,120.0
2026-10-01,2026-10-01 15:33,2026-10-04,3,BLR,DEL,BLR-DEL,AI,Air India,1,10867,INR,0,,22:00,22,00:55,0,True,175,175,0,Airbus A321,179.0,120.0
2026-10-01,2026-10-01 15:33,2026-10-04,3,BLR,DEL,BLR-DEL,AI,Air India,1,10867,INR,0,,22:30,22,01:25,1,True,175,175,0,Airbus A320neo,142.0,120.0
2026-10-01,2026-10-01 15:33,2026-10-04,3,BLR,DEL,BLR-DEL,6E,IndiGo,1,11543,INR,0,,20:40,20,23:30,23,False,170,170,0,Airbus A321neo,122.0,120.0
2026-10-01,2026-10-01 15:33,2026-10-04,3,BLR,DEL,BLR-DEL,AI,Air India,1,12169,INR,0,,07:00,7,10:00,10,False,180,180,0,Airbus A320neo,142.0,120.0
2026-10-01,2026-10-01 15:33,2026-10-04,3,BLR,DEL,BLR-DEL,6E,IndiGo,1,12217,INR,0,,09:30,9,12:30,12,False,180,180,0,Airbus A321neo,122.0,120.0
2026-10-01,2026-10-01 15:33,2026-10-04,3,BLR,DEL,BLR-DEL,6E,IndiGo,1,12217,INR,0,,19:30,19,22:15,22,False,165,165,0,Airbus A321neo,122.0,120.0
2026-10-01,2026-10-01 15:33,2026-10-04,3,BLR,DEL,BLR-DEL,6E,IndiGo,1,12935,INR,0,,10:45,10,13:35,13,False,170,170,0,Airbus A321neo,122.0,120.0
2026-10-01,2026-10-01 15:33,2026-10-04,3,BLR,DEL,BLR-DEL,6E,IndiGo,1,12935,INR,0,,12:00,12,14:50,14,False,170,170,0,Airbus A321neo,122.0,120.0
2026-10-01,2026-10-01 15:33,2026-10-04,3,BLR,DEL,BLR-DEL,6E,IndiGo,1,12935,INR,0,,18:15,18,21:05,21,False,170,170,0,Airbus A321neo,122.0,120.0
2026-10-01,2026-10-01 15:33,2026-10-04,3,BLR,DEL,BLR-DEL,QP,Akasa Air,1,13266,INR,0,,13:05,13,16:00,16,False,175,175,0,Boeing 737MAX 8 Passenger,122.0,120.0
2026-10-01,2026-10-01 15:33,2026-10-04,3,BLR,DEL,BLR-DEL,6E,IndiGo,1,13702,INR,0,,13:10,13,16:05,16,False,175,175,0,Airbus A321neo,122.0,120.0
2026-10-01,2026-10-01 15:33,2026-10-04,3,BLR,DEL,BLR-DEL,6E,IndiGo,1,13702,INR,0,,13:55,13,16:45,16,False,170,170,0,Airbus A321neo,122.0,120.0
2026-10-01,2026-10-01 15:33,2026-10-04,3,BLR,DEL,BLR-DEL,6E,IndiGo,1,13702,INR,0,,15:45,15,18:35,18,False,170,170,0,Airbus A321neo,122.0,120.0
2026-10-01,2026-10-01 15:33,2026-10-04,3,BLR,DEL,BLR-DEL,6E,IndiGo,1,14521,INR,0,,17:00,17,19:50,19,False,170,170,0,Airbus A321neo,122.0,120.0
2026-10-01,2026-10-01 15:33,2026-10-04,3,BLR,DEL,BLR-DEL,AI,Air India,1,15497,INR,0,,15:30,15,18:05,18,False,155,155,0,Boeing 787,142.0,120.0
2026-10-01,2026-10-01 15:33,2026-10-04,3,BLR,DEL,BLR-DEL,AI,Air India,1,15634,INR,0,,11:00,11,14:00,14,False,180,180,0,Airbus A320neo,142.0,120.0
2026-10-01,2026-10-01 15:33,2026-10-04,3,BLR,DEL,BLR-DEL,AI,Air India,1,15634,INR,0,,14:00,14,16:45,16,False,165,165,0,Airbus A320neo,142.0,120.0
2026-10-01,2026-10-01 15:33,2026-10-04,3,BLR,DEL,BLR-DEL,AI,Air India,1,15907,INR,0,,15:00,15,18:00,18,False,180,180,0,Airbus A320neo,142.0,120.0
2026-10-01,2026-10-01 15:33,2026-10-04,3,BLR,DEL,BLR-DEL,AI,Air India,1,15907,INR,0,,16:30,16,19:25,19,False,175,175,0,Airbus A320neo,142.0,120.0
2026-10-01,2026-10-01 15:33,2026-10-04,3,BLR,DEL,BLR-DEL,AI,Air India,1,15907,INR,0,,17:25,17,20:30,20,False,185,185,0,Airbus A320neo,142.0,120.0
2026-10-01,2026-10-01 15:33,2026-10-04,3,BLR,DEL,BLR-DEL,AI,Air India,1,17902,INR,0,,10:00,10,13:00,13,False,180,180,0,Airbus A320neo,142.0,120.0
2026-10-01,2026-10-01 15:33,2026-10-04,3,BLR,DEL,BLR-DEL,AI,Air India,1,17902,INR,0,,18:20,18,21:10,21,False,170,170,0,Airbus A320neo,142.0,120.0
2026-10-01,2026-10-01 15:33,2026-10-04,3,BLR,DEL,BLR-DEL,AI,Air India,1,17902,INR,0,,19:40,19,22:35,22,False,175,175,0,Airbus A320neo,142.0,120.0
2026-10-01,2026-10-01 15:33,2026-10-04,3,BLR,DEL,BLR-DEL,AI,Air India,1,17902,INR,0,,20:00,20,22:45,22,False,165,165,0,Airbus A320neo,142.0,120.0
2026-10-01,2026-10-01 15:33,2026-10-04,3,BLR,DEL,BLR-DEL,IX,Air India Express,1,19961,INR,0,,17:35,17,20:25,20,False,170,170,0,Boeing 737MAX 8 Passenger,142.0,120.0
2026-10-01,2026-10-01 15:33,2026-10-08,7,BLR,DEL,BLR-DEL,6E,IndiGo,1,8764,INR,0,,05:05,5,07:55,7,False,170,170,0,Airbus A321neo,122.0,120.0
2026-10-01,2026-10-01 15:33,2026-10-08,7,BLR,DEL,BLR-DEL,IX,Air India Express,1,8798,INR,1,NMI,18:45,18,00:10,0,True,325,235,90,Boeing 737MAX 8 Passenger | Airbus A321,193.0,120.0
2026-10-01,2026-10-01 15:33,2026-10-08,7,BLR,DEL,BLR-DEL,AI,Air India,1,9722,INR,0,,15:30,15,18:15,18,False,165,165,0,Boeing 787,142.0,120.0
2026-10-01,2026-10-01 15:33,2026-10-08,7,BLR,DEL,BLR-DEL,6E,IndiGo,1,9769,INR,0,,10:45,10,13:35,13,False,170,170,0,Airbus A321neo,122.0,120.0
2026-10-01,2026-10-01 15:33,2026-10-08,7,BLR,DEL,BLR-DEL,6E,IndiGo,1,9769,INR,0,,15:45,15,18:35,18,False,170,170,0,Airbus A321neo,122.0,120.0
2026-10-01,2026-10-01 15:33,2026-10-08,7,BLR,DEL,BLR-DEL,6E,IndiGo,1,9769,INR,0,,23:30,23,02:20,2,True,170,170,0,Airbus A321neo,122.0,120.0
2026-10-01,2026-10-01 15:33,2026-10-08,7,BLR,DEL,BLR-DEL,QP,Akasa Air,1,10150,INR,0,,03:55,3,07:00,7,False,185,185,0,Boeing 737MAX 8 Passenger,124.0,120.0
2026-10-01,2026-10-01 15:33,2026-10-08,7,BLR,DEL,BLR-DEL,6E,IndiGo,1,10322,INR,0,,09:30,9,12:30,12,False,180,180,0,Airbus A321neo,122.0,120.0
2026-10-01,2026-10-01 15:33,2026-10-08,7,BLR,DEL,BLR-DEL,6E,IndiGo,1,10322,INR,0,,12:00,12,14:50,14,False,170,170,0,Airbus A321neo,122.0,120.0
2026-10-01,2026-10-01 15:33,2026-10-08,7,BLR,DEL,BLR-DEL,6E,IndiGo,1,10322,INR,0,,13:10,13,16:05,16,False,175,175,0,Airbus A321neo,122.0,120.0
2026-10-01,2026-10-01 15:33,2026-10-08,7,BLR,DEL,BLR-DEL,6E,IndiGo,1,10322,INR,0,,13:55,13,16:45,16,False,170,170,0,Airbus A321neo,122.0,120.0
2026-10-01,2026-10-01 15:33,2026-10-08,7,BLR,DEL,BLR-DEL,6E,IndiGo,1,10322,INR,0,,22:00,22,00:50,0,True,170,170,0,Airbus A321neo,122.0,120.0
2026-10-01,2026-10-01 15:33,2026-10-08,7,BLR,DEL,BLR-DEL,AI,Air India,1,10867,INR,0,,14:00,14,16:45,16,False,165,165,0,Airbus A320neo,142.0,120.0
2026-10-01,2026-10-01 15:33,2026-10-08,7,BLR,DEL,BLR-DEL,AI,Air India,1,10867,INR,0,,15:00,15,18:00,18,False,180,180,0,Airbus A320neo,142.0,120.0
2026-10-01,2026-10-01 15:33,2026-10-08,7,BLR,DEL,BLR-DEL,QP,Akasa Air,1,10891,INR,0,,13:05,13,16:00,16,False,175,175,0,Boeing 737MAX 8 Passenger,119.0,120.0
2026-10-01,2026-10-01 15:33,2026-10-08,7,BLR,DEL,BLR-DEL,6E,IndiGo,1,10913,INR,0,,08:15,8,11:05,11,False,170,170,0,Airbus A321neo,122.0,120.0
2026-10-01,2026-10-01 15:33,2026-10-08,7,BLR,DEL,BLR-DEL,6E,IndiGo,1,10913,INR,0,,17:00,17,19:50,19,False,170,170,0,Airbus A321neo,122.0,120.0
2026-10-01,2026-10-01 15:33,2026-10-08,7,BLR,DEL,BLR-DEL,IX,Air India Express,1,11060,INR,0,,01:15,1,04:10,4,False,175,175,0,Airbus A320neo,134.0,120.0
2026-10-01,2026-10-01 15:33,2026-10-08,7,BLR,DEL,BLR-DEL,6E,IndiGo,1,11543,INR,0,,18:15,18,21:05,21,False,170,170,0,Airbus A321neo,122.0,120.0
2026-10-01,2026-10-01 15:33,2026-10-08,7,BLR,DEL,BLR-DEL,6E,IndiGo,1,11543,INR,0,,20:40,20,23:30,23,False,170,170,0,Airbus A321neo,122.0,120.0
2026-10-01,2026-10-01 15:33,2026-10-08,7,BLR,DEL,BLR-DEL,AI,Air India,1,11791,INR,0,,16:30,16,19:25,19,False,175,175,0,Airbus A320neo,142.0,120.0
2026-10-01,2026-10-01 15:33,2026-10-08,7,BLR,DEL,BLR-DEL,AI,Air India,1,12169,INR,0,,10:00,10,13:00,13,False,180,180,0,Airbus A320neo,142.0,120.0
2026-10-01,2026-10-01 15:33,2026-10-08,7,BLR,DEL,BLR-DEL,6E,IndiGo,1,12217,INR,0,,07:00,7,09:50,9,False,170,170,0,Airbus A321neo,122.0,120.0
2026-10-01,2026-10-01 15:33,2026-10-08,7,BLR,DEL,BLR-DEL,QP,Akasa Air,1,12342,INR,0,,06:05,6,08:50,8,False,165,165,0,Boeing 737MAX 8 Passenger,124.0,120.0
2026-10-01,2026-10-01 15:33,2026-10-08,7,BLR,DEL,BLR-DEL,AI,Air India,1,12888,INR,0,,06:00,6,08:45,8,False,165,165,0,Airbus A320neo,142.0,120.0
2026-10-01,2026-10-01 15:33,2026-10-08,7,BLR,DEL,BLR-DEL,AI,Air India,1,12888,INR,0,,11:00,11,14:00,14,False,180,180,0,Airbus A320neo,142.0,120.0
2026-10-01,2026-10-01 15:33,2026-10-08,7,BLR,DEL,BLR-DEL,AI,Air India,1,12888,INR,0,,22:00,22,00:55,0,True,175,175,0,Airbus A320neo,142.0,120.0
2026-10-01,2026-10-01 15:33,2026-10-08,7,BLR,DEL,BLR-DEL,AI,Air India,1,13675,INR,0,,20:00,20,22:45,22,False,165,165,0,Airbus A320neo,142.0,120.0
2026-10-01,2026-10-01 15:33,2026-10-08,7,BLR,DEL,BLR-DEL,6E,IndiGo,1,13702,INR,0,,19:30,19,22:15,22,False,165,165,0,Airbus A321neo,122.0,120.0
2026-10-01,2026-10-01 15:33,2026-10-08,7,BLR,DEL,BLR-DEL,AI,Air India,1,15224,INR,0,,17:25,17,20:30,20,False,185,185,0,Airbus A320neo,142.0,120.0
2026-10-01,2026-10-01 15:33,2026-10-08,7,BLR,DEL,BLR-DEL,AI,Air India,1,15497,INR,0,,09:00,9,12:00,12,False,180,180,0,Airbus A320neo,142.0,120.0
2026-10-01,2026-10-01 15:33,2026-10-08,7,BLR,DEL,BLR-DEL,AI,Air India,1,15497,INR,0,,18:20,18,21:10,21,False,170,170,0,Airbus A320neo,142.0,120.0
2026-10-01,2026-10-01 15:33,2026-10-08,7,BLR,DEL,BLR-DEL,AI,Air India,1,15497,INR,0,,19:40,19,22:35,22,False,175,175,0,Airbus A320neo,142.0,120.0
2026-10-01,2026-10-01 15:33,2026-10-08,7,BLR,DEL,BLR-DEL,AI,Air India,1,15497,INR,0,,22:30,22,01:25,1,True,175,175,0,Airbus A321,179.0,120.0
2026-10-01,2026-10-01 15:33,2026-10-15,14,BLR,DEL,BLR-DEL,6E,IndiGo,1,11543,INR,0,,01:00,1,03:50,3,False,170,170,0,Airbus A321neo,122.0,120.0
2026-10-01,2026-10-01 15:33,2026-10-15,14,BLR,DEL,BLR-DEL,6E,IndiGo,1,11543,INR,0,,03:00,3,05:50,5,False,170,170,0,Airbus A321neo,122.0,120.0
2026-10-01,2026-10-01 15:33,2026-10-15,14,BLR,DEL,BLR-DEL,6E,IndiGo,1,11543,INR,0,,05:05,5,07:55,7,False,170,170,0,Airbus A321neo,122.0,120.0
2026-10-01,2026-10-01 15:33,2026-10-15,14,BLR,DEL,BLR-DEL,6E,IndiGo,1,11543,INR,0,,10:45,10,13:35,13,False,170,170,0,Airbus A321neo,122.0,120.0
2026-10-01,2026-10-01 15:33,2026-10-15,14,BLR,DEL,BLR-DEL,IX,Air India Express,1,11594,INR,1,STV,16:10,16,23:45,23,False,455,235,220,Boeing 737 | Boeing 737MAX 8 Passenger,207.0,120.0
2026-10-01,2026-10-01 15:33,2026-10-15,14,BLR,DEL,BLR-DEL,QP,Akasa Air,1,12124,INR,0,,03:55,3,07:00,7,False,185,185,0,Boeing 737MAX 8 Passenger,124.0,120.0
2026-10-01,2026-10-01 15:33,2026-10-15,14,BLR,DEL,BLR-DEL,QP,Akasa Air,1,12124,INR,0,,05:00,5,07:50,7,False,170,170,0,Boeing 737MAX 8 Passenger,124.0,120.0
2026-10-01,2026-10-01 15:33,2026-10-15,14,BLR,DEL,BLR-DEL,6E,IndiGo,1,12217,INR,0,,08:15,8,11:05,11,False,170,170,0,Airbus A321neo,122.0,120.0
2026-10-01,2026-10-01 15:33,2026-10-15,14,BLR,DEL,BLR-DEL,6E,IndiGo,1,12217,INR,0,,09:30,9,12:30,12,False,180,180,0,Airbus A321neo,122.0,120.0
2026-10-01,2026-10-01 15:33,2026-10-15,14,BLR,DEL,BLR-DEL,6E,IndiGo,1,12217,INR,0,,12:00,12,14:50,14,False,170,170,0,Airbus A321neo,122.0,120.0
2026-10-01,2026-10-01 15:33,2026-10-15,14,BLR,DEL,BLR-DEL,6E,IndiGo,1,12217,INR,0,,13:10,13,16:05,16,False,175,175,0,Airbus A321neo,122.0,120.0
2026-10-01,2026-10-01 15:33,2026-10-15,14,BLR,DEL,BLR-DEL,6E,IndiGo,1,12217,INR,0,,18:15,18,21:05,21,False,170,170,0,Airbus A321neo,122.0,120.0
2026-10-01,2026-10-01 15:33,2026-10-15,14,BLR,DEL,BLR-DEL,6E,IndiGo,1,12217,INR,0,,23:30,23,02:20,2,True,170,170,0,Airbus A321neo,122.0,120.0
2026-10-01,2026-10-01 15:33,2026-10-15,14,BLR,DEL,BLR-DEL,AI,Air India,1,12484,INR,0,,00:15,0,03:10,3,False,175,175,0,Airbus A320neo,142.0,120.0
2026-10-01,2026-10-01 15:33,2026-10-15,14,BLR,DEL,BLR-DEL,AI,Air India,1,12484,INR,0,,05:30,5,08:25,8,False,175,175,0,Airbus A320neo,142.0,120.0
2026-10-01,2026-10-01 15:33,2026-10-15,14,BLR,DEL,BLR-DEL,AI,Air India,1,12484,INR,0,,10:00,10,13:00,13,False,180,180,0,Airbus A320neo,142.0,120.0
2026-10-01,2026-10-01 15:33,2026-10-15,14,BLR,DEL,BLR-DEL,AI,Air India,1,12484,INR,0,,15:00,15,18:00,18,False,180,180,0,Airbus A320neo,142.0,120.0
2026-10-01,2026-10-01 15:33,2026-10-15,14,BLR,DEL,BLR-DEL,AI,Air India,1,12484,INR,0,,15:30,15,18:15,18,False,165,165,0,Boeing 787,142.0,120.0
2026-10-01,2026-10-01 15:33,2026-10-15,14,BLR,DEL,BLR-DEL,IX,Air India Express,1,12571,INR,0,,01:15,1,04:10,4,False,175,175,0,Airbus A320neo,134.0,120.0
2026-10-01,2026-10-01 15:33,2026-10-15,14,BLR,DEL,BLR-DEL,IX,Air India Express,1,12571,INR,0,,17:35,17,20:25,20,False,170,170,0,Boeing 737MAX 8 Passenger,142.0,120.0
2026-10-01,2026-10-01 15:33,2026-10-15,14,BLR,DEL,BLR-DEL,6E,IndiGo,1,12935,INR,0,,17:00,17,19:50,19,False,170,170,0,Airbus A321neo,122.0,120.0
2026-10-01,2026-10-01 15:33,2026-10-15,14,BLR,DEL,BLR-DEL,6E,IndiGo,1,12935,INR,0,,19:30,19,22:15,22,False,165,165,0,Airbus A321neo,122.0,120.0
2026-10-01,2026-10-01 15:33,2026-10-15,14,BLR,DEL,BLR-DEL,6E,IndiGo,1,12935,INR,0,,20:40,20,23:30,23,False,170,170,0,Airbus A321neo,122.0,120.0
2026-10-01,2026-10-01 15:33,2026-10-15,14,BLR,DEL,BLR-DEL,6E,IndiGo,1,12935,INR,0,,22:00,22,00:50,0,True,170,170,0,Airbus A321neo,122.0,120.0
2026-10-01,2026-10-01 15:33,2026-10-15,14,BLR,DEL,BLR-DEL,QP,Akasa Air,1,13028,INR,0,,13:05,13,16:00,16,False,175,175,0,Boeing 737MAX 8 Passenger,119.0,120.0
2026-10-01,2026-10-01 15:33,2026-10-15,14,BLR,DEL,BLR-DEL,AI,Air India,1,13224,INR,0,,11:00,11,14:00,14,False,180,180,0,Airbus A320neo,142.0,120.0
2026-10-01,2026-10-01 15:33,2026-10-15,14,BLR,DEL,BLR-DEL,AI,Air India,1,13224,INR,0,,17:25,17,20:30,20,False,185,185,0,Airbus A320neo,142.0,120.0
2026-10-01,2026-10-01 15:33,2026-10-15,14,BLR,DEL,BLR-DEL,AI,Air India,1,13224,INR,0,,22:00,22,00:55,0,True,175,175,0,Airbus A320neo,142.0,120.0
2026-10-01,2026-10-01 15:33,2026-10-15,14,BLR,DEL,BLR-DEL,AI,Air India,1,13450,INR,0,,18:20,18,21:10,21,False,170,170,0,Airbus A320neo,142.0,120.0
2026-10-01,2026-10-01 15:33,2026-10-15,14,BLR,DEL,BLR-DEL,AI,Air India,1,13450,INR,0,,19:40,19,22:35,22,False,175,175,0,Airbus A320neo,142.0,120.0
2026-10-01,2026-10-01 15:33,2026-10-15,14,BLR,DEL,BLR-DEL,AI,Air India,1,13450,INR,0,,22:30,22,01:25,1,True,175,175,0,Airbus A321,179.0,120.0
2026-10-01,2026-10-01 15:33,2026-10-15,14,BLR,DEL,BLR-DEL,AI,Air India,1,13560,INR,0,,16:30,16,19:25,19,False,175,175,0,Airbus A320neo,142.0,120.0
2026-10-01,2026-10-01 15:33,2026-10-15,14,BLR,DEL,BLR-DEL,6E,IndiGo,1,13702,INR,0,,07:00,7,09:50,9,False,170,170,0,Airbus A321neo,122.0,120.0
2026-10-01,2026-10-01 15:33,2026-10-15,14,BLR,DEL,BLR-DEL,AI,Air India,1,14011,INR,0,,20:00,20,22:45,22,False,165,165,0,Airbus A320neo,142.0,120.0
2026-10-01,2026-10-01 15:33,2026-10-15,14,BLR,DEL,BLR-DEL,AI,Air India,1,20810,INR,0,,06:00,6,08:45,8,False,165,165,0,Airbus A320neo,142.0,120.0
2026-10-01,2026-10-01 15:33,2026-10-22,21,BLR,DEL,BLR-DEL,AI,Air India,1,9502,INR,0,,00:15,0,03:10,3,False,175,175,0,Airbus A320neo,142.0,120.0
2026-10-01,2026-10-01 15:33,2026-10-22,21,BLR,DEL,BLR-DEL,AI,Air India,1,9502,INR,0,,05:30,5,08:25,8,False,175,175,0,Airbus A320neo,142.0,120.0
2026-10-01,2026-10-01 15:33,2026-10-22,21,BLR,DEL,BLR-DEL,AI,Air India,1,9502,INR,0,,15:00,15,18:00,18,False,180,180,0,Airbus A320neo,142.0,120.0
2026-10-01,2026-10-01 15:33,2026-10-22,21,BLR,DEL,BLR-DEL,AI,Air India,1,9502,INR,0,,17:25,17,20:30,20,False,185,185,0,Airbus A320neo,142.0,120.0
2026-10-01,2026-10-01 15:33,2026-10-22,21,BLR,DEL,BLR-DEL,AI,Air India,1,9502,INR,0,,22:00,22,00:55,0,True,175,175,0,Airbus A320neo,142.0,120.0
2026-10-01,2026-10-01 15:33,2026-10-22,21,BLR,DEL,BLR-DEL,AI,Air India,1,9502,INR,0,,22:30,22,01:25,1,True,175,175,0,Airbus A321,179.0,120.0
2026-10-01,2026-10-01 15:33,2026-10-22,21,BLR,DEL,BLR-DEL,6E,IndiGo,1,9549,INR,0,,01:00,1,03:50,3,False,170,170,0,Airbus A321neo,122.0,120.0
2026-10-01,2026-10-01 15:33,2026-10-22,21,BLR,DEL,BLR-DEL,6E,IndiGo,1,9549,INR,0,,03:00,3,05:50,5,False,170,170,0,Airbus A321neo,122.0,120.0
2026-10-01,2026-10-01 15:33,2026-10-22,21,BLR,DEL,BLR-DEL,6E,IndiGo,1,9549,INR,0,,05:05,5,07:55,7,False,170,170,0,Airbus A321neo,122.0,120.0
2026-10-01,2026-10-01 15:33,2026-10-22,21,BLR,DEL,BLR-DEL,6E,IndiGo,1,9549,INR,0,,13:55,13,16:45,16,False,170,170,0,Airbus A321neo,122.0,120.0
2026-10-01,2026-10-01 15:33,2026-10-22,21,BLR,DEL,BLR-DEL,6E,IndiGo,1,9549,INR,0,,15:45,15,18:35,18,False,170,170,0,Airbus A321neo,122.0,120.0
2026-10-01,2026-10-01 15:33,2026-10-22,21,BLR,DEL,BLR-DEL,6E,IndiGo,1,9549,INR,0,,17:00,17,19:50,19,False,170,170,0,Airbus A321neo,122.0,120.0
2026-10-01,2026-10-01 15:33,2026-10-22,21,BLR,DEL,BLR-DEL,6E,IndiGo,1,9549,INR,0,,19:30,19,22:15,22,False,165,165,0,Airbus A321neo,122.0,120.0
2026-10-01,2026-10-01 15:33,2026-10-22,21,BLR,DEL,BLR-DEL,6E,IndiGo,1,9549,INR,0,,22:00,22,00:50,0,True,170,170,0,Airbus A321neo,122.0,120.0
2026-10-01,2026-10-01 15:33,2026-10-22,21,BLR,DEL,BLR-DEL,AI,Air India,1,9659,INR,0,,19:40,19,22:35,22,False,175,175,0,Airbus A321,179.0,120.0
2026-10-01,2026-10-01 15:33,2026-10-22,21,BLR,DEL,BLR-DEL,AI,Air India,1,9738,INR,0,,16:30,16,19:25,19,False,175,175,0,Airbus A320neo,142.0,120.0
2026-10-01,2026-10-01 15:33,2026-10-22,21,BLR,DEL,BLR-DEL,IX,Air India Express,1,9794,INR,1,STV,16:10,16,23:45,23,False,455,235,220,Boeing 737 | Boeing 737MAX 8 Passenger,206.0,120.0
2026-10-01,2026-10-01 15:33,2026-10-22,21,BLR,DEL,BLR-DEL,AI,Air India,1,9801,INR,0,,15:30,15,18:15,18,False,165,165,0,Boeing 787,142.0,120.0
2026-10-01,2026-10-01 15:33,2026-10-22,21,BLR,DEL,BLR-DEL,AI,Air India,1,9801,INR,0,,18:20,18,21:10,21,False,170,170,0,Airbus A320neo,142.0,120.0
2026-10-01,2026-10-01 15:33,2026-10-22,21,BLR,DEL,BLR-DEL,6E,IndiGo,1,9851,INR,0,,07:00,7,09:50,9,False,170,170,0,Airbus A321neo,122.0,120.0
2026-10-01,2026-10-01 15:33,2026-10-22,21,BLR,DEL,BLR-DEL,6E,IndiGo,1,9851,INR,0,,13:10,13,16:05,16,False,175,175,0,Airbus A321neo,122.0,120.0
2026-10-01,2026-10-01 15:33,2026-10-22,21,BLR,DEL,BLR-DEL,6E,IndiGo,1,9851,INR,0,,20:40,20,23:30,23,False,170,170,0,Airbus A321neo,122.0,120.0
2026-10-01,2026-10-01 15:33,2026-10-22,21,BLR,DEL,BLR-DEL,6E,IndiGo,1,9851,INR,0,,23:30,23,02:20,2,True,170,170,0,Airbus A321neo,122.0,120.0
2026-10-01,2026-10-01 15:33,2026-10-22,21,BLR,DEL,BLR-DEL,IX,Air India Express,1,9999,INR,0,,17:35,17,20:25,20,False,170,170,0,Boeing 737MAX 8 Passenger,142.0,120.0
2026-10-01,2026-10-01 15:33,2026-10-22,21,BLR,DEL,BLR-DEL,AI,Air India,1,10053,INR,0,,20:00,20,22:45,22,False,165,165,0,Airbus A320neo,142.0,120.0
2026-10-01,2026-10-01 15:33,2026-10-22,21,BLR,DEL,BLR-DEL,AI,Air India,1,10126,INR,0,,10:00,10,13:00,13,False,180,180,0,Airbus A320neo,142.0,120.0
2026-10-01,2026-10-01 15:33,2026-10-22,21,BLR,DEL,BLR-DEL,AI,Air India,1,10126,INR,0,,11:00,11,14:00,14,False,180,180,0,Airbus A321,179.0,120.0
2026-10-01,2026-10-01 15:33,2026-10-22,21,BLR,DEL,BLR-DEL,QP,Akasa Air,1,10150,INR,0,,05:00,5,07:50,7,False,170,170,0,Boeing 737MAX 8 Passenger,119.0,120.0
2026-10-01,2026-10-01 15:33,2026-10-22,21,BLR,DEL,BLR-DEL,QP,Akasa Air,1,10150,INR,0,,06:05,6,08:50,8,False,165,165,0,Boeing 737MAX 8 Passenger,122.0,120.0
2026-10-01,2026-10-01 15:33,2026-10-22,21,BLR,DEL,BLR-DEL,6E,IndiGo,1,10188,INR,0,,09:30,9,12:30,12,False,180,180,0,Airbus A321neo,122.0,120.0
2026-10-01,2026-10-01 15:33,2026-10-22,21,BLR,DEL,BLR-DEL,6E,IndiGo,1,10188,INR,0,,10:45,10,13:35,13,False,170,170,0,Airbus A321neo,122.0,120.0
2026-10-01,2026-10-01 15:33,2026-10-22,21,BLR,DEL,BLR-DEL,6E,IndiGo,1,10188,INR,0,,12:00,12,14:50,14,False,170,170,0,Airbus A321neo,122.0,120.0
2026-10-01,2026-10-01 15:33,2026-10-22,21,BLR,DEL,BLR-DEL,SG,SpiceJet,1,10220,INR,0,,11:00,11,12:55,12,False,115,115,0,Boeing 737,141.0,120.0
2026-10-01,2026-10-01 15:33,2026-10-22,21,BLR,DEL,BLR-DEL,QP,Akasa Air,1,10329,INR,0,,13:05,13,16:00,16,False,175,175,0,Boeing 737MAX 8 Passenger,119.0,120.0
2026-10-01,2026-10-01 15:33,2026-10-22,21,BLR,DEL,BLR-DEL,IX,Air India Express,1,10336,INR,0,,01:15,1,04:10,4,False,175,175,0,Airbus A320neo,134.0,120.0
2026-10-01,2026-10-01 15:33,2026-10-22,21,BLR,DEL,BLR-DEL,SG,SpiceJet,1,10741,INR,0,,06:05,6,09:00,9,False,175,175,0,Boeing 737,141.0,120.0
2026-10-01,2026-10-01 15:33,2026-10-22,21,BLR,DEL,BLR-DEL,IX,Air India Express,1,11389,INR,0,,06:40,6,09:25,9,False,165,165,0,Boeing 737MAX 8 Passenger,142.0,120.0
2026-10-01,2026-10-01 15:33,2026-10-22,21,BLR,DEL,BLR-DEL,AI,Air India,1,11633,INR,0,,06:00,6,08:45,8,False,165,165,0,Airbus A320neo,142.0,120.0
2026-10-01,2026-10-01 15:33,2026-10-22,21,BLR,DEL,BLR-DEL,6E,IndiGo,1,11815,INR,0,,08:15,8,11:05,11,False,170,170,0,Airbus A321neo,122.0,120.0
2026-10-01,2026-10-01 15:33,2026-10-31,30,BLR,DEL,BLR-DEL,IX,Air India Express,1,10941,INR,1,GOX,12:05,12,02:40,2,True,875,255,620,Boeing 737MAX 8 Passenger | Airbus A320neo,181.0,120.0
2026-10-01,2026-10-01 15:33,2026-10-31,30,BLR,DEL,BLR-DEL,6E,IndiGo,1,11630,INR,1,HYD,10:15,10,15:20,15,False,305,220,85,Airbus A320neo | Airbus A321neo,147.0,120.0
2026-10-01,2026-10-01 15:33,2026-10-31,30,BLR,DEL,BLR-DEL,6E,IndiGo,1,11815,INR,0,,18:15,18,21:05,21,False,170,170,0,Airbus A321neo,122.0,120.0
2026-10-01,2026-10-01 15:33,2026-10-31,30,BLR,DEL,BLR-DEL,6E,IndiGo,1,11815,INR,0,,20:45,20,23:35,23,False,170,170,0,Airbus A321neo,122.0,120.0
2026-10-01,2026-10-01 15:33,2026-10-31,30,BLR,DEL,BLR-DEL,6E,IndiGo,1,12423,INR,0,,05:45,5,08:35,8,False,170,170,0,Airbus A321neo,122.0,120.0
2026-10-01,2026-10-01 15:33,2026-10-31,30,BLR,DEL,BLR-DEL,6E,IndiGo,1,12423,INR,0,,06:45,6,09:35,9,False,170,170,0,Airbus A321neo,122.0,120.0
2026-10-01,2026-10-01 15:33,2026-10-31,30,BLR,DEL,BLR-DEL,6E,IndiGo,1,12423,INR,0,,15:45,15,18:35,18,False,170,170,0,Airbus A321neo,122.0,120.0
2026-10-01,2026-10-01 15:33,2026-10-31,30,BLR,DEL,BLR-DEL,6E,IndiGo,1,12423,INR,0,,17:00,17,19:50,19,False,170,170,0,Airbus A321neo,122.0,120.0
2026-10-01,2026-10-01 15:33,2026-10-31,30,BLR,DEL,BLR-DEL,6E,IndiGo,1,12423,INR,0,,19:30,19,22:20,22,False,170,170,0,Airbus A321neo,122.0,120.0
2026-10-01,2026-10-01 15:33,2026-10-31,30,BLR,DEL,BLR-DEL,6E,IndiGo,1,12423,INR,0,,22:30,22,01:20,1,True,170,170,0,Airbus A321neo,122.0,120.0
2026-10-01,2026-10-01 15:33,2026-10-31,30,BLR,DEL,BLR-DEL,6E,IndiGo,1,13067,INR,0,,10:45,10,13:35,13,False,170,170,0,Airbus A321neo,122.0,120.0
2026-10-01,2026-10-01 15:33,2026-10-31,30,BLR,DEL,BLR-DEL,6E,IndiGo,1,13067,INR,0,,12:00,12,14:50,14,False,170,170,0,Airbus A321neo,122.0,120.0
2026-10-01,2026-10-01 15:33,2026-10-31,30,BLR,DEL,BLR-DEL,6E,IndiGo,1,13067,INR,0,,13:15,13,16:05,16,False,170,170,0,Airbus A321neo,122.0,120.0
2026-10-01,2026-10-01 15:33,2026-10-31,30,BLR,DEL,BLR-DEL,6E,IndiGo,1,13067,INR,0,,14:30,14,17:20,17,False,170,170,0,Airbus A321neo,122.0,120.0
2026-10-01,2026-10-01 15:33,2026-10-31,30,BLR,DEL,BLR-DEL,AI,Air India,1,13077,INR,0,,17:00,17,19:55,19,False,175,175,0,Airbus A320neo,142.0,120.0
2026-10-01,2026-10-01 15:33,2026-10-31,30,BLR,DEL,BLR-DEL,AI,Air India,1,13077,INR,0,,21:00,21,23:55,23,False,175,175,0,Airbus A320neo,142.0,120.0
2026-10-01,2026-10-01 15:33,2026-10-31,30,BLR,DEL,BLR-DEL,AI,Air India,1,13292,INR,0,,00:15,0,03:10,3,False,175,175,0,Airbus A320neo,142.0,120.0
2026-10-01,2026-10-01 15:33,2026-10-31,30,BLR,DEL,BLR-DEL,AI,Air India,1,13292,INR,0,,05:00,5,07:55,7,False,175,175,0,Airbus A320neo,142.0,120.0
2026-10-01,2026-10-01 15:33,2026-10-31,30,BLR,DEL,BLR-DEL,AI,Air India,1,13712,INR,0,,18:00,18,20:55,20,False,175,175,0,Airbus A320neo,142.0,120.0
2026-10-01,2026-10-01 15:33,2026-10-31,30,BLR,DEL,BLR-DEL,6E,IndiGo,1,13748,INR,0,,03:15,3,06:05,6,False,170,170,0,Airbus A321neo,122.0,120.0
2026-10-01,2026-10-01 15:33,2026-10-31,30,BLR,DEL,BLR-DEL,6E,IndiGo,1,13748,INR,0,,08:00,8,10:50,10,False,170,170,0,Airbus A321neo,122.0,120.0
2026-10-01,2026-10-01 15:33,2026-10-31,30,BLR,DEL,BLR-DEL,6E,IndiGo,1,13748,INR,0,,09:30,9,12:20,12,False,170,170,0,Airbus A321neo,122.0,120.0
2026-10-01,2026-10-01 15:33,2026-10-31,30,BLR,DEL,BLR-DEL,QP,Akasa Air,1,13755,INR,0,,04:10,4,07:00,7,False,170,170,0,Boeing 737MAX 8 Passenger,124.0,120.0
2026-10-01,2026-10-01 15:33,2026-10-31,30,BLR,DEL,BLR-DEL,QP,Akasa Air,1,13755,INR,0,,06:10,6,09:00,9,False,170,170,0,Boeing 737MAX 8 Passenger,119.0,120.0
2026-10-01,2026-10-01 15:33,2026-10-31,30,BLR,DEL,BLR-DEL,QP,Akasa Air,1,13755,INR,0,,19:05,19,22:00,22,False,175,175,0,Boeing 737MAX 8 Passenger,124.0,120.0
2026-10-01,2026-10-01 15:33,2026-10-31,30,BLR,DEL,BLR-DEL,IX,Air India Express,1,13894,INR,0,,05:30,5,08:30,8,False,180,180,0,Airbus A320neo,139.0,120.0
2026-10-01,2026-10-01 15:33,2026-10-31,30,BLR,DEL,BLR-DEL,IX,Air India Express,1,13894,INR,0,,21:25,21,00:25,0,True,180,180,0,Boeing 737MAX 8 Passenger,142.0,120.0
2026-10-01,2026-10-01 15:33,2026-10-31,30,BLR,DEL,BLR-DEL,QP,Akasa Air,1,14007,INR,0,,13:55,13,16:45,16,False,170,170,0,Boeing 737MAX 8 Passenger,124.0,120.0
2026-10-01,2026-10-01 15:33,2026-10-31,30,BLR,DEL,BLR-DEL,AI,Air India,1,14064,INR,0,,13:00,13,15:55,15,False,175,175,0,Airbus A320neo,142.0,120.0
2026-10-01,2026-10-01 15:33,2026-10-31,30,BLR,DEL,BLR-DEL,AI,Air India,1,14064,INR,0,,14:35,14,17:25,17,False,170,170,0,Boeing 787,142.0,120.0
2026-10-01,2026-10-01 15:33,2026-10-31,30,BLR,DEL,BLR-DEL,AI,Air India,1,14300,INR,0,,10:00,10,12:55,12,False,175,175,0,Airbus A321,179.0,120.0
2026-10-01,2026-10-01 15:33,2026-10-31,30,BLR,DEL,BLR-DEL,AI,Air India,1,14300,INR,0,,11:00,11,13:55,13,False,175,175,0,Airbus A320neo,142.0,120.0
2026-10-01,2026-10-01 15:33,2026-10-31,30,BLR,DEL,BLR-DEL,AI,Air India,1,14300,INR,0,,16:00,16,18:55,18,False,175,175,0,Airbus A320neo,142.0,120.0
2026-10-01,2026-10-01 15:33,2026-10-31,30,BLR,DEL,BLR-DEL,AI,Air India,1,14536,INR,0,,08:05,8,11:00,11,False,175,175,0,Airbus A320neo,142.0,120.0
2026-10-01,2026-10-01 15:33,2026-10-31,30,BLR,DEL,BLR-DEL,IX,Air India Express,1,15384,INR,0,,12:20,12,15:20,15,False,180,180,0,Boeing 737MAX 8 Passenger,142.0,120.0
2026-10-01,2026-10-01 15:33,2026-10-31,30,BLR,DEL,BLR-DEL,AI,Air India,1,15907,INR,0,,20:00,20,22:55,22,False,175,175,0,Airbus A320neo,142.0,120.0
2026-10-01,2026-10-01 15:33,2026-10-31,30,BLR,DEL,BLR-DEL,AI,Air India,1,20810,INR,0,,06:00,6,08:55,8,False,175,175,0,Airbus A320neo,142.0,120.0
2026-10-01,2026-10-01 15:33,2026-10-31,30,BLR,DEL,BLR-DEL,SG,SpiceJet,1,28971,INR,0,,06:05,6,09:00,9,False,175,175,0,Boeing 737,141.0,120.0
2026-10-01,2026-10-01 15:33,2026-11-15,45,BLR,DEL,BLR-DEL,6E,IndiGo,1,9549,INR,0,,00:30,0,03:25,3,False,175,175,0,Airbus A321neo,119.0,120.0
2026-10-01,2026-10-01 15:33,2026-11-15,45,BLR,DEL,BLR-DEL,6E,IndiGo,1,9549,INR,0,,03:15,3,06:05,6,False,170,170,0,Airbus A321neo,119.0,120.0
2026-10-01,2026-10-01 15:33,2026-11-15,45,BLR,DEL,BLR-DEL,6E,IndiGo,1,9549,INR,0,,05:45,5,08:35,8,False,170,170,0,Airbus A321neo,119.0,120.0
2026-10-01,2026-10-01 15:33,2026-11-15,45,BLR,DEL,BLR-DEL,6E,IndiGo,1,9549,INR,0,,06:45,6,09:35,9,False,170,170,0,Airbus A321neo,119.0,120.0
2026-10-01,2026-10-01 15:33,2026-11-15,45,BLR,DEL,BLR-DEL,QP,Akasa Air,1,9628,INR,0,,04:10,4,07:00,7,False,170,170,0,Boeing 737MAX 8 Passenger,121.0,120.0
2026-10-01,2026-10-01 15:33,2026-11-15,45,BLR,DEL,BLR-DEL,QP,Akasa Air,1,9628,INR,0,,05:00,5,07:55,7,False,175,175,0,Boeing 737MAX 8 Passenger,121.0,120.0
2026-10-01,2026-10-01 15:33,2026-11-15,45,BLR,DEL,BLR-DEL,AI,Air India,1,9659,INR,0,,00:15,0,03:10,3,False,175,175,0,Airbus A320neo,139.0,120.0
2026-10-01,2026-10-01 15:33,2026-11-15,45,BLR,DEL,BLR-DEL,AI,Air India,1,9659,INR,0,,06:00,6,08:55,8,False,175,175,0,Airbus A320neo,139.0,120.0
2026-10-01,2026-10-01 15:33,2026-11-15,45,BLR,DEL,BLR-DEL,IX,Air India Express,1,9695,INR,0,,05:30,5,08:30,8,False,180,180,0,Airbus A320neo,134.0,120.0
2026-10-01,2026-10-01 15:33,2026-11-15,45,BLR,DEL,BLR-DEL,SG,SpiceJet,1,9776,INR,0,,21:15,21,00:10,0,True,175,175,0,Boeing 737,137.0,120.0
2026-10-01,2026-10-01 15:33,2026-11-15,45,BLR,DEL,BLR-DEL,6E,IndiGo,1,9851,INR,0,,20:45,20,23:35,23,False,170,170,0,Airbus A321neo,119.0,120.0
2026-10-01,2026-10-01 15:33,2026-11-15,45,BLR,DEL,BLR-DEL,6E,IndiGo,1,10188,INR,0,,08:00,8,10:50,10,False,170,170,0,Airbus A321neo,119.0,120.0
2026-10-01,2026-10-01 15:33,2026-11-15,45,BLR,DEL,BLR-DEL,6E,IndiGo,1,10188,INR,0,,09:30,9,12:20,12,False,170,170,0,Airbus A321neo,119.0,120.0
2026-10-01,2026-10-01 15:33,2026-11-15,45,BLR,DEL,BLR-DEL,SG,SpiceJet,1,10220,INR,0,,06:05,6,09:00,9,False,175,175,0,Boeing 737,137.0,120.0
2026-10-01,2026-10-01 15:33,2026-11-15,45,BLR,DEL,BLR-DEL,IX,Air India Express,1,10336,INR,0,,21:25,21,00:25,0,True,180,180,0,Boeing 737MAX 8 Passenger,137.0,120.0
2026-10-01,2026-10-01 15:33,2026-11-15,45,BLR,DEL,BLR-DEL,6E,IndiGo,1,10699,INR,0,,12:00,12,14:50,14,False,170,170,0,Airbus A321neo,119.0,120.0
2026-10-01,2026-10-01 15:33,2026-11-15,45,BLR,DEL,BLR-DEL,6E,IndiGo,1,10699,INR,0,,14:30,14,17:20,17,False,170,170,0,Airbus A321neo,119.0,120.0
2026-10-01,2026-10-01 15:33,2026-11-15,45,BLR,DEL,BLR-DEL,6E,IndiGo,1,10699,INR,0,,15:45,15,18:35,18,False,170,170,0,Airbus A321neo,119.0,120.0
2026-10-01,2026-10-01 15:33,2026-11-15,45,BLR,DEL,BLR-DEL,6E,IndiGo,1,10699,INR,0,,17:00,17,19:50,19,False,170,170,0,Airbus A321neo,119.0,120.0
2026-10-01,2026-10-01 15:33,2026-11-15,45,BLR,DEL,BLR-DEL,QP,Akasa Air,1,10701,INR,0,,13:55,13,16:45,16,False,170,170,0,Boeing 737MAX 8 Passenger,121.0,120.0
2026-10-01,2026-10-01 15:33,2026-11-15,45,BLR,DEL,BLR-DEL,AI,Air India,1,10788,INR,0,,10:00,10,12:55,12,False,175,175,0,Airbus A321,176.0,120.0
2026-10-01,2026-10-01 15:33,2026-11-15,45,BLR,DEL,BLR-DEL,AI,Air India,1,10966,INR,0,,14:35,14,17:25,17,False,170,170,0,Boeing 787,139.0,120.0
2026-10-01,2026-10-01 15:33,2026-11-15,45,BLR,DEL,BLR-DEL,6E,IndiGo,1,11241,INR,0,,10:45,10,13:35,13,False,170,170,0,Airbus A321neo,119.0,120.0
2026-10-01,2026-10-01 15:33,2026-11-15,45,BLR,DEL,BLR-DEL,6E,IndiGo,1,11241,INR,0,,13:15,13,16:05,16,False,170,170,0,Airbus A321neo,119.0,120.0
2026-10-01,2026-10-01 15:33,2026-11-15,45,BLR,DEL,BLR-DEL,6E,IndiGo,1,11241,INR,0,,19:30,19,22:20,22,False,170,170,0,Airbus A321neo,119.0,120.0
2026-10-01,2026-10-01 15:33,2026-11-15,45,BLR,DEL,BLR-DEL,AI,Air India,1,11470,INR,0,,08:05,8,11:00,11,False,175,175,0,Airbus A320neo,139.0,120.0
2026-10-01,2026-10-01 15:33,2026-11-15,45,BLR,DEL,BLR-DEL,QP,Akasa Air,1,11488,INR,0,,19:05,19,22:00,22,False,175,175,0,Boeing 737MAX 8 Passenger,121.0,120.0
2026-10-01,2026-10-01 15:33,2026-11-15,45,BLR,DEL,BLR-DEL,6E,IndiGo,1,11815,INR,0,,18:15,18,21:05,21,False,170,170,0,Airbus A321neo,119.0,120.0
2026-10-01,2026-10-01 15:33,2026-11-15,45,BLR,DEL,BLR-DEL,AI,Air India,1,12095,INR,0,,11:00,11,13:55,13,False,175,175,0,Airbus A320neo,139.0,120.0
2026-10-01,2026-10-01 15:33,2026-11-15,45,BLR,DEL,BLR-DEL,AI,Air India,1,12095,INR,0,,13:00,13,15:55,15,False,175,175,0,Airbus A320neo,139.0,120.0
2026-10-01,2026-10-01 15:33,2026-11-15,45,BLR,DEL,BLR-DEL,AI,Air India,1,12289,INR,0,,16:00,16,18:55,18,False,175,175,0,Airbus A320neo,139.0,120.0
2026-10-01,2026-10-01 15:33,2026-11-15,45,BLR,DEL,BLR-DEL,AI,Air India,1,12289,INR,0,,17:00,17,19:55,19,False,175,175,0,Airbus A320neo,139.0,120.0
2026-10-01,2026-10-01 15:33,2026-11-15,45,BLR,DEL,BLR-DEL,AI,Air India,1,12914,INR,0,,18:00,18,20:55,20,False,175,175,0,Airbus A320neo,139.0,120.0
2026-10-01,2026-10-01 15:33,2026-11-15,45,BLR,DEL,BLR-DEL,AI,Air India,1,12914,INR,0,,22:00,22,00:55,0,True,175,175,0,Airbus A320neo,139.0,120.0
2026-10-01,2026-10-01 15:33,2026-11-15,45,BLR,DEL,BLR-DEL,AI,Air India,1,13135,INR,0,,20:00,20,22:55,22,False,175,175,0,Airbus A320neo,139.0,120.0
2026-10-01,2026-10-01 15:33,2026-11-15,45,BLR,DEL,BLR-DEL,AI,Air India,1,14232,INR,0,,21:00,21,23:55,23,False,175,175,0,Airbus A320neo,139.0,120.0
2026-10-01,2026-10-01 15:33,2026-11-30,60,BLR,DEL,BLR-DEL,QP,Akasa Air,1,9462,INR,0,,04:10,4,07:00,7,False,170,170,0,Boeing 737MAX 8 Passenger,121.0,120.0
2026-10-01,2026-10-01 15:33,2026-11-30,60,BLR,DEL,BLR-DEL,QP,Akasa Air,1,9462,INR,0,,05:00,5,07:55,7,False,175,175,0,Boeing 737MAX 8 Passenger,121.0,120.0
2026-10-01,2026-10-01 15:33,2026-11-30,60,BLR,DEL,BLR-DEL,6E,IndiGo,1,9549,INR,0,,03:15,3,06:05,6,False,170,170,0,Airbus A321neo,119.0,120.0
2026-10-01,2026-10-01 15:33,2026-11-30,60,BLR,DEL,BLR-DEL,6E,IndiGo,1,9549,INR,0,,05:45,5,08:35,8,False,170,170,0,Airbus A321neo,119.0,120.0
2026-10-01,2026-10-01 15:33,2026-11-30,60,BLR,DEL,BLR-DEL,6E,IndiGo,1,9549,INR,0,,06:45,6,09:35,9,False,170,170,0,Airbus A321neo,119.0,120.0
2026-10-01,2026-10-01 15:33,2026-11-30,60,BLR,DEL,BLR-DEL,6E,IndiGo,1,9549,INR,0,,08:00,8,10:50,10,False,170,170,0,Airbus A321neo,119.0,120.0
2026-10-01,2026-10-01 15:33,2026-11-30,60,BLR,DEL,BLR-DEL,6E,IndiGo,1,9549,INR,0,,10:45,10,13:35,13,False,170,170,0,Airbus A321neo,119.0,120.0
2026-10-01,2026-10-01 15:33,2026-11-30,60,BLR,DEL,BLR-DEL,6E,IndiGo,1,9549,INR,0,,12:00,12,14:50,14,False,170,170,0,Airbus A321neo,119.0,120.0
2026-10-01,2026-10-01 15:33,2026-11-30,60,BLR,DEL,BLR-DEL,6E,IndiGo,1,9549,INR,0,,13:15,13,16:05,16,False,170,170,0,Airbus A321neo,119.0,120.0
2026-10-01,2026-10-01 15:33,2026-11-30,60,BLR,DEL,BLR-DEL,6E,IndiGo,1,9549,INR,0,,14:30,14,17:20,17,False,170,170,0,Airbus A321neo,119.0,120.0
2026-10-01,2026-10-01 15:33,2026-11-30,60,BLR,DEL,BLR-DEL,6E,IndiGo,1,9549,INR,0,,15:45,15,18:35,18,False,170,170,0,Airbus A321neo,119.0,120.0
2026-10-01,2026-10-01 15:33,2026-11-30,60,BLR,DEL,BLR-DEL,6E,IndiGo,1,9549,INR,0,,17:00,17,19:50,19,False,170,170,0,Airbus A321neo,119.0,120.0
2026-10-01,2026-10-01 15:33,2026-11-30,60,BLR,DEL,BLR-DEL,6E,IndiGo,1,9549,INR,0,,18:15,18,21:05,21,False,170,170,0,Airbus A321neo,119.0,120.0
2026-10-01,2026-10-01 15:33,2026-11-30,60,BLR,DEL,BLR-DEL,6E,IndiGo,1,9549,INR,0,,19:30,19,22:20,22,False,170,170,0,Airbus A321neo,119.0,120.0
2026-10-01,2026-10-01 15:33,2026-11-30,60,BLR,DEL,BLR-DEL,6E,IndiGo,1,9549,INR,0,,20:45,20,23:35,23,False,170,170,0,Airbus A321neo,119.0,120.0
2026-10-01,2026-10-01 15:33,2026-11-30,60,BLR,DEL,BLR-DEL,6E,IndiGo,1,9549,INR,0,,22:30,22,01:20,1,True,170,170,0,Airbus A321neo,119.0,120.0
2026-10-01,2026-10-01 15:33,2026-11-30,60,BLR,DEL,BLR-DEL,AI,Air India,1,9659,INR,0,,00:15,0,03:10,3,False,175,175,0,Airbus A320neo,139.0,120.0
2026-10-01,2026-10-01 15:33,2026-11-30,60,BLR,DEL,BLR-DEL,AI,Air India,1,9659,INR,0,,05:00,5,07:55,7,False,175,175,0,Airbus A320neo,139.0,120.0
2026-10-01,2026-10-01 15:33,2026-11-30,60,BLR,DEL,BLR-DEL,AI,Air India,1,9659,INR,0,,10:00,10,12:55,12,False,175,175,0,Airbus A321,176.0,120.0
2026-10-01,2026-10-01 15:33,2026-11-30,60,BLR,DEL,BLR-DEL,AI,Air India,1,9659,INR,0,,11:00,11,13:55,13,False,175,175,0,Airbus A320neo,139.0,120.0
2026-10-01,2026-10-01 15:33,2026-11-30,60,BLR,DEL,BLR-DEL,AI,Air India,1,9659,INR,0,,13:00,13,15:55,15,False,175,175,0,Airbus A320neo,139.0,120.0
2026-10-01,2026-10-01 15:33,2026-11-30,60,BLR,DEL,BLR-DEL,AI,Air India,1,9659,INR,0,,14:35,14,17:25,17,False,170,170,0,Boeing 787,139.0,120.0
2026-10-01,2026-10-01 15:33,2026-11-30,60,BLR,DEL,BLR-DEL,AI,Air India,1,9659,INR,0,,16:00,16,18:55,18,False,175,175,0,Airbus A320neo,139.0,120.0
2026-10-01,2026-10-01 15:33,2026-11-30,60,BLR,DEL,BLR-DEL,AI,Air India,1,9659,INR,0,,17:00,17,19:55,19,False,175,175,0,Airbus A320neo,139.0,120.0
2026-10-01,2026-10-01 15:33,2026-11-30,60,BLR,DEL,BLR-DEL,AI,Air India,1,9659,INR,0,,21:00,21,23:55,23,False,175,175,0,Airbus A320neo,139.0,120.0
2026-10-01,2026-10-01 15:33,2026-11-30,60,BLR,DEL,BLR-DEL,AI,Air India,1,9659,INR,0,,22:00,22,00:55,0,True,175,175,0,Airbus A320neo,139.0,120.0
2026-10-01,2026-10-01 15:33,2026-11-30,60,BLR,DEL,BLR-DEL,IX,Air India Express,1,9695,INR,0,,21:25,21,00:25,0,True,180,180,0,Boeing 737MAX 8 Passenger,137.0,120.0
2026-10-01,2026-10-01 15:33,2026-11-30,60,BLR,DEL,BLR-DEL,SG,SpiceJet,1,9776,INR,0,,06:05,6,09:00,9,False,175,175,0,Boeing 737,137.0,120.0
2026-10-01,2026-10-01 15:33,2026-11-30,60,BLR,DEL,BLR-DEL,SG,SpiceJet,1,9776,INR,0,,21:15,21,00:10,0,True,175,175,0,Boeing 737,137.0,120.0
2026-10-01,2026-10-01 15:33,2026-11-30,60,BLR,DEL,BLR-DEL,QP,Akasa Air,1,9798,INR,0,,19:05,19,22:00,22,False,175,175,0,Boeing 737MAX 8 Passenger,121.0,120.0
2026-10-01,2026-10-01 15:33,2026-11-30,60,BLR,DEL,BLR-DEL,6E,IndiGo,1,9851,INR,0,,00:30,0,03:25,3,False,175,175,0,Airbus A321neo,119.0,120.0
2026-10-01,2026-10-01 15:33,2026-11-30,60,BLR,DEL,BLR-DEL,AI,Air India,1,9901,INR,0,,06:00,6,08:55,8,False,175,175,0,Airbus A320neo,139.0,120.0
2026-10-01,2026-10-01 15:33,2026-11-30,60,BLR,DEL,BLR-DEL,IX,Air India Express,1,9999,INR,0,,05:30,5,08:30,8,False,180,180,0,Airbus A320neo,134.0,120.0
2026-10-01,2026-10-01 15:33,2026-11-30,60,BLR,DEL,BLR-DEL,AI,Air India,1,10447,INR,0,,20:00,20,22:55,22,False,175,175,0,Airbus A320neo,139.0,120.0
2026-10-01,2026-10-01 15:33,2026-11-30,60,BLR,DEL,BLR-DEL,AI,Air India,1,11470,INR,0,,08:05,8,11:00,11,False,175,175,0,Airbus A320neo,139.0,120.0
2026-10-01,2026-10-01 15:33,2026-11-30,60,BLR,DEL,BLR-DEL,AI,Air India,1,12289,INR,0,,07:00,7,09:55,9,False,175,175,0,Airbus A320neo,139.0,120.0
2026-10-01,2026-10-01 15:33,2026-11-30,60,BLR,DEL,BLR-DEL,AI,Air India,1,12342,INR,0,,18:00,18,20:55,20,False,175,175,0,Airbus A320neo,139.0,120.0
2026-10-01,2026-10-01 15:33,2026-10-02,1,DEL,BLR,DEL-BLR,AI,Air India,1,8720,INR,0,,19:30,19,22:20,22,False,170,170,0,Airbus A320neo,142.0,120.0
2026-10-01,2026-10-01 15:33,2026-10-02,1,DEL,BLR,DEL-BLR,AI,Air India,1,8725,INR,0,,04:30,4,07:20,7,False,170,170,0,Airbus A320neo,142.0,120.0
2026-10-01,2026-10-01 15:33,2026-10-02,1,DEL,BLR,DEL-BLR,AI,Air India,1,8725,INR,0,,06:30,6,09:25,9,False,175,175,0,Airbus A320neo,142.0,120.0
2026-10-01,2026-10-01 15:33,2026-10-02,1,DEL,BLR,DEL-BLR,AI,Air India,1,8725,INR,0,,07:00,7,09:55,9,False,175,175,0,Airbus A320neo,142.0,120.0
2026-10-01,2026-10-01 15:33,2026-10-02,1,DEL,BLR,DEL-BLR,AI,Air India,1,8725,INR,0,,18:00,18,20:55,20,False,175,175,0,Airbus A320neo,142.0,120.0
2026-10-01,2026-10-01 15:33,2026-10-02,1,DEL,BLR,DEL-BLR,AI,Air India,1,8725,INR,0,,19:00,19,21:55,21,False,175,175,0,Airbus A320neo,142.0,120.0
2026-10-01,2026-10-01 15:33,2026-10-02,1,DEL,BLR,DEL-BLR,AI,Air India,1,8725,INR,0,,21:30,21,00:25,0,True,175,175,0,Airbus A320neo,142.0,120.0
2026-10-01,2026-10-01 15:33,2026-10-02,1,DEL,BLR,DEL-BLR,6E,IndiGo,1,8773,INR,0,,05:45,5,08:40,8,False,175,175,0,Airbus A321neo,122.0,120.0
2026-10-01,2026-10-01 15:33,2026-10-02,1,DEL,BLR,DEL-BLR,6E,IndiGo,1,8773,INR,0,,14:30,14,17:25,17,False,175,175,0,Airbus A321neo,122.0,120.0
2026-10-01,2026-10-01 15:33,2026-10-02,1,DEL,BLR,DEL-BLR,6E,IndiGo,1,8773,INR,0,,15:45,15,18:40,18,False,175,175,0,Airbus A321neo,122.0,120.0
2026-10-01,2026-10-01 15:33,2026-10-02,1,DEL,BLR,DEL-BLR,6E,IndiGo,1,8773,INR,0,,17:00,17,19:55,19,False,175,175,0,Airbus A321neo,122.0,120.0
2026-10-01,2026-10-01 15:33,2026-10-02,1,DEL,BLR,DEL-BLR,6E,IndiGo,1,8773,INR,0,,19:30,19,22:25,22,False,175,175,0,Airbus A321neo,122.0,120.0
2026-10-01,2026-10-01 15:33,2026-10-02,1,DEL,BLR,DEL-BLR,6E,IndiGo,1,8773,INR,0,,20:45,20,23:40,23,False,175,175,0,Airbus A321neo,122.0,120.0
2026-10-01,2026-10-01 15:33,2026-10-02,1,DEL,BLR,DEL-BLR,6E,IndiGo,1,8773,INR,0,,22:00,22,00:55,0,True,175,175,0,Airbus A321neo,122.0,120.0
2026-10-01,2026-10-01 15:33,2026-10-02,1,DEL,BLR,DEL-BLR,6E,IndiGo,1,8773,INR,0,,23:30,23,02:25,2,True,175,175,0,Airbus A321neo,122.0,120.0
2026-10-01,2026-10-01 15:33,2026-10-02,1,DEL,BLR,DEL-BLR,AI,Air India,1,8867,INR,0,,15:00,15,17:55,17,False,175,175,0,Airbus A320neo,142.0,120.0
2026-10-01,2026-10-01 15:33,2026-10-02,1,DEL,BLR,DEL-BLR,IX,Air India Express,1,8909,INR,0,,22:00,22,00:55,0,True,175,175,0,Boeing 737MAX 8 Passenger,142.0,120.0
2026-10-01,2026-10-01 15:33,2026-10-02,1,DEL,BLR,DEL-BLR,QP,Akasa Air,1,9179,INR,0,,16:40,16,19:40,19,False,180,180,0,Boeing 737MAX 8 Passenger,119.0,120.0
2026-10-01,2026-10-01 15:33,2026-10-02,1,DEL,BLR,DEL-BLR,QP,Akasa Air,1,9179,INR,0,,20:50,20,23:50,23,False,180,180,0,Boeing 737MAX 8 Passenger,122.0,120.0
2026-10-01,2026-10-01 15:33,2026-10-02,1,DEL,BLR,DEL-BLR,QP,Akasa Air,1,9179,INR,0,,22:55,22,02:05,2,True,190,190,0,Boeing 737MAX 8 Passenger,124.0,120.0
2026-10-01,2026-10-01 15:33,2026-10-02,1,DEL,BLR,DEL-BLR,AI,Air India,1,9182,INR,0,,00:15,0,03:10,3,False,175,175,0,Airbus A320neo,142.0,120.0
2026-10-01,2026-10-01 15:33,2026-10-02,1,DEL,BLR,DEL-BLR,AI,Air India,1,9182,INR,0,,15:50,15,18:45,18,False,175,175,0,Airbus A320neo,142.0,120.0
2026-10-01,2026-10-01 15:33,2026-10-02,1,DEL,BLR,DEL-BLR,6E,IndiGo,1,9230,INR,0,,01:05,1,04:00,4,False,175,175,0,Airbus A321neo,122.0,120.0
2026-10-01,2026-10-01 15:33,2026-10-02,1,DEL,BLR,DEL-BLR,6E,IndiGo,1,9230,INR,0,,03:00,3,05:55,5,False,175,175,0,Airbus A321neo,122.0,120.0
2026-10-01,2026-10-01 15:33,2026-10-02,1,DEL,BLR,DEL-BLR,6E,IndiGo,1,9230,INR,0,,13:15,13,16:10,16,False,175,175,0,Airbus A321neo,122.0,120.0
2026-10-01,2026-10-01 15:33,2026-10-02,1,DEL,BLR,DEL-BLR,AI,Air India,1,9665,INR,0,,08:30,8,11:20,11,False,170,170,0,Boeing 787,143.0,120.0
2026-10-01,2026-10-01 15:33,2026-10-02,1,DEL,BLR,DEL-BLR,AI,Air India,1,9665,INR,0,,09:30,9,12:25,12,False,175,175,0,Airbus A320neo,142.0,120.0
2026-10-01,2026-10-01 15:33,2026-10-02,1,DEL,BLR,DEL-BLR,AI,Air India,1,9665,INR,0,,10:30,10,13:20,13,False,170,170,0,Airbus A320neo,142.0,120.0
2026-10-01,2026-10-01 15:33,2026-10-02,1,DEL,BLR,DEL-BLR,6E,IndiGo,1,9715,INR,0,,07:05,7,10:00,10,False,175,175,0,Airbus A321neo,122.0,120.0
2026-10-01,2026-10-01 15:33,2026-10-02,1,DEL,BLR,DEL-BLR,6E,IndiGo,1,9715,INR,0,,08:20,8,11:10,11,False,170,170,0,Airbus A321neo,122.0,120.0
2026-10-01,2026-10-01 15:33,2026-10-02,1,DEL,BLR,DEL-BLR,6E,IndiGo,1,9715,INR,0,,10:45,10,13:40,13,False,175,175,0,Airbus A321neo,122.0,120.0
2026-10-01,2026-10-01 15:33,2026-10-02,1,DEL,BLR,DEL-BLR,6E,IndiGo,1,9715,INR,0,,12:15,12,15:20,15,False,185,185,0,Airbus A321neo,122.0,120.0
2026-10-01,2026-10-01 15:33,2026-10-02,1,DEL,BLR,DEL-BLR,AI,Air India,1,9828,INR,0,,13:00,13,15:55,15,False,175,175,0,Airbus A320neo,142.0,120.0
2026-10-01,2026-10-01 15:33,2026-10-02,1,DEL,BLR,DEL-BLR,QP,Akasa Air,1,9851,INR,0,,14:10,14,16:55,16,False,165,165,0,Boeing 737MAX 8 Passenger,119.0,120.0
2026-10-01,2026-10-01 15:33,2026-10-02,1,DEL,BLR,DEL-BLR,6E,IndiGo,1,10229,INR,0,,09:30,9,12:25,12,False,175,175,0,Airbus A321neo,122.0,120.0
2026-10-01,2026-10-01 15:33,2026-10-04,3,DEL,BLR,DEL-BLR,6E,IndiGo,1,10229,INR,0,,05:45,5,08:40,8,False,175,175,0,Airbus A321neo,122.0,120.0
2026-10-01,2026-10-01 15:33,2026-10-04,3,DEL,BLR,DEL-BLR,AI,Air India,1,10269,INR,0,,06:30,6,09:25,9,False,175,175,0,Airbus A320neo,142.0,120.0
2026-10-01,2026-10-01 15:33,2026-10-04,3,DEL,BLR,DEL-BLR,AI,Air India,1,10615,INR,0,,04:30,4,07:20,7,False,170,170,0,Airbus A320neo,142.0,120.0
2026-10-01,2026-10-01 15:33,2026-10-04,3,DEL,BLR,DEL-BLR,6E,IndiGo,1,10677,INR,1,VNS,18:30,18,23:35,23,False,305,245,60,Airbus A321neo | Airbus A321neo,163.0,120.0
2026-10-01,2026-10-01 15:33,2026-10-04,3,DEL,BLR,DEL-BLR,AI,Air India,1,11408,INR,0,,07:00,7,09:55,9,False,175,175,0,Airbus A320neo,142.0,120.0
2026-10-01,2026-10-01 15:33,2026-10-04,3,DEL,BLR,DEL-BLR,6E,IndiGo,1,11974,INR,0,,07:05,7,10:00,10,False,175,175,0,Airbus A321neo,122.0,120.0
2026-10-01,2026-10-01 15:33,2026-10-04,3,DEL,BLR,DEL-BLR,IX,Air India Express,1,12121,INR,2,IXJ SXR,11:00,11,18:50,18,False,470,355,115,Airbus A320neo | Airbus A320neo | Airbus A320neo,267.0,120.0
2026-10-01,2026-10-01 15:33,2026-10-04,3,DEL,BLR,DEL-BLR,6E,IndiGo,1,13327,INR,0,,23:30,23,02:25,2,True,175,175,0,Airbus A321neo,122.0,120.0
2026-10-01,2026-10-01 15:33,2026-10-04,3,DEL,BLR,DEL-BLR,QP,Akasa Air,1,13390,INR,0,,22:55,22,02:05,2,True,190,190,0,Boeing 737MAX 8 Passenger,124.0,120.0
2026-10-01,2026-10-01 15:33,2026-10-04,3,DEL,BLR,DEL-BLR,IX,Air India Express,1,13762,INR,0,,21:00,21,00:05,0,True,185,185,0,Airbus A320neo,134.0,120.0
2026-10-01,2026-10-01 15:33,2026-10-04,3,DEL,BLR,DEL-BLR,AI,Air India,1,13828,INR,0,,21:30,21,00:25,0,True,175,175,0,Airbus A320neo,142.0,120.0
2026-10-01,2026-10-01 15:33,2026-10-04,3,DEL,BLR,DEL-BLR,6E,IndiGo,1,14066,INR,0,,22:00,22,00:55,0,True,175,175,0,Airbus A321neo,122.0,120.0
2026-10-01,2026-10-01 15:33,2026-10-04,3,DEL,BLR,DEL-BLR,QP,Akasa Air,1,14147,INR,0,,21:55,21,00:50,0,True,175,175,0,Boeing 737MAX 8 Passenger,124.0,120.0
2026-10-01,2026-10-01 15:33,2026-10-04,3,DEL,BLR,DEL-BLR,6E,IndiGo,1,14851,INR,0,,08:20,8,11:10,11,False,170,170,0,Airbus A321neo,122.0,120.0
2026-10-01,2026-10-01 15:33,2026-10-04,3,DEL,BLR,DEL-BLR,6E,IndiGo,1,15686,INR,0,,20:45,20,23:40,23,False,175,175,0,Airbus A321neo,122.0,120.0
2026-10-01,2026-10-01 15:33,2026-10-04,3,DEL,BLR,DEL-BLR,QP,Akasa Air,1,17341,INR,0,,20:50,20,23:50,23,False,180,180,0,Boeing 737MAX 8 Passenger,125.0,120.0
2026-10-01,2026-10-01 15:33,2026-10-04,3,DEL,BLR,DEL-BLR,6E,IndiGo,1,17513,INR,0,,09:30,9,12:25,12,False,175,175,0,Airbus A321neo,122.0,120.0
2026-10-01,2026-10-01 15:33,2026-10-04,3,DEL,BLR,DEL-BLR,6E,IndiGo,1,17513,INR,0,,19:30,19,22:25,22,False,175,175,0,Airbus A321neo,122.0,120.0
2026-10-01,2026-10-01 15:33,2026-10-04,3,DEL,BLR,DEL-BLR,QP,Akasa Air,1,18000,INR,0,,16:40,16,19:40,19,False,180,180,0,Boeing 737MAX 8 Passenger,122.0,120.0
2026-10-01,2026-10-01 15:33,2026-10-04,3,DEL,BLR,DEL-BLR,AI,Air India,1,18107,INR,0,,08:30,8,11:20,11,False,170,170,0,Boeing 787,143.0,120.0
2026-10-01,2026-10-01 15:33,2026-10-04,3,DEL,BLR,DEL-BLR,AI,Air India,1,18270,INR,0,,19:30,19,22:20,22,False,170,170,0,Airbus A320neo,142.0,120.0
2026-10-01,2026-10-01 15:33,2026-10-04,3,DEL,BLR,DEL-BLR,6E,IndiGo,1,18513,INR,0,,10:45,10,13:40,13,False,175,175,0,Airbus A321neo,122.0,120.0
2026-10-01,2026-10-01 15:33,2026-10-04,3,DEL,BLR,DEL-BLR,6E,IndiGo,1,18513,INR,0,,17:00,17,19:55,19,False,175,175,0,Airbus A321neo,122.0,120.0
2026-10-01,2026-10-01 15:33,2026-10-04,3,DEL,BLR,DEL-BLR,6E,IndiGo,1,18513,INR,0,,18:20,18,21:10,21,False,170,170,0,Airbus A321neo,122.0,120.0
2026-10-01,2026-10-01 15:33,2026-10-04,3,DEL,BLR,DEL-BLR,AI,Air India,1,18595,INR,0,,09:30,9,12:25,12,False,175,175,0,Airbus A320neo,142.0,120.0
2026-10-01,2026-10-01 15:33,2026-10-04,3,DEL,BLR,DEL-BLR,AI,Air India,1,18595,INR,0,,18:00,18,20:55,20,False,175,175,0,Airbus A321,180.0,120.0
2026-10-01,2026-10-01 15:33,2026-10-04,3,DEL,BLR,DEL-BLR,AI,Air India,1,18595,INR,0,,18:30,18,21:25,21,False,175,175,0,Airbus A320neo,142.0,120.0
2026-10-01,2026-10-01 15:33,2026-10-04,3,DEL,BLR,DEL-BLR,AI,Air India,1,18595,INR,0,,19:00,19,21:55,21,False,175,175,0,Airbus A320neo,142.0,120.0
2026-10-01,2026-10-01 15:33,2026-10-04,3,DEL,BLR,DEL-BLR,6E,IndiGo,1,19574,INR,0,,15:45,15,18:40,18,False,175,175,0,Airbus A321neo,122.0,120.0
2026-10-01,2026-10-01 15:33,2026-10-04,3,DEL,BLR,DEL-BLR,6E,IndiGo,1,20702,INR,0,,12:15,12,15:20,15,False,185,185,0,Airbus A321neo,122.0,120.0
2026-10-01,2026-10-01 15:33,2026-10-04,3,DEL,BLR,DEL-BLR,6E,IndiGo,1,20702,INR,0,,13:15,13,16:10,16,False,175,175,0,Airbus A321neo,122.0,120.0
2026-10-01,2026-10-01 15:33,2026-10-04,3,DEL,BLR,DEL-BLR,6E,IndiGo,1,20702,INR,0,,14:30,14,17:25,17,False,175,175,0,Airbus A321neo,122.0,120.0
2026-10-01,2026-10-01 15:33,2026-10-04,3,DEL,BLR,DEL-BLR,AI,Air India,1,21651,INR,0,,10:30,10,13:20,13,False,170,170,0,Airbus A320neo,142.0,120.0
2026-10-01,2026-10-01 15:33,2026-10-04,3,DEL,BLR,DEL-BLR,AI,Air India,1,21651,INR,0,,16:30,16,19:15,19,False,165,165,0,Airbus A320neo,142.0,120.0
2026-10-01,2026-10-01 15:33,2026-10-04,3,DEL,BLR,DEL-BLR,AI,Air India,1,22034,INR,0,,13:00,13,15:55,15,False,175,175,0,Airbus A320neo,142.0,120.0
2026-10-01,2026-10-01 15:33,2026-10-04,3,DEL,BLR,DEL-BLR,AI,Air India,1,22034,INR,0,,15:00,15,17:55,17,False,175,175,0,Airbus A320neo,142.0,120.0
2026-10-01,2026-10-01 15:33,2026-10-04,3,DEL,BLR,DEL-BLR,AI,Air India,1,24559,INR,0,,15:50,15,18:45,18,False,175,175,0,Airbus A320neo,142.0,120.0
2026-10-01,2026-10-01 15:33,2026-10-04,3,DEL,BLR,DEL-BLR,IX,Air India Express,1,25886,INR,0,,22:00,22,00:55,0,True,175,175,0,Boeing 737MAX 8 Passenger,142.0,120.0
2026-10-01,2026-10-01 15:33,2026-10-08,7,DEL,BLR,DEL-BLR,AI,Air India,1,8725,INR,0,,00:15,0,03:10,3,False,175,175,0,Airbus A320neo,142.0,120.0
2026-10-01,2026-10-01 15:33,2026-10-08,7,DEL,BLR,DEL-BLR,AI,Air India,1,8725,INR,0,,04:30,4,07:20,7,False,170,170,0,Airbus A320neo,142.0,120.0
2026-10-01,2026-10-01 15:33,2026-10-08,7,DEL,BLR,DEL-BLR,AI,Air India,1,8725,INR,0,,06:30,6,09:25,9,False,175,175,0,Airbus A320neo,142.0,120.0
2026-10-01,2026-10-01 15:33,2026-10-08,7,DEL,BLR,DEL-BLR,AI,Air India,1,8725,INR,0,,07:00,7,09:55,9,False,175,175,0,Airbus A320neo,142.0,120.0
2026-10-01,2026-10-01 15:33,2026-10-08,7,DEL,BLR,DEL-BLR,AI,Air India,1,8725,INR,0,,08:30,8,11:20,11,False,170,170,0,Boeing 787,143.0,120.0
2026-10-01,2026-10-01 15:33,2026-10-08,7,DEL,BLR,DEL-BLR,AI,Air India,1,8725,INR,0,,09:30,9,12:25,12,False,175,175,0,Airbus A320neo,142.0,120.0
2026-10-01,2026-10-01 15:33,2026-10-08,7,DEL,BLR,DEL-BLR,6E,IndiGo,1,8773,INR,0,,01:05,1,04:00,4,False,175,175,0,Airbus A321neo,122.0,120.0
2026-10-01,2026-10-01 15:33,2026-10-08,7,DEL,BLR,DEL-BLR,6E,IndiGo,1,8773,INR,0,,03:00,3,05:55,5,False,175,175,0,Airbus A321neo,122.0,120.0
2026-10-01,2026-10-01 15:33,2026-10-08,7,DEL,BLR,DEL-BLR,6E,IndiGo,1,8773,INR,0,,05:45,5,08:40,8,False,175,175,0,Airbus A321neo,122.0,120.0
2026-10-01,2026-10-01 15:33,2026-10-08,7,DEL,BLR,DEL-BLR,6E,IndiGo,1,8773,INR,0,,07:05,7,10:00,10,False,175,175,0,Airbus A321neo,122.0,120.0
2026-10-01,2026-10-01 15:33,2026-10-08,7,DEL,BLR,DEL-BLR,6E,IndiGo,1,8773,INR,0,,08:20,8,11:10,11,False,170,170,0,Airbus A321neo,122.0,120.0
2026-10-01,2026-10-01 15:33,2026-10-08,7,DEL,BLR,DEL-BLR,6E,IndiGo,1,8773,INR,0,,09:30,9,12:25,12,False,175,175,0,Airbus A321neo,122.0,120.0
2026-10-01,2026-10-01 15:33,2026-10-08,7,DEL,BLR,DEL-BLR,6E,IndiGo,1,8773,INR,0,,10:45,10,13:40,13,False,175,175,0,Airbus A321neo,122.0,120.0
2026-10-01,2026-10-01 15:33,2026-10-08,7,DEL,BLR,DEL-BLR,6E,IndiGo,1,8773,INR,0,,12:15,12,15:20,15,False,185,185,0,Airbus A321neo,122.0,120.0
2026-10-01,2026-10-01 15:33,2026-10-08,7,DEL,BLR,DEL-BLR,6E,IndiGo,1,8773,INR,0,,14:30,14,17:25,17,False,175,175,0,Airbus A321neo,122.0,120.0
2026-10-01,2026-10-01 15:33,2026-10-08,7,DEL,BLR,DEL-BLR,6E,IndiGo,1,8773,INR,0,,15:45,15,18:40,18,False,175,175,0,Airbus A321neo,122.0,120.0
2026-10-01,2026-10-01 15:33,2026-10-08,7,DEL,BLR,DEL-BLR,6E,IndiGo,1,8773,INR,0,,17:00,17,19:55,19,False,175,175,0,Airbus A321neo,122.0,120.0
2026-10-01,2026-10-01 15:33,2026-10-08,7,DEL,BLR,DEL-BLR,6E,IndiGo,1,8773,INR,0,,20:45,20,23:40,23,False,175,175,0,Airbus A321neo,122.0,120.0
2026-10-01,2026-10-01 15:33,2026-10-08,7,DEL,BLR,DEL-BLR,6E,IndiGo,1,8773,INR,0,,22:00,22,00:55,0,True,175,175,0,Airbus A321neo,122.0,120.0
2026-10-01,2026-10-01 15:33,2026-10-08,7,DEL,BLR,DEL-BLR,6E,IndiGo,1,8773,INR,0,,23:30,23,02:25,2,True,175,175,0,Airbus A321neo,122.0,120.0
2026-10-01,2026-10-01 15:33,2026-10-08,7,DEL,BLR,DEL-BLR,AI,Air India,1,8867,INR,0,,13:00,13,15:55,15,False,175,175,0,Airbus A321,142.0,120.0
2026-10-01,2026-10-01 15:33,2026-10-08,7,DEL,BLR,DEL-BLR,AI,Air India,1,8867,INR,0,,15:00,15,17:55,17,False,175,175,0,Airbus A320neo,142.0,120.0
2026-10-01,2026-10-01 15:33,2026-10-08,7,DEL,BLR,DEL-BLR,IX,Air India Express,1,8909,INR,0,,21:00,21,00:05,0,True,185,185,0,Airbus A320neo,134.0,120.0
2026-10-01,2026-10-01 15:33,2026-10-08,7,DEL,BLR,DEL-BLR,QP,Akasa Air,1,9179,INR,0,,16:40,16,19:40,19,False,180,180,0,Boeing 737MAX 8 Passenger,119.0,120.0
2026-10-01,2026-10-01 15:33,2026-10-08,7,DEL,BLR,DEL-BLR,QP,Akasa Air,1,9179,INR,0,,20:50,20,23:50,23,False,180,180,0,Boeing 737MAX 8 Passenger,119.0,120.0
2026-10-01,2026-10-01 15:33,2026-10-08,7,DEL,BLR,DEL-BLR,QP,Akasa Air,1,9179,INR,0,,22:55,22,02:05,2,True,190,190,0,Boeing 737MAX 8 Passenger,124.0,120.0
2026-10-01,2026-10-01 15:33,2026-10-08,7,DEL,BLR,DEL-BLR,6E,IndiGo,1,9230,INR,0,,19:30,19,22:25,22,False,175,175,0,Airbus A321neo,122.0,120.0
2026-10-01,2026-10-01 15:33,2026-10-08,7,DEL,BLR,DEL-BLR,AI,Air India,1,9665,INR,0,,10:30,10,13:20,13,False,170,170,0,Airbus A320neo,142.0,120.0
2026-10-01,2026-10-01 15:33,2026-10-08,7,DEL,BLR,DEL-BLR,AI,Air India,1,9665,INR,0,,18:00,18,20:55,20,False,175,175,0,Airbus A320neo,142.0,120.0
2026-10-01,2026-10-01 15:33,2026-10-08,7,DEL,BLR,DEL-BLR,AI,Air India,1,9665,INR,0,,19:00,19,21:55,21,False,175,175,0,Airbus A320neo,142.0,120.0
2026-10-01,2026-10-01 15:33,2026-10-08,7,DEL,BLR,DEL-BLR,6E,IndiGo,1,9715,INR,0,,18:20,18,21:10,21,False,170,170,0,Airbus A321neo,122.0,120.0
2026-10-01,2026-10-01 15:33,2026-10-08,7,DEL,BLR,DEL-BLR,AI,Air India,1,10180,INR,0,,18:30,18,21:25,21,False,175,175,0,Airbus A321,180.0,120.0
2026-10-01,2026-10-01 15:33,2026-10-08,7,DEL,BLR,DEL-BLR,AI,Air India,1,10180,INR,0,,19:30,19,22:20,22,False,170,170,0,Airbus A320neo,142.0,120.0
2026-10-01,2026-10-01 15:33,2026-10-08,7,DEL,BLR,DEL-BLR,AI,Air India,1,10726,INR,0,,16:30,16,19:15,19,False,165,165,0,Airbus A320neo,142.0,120.0
2026-10-01,2026-10-01 15:33,2026-10-08,7,DEL,BLR,DEL-BLR,AI,Air India,1,11308,INR,0,,15:50,15,18:45,18,False,175,175,0,Airbus A320neo,142.0,120.0
2026-10-01,2026-10-01 15:33,2026-10-15,14,DEL,BLR,DEL-BLR,6E,IndiGo,1,8773,INR,0,,01:05,1,04:00,4,False,175,175,0,Airbus A321neo,122.0,120.0
2026-10-01,2026-10-01 15:33,2026-10-15,14,DEL,BLR,DEL-BLR,6E,IndiGo,1,8773,INR,0,,03:00,3,05:55,5,False,175,175,0,Airbus A321neo,122.0,120.0
2026-10-01,2026-10-01 15:33,2026-10-15,14,DEL,BLR,DEL-BLR,6E,IndiGo,1,8773,INR,0,,05:45,5,08:40,8,False,175,175,0,Airbus A321neo,122.0,120.0
2026-10-01,2026-10-01 15:33,2026-10-15,14,DEL,BLR,DEL-BLR,6E,IndiGo,1,8773,INR,0,,07:05,7,10:00,10,False,175,175,0,Airbus A321neo,122.0,120.0
2026-10-01,2026-10-01 15:33,2026-10-15,14,DEL,BLR,DEL-BLR,6E,IndiGo,1,8773,INR,0,,08:20,8,11:10,11,False,170,170,0,Airbus A321neo,122.0,120.0
2026-10-01,2026-10-01 15:33,2026-10-15,14,DEL,BLR,DEL-BLR,6E,IndiGo,1,8773,INR,0,,09:30,9,12:25,12,False,175,175,0,Airbus A321neo,122.0,120.0
2026-10-01,2026-10-01 15:33,2026-10-15,14,DEL,BLR,DEL-BLR,6E,IndiGo,1,8773,INR,0,,10:45,10,13:40,13,False,175,175,0,Airbus A321neo,122.0,120.0
2026-10-01,2026-10-01 15:33,2026-10-15,14,DEL,BLR,DEL-BLR,6E,IndiGo,1,8773,INR,0,,12:15,12,15:20,15,False,185,185,0,Airbus A321neo,122.0,120.0
2026-10-01,2026-10-01 15:33,2026-10-15,14,DEL,BLR,DEL-BLR,6E,IndiGo,1,8773,INR,0,,13:15,13,16:10,16,False,175,175,0,Airbus A321neo,122.0,120.0
2026-10-01,2026-10-01 15:33,2026-10-15,14,DEL,BLR,DEL-BLR,6E,IndiGo,1,8773,INR,0,,14:30,14,17:25,17,False,175,175,0,Airbus A321neo,122.0,120.0
2026-10-01,2026-10-01 15:33,2026-10-15,14,DEL,BLR,DEL-BLR,6E,IndiGo,1,8773,INR,0,,15:45,15,18:40,18,False,175,175,0,Airbus A321neo,122.0,120.0
2026-10-01,2026-10-01 15:33,2026-10-15,14,DEL,BLR,DEL-BLR,6E,IndiGo,1,8773,INR,0,,17:00,17,19:55,19,False,175,175,0,Airbus A321neo,122.0,120.0
2026-10-01,2026-10-01 15:33,2026-10-15,14,DEL,BLR,DEL-BLR,6E,IndiGo,1,8773,INR,0,,19:30,19,22:25,22,False,175,175,0,Airbus A321neo,122.0,120.0
2026-10-01,2026-10-01 15:33,2026-10-15,14,DEL,BLR,DEL-BLR,6E,IndiGo,1,8773,INR,0,,20:45,20,23:40,23,False,175,175,0,Airbus A321neo,122.0,120.0
2026-10-01,2026-10-01 15:33,2026-10-15,14,DEL,BLR,DEL-BLR,6E,IndiGo,1,8773,INR,0,,22:00,22,00:55,0,True,175,175,0,Airbus A321neo,122.0,120.0
2026-10-01,2026-10-01 15:33,2026-10-15,14,DEL,BLR,DEL-BLR,6E,IndiGo,1,8773,INR,0,,23:30,23,02:25,2,True,175,175,0,Airbus A321neo,122.0,120.0
2026-10-01,2026-10-01 15:33,2026-10-15,14,DEL,BLR,DEL-BLR,IX,Air India Express,1,8909,INR,0,,21:00,21,00:05,0,True,185,185,0,Airbus A320neo,134.0,120.0
2026-10-01,2026-10-01 15:33,2026-10-15,14,DEL,BLR,DEL-BLR,IX,Air India Express,1,9173,INR,0,,22:00,22,00:55,0,True,175,175,0,Boeing 737MAX 8 Passenger,142.0,120.0
2026-10-01,2026-10-01 15:33,2026-10-15,14,DEL,BLR,DEL-BLR,QP,Akasa Air,1,9179,INR,0,,22:55,22,02:05,2,True,190,190,0,Boeing 737MAX 8 Passenger,124.0,120.0
2026-10-01,2026-10-01 15:33,2026-10-15,14,DEL,BLR,DEL-BLR,AI,Air India,1,9182,INR,0,,00:15,0,03:10,3,False,175,175,0,Airbus A320neo,142.0,120.0
2026-10-01,2026-10-01 15:33,2026-10-15,14,DEL,BLR,DEL-BLR,AI,Air India,1,9182,INR,0,,04:30,4,07:20,7,False,170,170,0,Airbus A320neo,142.0,120.0
2026-10-01,2026-10-01 15:33,2026-10-15,14,DEL,BLR,DEL-BLR,AI,Air India,1,9182,INR,0,,06:30,6,09:25,9,False,175,175,0,Airbus A320neo,142.0,120.0
2026-10-01,2026-10-01 15:33,2026-10-15,14,DEL,BLR,DEL-BLR,AI,Air India,1,9182,INR,0,,07:00,7,09:55,9,False,175,175,0,Airbus A320neo,142.0,120.0
2026-10-01,2026-10-01 15:33,2026-10-15,14,DEL,BLR,DEL-BLR,AI,Air India,1,9182,INR,0,,08:30,8,11:20,11,False,170,170,0,Boeing 787,143.0,120.0
2026-10-01,2026-10-01 15:33,2026-10-15,14,DEL,BLR,DEL-BLR,AI,Air India,1,9182,INR,0,,18:30,18,21:25,21,False,175,175,0,Airbus A321,180.0,120.0
2026-10-01,2026-10-01 15:33,2026-10-15,14,DEL,BLR,DEL-BLR,AI,Air India,1,9182,INR,0,,19:00,19,21:55,21,False,175,175,0,Airbus A320neo,142.0,120.0
2026-10-01,2026-10-01 15:33,2026-10-15,14,DEL,BLR,DEL-BLR,AI,Air India,1,9182,INR,0,,21:30,21,00:25,0,True,175,175,0,Airbus A320neo,142.0,120.0
2026-10-01,2026-10-01 15:33,2026-10-15,14,DEL,BLR,DEL-BLR,AI,Air India,1,9665,INR,0,,09:30,9,12:25,12,False,175,175,0,Airbus A320neo,142.0,120.0
2026-10-01,2026-10-01 15:33,2026-10-15,14,DEL,BLR,DEL-BLR,AI,Air India,1,9665,INR,0,,16:30,16,19:15,19,False,165,165,0,Airbus A320neo,142.0,120.0
2026-10-01,2026-10-01 15:33,2026-10-15,14,DEL,BLR,DEL-BLR,AI,Air India,1,9665,INR,0,,18:00,18,20:55,20,False,175,175,0,Airbus A320neo,142.0,120.0
2026-10-01,2026-10-01 15:33,2026-10-15,14,DEL,BLR,DEL-BLR,AI,Air India,1,9665,INR,0,,19:30,19,22:20,22,False,170,170,0,Airbus A320neo,142.0,120.0
2026-10-01,2026-10-01 15:33,2026-10-15,14,DEL,BLR,DEL-BLR,AI,Air India,1,9828,INR,0,,15:00,15,17:55,17,False,175,175,0,Airbus A320neo,142.0,120.0
2026-10-01,2026-10-01 15:33,2026-10-15,14,DEL,BLR,DEL-BLR,QP,Akasa Air,1,9851,INR,0,,21:55,21,00:50,0,True,175,175,0,Boeing 737MAX 8 Passenger,124.0,120.0
2026-10-01,2026-10-01 15:33,2026-10-15,14,DEL,BLR,DEL-BLR,AI,Air India,1,10180,INR,0,,10:30,10,13:20,13,False,170,170,0,Airbus A320neo,142.0,120.0
2026-10-01,2026-10-01 15:33,2026-10-15,14,DEL,BLR,DEL-BLR,QP,Akasa Air,1,10581,INR,0,,20:50,20,23:50,23,False,180,180,0,Boeing 737MAX 8 Passenger,124.0,120.0
2026-10-01,2026-10-01 15:33,2026-10-15,14,DEL,BLR,DEL-BLR,AI,Air India,1,10909,INR,0,,13:00,13,15:55,15,False,175,175,0,Airbus A320neo,142.0,120.0
2026-10-01,2026-10-01 15:33,2026-10-22,21,DEL,BLR,DEL-BLR,IX,Air India Express,1,9264,INR,1,NMI,18:40,18,08:00,8,True,800,245,555,Airbus A321 | Boeing 737MAX 8 Passenger,193.0,120.0
2026-10-01,2026-10-01 15:33,2026-10-22,21,DEL,BLR,DEL-BLR,QP,Akasa Air,1,9851,INR,0,,22:55,22,02:05,2,True,190,190,0,Boeing 737MAX 8 Passenger,124.0,120.0
2026-10-01,2026-10-01 15:33,2026-10-22,21,DEL,BLR,DEL-BLR,6E,IndiGo,1,9880,INR,0,,01:05,1,04:00,4,False,175,175,0,Airbus A321neo,122.0,120.0
2026-10-01,2026-10-01 15:33,2026-10-22,21,DEL,BLR,DEL-BLR,6E,IndiGo,1,9880,INR,0,,03:00,3,05:55,5,False,175,175,0,Airbus A321neo,122.0,120.0
2026-10-01,2026-10-01 15:33,2026-10-22,21,DEL,BLR,DEL-BLR,6E,IndiGo,1,9880,INR,0,,05:45,5,08:40,8,False,175,175,0,Airbus A321neo,122.0,120.0
2026-10-01,2026-10-01 15:33,2026-10-22,21,DEL,BLR,DEL-BLR,6E,IndiGo,1,9880,INR,0,,07:05,7,10:00,10,False,175,175,0,Airbus A321neo,122.0,120.0
2026-10-01,2026-10-01 15:33,2026-10-22,21,DEL,BLR,DEL-BLR,6E,IndiGo,1,9880,INR,0,,08:20,8,11:10,11,False,170,170,0,Airbus A321neo,122.0,120.0
2026-10-01,2026-10-01 15:33,2026-10-22,21,DEL,BLR,DEL-BLR,6E,IndiGo,1,9880,INR,0,,09:30,9,12:25,12,False,175,175,0,Airbus A321neo,122.0,120.0
2026-10-01,2026-10-01 15:33,2026-10-22,21,DEL,BLR,DEL-BLR,6E,IndiGo,1,9880,INR,0,,10:45,10,13:40,13,False,175,175,0,Airbus A321neo,122.0,120.0
2026-10-01,2026-10-01 15:33,2026-10-22,21,DEL,BLR,DEL-BLR,6E,IndiGo,1,9880,INR,0,,12:15,12,15:20,15,False,185,185,0,Airbus A321neo,122.0,120.0
2026-10-01,2026-10-01 15:33,2026-10-22,21,DEL,BLR,DEL-BLR,6E,IndiGo,1,9880,INR,0,,13:15,13,16:10,16,False,175,175,0,Airbus A321neo,122.0,120.0
2026-10-01,2026-10-01 15:33,2026-10-22,21,DEL,BLR,DEL-BLR,6E,IndiGo,1,9880,INR,0,,14:30,14,17:25,17,False,175,175,0,Airbus A321neo,122.0,120.0
2026-10-01,2026-10-01 15:33,2026-10-22,21,DEL,BLR,DEL-BLR,6E,IndiGo,1,9880,INR,0,,15:45,15,18:40,18,False,175,175,0,Airbus A321neo,122.0,120.0
2026-10-01,2026-10-01 15:33,2026-10-22,21,DEL,BLR,DEL-BLR,6E,IndiGo,1,9880,INR,0,,17:00,17,19:55,19,False,175,175,0,Airbus A321neo,122.0,120.0
2026-10-01,2026-10-01 15:33,2026-10-22,21,DEL,BLR,DEL-BLR,6E,IndiGo,1,9880,INR,0,,19:30,19,22:25,22,False,175,175,0,Airbus A321neo,122.0,120.0
2026-10-01,2026-10-01 15:33,2026-10-22,21,DEL,BLR,DEL-BLR,6E,IndiGo,1,9880,INR,0,,20:45,20,23:40,23,False,175,175,0,Airbus A321neo,122.0,120.0
2026-10-01,2026-10-01 15:33,2026-10-22,21,DEL,BLR,DEL-BLR,6E,IndiGo,1,9880,INR,0,,22:00,22,00:55,0,True,175,175,0,Airbus A321neo,122.0,120.0
2026-10-01,2026-10-01 15:33,2026-10-22,21,DEL,BLR,DEL-BLR,6E,IndiGo,1,9880,INR,0,,23:30,23,02:25,2,True,175,175,0,Airbus A321neo,122.0,120.0
2026-10-01,2026-10-01 15:33,2026-10-22,21,DEL,BLR,DEL-BLR,IX,Air India Express,1,10079,INR,0,,10:25,10,13:20,13,False,175,175,0,Boeing 737MAX 8 Passenger,142.0,120.0
2026-10-01,2026-10-01 15:33,2026-10-22,21,DEL,BLR,DEL-BLR,IX,Air India Express,1,10079,INR,0,,21:00,21,00:05,0,True,185,185,0,Airbus A320neo,134.0,120.0
2026-10-01,2026-10-01 15:33,2026-10-22,21,DEL,BLR,DEL-BLR,IX,Air India Express,1,10079,INR,0,,22:00,22,00:55,0,True,175,175,0,Boeing 737MAX 8 Passenger,142.0,120.0
2026-10-01,2026-10-01 15:33,2026-10-22,21,DEL,BLR,DEL-BLR,SG,SpiceJet,1,10220,INR,0,,21:50,21,00:40,0,True,170,170,0,Boeing 737,141.0,120.0
2026-10-01,2026-10-01 15:33,2026-10-22,21,DEL,BLR,DEL-BLR,AI,Air India,1,10243,INR,0,,00:15,0,03:10,3,False,175,175,0,Airbus A320neo,142.0,120.0
2026-10-01,2026-10-01 15:33,2026-10-22,21,DEL,BLR,DEL-BLR,AI,Air India,1,10243,INR,0,,07:00,7,09:55,9,False,175,175,0,Airbus A321,180.0,120.0
2026-10-01,2026-10-01 15:33,2026-10-22,21,DEL,BLR,DEL-BLR,AI,Air India,1,10243,INR,0,,08:30,8,11:20,11,False,170,170,0,Boeing 787,143.0,120.0
2026-10-01,2026-10-01 15:33,2026-10-22,21,DEL,BLR,DEL-BLR,AI,Air India,1,10243,INR,0,,19:30,19,22:20,22,False,170,170,0,Airbus A320neo,142.0,120.0
2026-10-01,2026-10-01 15:33,2026-10-22,21,DEL,BLR,DEL-BLR,QP,Akasa Air,1,10392,INR,0,,20:50,20,23:50,23,False,180,180,0,Boeing 737MAX 8 Passenger,125.0,120.0
2026-10-01,2026-10-01 15:33,2026-10-22,21,DEL,BLR,DEL-BLR,AI,Air India,1,10720,INR,0,,04:30,4,07:20,7,False,170,170,0,Airbus A320neo,142.0,120.0
2026-10-01,2026-10-01 15:33,2026-10-22,21,DEL,BLR,DEL-BLR,AI,Air India,1,10720,INR,0,,06:30,6,09:25,9,False,175,175,0,Airbus A320neo,142.0,120.0
2026-10-01,2026-10-01 15:33,2026-10-22,21,DEL,BLR,DEL-BLR,AI,Air India,1,10720,INR,0,,09:30,9,12:25,12,False,175,175,0,Airbus A320neo,142.0,120.0
2026-10-01,2026-10-01 15:33,2026-10-22,21,DEL,BLR,DEL-BLR,AI,Air India,1,10720,INR,0,,21:30,21,00:25,0,True,175,175,0,Airbus A320neo,142.0,120.0
2026-10-01,2026-10-01 15:33,2026-10-22,21,DEL,BLR,DEL-BLR,QP,Akasa Air,1,10967,INR,0,,16:40,16,19:40,19,False,180,180,0,Boeing 737MAX 8 Passenger,119.0,120.0
2026-10-01,2026-10-01 15:33,2026-10-22,21,DEL,BLR,DEL-BLR,AI,Air India,1,11224,INR,0,,10:30,10,13:20,13,False,170,170,0,Airbus A320neo,142.0,120.0
2026-10-01,2026-10-01 15:33,2026-10-22,21,DEL,BLR,DEL-BLR,AI,Air India,1,11224,INR,0,,18:00,18,20:55,20,False,175,175,0,Airbus A320neo,142.0,120.0
2026-10-01,2026-10-01 15:33,2026-10-22,21,DEL,BLR,DEL-BLR,AI,Air India,1,11224,INR,0,,18:30,18,21:25,21,False,175,175,0,Airbus A321,180.0,120.0
2026-10-01,2026-10-01 15:33,2026-10-22,21,DEL,BLR,DEL-BLR,AI,Air India,1,11224,INR,0,,19:00,19,21:55,21,False,175,175,0,Airbus A320neo,142.0,120.0
2026-10-01,2026-10-01 15:33,2026-10-22,21,DEL,BLR,DEL-BLR,AI,Air India,1,11749,INR,0,,16:30,16,19:15,19,False,165,165,0,Airbus A320neo,142.0,120.0
2026-10-01,2026-10-01 15:33,2026-10-22,21,DEL,BLR,DEL-BLR,AI,Air India,1,11954,INR,0,,15:00,15,17:55,17,False,175,175,0,Airbus A320neo,142.0,120.0
2026-10-01,2026-10-01 15:33,2026-10-22,21,DEL,BLR,DEL-BLR,AI,Air India,1,12306,INR,0,,15:50,15,18:45,18,False,175,175,0,Airbus A321,180.0,120.0
2026-10-01,2026-10-01 15:33,2026-10-22,21,DEL,BLR,DEL-BLR,AI,Air India,1,13477,INR,0,,13:00,13,15:55,15,False,175,175,0,Airbus A320neo,142.0,120.0
2026-10-01,2026-10-01 15:33,2026-10-31,30,DEL,BLR,DEL-BLR,IX,Air India Express,1,9430,INR,0,,07:30,7,10:25,10,False,175,175,0,Boeing 737MAX 8 Passenger,142.0,120.0
2026-10-01,2026-10-01 15:33,2026-10-31,30,DEL,BLR,DEL-BLR,6E,IndiGo,1,9880,INR,0,,02:45,2,05:40,5,False,175,175,0,Airbus A321neo,122.0,120.0
2026-10-01,2026-10-01 15:33,2026-10-31,30,DEL,BLR,DEL-BLR,6E,IndiGo,1,9880,INR,0,,05:45,5,08:40,8,False,175,175,0,Airbus A321neo,122.0,120.0
2026-10-01,2026-10-01 15:33,2026-10-31,30,DEL,BLR,DEL-BLR,6E,IndiGo,1,9880,INR,0,,06:45,6,09:40,9,False,175,175,0,Airbus A321neo,122.0,120.0
2026-10-01,2026-10-01 15:33,2026-10-31,30,DEL,BLR,DEL-BLR,6E,IndiGo,1,9880,INR,0,,08:15,8,11:10,11,False,175,175,0,Airbus A321neo,122.0,120.0
2026-10-01,2026-10-01 15:33,2026-10-31,30,DEL,BLR,DEL-BLR,6E,IndiGo,1,9880,INR,0,,09:30,9,12:25,12,False,175,175,0,Airbus A321neo,122.0,120.0
2026-10-01,2026-10-01 15:33,2026-10-31,30,DEL,BLR,DEL-BLR,6E,IndiGo,1,9880,INR,0,,10:45,10,13:40,13,False,175,175,0,Airbus A321neo,122.0,120.0
2026-10-01,2026-10-01 15:33,2026-10-31,30,DEL,BLR,DEL-BLR,6E,IndiGo,1,9880,INR,0,,12:00,12,14:55,14,False,175,175,0,Airbus A321neo,122.0,120.0
2026-10-01,2026-10-01 15:33,2026-10-31,30,DEL,BLR,DEL-BLR,6E,IndiGo,1,9880,INR,0,,14:30,14,17:25,17,False,175,175,0,Airbus A321neo,122.0,120.0
2026-10-01,2026-10-01 15:33,2026-10-31,30,DEL,BLR,DEL-BLR,6E,IndiGo,1,9880,INR,0,,15:45,15,18:40,18,False,175,175,0,Airbus A321neo,122.0,120.0
2026-10-01,2026-10-01 15:33,2026-10-31,30,DEL,BLR,DEL-BLR,6E,IndiGo,1,9880,INR,0,,17:00,17,19:55,19,False,175,175,0,Airbus A321neo,122.0,120.0
2026-10-01,2026-10-01 15:33,2026-10-31,30,DEL,BLR,DEL-BLR,6E,IndiGo,1,9880,INR,0,,19:30,19,22:25,22,False,175,175,0,Airbus A321neo,122.0,120.0
2026-10-01,2026-10-01 15:33,2026-10-31,30,DEL,BLR,DEL-BLR,6E,IndiGo,1,9880,INR,0,,20:45,20,23:40,23,False,175,175,0,Airbus A321neo,122.0,120.0
2026-10-01,2026-10-01 15:33,2026-10-31,30,DEL,BLR,DEL-BLR,6E,IndiGo,1,9880,INR,0,,22:00,22,00:55,0,True,175,175,0,Airbus A321neo,122.0,120.0
2026-10-01,2026-10-01 15:33,2026-10-31,30,DEL,BLR,DEL-BLR,6E,IndiGo,1,9880,INR,0,,23:30,23,02:25,2,True,175,175,0,Airbus A321neo,122.0,120.0
2026-10-01,2026-10-01 15:33,2026-10-31,30,DEL,BLR,DEL-BLR,QP,Akasa Air,1,10030,INR,0,,19:05,19,22:00,22,False,175,175,0,Boeing 737MAX 8 Passenger,119.0,120.0
2026-10-01,2026-10-01 15:33,2026-10-31,30,DEL,BLR,DEL-BLR,IX,Air India Express,1,10079,INR,0,,21:10,21,00:10,0,True,180,180,0,Airbus A320neo,139.0,120.0
2026-10-01,2026-10-01 15:33,2026-10-31,30,DEL,BLR,DEL-BLR,QP,Akasa Air,1,10209,INR,0,,08:45,8,11:40,11,False,175,175,0,Boeing 737MAX 8 Passenger,125.0,120.0
2026-10-01,2026-10-01 15:33,2026-10-31,30,DEL,BLR,DEL-BLR,QP,Akasa Air,1,10209,INR,0,,17:35,17,20:25,20,False,170,170,0,Boeing 737MAX 8 Passenger,124.0,120.0
2026-10-01,2026-10-01 15:33,2026-10-31,30,DEL,BLR,DEL-BLR,SG,SpiceJet,1,10220,INR,0,,20:50,20,23:40,23,False,170,170,0,Boeing 737,141.0,120.0
2026-10-01,2026-10-01 15:33,2026-10-31,30,DEL,BLR,DEL-BLR,AI,Air India,1,10243,INR,0,,00:15,0,03:05,3,False,170,170,0,Airbus A320neo,142.0,120.0
2026-10-01,2026-10-01 15:33,2026-10-31,30,DEL,BLR,DEL-BLR,AI,Air India,1,10243,INR,0,,06:00,6,08:50,8,False,170,170,0,Airbus A321,180.0,120.0
2026-10-01,2026-10-01 15:33,2026-10-31,30,DEL,BLR,DEL-BLR,AI,Air India,1,10243,INR,0,,20:30,20,23:25,23,False,175,175,0,Airbus A320neo,142.0,120.0
2026-10-01,2026-10-01 15:33,2026-10-31,30,DEL,BLR,DEL-BLR,AI,Air India,1,10243,INR,0,,21:30,21,00:25,0,True,175,175,0,Airbus A320neo,142.0,120.0
2026-10-01,2026-10-01 15:33,2026-10-31,30,DEL,BLR,DEL-BLR,6E,IndiGo,1,10293,INR,0,,18:15,18,21:10,21,False,175,175,0,Airbus A321neo,122.0,120.0
2026-10-01,2026-10-01 15:33,2026-10-31,30,DEL,BLR,DEL-BLR,QP,Akasa Air,1,10392,INR,0,,20:50,20,23:40,23,False,170,170,0,Boeing 737MAX 8 Passenger,125.0,120.0
2026-10-01,2026-10-01 15:33,2026-10-31,30,DEL,BLR,DEL-BLR,AI,Air India,1,10416,INR,0,,08:35,8,11:20,11,False,165,165,0,Boeing 787,143.0,120.0
2026-10-01,2026-10-01 15:33,2026-10-31,30,DEL,BLR,DEL-BLR,AI,Air India,1,10678,INR,0,,12:00,12,14:50,14,False,170,170,0,Airbus A320neo,142.0,120.0
2026-10-01,2026-10-01 15:33,2026-10-31,30,DEL,BLR,DEL-BLR,AI,Air India,1,10720,INR,0,,09:30,9,12:20,12,False,170,170,0,Airbus A320neo,142.0,120.0
2026-10-01,2026-10-01 15:33,2026-10-31,30,DEL,BLR,DEL-BLR,AI,Air India,1,10720,INR,0,,19:30,19,22:25,22,False,175,175,0,Airbus A320neo,142.0,120.0
2026-10-01,2026-10-01 15:33,2026-10-31,30,DEL,BLR,DEL-BLR,AI,Air India,1,11088,INR,0,,11:00,11,13:50,13,False,170,170,0,Airbus A320neo,142.0,120.0
2026-10-01,2026-10-01 15:33,2026-10-31,30,DEL,BLR,DEL-BLR,AI,Air India,1,11224,INR,0,,13:00,13,15:50,15,False,170,170,0,Airbus A320neo,142.0,120.0
2026-10-01,2026-10-01 15:33,2026-10-31,30,DEL,BLR,DEL-BLR,AI,Air India,1,11224,INR,0,,18:00,18,20:50,20,False,170,170,0,Airbus A320neo,142.0,120.0
2026-10-01,2026-10-01 15:33,2026-10-31,30,DEL,BLR,DEL-BLR,AI,Air India,1,12526,INR,0,,15:00,15,17:45,17,False,165,165,0,Airbus A320neo,142.0,120.0
2026-10-01,2026-10-01 15:33,2026-11-15,45,DEL,BLR,DEL-BLR,6E,IndiGo,1,13468,INR,1,BBI,05:15,5,10:55,10,False,340,255,85,Airbus A321neo | Airbus A321neo,174.0,120.0
2026-10-01,2026-10-01 15:33,2026-11-15,45,DEL,BLR,DEL-BLR,6E,IndiGo,1,14214,INR,0,,02:45,2,05:40,5,False,175,175,0,Airbus A321neo,119.0,120.0
2026-10-01,2026-10-01 15:33,2026-11-15,45,DEL,BLR,DEL-BLR,6E,IndiGo,1,14214,INR,0,,05:45,5,08:40,8,False,175,175,0,Airbus A321neo,119.0,120.0
2026-10-01,2026-10-01 15:33,2026-11-15,45,DEL,BLR,DEL-BLR,6E,IndiGo,1,14486,INR,1,PAT,14:35,14,20:25,20,False,350,250,100,Airbus A320neo | Airbus A320neo,185.0,120.0
2026-10-01,2026-10-01 15:33,2026-11-15,45,DEL,BLR,DEL-BLR,6E,IndiGo,1,15624,INR,0,,23:30,23,02:25,2,True,175,175,0,Airbus A321neo,119.0,120.0
2026-10-01,2026-10-01 15:33,2026-11-15,45,DEL,BLR,DEL-BLR,IX,Air India Express,1,16585,INR,0,,07:30,7,10:25,10,False,175,175,0,Boeing 737MAX 8 Passenger,138.0,120.0
2026-10-01,2026-10-01 15:33,2026-11-15,45,DEL,BLR,DEL-BLR,SG,SpiceJet,1,17514,INR,0,,06:30,6,09:25,9,False,175,175,0,Boeing 737,138.0,120.0
2026-10-01,2026-10-01 15:33,2026-11-15,45,DEL,BLR,DEL-BLR,AI,Air India,1,17944,INR,0,,00:15,0,03:05,3,False,170,170,0,Airbus A320neo,139.0,120.0
2026-10-01,2026-10-01 15:33,2026-11-15,45,DEL,BLR,DEL-BLR,6E,IndiGo,1,18036,INR,0,,22:00,22,00:55,0,True,175,175,0,Airbus A321neo,119.0,120.0
2026-10-01,2026-10-01 15:33,2026-11-15,45,DEL,BLR,DEL-BLR,AI,Air India,1,18107,INR,0,,08:35,8,11:20,11,False,165,165,0,Boeing 787,140.0,120.0
2026-10-01,2026-10-01 15:33,2026-11-15,45,DEL,BLR,DEL-BLR,AI,Air India,1,18270,INR,0,,20:30,20,23:25,23,False,175,175,0,Airbus A320neo,139.0,120.0
2026-10-01,2026-10-01 15:33,2026-11-15,45,DEL,BLR,DEL-BLR,QP,Akasa Air,1,18339,INR,0,,20:50,20,23:40,23,False,170,170,0,Boeing 737MAX 8 Passenger,122.0,120.0
2026-10-01,2026-10-01 15:33,2026-11-15,45,DEL,BLR,DEL-BLR,IX,Air India Express,1,18385,INR,0,,21:10,21,00:10,0,True,180,180,0,Airbus A320neo,134.0,120.0
2026-10-01,2026-10-01 15:33,2026-11-15,45,DEL,BLR,DEL-BLR,6E,IndiGo,1,18927,INR,0,,08:15,8,11:10,11,False,175,175,0,Airbus A321neo,119.0,120.0
2026-10-01,2026-10-01 15:33,2026-11-15,45,DEL,BLR,DEL-BLR,6E,IndiGo,1,18927,INR,0,,09:30,9,12:25,12,False,175,175,0,Airbus A321neo,119.0,120.0
2026-10-01,2026-10-01 15:33,2026-11-15,45,DEL,BLR,DEL-BLR,QP,Akasa Air,1,19658,INR,0,,17:35,17,20:25,20,False,170,170,0,Boeing 737MAX 8 Passenger,121.0,120.0
2026-10-01,2026-10-01 15:33,2026-11-15,45,DEL,BLR,DEL-BLR,6E,IndiGo,1,19867,INR,0,,13:15,13,16:10,16,False,175,175,0,Airbus A321neo,119.0,120.0
2026-10-01,2026-10-01 15:33,2026-11-15,45,DEL,BLR,DEL-BLR,AI,Air India,1,20690,INR,0,,06:00,6,08:50,8,False,170,170,0,Airbus A321,176.0,120.0
2026-10-01,2026-10-01 15:33,2026-11-15,45,DEL,BLR,DEL-BLR,6E,IndiGo,1,20856,INR,0,,10:45,10,13:40,13,False,175,175,0,Airbus A321neo,119.0,120.0
2026-10-01,2026-10-01 15:33,2026-11-15,45,DEL,BLR,DEL-BLR,6E,IndiGo,1,20856,INR,0,,14:30,14,17:25,17,False,175,175,0,Airbus A321neo,119.0,120.0
2026-10-01,2026-10-01 15:33,2026-11-15,45,DEL,BLR,DEL-BLR,6E,IndiGo,1,20856,INR,0,,17:00,17,19:55,19,False,175,175,0,Airbus A321neo,119.0,120.0
2026-10-01,2026-10-01 15:33,2026-11-15,45,DEL,BLR,DEL-BLR,6E,IndiGo,1,20856,INR,0,,19:30,19,22:25,22,False,175,175,0,Airbus A321neo,119.0,120.0
2026-10-01,2026-10-01 15:33,2026-11-15,45,DEL,BLR,DEL-BLR,6E,IndiGo,1,20856,INR,0,,20:45,20,23:40,23,False,175,175,0,Airbus A321neo,119.0,120.0
2026-10-01,2026-10-01 15:33,2026-11-15,45,DEL,BLR,DEL-BLR,AI,Air India,1,21651,INR,0,,11:00,11,13:50,13,False,170,170,0,Airbus A320neo,139.0,120.0
2026-10-01,2026-10-01 15:33,2026-11-15,45,DEL,BLR,DEL-BLR,AI,Air India,1,21651,INR,0,,19:30,19,22:25,22,False,175,175,0,Airbus A320neo,139.0,120.0
2026-10-01,2026-10-01 15:33,2026-11-15,45,DEL,BLR,DEL-BLR,6E,IndiGo,1,21900,INR,0,,12:00,12,14:55,14,False,175,175,0,Airbus A321neo,119.0,120.0
2026-10-01,2026-10-01 15:33,2026-11-15,45,DEL,BLR,DEL-BLR,6E,IndiGo,1,21900,INR,0,,15:45,15,18:40,18,False,175,175,0,Airbus A321neo,119.0,120.0
2026-10-01,2026-10-01 15:33,2026-11-15,45,DEL,BLR,DEL-BLR,6E,IndiGo,1,21900,INR,0,,18:15,18,21:10,21,False,175,175,0,Airbus A321neo,119.0,120.0
2026-10-01,2026-10-01 15:33,2026-11-15,45,DEL,BLR,DEL-BLR,AI,Air India,1,24559,INR,0,,09:30,9,12:20,12,False,170,170,0,Airbus A320neo,139.0,120.0
2026-10-01,2026-10-01 15:33,2026-11-15,45,DEL,BLR,DEL-BLR,AI,Air India,1,24559,INR,0,,12:00,12,14:50,14,False,170,170,0,Airbus A320neo,139.0,120.0
2026-10-01,2026-10-01 15:33,2026-11-15,45,DEL,BLR,DEL-BLR,AI,Air India,1,24559,INR,0,,21:30,21,00:25,0,True,175,175,0,Airbus A320neo,139.0,120.0
2026-10-01,2026-10-01 15:33,2026-11-15,45,DEL,BLR,DEL-BLR,AI,Air India,1,25714,INR,0,,13:00,13,15:50,15,False,170,170,0,Airbus A320neo,139.0,120.0
2026-10-01,2026-10-01 15:33,2026-11-15,45,DEL,BLR,DEL-BLR,QP,Akasa Air,1,26928,INR,0,,08:45,8,11:40,11,False,175,175,0,Boeing 737MAX 8 Passenger,122.0,120.0
2026-10-01,2026-10-01 15:33,2026-11-15,45,DEL,BLR,DEL-BLR,QP,Akasa Air,1,26928,INR,0,,19:05,19,22:00,22,False,175,175,0,Boeing 737MAX 8 Passenger,116.0,120.0
2026-10-01,2026-10-01 15:33,2026-11-15,45,DEL,BLR,DEL-BLR,AI,Air India,1,33900,INR,0,,18:00,18,20:50,20,False,170,170,0,Airbus A320neo,139.0,120.0
2026-10-01,2026-10-01 15:33,2026-11-15,45,DEL,BLR,DEL-BLR,AI,Air India,1,34549,INR,0,,15:00,15,17:45,17,False,165,165,0,Airbus A320neo,139.0,120.0
2026-10-01,2026-10-01 15:33,2026-11-30,60,DEL,BLR,DEL-BLR,6E,IndiGo,1,9880,INR,0,,02:45,2,05:40,5,False,175,175,0,Airbus A321neo,119.0,120.0
2026-10-01,2026-10-01 15:33,2026-11-30,60,DEL,BLR,DEL-BLR,6E,IndiGo,1,9880,INR,0,,05:45,5,08:40,8,False,175,175,0,Airbus A321neo,119.0,120.0
2026-10-01,2026-10-01 15:33,2026-11-30,60,DEL,BLR,DEL-BLR,6E,IndiGo,1,9880,INR,0,,06:45,6,09:40,9,False,175,175,0,Airbus A321neo,119.0,120.0
2026-10-01,2026-10-01 15:33,2026-11-30,60,DEL,BLR,DEL-BLR,6E,IndiGo,1,9880,INR,0,,08:15,8,11:10,11,False,175,175,0,Airbus A321neo,119.0,120.0
2026-10-01,2026-10-01 15:33,2026-11-30,60,DEL,BLR,DEL-BLR,6E,IndiGo,1,9880,INR,0,,09:30,9,12:25,12,False,175,175,0,Airbus A321neo,119.0,120.0
2026-10-01,2026-10-01 15:33,2026-11-30,60,DEL,BLR,DEL-BLR,6E,IndiGo,1,9880,INR,0,,19:30,19,22:25,22,False,175,175,0,Airbus A321neo,119.0,120.0
2026-10-01,2026-10-01 15:33,2026-11-30,60,DEL,BLR,DEL-BLR,6E,IndiGo,1,10293,INR,0,,10:45,10,13:40,13,False,175,175,0,Airbus A321neo,119.0,120.0
2026-10-01,2026-10-01 15:33,2026-11-30,60,DEL,BLR,DEL-BLR,6E,IndiGo,1,10293,INR,0,,12:00,12,14:55,14,False,175,175,0,Airbus A321neo,119.0,120.0
2026-10-01,2026-10-01 15:33,2026-11-30,60,DEL,BLR,DEL-BLR,6E,IndiGo,1,10293,INR,0,,13:15,13,16:10,16,False,175,175,0,Airbus A321neo,119.0,120.0
2026-10-01,2026-10-01 15:33,2026-11-30,60,DEL,BLR,DEL-BLR,6E,IndiGo,1,10293,INR,0,,14:30,14,17:25,17,False,175,175,0,Airbus A321neo,119.0,120.0
2026-10-01,2026-10-01 15:33,2026-11-30,60,DEL,BLR,DEL-BLR,6E,IndiGo,1,10293,INR,0,,20:45,20,23:40,23,False,175,175,0,Airbus A321neo,119.0,120.0
2026-10-01,2026-10-01 15:33,2026-11-30,60,DEL,BLR,DEL-BLR,IX,Air India Express,1,10640,INR,1,LKO,15:50,15,23:00,23,False,430,215,215,Boeing 737MAX 8 Passenger | Boeing 737MAX 8 Passenger,175.0,120.0
2026-10-01,2026-10-01 15:33,2026-11-30,60,DEL,BLR,DEL-BLR,SG,SpiceJet,1,10668,INR,0,,06:30,6,09:25,9,False,175,175,0,Boeing 737,138.0,120.0
2026-10-01,2026-10-01 15:33,2026-11-30,60,DEL,BLR,DEL-BLR,SG,SpiceJet,1,10668,INR,0,,20:50,20,23:40,23,False,170,170,0,Boeing 737,138.0,120.0
2026-10-01,2026-10-01 15:33,2026-11-30,60,DEL,BLR,DEL-BLR,6E,IndiGo,1,10770,INR,0,,15:45,15,18:40,18,False,175,175,0,Airbus A321neo,119.0,120.0
2026-10-01,2026-10-01 15:33,2026-11-30,60,DEL,BLR,DEL-BLR,AI,Air India,1,10878,INR,0,,22:00,22,00:55,0,True,175,175,0,Airbus A320neo,139.0,120.0
2026-10-01,2026-10-01 15:33,2026-11-30,60,DEL,BLR,DEL-BLR,IX,Air India Express,1,10976,INR,0,,07:30,7,10:25,10,False,175,175,0,Boeing 737MAX 8 Passenger,138.0,120.0
2026-10-01,2026-10-01 15:33,2026-11-30,60,DEL,BLR,DEL-BLR,QP,Akasa Air,1,11166,INR,0,,17:35,17,20:25,20,False,170,170,0,Boeing 737MAX 8 Passenger,121.0,120.0
2026-10-01,2026-10-01 15:33,2026-11-30,60,DEL,BLR,DEL-BLR,QP,Akasa Air,1,11166,INR,0,,19:05,19,22:00,22,False,175,175,0,Boeing 737MAX 8 Passenger,116.0,120.0
2026-10-01,2026-10-01 15:33,2026-11-30,60,DEL,BLR,DEL-BLR,QP,Akasa Air,1,11368,INR,0,,22:55,22,02:00,2,True,185,185,0,Boeing 737MAX 8 Passenger,122.0,120.0
2026-10-01,2026-10-01 15:33,2026-11-30,60,DEL,BLR,DEL-BLR,AI,Air India,1,11382,INR,0,,21:30,21,00:25,0,True,175,175,0,Airbus A320neo,139.0,120.0
2026-10-01,2026-10-01 15:33,2026-11-30,60,DEL,BLR,DEL-BLR,IX,Air India Express,1,11559,INR,0,,21:10,21,00:10,0,True,180,180,0,Airbus A320neo,134.0,120.0
2026-10-01,2026-10-01 15:33,2026-11-30,60,DEL,BLR,DEL-BLR,QP,Akasa Air,1,11575,INR,0,,08:45,8,11:40,11,False,175,175,0,Boeing 737MAX 8 Passenger,122.0,120.0
2026-10-01,2026-10-01 15:33,2026-11-30,60,DEL,BLR,DEL-BLR,AI,Air India,1,11875,INR,0,,12:00,12,14:50,14,False,170,170,0,Airbus A320neo,139.0,120.0
2026-10-01,2026-10-01 15:33,2026-11-30,60,DEL,BLR,DEL-BLR,AI,Air India,1,11907,INR,0,,13:00,13,15:50,15,False,170,170,0,Airbus A320neo,139.0,120.0
2026-10-01,2026-10-01 15:33,2026-11-30,60,DEL,BLR,DEL-BLR,AI,Air India,1,12117,INR,0,,20:30,20,23:25,23,False,175,175,0,Airbus A320neo,139.0,120.0
2026-10-01,2026-10-01 15:33,2026-11-30,60,DEL,BLR,DEL-BLR,AI,Air India,1,12432,INR,0,,19:30,19,22:25,22,False,175,175,0,Airbus A320neo,139.0,120.0
2026-10-01,2026-10-01 15:33,2026-11-30,60,DEL,BLR,DEL-BLR,AI,Air India,1,12904,INR,0,,11:00,11,13:50,13,False,170,170,0,Airbus A320neo,139.0,120.0
2026-10-01,2026-10-01 15:33,2026-11-30,60,DEL,BLR,DEL-BLR,AI,Air India,1,13398,INR,0,,18:00,18,20:50,20,False,170,170,0,Airbus A320neo,139.0,120.0
2026-10-01,2026-10-01 15:33,2026-11-30,60,DEL,BLR,DEL-BLR,AI,Air India,1,13639,INR,0,,08:35,8,11:20,11,False,165,165,0,Boeing 787,140.0,120.0
2026-10-01,2026-10-01 15:33,2026-11-30,60,DEL,BLR,DEL-BLR,AI,Air India,1,13639,INR,0,,09:30,9,12:20,12,False,170,170,0,Airbus A320neo,139.0,120.0
2026-10-01,2026-10-01 15:33,2026-11-30,60,DEL,BLR,DEL-BLR,AI,Air India,1,13755,INR,0,,06:00,6,08:50,8,False,170,170,0,Airbus A321,176.0,120.0
2026-10-01,2026-10-01 15:33,2026-11-30,60,DEL,BLR,DEL-BLR,AI,Air India,1,13876,INR,0,,15:00,15,17:45,17,False,165,165,0,Airbus A320neo,139.0,120.0
2026-10-01,2026-10-01 15:33,2026-11-30,60,DEL,BLR,DEL-BLR,AI,Air India,1,13996,INR,0,,00:15,0,03:05,3,False,170,170,0,Airbus A320neo,139.0,120.0
2026-10-01,2026-10-01 15:33,2026-11-30,60,DEL,BLR,DEL-BLR,AI,Air India,1,13996,INR,0,,07:00,7,09:50,9,False,170,170,0,Airbus A320neo,139.0,120.0
2026-10-01,2026-10-01 15:33,2026-10-02,1,BOM,BLR,BOM-BLR,6E,IndiGo,1,5870,INR,1,GOI,16:40,16,20:55,20,False,255,175,80,Airbus A320 | Airbus A321neo,103.0,69.0
2026-10-01,2026-10-01 15:33,2026-10-02,1,BOM,BLR,BOM-BLR,AI,Air India,1,6193,INR,0,,23:40,23,01:40,1,True,120,120,0,Airbus A321,109.0,69.0
2026-10-01,2026-10-01 15:33,2026-10-02,1,BOM,BLR,BOM-BLR,AI,Air India,1,6466,INR,0,,19:45,19,21:50,21,False,125,125,0,Airbus A320neo,83.0,69.0
2026-10-01,2026-10-01 15:33,2026-10-02,1,BOM,BLR,BOM-BLR,AI,Air India,1,6466,INR,0,,20:45,20,22:45,22,False,120,120,0,Airbus A320neo,83.0,69.0
2026-10-01,2026-10-01 15:33,2026-10-02,1,BOM,BLR,BOM-BLR,AI,Air India,1,6681,INR,0,,17:30,17,19:35,19,False,125,125,0,Airbus A320neo,83.0,69.0
2026-10-01,2026-10-01 15:33,2026-10-02,1,BOM,BLR,BOM-BLR,QP,Akasa Air,1,6994,INR,0,,20:05,20,21:45,21,False,100,100,0,Boeing 737MAX 8 Passenger,70.0,69.0
2026-10-01,2026-10-01 15:33,2026-10-02,1,BOM,BLR,BOM-BLR,6E,IndiGo,1,7006,INR,0,,18:30,18,20:25,20,False,115,115,0,Airbus A321neo,70.0,69.0
2026-10-01,2026-10-01 15:33,2026-10-02,1,BOM,BLR,BOM-BLR,6E,IndiGo,1,7006,INR,0,,19:50,19,21:45,21,False,115,115,0,Airbus A321neo,70.0,69.0
2026-10-01,2026-10-01 15:33,2026-10-02,1,BOM,BLR,BOM-BLR,6E,IndiGo,1,7006,INR,0,,21:30,21,23:25,23,False,115,115,0,Airbus A321neo,70.0,69.0
2026-10-01,2026-10-01 15:33,2026-10-02,1,BOM,BLR,BOM-BLR,6E,IndiGo,1,7006,INR,0,,22:20,22,00:20,0,True,120,120,0,Airbus A321neo,70.0,69.0
2026-10-01,2026-10-01 15:33,2026-10-02,1,BOM,BLR,BOM-BLR,AI,Air India,1,7012,INR,0,,15:25,15,17:35,17,False,130,130,0,Airbus A320neo,83.0,69.0
2026-10-01,2026-10-01 15:33,2026-10-02,1,BOM,BLR,BOM-BLR,6E,IndiGo,1,7321,INR,0,,14:30,14,16:25,16,False,115,115,0,Airbus A321neo,70.0,69.0
2026-10-01,2026-10-01 15:33,2026-10-02,1,BOM,BLR,BOM-BLR,6E,IndiGo,1,7321,INR,0,,15:35,15,17:25,17,False,110,110,0,Airbus A321neo,70.0,69.0
2026-10-01,2026-10-01 15:33,2026-10-02,1,BOM,BLR,BOM-BLR,AI,Air India,1,7358,INR,0,,18:30,18,20:35,20,False,125,125,0,Airbus A320neo,83.0,69.0
2026-10-01,2026-10-01 15:33,2026-10-02,1,BOM,BLR,BOM-BLR,6E,IndiGo,1,7636,INR,0,,12:30,12,14:25,14,False,115,115,0,Airbus A321neo,70.0,69.0
2026-10-01,2026-10-01 15:33,2026-10-02,1,BOM,BLR,BOM-BLR,AI,Air India,1,7642,INR,0,,12:00,12,14:05,14,False,125,125,0,Airbus A320neo,83.0,69.0
2026-10-01,2026-10-01 15:33,2026-10-02,1,BOM,BLR,BOM-BLR,QP,Akasa Air,1,7845,INR,0,,00:40,0,02:35,2,False,115,115,0,Boeing 737MAX 8 Passenger,74.0,69.0
2026-10-01,2026-10-01 15:33,2026-10-02,1,BOM,BLR,BOM-BLR,6E,IndiGo,1,8056,INR,0,,09:50,9,11:55,11,False,125,125,0,Airbus A321neo,70.0,69.0
2026-10-01,2026-10-01 15:33,2026-10-02,1,BOM,BLR,BOM-BLR,6E,IndiGo,1,8056,INR,0,,11:00,11,12:55,12,False,115,115,0,Airbus A321neo,70.0,69.0
2026-10-01,2026-10-01 15:33,2026-10-02,1,BOM,BLR,BOM-BLR,AI,Air India,1,8335,INR,0,,10:00,10,12:05,12,False,125,125,0,Airbus A320neo,83.0,69.0
2026-10-01,2026-10-01 15:33,2026-10-02,1,BOM,BLR,BOM-BLR,6E,IndiGo,1,8476,INR,0,,07:45,7,09:45,9,False,120,120,0,Airbus A321neo,70.0,69.0
2026-10-01,2026-10-01 15:33,2026-10-02,1,BOM,BLR,BOM-BLR,AI,Air India,1,8482,INR,0,,07:55,7,10:05,10,False,130,130,0,Airbus A320neo,83.0,69.0
2026-10-01,2026-10-01 15:33,2026-10-02,1,BOM,BLR,BOM-BLR,6E,IndiGo,1,9001,INR,0,,06:15,6,08:00,8,False,105,105,0,Airbus A321neo,70.0,69.0
2026-10-01,2026-10-01 15:33,2026-10-02,1,BOM,BLR,BOM-BLR,6E,IndiGo,1,9294,INR,0,,04:30,4,06:25,6,False,115,115,0,Airbus A321neo,70.0,69.0
2026-10-01,2026-10-01 15:33,2026-10-02,1,BOM,BLR,BOM-BLR,QP,Akasa Air,1,9934,INR,0,,09:25,9,11:25,11,False,120,120,0,Boeing 737MAX 8 Passenger,74.0,69.0
2026-10-01,2026-10-01 15:33,2026-10-02,1,BOM,BLR,BOM-BLR,AI,Air India,1,10429,INR,0,,02:05,2,04:10,4,False,125,125,0,Airbus A320neo,83.0,69.0
2026-10-01,2026-10-01 15:33,2026-10-02,1,BOM,BLR,BOM-BLR,6E,IndiGo,1,10964,INR,0,,01:10,1,03:05,3,False,115,115,0,Airbus A321neo,70.0,69.0
2026-10-01,2026-10-01 15:33,2026-10-02,1,BOM,BLR,BOM-BLR,AI,Air India,1,12319,INR,0,,06:35,6,08:35,8,False,120,120,0,Airbus A320neo,83.0,69.0
2026-10-01,2026-10-01 15:33,2026-10-04,3,BOM,BLR,BOM-BLR,6E,IndiGo,1,6211,INR,1,AMD,01:30,1,06:40,6,False,310,220,90,Airbus A321neo | Airbus A320neo,144.0,69.0
2026-10-01,2026-10-01 15:33,2026-10-04,3,BOM,BLR,BOM-BLR,6E,IndiGo,1,6752,INR,0,,01:10,1,03:05,3,False,115,115,0,Airbus A321neo,70.0,69.0
2026-10-01,2026-10-01 15:33,2026-10-04,3,BOM,BLR,BOM-BLR,AI,Air India,1,6844,INR,0,,06:35,6,08:35,8,False,120,120,0,Airbus A320neo,83.0,69.0
2026-10-01,2026-10-01 15:33,2026-10-04,3,BOM,BLR,BOM-BLR,6E,IndiGo,1,7006,INR,0,,06:15,6,08:00,8,False,105,105,0,Airbus A321neo,70.0,69.0
2026-10-01,2026-10-01 15:33,2026-10-04,3,BOM,BLR,BOM-BLR,6E,IndiGo,1,7636,INR,0,,07:45,7,09:45,9,False,120,120,0,Airbus A321neo,70.0,69.0
2026-10-01,2026-10-01 15:33,2026-10-04,3,BOM,BLR,BOM-BLR,6E,IndiGo,1,8476,INR,0,,09:50,9,11:55,11,False,125,125,0,Airbus A321neo,70.0,69.0
2026-10-01,2026-10-01 15:33,2026-10-04,3,BOM,BLR,BOM-BLR,AI,Air India,1,8482,INR,0,,07:55,7,10:05,10,False,130,130,0,Airbus A320neo,83.0,69.0
2026-10-01,2026-10-01 15:33,2026-10-04,3,BOM,BLR,BOM-BLR,6E,IndiGo,1,9001,INR,0,,11:00,11,12:55,12,False,115,115,0,Airbus A321neo,70.0,69.0
2026-10-01,2026-10-01 15:33,2026-10-04,3,BOM,BLR,BOM-BLR,6E,IndiGo,1,9001,INR,0,,21:30,21,23:25,23,False,115,115,0,Airbus A321neo,70.0,69.0
2026-10-01,2026-10-01 15:33,2026-10-04,3,BOM,BLR,BOM-BLR,6E,IndiGo,1,10051,INR,0,,19:50,19,21:45,21,False,115,115,0,Airbus A321neo,70.0,69.0
2026-10-01,2026-10-01 15:33,2026-10-04,3,BOM,BLR,BOM-BLR,QP,Akasa Air,1,10341,INR,0,,09:25,9,11:25,11,False,120,120,0,Boeing 737MAX 8 Passenger,74.0,69.0
2026-10-01,2026-10-01 15:33,2026-10-04,3,BOM,BLR,BOM-BLR,AI,Air India,1,10429,INR,0,,23:40,23,01:40,1,True,120,120,0,Airbus A321,109.0,69.0
2026-10-01,2026-10-01 15:33,2026-10-04,3,BOM,BLR,BOM-BLR,AI,Air India,1,10618,INR,0,,23:30,23,01:35,1,True,125,125,0,Airbus A320neo,83.0,69.0
2026-10-01,2026-10-01 15:33,2026-10-04,3,BOM,BLR,BOM-BLR,6E,IndiGo,1,10681,INR,0,,22:20,22,00:20,0,True,120,120,0,Airbus A321neo,70.0,69.0
2026-10-01,2026-10-01 15:33,2026-10-04,3,BOM,BLR,BOM-BLR,AI,Air India,1,10802,INR,0,,10:00,10,12:05,12,False,125,125,0,Airbus A320neo,83.0,69.0
2026-10-01,2026-10-01 15:33,2026-10-04,3,BOM,BLR,BOM-BLR,6E,IndiGo,1,11311,INR,0,,18:30,18,20:25,20,False,115,115,0,Airbus A321neo,70.0,69.0
2026-10-01,2026-10-01 15:33,2026-10-04,3,BOM,BLR,BOM-BLR,6E,IndiGo,1,12046,INR,0,,12:30,12,14:25,14,False,115,115,0,Airbus A321neo,70.0,69.0
2026-10-01,2026-10-01 15:33,2026-10-04,3,BOM,BLR,BOM-BLR,6E,IndiGo,1,12046,INR,0,,14:30,14,16:25,16,False,115,115,0,Airbus A321neo,70.0,69.0
2026-10-01,2026-10-01 15:33,2026-10-04,3,BOM,BLR,BOM-BLR,6E,IndiGo,1,12046,INR,0,,17:00,17,18:55,18,False,115,115,0,Airbus A321neo,70.0,69.0
2026-10-01,2026-10-01 15:33,2026-10-04,3,BOM,BLR,BOM-BLR,QP,Akasa Air,1,12159,INR,0,,21:45,21,23:35,23,False,110,110,0,Boeing 737MAX 8 Passenger,74.0,69.0
2026-10-01,2026-10-01 15:33,2026-10-04,3,BOM,BLR,BOM-BLR,QP,Akasa Air,1,12666,INR,0,,20:05,20,21:45,21,False,100,100,0,Boeing 737MAX 8 Passenger,70.0,69.0
2026-10-01,2026-10-01 15:33,2026-10-04,3,BOM,BLR,BOM-BLR,AI,Air India,1,12766,INR,0,,18:30,18,20:35,20,False,125,125,0,Airbus A320neo,83.0,69.0
2026-10-01,2026-10-01 15:33,2026-10-04,3,BOM,BLR,BOM-BLR,6E,IndiGo,1,13621,INR,0,,15:35,15,17:25,17,False,110,110,0,Airbus A321neo,70.0,69.0
2026-10-01,2026-10-01 15:33,2026-10-04,3,BOM,BLR,BOM-BLR,AI,Air India,1,14209,INR,0,,20:45,20,22:45,22,False,120,120,0,Airbus A320neo,83.0,69.0
2026-10-01,2026-10-01 15:33,2026-10-04,3,BOM,BLR,BOM-BLR,AI,Air India,1,19076,INR,0,,19:45,19,21:50,21,False,125,125,0,Airbus A320neo,83.0,69.0
2026-10-01,2026-10-01 15:33,2026-10-04,3,BOM,BLR,BOM-BLR,AI,Air India,1,19433,INR,0,,12:00,12,14:05,14,False,125,125,0,Airbus A320neo,83.0,69.0
2026-10-01,2026-10-01 15:33,2026-10-04,3,BOM,BLR,BOM-BLR,AI,Air India,1,19790,INR,0,,15:25,15,17:35,17,False,130,130,0,Airbus A320neo,83.0,69.0
2026-10-01,2026-10-01 15:33,2026-10-04,3,BOM,BLR,BOM-BLR,AI,Air India,1,19790,INR,0,,17:30,17,19:35,19,False,125,125,0,Airbus A320neo,83.0,69.0
2026-10-01,2026-10-01 15:33,2026-10-08,7,BOM,BLR,BOM-BLR,6E,IndiGo,1,4994,INR,0,,01:10,1,03:05,3,False,115,115,0,Airbus A321neo,70.0,69.0
2026-10-01,2026-10-01 15:33,2026-10-08,7,BOM,BLR,BOM-BLR,AI,Air India,1,4996,INR,0,,05:30,5,07:35,7,False,125,125,0,Airbus A321,105.0,69.0
2026-10-01,2026-10-01 15:33,2026-10-08,7,BOM,BLR,BOM-BLR,QP,Akasa Air,1,5400,INR,0,,00:40,0,02:35,2,False,115,115,0,Boeing 737MAX 8 Passenger,73.0,69.0
2026-10-01,2026-10-01 15:33,2026-10-08,7,BOM,BLR,BOM-BLR,AI,Air India,1,6623,INR,0,,23:30,23,01:35,1,True,125,125,0,Airbus A320neo,83.0,69.0
2026-10-01,2026-10-01 15:33,2026-10-08,7,BOM,BLR,BOM-BLR,QP,Akasa Air,1,6994,INR,0,,09:25,9,11:25,11,False,120,120,0,Boeing 737MAX 8 Passenger,73.0,69.0
2026-10-01,2026-10-01 15:33,2026-10-08,7,BOM,BLR,BOM-BLR,6E,IndiGo,1,7006,INR,0,,06:15,6,08:00,8,False,105,105,0,Airbus A321neo,70.0,69.0
2026-10-01,2026-10-01 15:33,2026-10-08,7,BOM,BLR,BOM-BLR,6E,IndiGo,1,7006,INR,0,,09:50,9,11:55,11,False,125,125,0,Airbus A321neo,70.0,69.0
2026-10-01,2026-10-01 15:33,2026-10-08,7,BOM,BLR,BOM-BLR,6E,IndiGo,1,7006,INR,0,,11:00,11,12:55,12,False,115,115,0,Airbus A321neo,70.0,69.0
2026-10-01,2026-10-01 15:33,2026-10-08,7,BOM,BLR,BOM-BLR,6E,IndiGo,1,7006,INR,0,,12:30,12,14:25,14,False,115,115,0,Airbus A321neo,70.0,69.0
2026-10-01,2026-10-01 15:33,2026-10-08,7,BOM,BLR,BOM-BLR,6E,IndiGo,1,7006,INR,0,,14:30,14,16:25,16,False,115,115,0,Airbus A321neo,70.0,69.0
2026-10-01,2026-10-01 15:33,2026-10-08,7,BOM,BLR,BOM-BLR,6E,IndiGo,1,7006,INR,0,,15:35,15,17:25,17,False,110,110,0,Airbus A321neo,70.0,69.0
2026-10-01,2026-10-01 15:33,2026-10-08,7,BOM,BLR,BOM-BLR,6E,IndiGo,1,7006,INR,0,,17:00,17,18:55,18,False,115,115,0,Airbus A321neo,70.0,69.0
2026-10-01,2026-10-01 15:33,2026-10-08,7,BOM,BLR,BOM-BLR,6E,IndiGo,1,7006,INR,0,,22:20,22,00:20,0,True,120,120,0,Airbus A321neo,70.0,69.0
2026-10-01,2026-10-01 15:33,2026-10-08,7,BOM,BLR,BOM-BLR,AI,Air India,1,7012,INR,0,,07:55,7,10:05,10,False,130,130,0,Airbus A320neo,83.0,69.0
2026-10-01,2026-10-01 15:33,2026-10-08,7,BOM,BLR,BOM-BLR,AI,Air India,1,7012,INR,0,,15:25,15,17:35,17,False,130,130,0,Airbus A320neo,83.0,69.0
2026-10-01,2026-10-01 15:33,2026-10-08,7,BOM,BLR,BOM-BLR,AI,Air India,1,7243,INR,0,,10:00,10,12:05,12,False,125,125,0,Airbus A320neo,83.0,69.0
2026-10-01,2026-10-01 15:33,2026-10-08,7,BOM,BLR,BOM-BLR,6E,IndiGo,1,7321,INR,0,,07:45,7,09:45,9,False,120,120,0,Airbus A321neo,70.0,69.0
2026-10-01,2026-10-01 15:33,2026-10-08,7,BOM,BLR,BOM-BLR,6E,IndiGo,1,7321,INR,0,,21:30,21,23:25,23,False,115,115,0,Airbus A321neo,70.0,69.0
2026-10-01,2026-10-01 15:33,2026-10-08,7,BOM,BLR,BOM-BLR,AI,Air India,1,7327,INR,0,,12:00,12,14:05,14,False,125,125,0,Airbus A320neo,83.0,69.0
2026-10-01,2026-10-01 15:33,2026-10-08,7,BOM,BLR,BOM-BLR,AI,Air India,1,7568,INR,0,,06:35,6,08:35,8,False,120,120,0,Airbus A320neo,83.0,69.0
2026-10-01,2026-10-01 15:33,2026-10-08,7,BOM,BLR,BOM-BLR,AI,Air India,1,7899,INR,0,,17:30,17,19:35,19,False,125,125,0,Airbus A320neo,83.0,69.0
2026-10-01,2026-10-01 15:33,2026-10-08,7,BOM,BLR,BOM-BLR,6E,IndiGo,1,8056,INR,0,,18:30,18,20:25,20,False,115,115,0,Airbus A321neo,70.0,69.0
2026-10-01,2026-10-01 15:33,2026-10-08,7,BOM,BLR,BOM-BLR,AI,Air India,1,8403,INR,0,,20:45,20,22:45,22,False,120,120,0,Airbus A320neo,83.0,69.0
2026-10-01,2026-10-01 15:33,2026-10-08,7,BOM,BLR,BOM-BLR,AI,Air India,1,8471,INR,0,,18:30,18,20:35,20,False,125,125,0,Airbus A320neo,83.0,69.0
2026-10-01,2026-10-01 15:33,2026-10-08,7,BOM,BLR,BOM-BLR,6E,IndiGo,1,9001,INR,0,,19:50,19,21:45,21,False,115,115,0,Airbus A321neo,70.0,69.0
2026-10-01,2026-10-01 15:33,2026-10-08,7,BOM,BLR,BOM-BLR,QP,Akasa Air,1,9175,INR,0,,21:45,21,23:35,23,False,110,110,0,Boeing 737MAX 8 Passenger,74.0,69.0
2026-10-01,2026-10-01 15:33,2026-10-08,7,BOM,BLR,BOM-BLR,QP,Akasa Air,1,9934,INR,0,,20:05,20,21:45,21,False,100,100,0,Boeing 737MAX 8 Passenger,74.0,69.0
2026-10-01,2026-10-01 15:33,2026-10-08,7,BOM,BLR,BOM-BLR,AI,Air India,1,10429,INR,0,,19:45,19,21:50,21,False,125,125,0,Airbus A320neo,83.0,69.0
2026-10-01,2026-10-01 15:33,2026-10-15,14,BOM,BLR,BOM-BLR,6E,IndiGo,1,4994,INR,0,,01:10,1,03:05,3,False,115,115,0,Airbus A321neo,70.0,69.0
2026-10-01,2026-10-01 15:33,2026-10-15,14,BOM,BLR,BOM-BLR,AI,Air India,1,4996,INR,0,,05:30,5,07:35,7,False,125,125,0,Airbus A321,105.0,69.0
2026-10-01,2026-10-01 15:33,2026-10-15,14,BOM,BLR,BOM-BLR,6E,IndiGo,1,5486,INR,1,GOX,09:15,9,13:35,13,False,260,155,105,Airbus A321neo | Airbus A321neo,90.0,69.0
2026-10-01,2026-10-01 15:33,2026-10-15,14,BOM,BLR,BOM-BLR,6E,IndiGo,1,5870,INR,1,GOI,16:40,16,20:25,20,False,225,165,60,Airbus A320 | Airbus A321neo,103.0,69.0
2026-10-01,2026-10-01 15:33,2026-10-15,14,BOM,BLR,BOM-BLR,QP,Akasa Air,1,6487,INR,0,,05:35,5,07:25,7,False,110,110,0,Boeing 737MAX 8 Passenger,70.0,69.0
2026-10-01,2026-10-01 15:33,2026-10-15,14,BOM,BLR,BOM-BLR,6E,IndiGo,1,7006,INR,0,,06:15,6,08:00,8,False,105,105,0,Airbus A321neo,70.0,69.0
2026-10-01,2026-10-01 15:33,2026-10-15,14,BOM,BLR,BOM-BLR,6E,IndiGo,1,7006,INR,0,,07:45,7,09:45,9,False,120,120,0,Airbus A321neo,70.0,69.0
2026-10-01,2026-10-01 15:33,2026-10-15,14,BOM,BLR,BOM-BLR,6E,IndiGo,1,7006,INR,0,,09:50,9,11:55,11,False,125,125,0,Airbus A321neo,70.0,69.0
2026-10-01,2026-10-01 15:33,2026-10-15,14,BOM,BLR,BOM-BLR,6E,IndiGo,1,7006,INR,0,,11:00,11,12:55,12,False,115,115,0,Airbus A321neo,70.0,69.0
2026-10-01,2026-10-01 15:33,2026-10-15,14,BOM,BLR,BOM-BLR,6E,IndiGo,1,7006,INR,0,,12:30,12,14:25,14,False,115,115,0,Airbus A321neo,70.0,69.0
2026-10-01,2026-10-01 15:33,2026-10-15,14,BOM,BLR,BOM-BLR,6E,IndiGo,1,7006,INR,0,,14:30,14,16:25,16,False,115,115,0,Airbus A321neo,70.0,69.0
2026-10-01,2026-10-01 15:33,2026-10-15,14,BOM,BLR,BOM-BLR,6E,IndiGo,1,7006,INR,0,,15:35,15,17:25,17,False,110,110,0,Airbus A321neo,70.0,69.0
2026-10-01,2026-10-01 15:33,2026-10-15,14,BOM,BLR,BOM-BLR,6E,IndiGo,1,7006,INR,0,,17:00,17,18:55,18,False,115,115,0,Airbus A321neo,70.0,69.0
2026-10-01,2026-10-01 15:33,2026-10-15,14,BOM,BLR,BOM-BLR,6E,IndiGo,1,7006,INR,0,,18:30,18,20:15,20,False,105,105,0,Airbus A321neo,70.0,69.0
2026-10-01,2026-10-01 15:33,2026-10-15,14,BOM,BLR,BOM-BLR,6E,IndiGo,1,7006,INR,0,,21:30,21,23:25,23,False,115,115,0,Airbus A321neo,70.0,69.0
2026-10-01,2026-10-01 15:33,2026-10-15,14,BOM,BLR,BOM-BLR,6E,IndiGo,1,7006,INR,0,,22:20,22,00:20,0,True,120,120,0,Airbus A321neo,70.0,69.0
2026-10-01,2026-10-01 15:33,2026-10-15,14,BOM,BLR,BOM-BLR,AI,Air India,1,7027,INR,0,,15:25,15,17:35,17,False,130,130,0,Airbus A320neo,83.0,69.0
2026-10-01,2026-10-01 15:33,2026-10-15,14,BOM,BLR,BOM-BLR,AI,Air India,1,7264,INR,0,,17:30,17,19:35,19,False,125,125,0,Airbus A320neo,83.0,69.0
2026-10-01,2026-10-01 15:33,2026-10-15,14,BOM,BLR,BOM-BLR,QP,Akasa Air,1,7264,INR,0,,21:45,21,23:35,23,False,110,110,0,Boeing 737MAX 8 Passenger,71.0,69.0
2026-10-01,2026-10-01 15:33,2026-10-15,14,BOM,BLR,BOM-BLR,AI,Air India,1,7321,INR,0,,20:45,20,22:45,22,False,120,120,0,Airbus A320neo,83.0,69.0
2026-10-01,2026-10-01 15:33,2026-10-15,14,BOM,BLR,BOM-BLR,AI,Air India,1,7421,INR,0,,07:55,7,10:05,10,False,130,130,0,Airbus A320neo,83.0,69.0
2026-10-01,2026-10-01 15:33,2026-10-15,14,BOM,BLR,BOM-BLR,AI,Air India,1,7421,INR,0,,19:45,19,21:50,21,False,125,125,0,Airbus A320neo,83.0,69.0
2026-10-01,2026-10-01 15:33,2026-10-15,14,BOM,BLR,BOM-BLR,AI,Air India,1,7421,INR,0,,23:30,23,01:35,1,True,125,125,0,Airbus A320neo,83.0,69.0
2026-10-01,2026-10-01 15:33,2026-10-15,14,BOM,BLR,BOM-BLR,6E,IndiGo,1,7636,INR,0,,19:50,19,21:45,21,False,115,115,0,Airbus A321neo,70.0,69.0
2026-10-01,2026-10-01 15:33,2026-10-15,14,BOM,BLR,BOM-BLR,AI,Air India,1,7673,INR,0,,06:35,6,08:35,8,False,120,120,0,Airbus A320neo,83.0,69.0
2026-10-01,2026-10-01 15:33,2026-10-15,14,BOM,BLR,BOM-BLR,AI,Air India,1,8240,INR,0,,18:30,18,20:35,20,False,125,125,0,Airbus A320neo,83.0,69.0
2026-10-01,2026-10-01 15:33,2026-10-15,14,BOM,BLR,BOM-BLR,QP,Akasa Air,1,8480,INR,0,,20:05,20,21:45,21,False,100,100,0,Boeing 737MAX 8 Passenger,74.0,69.0
2026-10-01,2026-10-01 15:33,2026-10-15,14,BOM,BLR,BOM-BLR,AI,Air India,1,9075,INR,0,,10:00,10,12:05,12,False,125,125,0,Airbus A320neo,83.0,69.0
2026-10-01,2026-10-01 15:33,2026-10-15,14,BOM,BLR,BOM-BLR,AI,Air India,1,12319,INR,0,,12:00,12,14:05,14,False,125,125,0,Airbus A320neo,83.0,69.0
2026-10-01,2026-10-01 15:33,2026-10-22,21,BOM,BLR,BOM-BLR,6E,IndiGo,1,4994,INR,0,,01:10,1,03:05,3,False,115,115,0,Airbus A321neo,70.0,69.0
2026-10-01,2026-10-01 15:33,2026-10-22,21,BOM,BLR,BOM-BLR,AI,Air India,1,4996,INR,0,,05:30,5,07:35,7,False,125,125,0,Airbus A321,105.0,69.0
2026-10-01,2026-10-01 15:33,2026-10-22,21,BOM,BLR,BOM-BLR,QP,Akasa Air,1,5400,INR,0,,00:40,0,02:35,2,False,115,115,0,Boeing 737MAX 8 Passenger,74.0,69.0
2026-10-01,2026-10-01 15:33,2026-10-22,21,BOM,BLR,BOM-BLR,QP,Akasa Air,1,5400,INR,0,,05:35,5,07:25,7,False,110,110,0,Boeing 737MAX 8 Passenger,70.0,69.0
2026-10-01,2026-10-01 15:33,2026-10-22,21,BOM,BLR,BOM-BLR,SG,SpiceJet,1,5440,INR,0,,00:45,0,02:45,2,False,120,120,0,Boeing 737,83.0,69.0
2026-10-01,2026-10-01 15:33,2026-10-22,21,BOM,BLR,BOM-BLR,SG,SpiceJet,1,5440,INR,0,,20:50,20,22:50,22,False,120,120,0,Boeing 737,83.0,69.0
2026-10-01,2026-10-01 15:33,2026-10-22,21,BOM,BLR,BOM-BLR,QP,Akasa Air,1,5806,INR,0,,21:45,21,23:35,23,False,110,110,0,Boeing 737MAX 8 Passenger,71.0,69.0
2026-10-01,2026-10-01 15:33,2026-10-22,21,BOM,BLR,BOM-BLR,AI,Air India,1,6245,INR,0,,23:30,23,01:35,1,True,125,125,0,Airbus A320neo,83.0,69.0
2026-10-01,2026-10-01 15:33,2026-10-22,21,BOM,BLR,BOM-BLR,6E,IndiGo,1,7006,INR,0,,06:15,6,08:00,8,False,105,105,0,Airbus A321neo,70.0,69.0
2026-10-01,2026-10-01 15:33,2026-10-22,21,BOM,BLR,BOM-BLR,6E,IndiGo,1,7006,INR,0,,07:45,7,09:45,9,False,120,120,0,Airbus A321neo,70.0,69.0
2026-10-01,2026-10-01 15:33,2026-10-22,21,BOM,BLR,BOM-BLR,6E,IndiGo,1,7006,INR,0,,09:50,9,11:55,11,False,125,125,0,Airbus A321neo,70.0,69.0
2026-10-01,2026-10-01 15:33,2026-10-22,21,BOM,BLR,BOM-BLR,6E,IndiGo,1,7006,INR,0,,11:00,11,12:55,12,False,115,115,0,Airbus A321neo,70.0,69.0
2026-10-01,2026-10-01 15:33,2026-10-22,21,BOM,BLR,BOM-BLR,6E,IndiGo,1,7006,INR,0,,12:30,12,14:25,14,False,115,115,0,Airbus A321neo,70.0,69.0
2026-10-01,2026-10-01 15:33,2026-10-22,21,BOM,BLR,BOM-BLR,6E,IndiGo,1,7006,INR,0,,14:30,14,16:25,16,False,115,115,0,Airbus A321neo,70.0,69.0
2026-10-01,2026-10-01 15:33,2026-10-22,21,BOM,BLR,BOM-BLR,6E,IndiGo,1,7006,INR,0,,15:35,15,17:25,17,False,110,110,0,Airbus A321neo,70.0,69.0
2026-10-01,2026-10-01 15:33,2026-10-22,21,BOM,BLR,BOM-BLR,6E,IndiGo,1,7006,INR,0,,17:00,17,18:55,18,False,115,115,0,Airbus A321neo,70.0,69.0
2026-10-01,2026-10-01 15:33,2026-10-22,21,BOM,BLR,BOM-BLR,6E,IndiGo,1,7006,INR,0,,18:30,18,20:15,20,False,105,105,0,Airbus A321neo,70.0,69.0
2026-10-01,2026-10-01 15:33,2026-10-22,21,BOM,BLR,BOM-BLR,6E,IndiGo,1,7006,INR,0,,19:50,19,21:45,21,False,115,115,0,Airbus A321neo,70.0,69.0
2026-10-01,2026-10-01 15:33,2026-10-22,21,BOM,BLR,BOM-BLR,6E,IndiGo,1,7006,INR,0,,21:30,21,23:25,23,False,115,115,0,Airbus A321neo,70.0,69.0
2026-10-01,2026-10-01 15:33,2026-10-22,21,BOM,BLR,BOM-BLR,6E,IndiGo,1,7006,INR,0,,22:20,22,00:20,0,True,120,120,0,Airbus A321neo,70.0,69.0
2026-10-01,2026-10-01 15:33,2026-10-22,21,BOM,BLR,BOM-BLR,AI,Air India,1,7027,INR,0,,07:55,7,10:05,10,False,130,130,0,Airbus A320neo,83.0,69.0
2026-10-01,2026-10-01 15:33,2026-10-22,21,BOM,BLR,BOM-BLR,AI,Air India,1,7027,INR,0,,12:00,12,14:05,14,False,125,125,0,Airbus A320neo,83.0,69.0
2026-10-01,2026-10-01 15:33,2026-10-22,21,BOM,BLR,BOM-BLR,AI,Air India,1,7027,INR,0,,19:45,19,21:50,21,False,125,125,0,Airbus A320neo,83.0,69.0
2026-10-01,2026-10-01 15:33,2026-10-22,21,BOM,BLR,BOM-BLR,AI,Air India,1,7264,INR,0,,06:35,6,08:35,8,False,120,120,0,Airbus A320neo,83.0,69.0
2026-10-01,2026-10-01 15:33,2026-10-22,21,BOM,BLR,BOM-BLR,AI,Air India,1,7264,INR,0,,10:00,10,12:05,12,False,125,125,0,Airbus A320neo,83.0,69.0
2026-10-01,2026-10-01 15:33,2026-10-22,21,BOM,BLR,BOM-BLR,AI,Air India,1,7264,INR,0,,17:30,17,19:35,19,False,125,125,0,Airbus A320neo,83.0,69.0
2026-10-01,2026-10-01 15:33,2026-10-22,21,BOM,BLR,BOM-BLR,QP,Akasa Air,1,7264,INR,0,,20:05,20,21:45,21,False,100,100,0,Boeing 737MAX 8 Passenger,74.0,69.0
2026-10-01,2026-10-01 15:33,2026-10-22,21,BOM,BLR,BOM-BLR,AI,Air India,1,7321,INR,0,,20:45,20,22:45,22,False,120,120,0,Airbus A320neo,83.0,69.0
2026-10-01,2026-10-01 15:33,2026-10-22,21,BOM,BLR,BOM-BLR,AI,Air India,1,7421,INR,0,,15:25,15,17:35,17,False,130,130,0,Airbus A320neo,83.0,69.0
2026-10-01,2026-10-01 15:33,2026-10-22,21,BOM,BLR,BOM-BLR,AI,Air India,1,8240,INR,0,,18:30,18,20:35,20,False,125,125,0,Airbus A320neo,83.0,69.0
2026-10-01,2026-10-01 15:33,2026-10-31,30,BOM,BLR,BOM-BLR,6E,IndiGo,1,5870,INR,1,GOI,04:30,4,08:25,8,False,235,135,100,Airbus A320neo | Airbus A321neo,96.0,69.0
2026-10-01,2026-10-01 15:33,2026-10-31,30,BOM,BLR,BOM-BLR,6E,IndiGo,1,5870,INR,1,GOI,13:55,13,19:15,19,False,320,145,175,Airbus A321neo | Airbus A321neo,91.0,69.0
2026-10-01,2026-10-01 15:33,2026-10-31,30,BOM,BLR,BOM-BLR,6E,IndiGo,1,5870,INR,1,GOI,17:20,17,22:05,22,False,285,145,140,Airbus A320neo | Airbus A321neo,96.0,69.0
2026-10-01,2026-10-01 15:33,2026-10-31,30,BOM,BLR,BOM-BLR,6E,IndiGo,1,6001,INR,1,IXE,09:10,9,12:40,12,False,210,150,60,Airbus A320neo | Airbus A320neo,106.0,69.0
2026-10-01,2026-10-01 15:33,2026-10-31,30,BOM,BLR,BOM-BLR,6E,IndiGo,1,6001,INR,1,HYD,10:15,10,14:50,14,False,275,170,105,Airbus A321neo | Airbus A321neo,105.0,69.0
2026-10-01,2026-10-01 15:33,2026-10-31,30,BOM,BLR,BOM-BLR,6E,IndiGo,1,6001,INR,1,HYD,12:00,12,15:55,15,False,235,170,65,Airbus A321neo | Airbus A320neo,110.0,69.0
2026-10-01,2026-10-01 15:33,2026-10-31,30,BOM,BLR,BOM-BLR,6E,IndiGo,1,6001,INR,1,IXE,15:10,15,19:05,19,False,235,150,85,Airbus A321neo | Airbus A321neo,97.0,69.0
2026-10-01,2026-10-01 15:33,2026-10-31,30,BOM,BLR,BOM-BLR,6E,IndiGo,1,6001,INR,1,HYD,16:40,16,20:50,20,False,250,175,75,Airbus A321neo | Airbus A321neo,105.0,69.0
2026-10-01,2026-10-01 15:33,2026-10-31,30,BOM,BLR,BOM-BLR,6E,IndiGo,1,6001,INR,1,IXE,19:05,19,22:35,22,False,210,150,60,Airbus A320neo | Airbus A321neo,102.0,69.0
2026-10-01,2026-10-01 15:33,2026-10-31,30,BOM,BLR,BOM-BLR,6E,IndiGo,1,6211,INR,1,MAA,13:00,13,17:25,17,False,265,190,75,Airbus A321neo | Airbus A321neo,118.0,69.0
2026-10-01,2026-10-01 15:33,2026-10-31,30,BOM,BLR,BOM-BLR,SG,SpiceJet,1,6971,INR,0,,23:15,23,01:10,1,True,115,115,0,Boeing 737,83.0,69.0
2026-10-01,2026-10-01 15:33,2026-10-31,30,BOM,BLR,BOM-BLR,QP,Akasa Air,1,7264,INR,0,,23:10,23,01:00,1,True,110,110,0,Boeing 737MAX 8 Passenger,73.0,69.0
2026-10-01,2026-10-01 15:33,2026-10-31,30,BOM,BLR,BOM-BLR,SG,SpiceJet,1,7484,INR,0,,05:45,5,07:45,7,False,120,120,0,Airbus A320,86.0,69.0
2026-10-01,2026-10-01 15:33,2026-10-31,30,BOM,BLR,BOM-BLR,6E,IndiGo,1,8476,INR,0,,00:45,0,02:35,2,False,110,110,0,Airbus A321neo,70.0,69.0
2026-10-01,2026-10-01 15:33,2026-10-31,30,BOM,BLR,BOM-BLR,6E,IndiGo,1,8476,INR,0,,04:30,4,06:20,6,False,110,110,0,Airbus A321neo,70.0,69.0
2026-10-01,2026-10-01 15:33,2026-10-31,30,BOM,BLR,BOM-BLR,6E,IndiGo,1,8476,INR,0,,15:00,15,16:50,16,False,110,110,0,Airbus A321neo,70.0,69.0
2026-10-01,2026-10-01 15:33,2026-10-31,30,BOM,BLR,BOM-BLR,6E,IndiGo,1,8476,INR,0,,19:00,19,20:50,20,False,110,110,0,Airbus A321neo,70.0,69.0
2026-10-01,2026-10-01 15:33,2026-10-31,30,BOM,BLR,BOM-BLR,6E,IndiGo,1,8476,INR,0,,20:15,20,22:05,22,False,110,110,0,Airbus A321neo,70.0,69.0
2026-10-01,2026-10-01 15:33,2026-10-31,30,BOM,BLR,BOM-BLR,6E,IndiGo,1,8476,INR,0,,21:45,21,23:35,23,False,110,110,0,Airbus A321neo,70.0,69.0
2026-10-01,2026-10-01 15:33,2026-10-31,30,BOM,BLR,BOM-BLR,6E,IndiGo,1,8476,INR,0,,22:55,22,00:45,0,True,110,110,0,Airbus A321neo,70.0,69.0
2026-10-01,2026-10-01 15:33,2026-10-31,30,BOM,BLR,BOM-BLR,AI,Air India,1,8770,INR,0,,02:05,2,03:50,3,False,105,105,0,Airbus A320neo,83.0,69.0
2026-10-01,2026-10-01 15:33,2026-10-31,30,BOM,BLR,BOM-BLR,QP,Akasa Air,1,8819,INR,0,,08:15,8,10:05,10,False,110,110,0,Boeing 737MAX 8 Passenger,74.0,69.0
2026-10-01,2026-10-01 15:33,2026-10-31,30,BOM,BLR,BOM-BLR,AI,Air India,1,8923,INR,0,,15:35,15,17:25,17,False,110,110,0,Airbus A320neo,83.0,69.0
2026-10-01,2026-10-01 15:33,2026-10-31,30,BOM,BLR,BOM-BLR,AI,Air India,1,8959,INR,0,,13:45,13,15:35,15,False,110,110,0,Airbus A321,109.0,69.0
2026-10-01,2026-10-01 15:33,2026-10-31,30,BOM,BLR,BOM-BLR,AI,Air India,1,8959,INR,0,,18:00,18,19:50,19,False,110,110,0,Airbus A320neo,83.0,69.0
2026-10-01,2026-10-01 15:33,2026-10-31,30,BOM,BLR,BOM-BLR,6E,IndiGo,1,9001,INR,0,,17:45,17,19:35,19,False,110,110,0,Airbus A321neo,70.0,69.0
2026-10-01,2026-10-01 15:33,2026-10-31,30,BOM,BLR,BOM-BLR,AI,Air India,1,9075,INR,0,,19:15,19,21:05,21,False,110,110,0,Airbus A320neo,83.0,69.0
2026-10-01,2026-10-01 15:33,2026-10-31,30,BOM,BLR,BOM-BLR,QP,Akasa Air,1,9175,INR,0,,19:00,19,20:45,20,False,105,105,0,Boeing 737MAX 8 Passenger,73.0,69.0
2026-10-01,2026-10-01 15:33,2026-10-31,30,BOM,BLR,BOM-BLR,6E,IndiGo,1,9526,INR,0,,12:30,12,14:20,14,False,110,110,0,Airbus A321neo,70.0,69.0
2026-10-01,2026-10-01 15:33,2026-10-31,30,BOM,BLR,BOM-BLR,6E,IndiGo,1,10051,INR,0,,02:15,2,04:05,4,False,110,110,0,Airbus A321neo,70.0,69.0
2026-10-01,2026-10-01 15:33,2026-10-31,30,BOM,BLR,BOM-BLR,6E,IndiGo,1,10051,INR,0,,11:05,11,12:55,12,False,110,110,0,Airbus A321neo,70.0,69.0
2026-10-01,2026-10-01 15:33,2026-10-31,30,BOM,BLR,BOM-BLR,6E,IndiGo,1,10051,INR,0,,16:20,16,18:10,18,False,110,110,0,Airbus A321neo,70.0,69.0
2026-10-01,2026-10-01 15:33,2026-10-31,30,BOM,BLR,BOM-BLR,AI,Air India,1,10429,INR,0,,06:35,6,08:20,8,False,105,105,0,Airbus A320neo,83.0,69.0
2026-10-01,2026-10-01 15:33,2026-10-31,30,BOM,BLR,BOM-BLR,AI,Air India,1,10429,INR,0,,07:55,7,09:40,9,False,105,105,0,Airbus A320neo,83.0,69.0
2026-10-01,2026-10-01 15:33,2026-10-31,30,BOM,BLR,BOM-BLR,AI,Air India,1,10429,INR,0,,11:00,11,12:45,12,False,105,105,0,Airbus A321,109.0,69.0
2026-10-01,2026-10-01 15:33,2026-10-31,30,BOM,BLR,BOM-BLR,AI,Air India,1,10618,INR,0,,12:00,12,13:45,13,False,105,105,0,Airbus A320neo,83.0,69.0
2026-10-01,2026-10-01 15:33,2026-10-31,30,BOM,BLR,BOM-BLR,6E,IndiGo,1,10681,INR,0,,06:00,6,07:50,7,False,110,110,0,Airbus A321neo,70.0,69.0
2026-10-01,2026-10-01 15:33,2026-10-31,30,BOM,BLR,BOM-BLR,6E,IndiGo,1,10681,INR,0,,09:40,9,11:30,11,False,110,110,0,Airbus A321neo,70.0,69.0
2026-10-01,2026-10-01 15:33,2026-10-31,30,BOM,BLR,BOM-BLR,AI,Air India,1,10802,INR,0,,10:00,10,11:45,11,False,105,105,0,Airbus A320neo,83.0,69.0
2026-10-01,2026-10-01 15:33,2026-10-31,30,BOM,BLR,BOM-BLR,AI,Air India,1,10802,INR,0,,17:30,17,19:20,19,False,110,110,0,Airbus A320neo,83.0,69.0
2026-10-01,2026-10-01 15:33,2026-10-31,30,BOM,BLR,BOM-BLR,6E,IndiGo,1,12046,INR,0,,07:25,7,09:15,9,False,110,110,0,Airbus A321neo,70.0,69.0
2026-10-01,2026-10-01 15:33,2026-10-31,30,BOM,BLR,BOM-BLR,QP,Akasa Air,1,12666,INR,0,,08:35,8,10:20,10,False,105,105,0,Boeing 737MAX 8 Passenger,73.0,69.0
2026-10-01,2026-10-01 15:33,2026-11-15,45,BOM,BLR,BOM-BLR,6E,IndiGo,1,5870,INR,1,GOI,04:30,4,09:15,9,False,285,135,150,Airbus A320neo | Airbus A321neo,93.0,69.0
2026-10-01,2026-10-01 15:33,2026-11-15,45,BOM,BLR,BOM-BLR,6E,IndiGo,1,5870,INR,1,GOI,13:55,13,19:15,19,False,320,145,175,Airbus A321neo | Airbus A321neo,89.0,69.0
2026-10-01,2026-10-01 15:33,2026-11-15,45,BOM,BLR,BOM-BLR,6E,IndiGo,1,6001,INR,1,HYD,05:30,5,09:35,9,False,245,170,75,Airbus A321neo | Airbus A320neo,107.0,69.0
2026-10-01,2026-10-01 15:33,2026-11-15,45,BOM,BLR,BOM-BLR,6E,IndiGo,1,7149,INR,1,AMD,16:45,16,21:55,21,False,310,210,100,Airbus A320neo | Airbus A320neo,145.0,69.0
2026-10-01,2026-10-01 15:33,2026-11-15,45,BOM,BLR,BOM-BLR,SG,SpiceJet,1,8057,INR,0,,05:45,5,07:45,7,False,120,120,0,Airbus A320,84.0,69.0
2026-10-01,2026-10-01 15:33,2026-11-15,45,BOM,BLR,BOM-BLR,6E,IndiGo,1,8476,INR,0,,00:45,0,02:35,2,False,110,110,0,Airbus A321neo,69.0,69.0
2026-10-01,2026-10-01 15:33,2026-11-15,45,BOM,BLR,BOM-BLR,6E,IndiGo,1,8476,INR,0,,06:00,6,07:50,7,False,110,110,0,Airbus A321neo,69.0,69.0
2026-10-01,2026-10-01 15:33,2026-11-15,45,BOM,BLR,BOM-BLR,QP,Akasa Air,1,8819,INR,0,,23:10,23,01:00,1,True,110,110,0,Boeing 737MAX 8 Passenger,71.0,69.0
2026-10-01,2026-10-01 15:33,2026-11-15,45,BOM,BLR,BOM-BLR,AI,Air India,1,8875,INR,0,,02:05,2,03:50,3,False,105,105,0,Airbus A320neo,81.0,69.0
2026-10-01,2026-10-01 15:33,2026-11-15,45,BOM,BLR,BOM-BLR,AI,Air India,1,8875,INR,0,,06:35,6,08:20,8,False,105,105,0,Airbus A320neo,81.0,69.0
2026-10-01,2026-10-01 15:33,2026-11-15,45,BOM,BLR,BOM-BLR,SG,SpiceJet,1,9399,INR,0,,18:20,18,20:20,20,False,120,120,0,Airbus A320,84.0,69.0
2026-10-01,2026-10-01 15:33,2026-11-15,45,BOM,BLR,BOM-BLR,6E,IndiGo,1,9526,INR,0,,04:30,4,06:20,6,False,110,110,0,Airbus A321neo,69.0,69.0
2026-10-01,2026-10-01 15:33,2026-11-15,45,BOM,BLR,BOM-BLR,6E,IndiGo,1,9526,INR,0,,07:25,7,09:15,9,False,110,110,0,Airbus A321neo,69.0,69.0
2026-10-01,2026-10-01 15:33,2026-11-15,45,BOM,BLR,BOM-BLR,6E,IndiGo,1,9526,INR,0,,21:45,21,23:35,23,False,110,110,0,Airbus A321neo,69.0,69.0
2026-10-01,2026-10-01 15:33,2026-11-15,45,BOM,BLR,BOM-BLR,QP,Akasa Air,1,9934,INR,0,,21:10,21,23:00,23,False,110,110,0,Boeing 737MAX 8 Passenger,71.0,69.0
2026-10-01,2026-10-01 15:33,2026-11-15,45,BOM,BLR,BOM-BLR,6E,IndiGo,1,10051,INR,0,,02:15,2,04:05,4,False,110,110,0,Airbus A321neo,69.0,69.0
2026-10-01,2026-10-01 15:33,2026-11-15,45,BOM,BLR,BOM-BLR,AI,Air India,1,10429,INR,0,,07:55,7,09:40,9,False,105,105,0,Airbus A320neo,81.0,69.0
2026-10-01,2026-10-01 15:33,2026-11-15,45,BOM,BLR,BOM-BLR,AI,Air India,1,10429,INR,0,,11:00,11,12:45,12,False,105,105,0,Airbus A321,107.0,69.0
2026-10-01,2026-10-01 15:33,2026-11-15,45,BOM,BLR,BOM-BLR,AI,Air India,1,10429,INR,0,,13:45,13,15:35,15,False,110,110,0,Airbus A321,107.0,69.0
2026-10-01,2026-10-01 15:33,2026-11-15,45,BOM,BLR,BOM-BLR,AI,Air India,1,10429,INR,0,,18:00,18,19:50,19,False,110,110,0,Airbus A320neo,81.0,69.0
2026-10-01,2026-10-01 15:33,2026-11-15,45,BOM,BLR,BOM-BLR,AI,Air India,1,10429,INR,0,,20:45,20,22:35,22,False,110,110,0,Airbus A320neo,81.0,69.0
2026-10-01,2026-10-01 15:33,2026-11-15,45,BOM,BLR,BOM-BLR,AI,Air India,1,10618,INR,0,,12:00,12,13:45,13,False,105,105,0,Airbus A320neo,81.0,69.0
2026-10-01,2026-10-01 15:33,2026-11-15,45,BOM,BLR,BOM-BLR,6E,IndiGo,1,10681,INR,0,,22:55,22,00:45,0,True,110,110,0,Airbus A321neo,69.0,69.0
2026-10-01,2026-10-01 15:33,2026-11-15,45,BOM,BLR,BOM-BLR,AI,Air India,1,10802,INR,0,,10:00,10,11:45,11,False,105,105,0,Airbus A320neo,81.0,69.0
2026-10-01,2026-10-01 15:33,2026-11-15,45,BOM,BLR,BOM-BLR,AI,Air India,1,10802,INR,0,,15:35,15,17:25,17,False,110,110,0,Airbus A320neo,81.0,69.0
2026-10-01,2026-10-01 15:33,2026-11-15,45,BOM,BLR,BOM-BLR,AI,Air India,1,10802,INR,0,,17:30,17,19:20,19,False,110,110,0,Airbus A320neo,81.0,69.0
2026-10-01,2026-10-01 15:33,2026-11-15,45,BOM,BLR,BOM-BLR,AI,Air India,1,10802,INR,0,,19:15,19,21:05,21,False,110,110,0,Airbus A320neo,81.0,69.0
2026-10-01,2026-10-01 15:33,2026-11-15,45,BOM,BLR,BOM-BLR,6E,IndiGo,1,11311,INR,0,,16:20,16,18:10,18,False,110,110,0,Airbus A321neo,69.0,69.0
2026-10-01,2026-10-01 15:33,2026-11-15,45,BOM,BLR,BOM-BLR,6E,IndiGo,1,11311,INR,0,,19:00,19,20:50,20,False,110,110,0,Airbus A321neo,69.0,69.0
2026-10-01,2026-10-01 15:33,2026-11-15,45,BOM,BLR,BOM-BLR,6E,IndiGo,1,11311,INR,0,,20:15,20,22:05,22,False,110,110,0,Airbus A321neo,69.0,69.0
2026-10-01,2026-10-01 15:33,2026-11-15,45,BOM,BLR,BOM-BLR,QP,Akasa Air,1,11672,INR,0,,19:00,19,20:45,20,False,105,105,0,Boeing 737MAX 8 Passenger,71.0,69.0
2026-10-01,2026-10-01 15:33,2026-11-15,45,BOM,BLR,BOM-BLR,6E,IndiGo,1,12046,INR,0,,09:40,9,11:30,11,False,110,110,0,Airbus A321neo,69.0,69.0
2026-10-01,2026-10-01 15:33,2026-11-15,45,BOM,BLR,BOM-BLR,6E,IndiGo,1,12046,INR,0,,11:05,11,12:55,12,False,110,110,0,Airbus A321neo,69.0,69.0
2026-10-01,2026-10-01 15:33,2026-11-15,45,BOM,BLR,BOM-BLR,6E,IndiGo,1,12046,INR,0,,15:00,15,16:50,16,False,110,110,0,Airbus A321neo,69.0,69.0
2026-10-01,2026-10-01 15:33,2026-11-15,45,BOM,BLR,BOM-BLR,6E,IndiGo,1,12781,INR,0,,12:30,12,14:20,14,False,110,110,0,Airbus A321neo,69.0,69.0
2026-10-01,2026-10-01 15:33,2026-11-15,45,BOM,BLR,BOM-BLR,6E,IndiGo,1,12781,INR,0,,17:45,17,19:35,19,False,110,110,0,Airbus A321neo,69.0,69.0
2026-10-01,2026-10-01 15:33,2026-11-30,60,BOM,BLR,BOM-BLR,SG,SpiceJet,1,5440,INR,0,,05:45,5,07:45,7,False,120,120,0,Airbus A320,84.0,69.0
2026-10-01,2026-10-01 15:33,2026-11-30,60,BOM,BLR,BOM-BLR,6E,IndiGo,1,5870,INR,1,GOI,13:55,13,19:15,19,False,320,145,175,Airbus A321neo | Airbus A321neo,89.0,69.0
2026-10-01,2026-10-01 15:33,2026-11-30,60,BOM,BLR,BOM-BLR,QP,Akasa Air,1,6249,INR,0,,23:10,23,01:00,1,True,110,110,0,Boeing 737MAX 8 Passenger,71.0,69.0
2026-10-01,2026-10-01 15:33,2026-11-30,60,BOM,BLR,BOM-BLR,6E,IndiGo,1,7321,INR,0,,00:45,0,02:35,2,False,110,110,0,Airbus A321neo,69.0,69.0
2026-10-01,2026-10-01 15:33,2026-11-30,60,BOM,BLR,BOM-BLR,6E,IndiGo,1,7321,INR,0,,02:15,2,04:05,4,False,110,110,0,Airbus A321neo,69.0,69.0
2026-10-01,2026-10-01 15:33,2026-11-30,60,BOM,BLR,BOM-BLR,6E,IndiGo,1,7321,INR,0,,04:30,4,06:20,6,False,110,110,0,Airbus A321neo,69.0,69.0
2026-10-01,2026-10-01 15:33,2026-11-30,60,BOM,BLR,BOM-BLR,6E,IndiGo,1,7321,INR,0,,09:40,9,11:30,11,False,110,110,0,Airbus A321neo,69.0,69.0
2026-10-01,2026-10-01 15:33,2026-11-30,60,BOM,BLR,BOM-BLR,6E,IndiGo,1,7321,INR,0,,11:05,11,12:55,12,False,110,110,0,Airbus A321neo,69.0,69.0
2026-10-01,2026-10-01 15:33,2026-11-30,60,BOM,BLR,BOM-BLR,6E,IndiGo,1,7321,INR,0,,20:15,20,22:05,22,False,110,110,0,Airbus A321neo,69.0,69.0
2026-10-01,2026-10-01 15:33,2026-11-30,60,BOM,BLR,BOM-BLR,6E,IndiGo,1,7321,INR,0,,21:45,21,23:35,23,False,110,110,0,Airbus A321neo,69.0,69.0
2026-10-01,2026-10-01 15:33,2026-11-30,60,BOM,BLR,BOM-BLR,6E,IndiGo,1,7321,INR,0,,22:55,22,00:45,0,True,110,110,0,Airbus A321neo,69.0,69.0
2026-10-01,2026-10-01 15:33,2026-11-30,60,BOM,BLR,BOM-BLR,AI,Air India,1,7526,INR,0,,11:00,11,12:45,12,False,105,105,0,Airbus A321,107.0,69.0
2026-10-01,2026-10-01 15:33,2026-11-30,60,BOM,BLR,BOM-BLR,AI,Air India,1,7526,INR,0,,20:45,20,22:35,22,False,110,110,0,Airbus A320neo,81.0,69.0
2026-10-01,2026-10-01 15:33,2026-11-30,60,BOM,BLR,BOM-BLR,QP,Akasa Air,1,7549,INR,0,,08:35,8,10:20,10,False,105,105,0,Boeing 737MAX 8 Passenger,71.0,69.0
2026-10-01,2026-10-01 15:33,2026-11-30,60,BOM,BLR,BOM-BLR,6E,IndiGo,1,7636,INR,0,,07:25,7,09:15,9,False,110,110,0,Airbus A321neo,69.0,69.0
2026-10-01,2026-10-01 15:33,2026-11-30,60,BOM,BLR,BOM-BLR,6E,IndiGo,1,7636,INR,0,,12:30,12,14:20,14,False,110,110,0,Airbus A321neo,69.0,69.0
2026-10-01,2026-10-01 15:33,2026-11-30,60,BOM,BLR,BOM-BLR,6E,IndiGo,1,7636,INR,0,,17:45,17,19:35,19,False,110,110,0,Airbus A321neo,69.0,69.0
2026-10-01,2026-10-01 15:33,2026-11-30,60,BOM,BLR,BOM-BLR,6E,IndiGo,1,7636,INR,0,,19:00,19,20:50,20,False,110,110,0,Airbus A321neo,69.0,69.0
2026-10-01,2026-10-01 15:33,2026-11-30,60,BOM,BLR,BOM-BLR,AI,Air India,1,7652,INR,0,,12:00,12,13:45,13,False,105,105,0,Airbus A320neo,81.0,69.0
2026-10-01,2026-10-01 15:33,2026-11-30,60,BOM,BLR,BOM-BLR,AI,Air India,1,7778,INR,0,,10:00,10,11:45,11,False,105,105,0,Airbus A320neo,81.0,69.0
2026-10-01,2026-10-01 15:33,2026-11-30,60,BOM,BLR,BOM-BLR,QP,Akasa Air,1,7845,INR,0,,19:00,19,20:45,20,False,105,105,0,Boeing 737MAX 8 Passenger,71.0,69.0
2026-10-01,2026-10-01 15:33,2026-11-30,60,BOM,BLR,BOM-BLR,AI,Air India,1,7946,INR,0,,13:45,13,15:35,15,False,110,110,0,Airbus A321,107.0,69.0
2026-10-01,2026-10-01 15:33,2026-11-30,60,BOM,BLR,BOM-BLR,AI,Air India,1,7946,INR,0,,18:00,18,19:50,19,False,110,110,0,Airbus A320neo,81.0,69.0
2026-10-01,2026-10-01 15:33,2026-11-30,60,BOM,BLR,BOM-BLR,6E,IndiGo,1,8056,INR,0,,16:20,16,18:10,18,False,110,110,0,Airbus A321neo,69.0,69.0
2026-10-01,2026-10-01 15:33,2026-11-30,60,BOM,BLR,BOM-BLR,AI,Air India,1,8083,INR,0,,07:55,7,09:40,9,False,105,105,0,Airbus A320neo,81.0,69.0
2026-10-01,2026-10-01 15:33,2026-11-30,60,BOM,BLR,BOM-BLR,AI,Air India,1,8219,INR,0,,06:35,6,08:20,8,False,105,105,0,Airbus A320neo,81.0,69.0
2026-10-01,2026-10-01 15:33,2026-11-30,60,BOM,BLR,BOM-BLR,AI,Air India,1,8219,INR,0,,17:30,17,19:20,19,False,110,110,0,Airbus A320neo,81.0,69.0
2026-10-01,2026-10-01 15:33,2026-11-30,60,BOM,BLR,BOM-BLR,AI,Air India,1,8219,INR,0,,19:15,19,21:05,21,False,110,110,0,Airbus A320neo,81.0,69.0
2026-10-01,2026-10-01 15:33,2026-11-30,60,BOM,BLR,BOM-BLR,AI,Air India,1,8398,INR,0,,02:05,2,03:50,3,False,105,105,0,Airbus A320neo,81.0,69.0
2026-10-01,2026-10-01 15:33,2026-11-30,60,BOM,BLR,BOM-BLR,6E,IndiGo,1,8476,INR,0,,06:00,6,07:50,7,False,110,110,0,Airbus A321neo,69.0,69.0
2026-10-01,2026-10-01 15:33,2026-11-30,60,BOM,BLR,BOM-BLR,AI,Air India,1,8681,INR,0,,15:35,15,17:25,17,False,110,110,0,Airbus A320neo,81.0,69.0
2026-10-01,2026-10-01 15:33,2026-10-02,1,DEL,CCU,DEL-CCU,AI,Air India,1,8819,INR,0,,18:00,18,20:20,20,False,140,140,0,Airbus A320neo,114.0,98.0
2026-10-01,2026-10-01 15:33,2026-10-02,1,DEL,CCU,DEL-CCU,AI,Air India,1,8819,INR,0,,21:00,21,23:20,23,False,140,140,0,Airbus A320neo,114.0,98.0
2026-10-01,2026-10-01 15:33,2026-10-02,1,DEL,CCU,DEL-CCU,6E,IndiGo,1,8866,INR,0,,02:45,2,05:00,5,False,135,135,0,Airbus A321neo,97.0,98.0
2026-10-01,2026-10-01 15:33,2026-10-02,1,DEL,CCU,DEL-CCU,6E,IndiGo,1,8866,INR,0,,12:45,12,15:05,15,False,140,140,0,Airbus A321neo,97.0,98.0
2026-10-01,2026-10-01 15:33,2026-10-02,1,DEL,CCU,DEL-CCU,6E,IndiGo,1,8866,INR,0,,14:25,14,16:45,16,False,140,140,0,Airbus A321neo,97.0,98.0
2026-10-01,2026-10-01 15:33,2026-10-02,1,DEL,CCU,DEL-CCU,6E,IndiGo,1,8866,INR,0,,16:00,16,18:15,18,False,135,135,0,Airbus A321neo,97.0,98.0
2026-10-01,2026-10-01 15:33,2026-10-02,1,DEL,CCU,DEL-CCU,6E,IndiGo,1,8866,INR,0,,17:55,17,20:15,20,False,140,140,0,Airbus A321neo,97.0,98.0
2026-10-01,2026-10-01 15:33,2026-10-02,1,DEL,CCU,DEL-CCU,6E,IndiGo,1,8866,INR,0,,19:30,19,21:45,21,False,135,135,0,Airbus A321neo,97.0,98.0
2026-10-01,2026-10-01 15:33,2026-10-02,1,DEL,CCU,DEL-CCU,6E,IndiGo,1,8866,INR,0,,21:50,21,00:05,0,True,135,135,0,Airbus A321neo,97.0,98.0
2026-10-01,2026-10-01 15:33,2026-10-02,1,DEL,CCU,DEL-CCU,6E,IndiGo,1,8866,INR,0,,23:30,23,01:45,1,True,135,135,0,Airbus A321neo,97.0,98.0
2026-10-01,2026-10-01 15:33,2026-10-02,1,DEL,CCU,DEL-CCU,QP,Akasa Air,1,9191,INR,0,,17:00,17,19:15,19,False,135,135,0,Boeing 737MAX 8 Passenger,100.0,98.0
2026-10-01,2026-10-01 15:33,2026-10-02,1,DEL,CCU,DEL-CCU,AI,Air India,1,9239,INR,0,,16:15,16,18:35,18,False,140,140,0,Airbus A320neo,114.0,98.0
2026-10-01,2026-10-01 15:33,2026-10-02,1,DEL,CCU,DEL-CCU,6E,IndiGo,1,9444,INR,0,,07:20,7,09:40,9,False,140,140,0,Airbus A321neo,97.0,98.0
2026-10-01,2026-10-01 15:33,2026-10-02,1,DEL,CCU,DEL-CCU,6E,IndiGo,1,9916,INR,0,,08:30,8,10:45,10,False,135,135,0,Airbus A321neo,97.0,98.0
2026-10-01,2026-10-01 15:33,2026-10-02,1,DEL,CCU,DEL-CCU,6E,IndiGo,1,11071,INR,0,,10:15,10,12:30,12,False,135,135,0,Airbus A321neo,97.0,98.0
2026-10-01,2026-10-01 15:33,2026-10-02,1,DEL,CCU,DEL-CCU,AI,Air India,1,13155,INR,0,,12:10,12,14:25,14,False,135,135,0,Airbus A321,145.0,98.0
2026-10-01,2026-10-01 15:33,2026-10-02,1,DEL,CCU,DEL-CCU,AI,Air India,1,14163,INR,0,,09:55,9,12:15,12,False,140,140,0,Airbus A320neo,114.0,98.0
2026-10-01,2026-10-01 15:33,2026-10-02,1,DEL,CCU,DEL-CCU,AI,Air India,1,15077,INR,0,,13:00,13,15:20,15,False,140,140,0,Airbus A320neo,114.0,98.0
2026-10-01,2026-10-01 15:33,2026-10-02,1,DEL,CCU,DEL-CCU,AI,Air India,1,17161,INR,0,,02:30,2,04:50,4,False,140,140,0,Airbus A320neo,114.0,98.0
2026-10-01,2026-10-01 15:33,2026-10-02,1,DEL,CCU,DEL-CCU,AI,Air India,1,21996,INR,0,,06:40,6,08:50,8,False,130,130,0,Airbus A320neo,114.0,98.0
2026-10-01,2026-10-01 15:33,2026-10-04,3,DEL,CCU,DEL-CCU,AI,Air India,1,8724,INR,0,,02:30,2,04:50,4,False,140,140,0,Airbus A320neo,114.0,98.0
2026-10-01,2026-10-01 15:33,2026-10-04,3,DEL,CCU,DEL-CCU,AI,Air India,1,8819,INR,0,,09:55,9,12:15,12,False,140,140,0,Airbus A320neo,114.0,98.0
2026-10-01,2026-10-01 15:33,2026-10-04,3,DEL,CCU,DEL-CCU,AI,Air India,1,8819,INR,0,,18:00,18,20:20,20,False,140,140,0,Airbus A320neo,114.0,98.0
2026-10-01,2026-10-01 15:33,2026-10-04,3,DEL,CCU,DEL-CCU,AI,Air India,1,8819,INR,0,,21:00,21,23:20,23,False,140,140,0,Airbus A320neo,114.0,98.0
2026-10-01,2026-10-01 15:33,2026-10-04,3,DEL,CCU,DEL-CCU,6E,IndiGo,1,8866,INR,0,,02:45,2,05:00,5,False,135,135,0,Airbus A321neo,97.0,98.0
2026-10-01,2026-10-01 15:33,2026-10-04,3,DEL,CCU,DEL-CCU,6E,IndiGo,1,8866,INR,0,,05:00,5,07:15,7,False,135,135,0,Airbus A321neo,97.0,98.0
2026-10-01,2026-10-01 15:33,2026-10-04,3,DEL,CCU,DEL-CCU,6E,IndiGo,1,8866,INR,0,,07:20,7,09:40,9,False,140,140,0,Airbus A321neo,97.0,98.0
2026-10-01,2026-10-01 15:33,2026-10-04,3,DEL,CCU,DEL-CCU,6E,IndiGo,1,8866,INR,0,,08:30,8,10:45,10,False,135,135,0,Airbus A321neo,97.0,98.0
2026-10-01,2026-10-01 15:33,2026-10-04,3,DEL,CCU,DEL-CCU,6E,IndiGo,1,8866,INR,0,,10:15,10,12:30,12,False,135,135,0,Airbus A321neo,97.0,98.0
2026-10-01,2026-10-01 15:33,2026-10-04,3,DEL,CCU,DEL-CCU,6E,IndiGo,1,8866,INR,0,,12:45,12,15:05,15,False,140,140,0,Airbus A321neo,97.0,98.0
2026-10-01,2026-10-01 15:33,2026-10-04,3,DEL,CCU,DEL-CCU,6E,IndiGo,1,8866,INR,0,,14:25,14,16:45,16,False,140,140,0,Airbus A321neo,97.0,98.0
2026-10-01,2026-10-01 15:33,2026-10-04,3,DEL,CCU,DEL-CCU,6E,IndiGo,1,8866,INR,0,,17:55,17,20:15,20,False,140,140,0,Airbus A321neo,97.0,98.0
2026-10-01,2026-10-01 15:33,2026-10-04,3,DEL,CCU,DEL-CCU,6E,IndiGo,1,8866,INR,0,,21:50,21,00:05,0,True,135,135,0,Airbus A321neo,97.0,98.0
2026-10-01,2026-10-01 15:33,2026-10-04,3,DEL,CCU,DEL-CCU,6E,IndiGo,1,8866,INR,0,,23:30,23,01:45,1,True,135,135,0,Airbus A321neo,97.0,98.0
2026-10-01,2026-10-01 15:33,2026-10-04,3,DEL,CCU,DEL-CCU,QP,Akasa Air,1,8867,INR,0,,05:55,5,08:15,8,False,140,140,0,Boeing 737MAX 8 Passenger,100.0,98.0
2026-10-01,2026-10-01 15:33,2026-10-04,3,DEL,CCU,DEL-CCU,AI,Air India,1,8971,INR,0,,16:15,16,18:35,18,False,140,140,0,Airbus A320neo,114.0,98.0
2026-10-01,2026-10-01 15:33,2026-10-04,3,DEL,CCU,DEL-CCU,AI,Air India,1,9081,INR,0,,06:40,6,08:50,8,False,130,130,0,Airbus A320neo,114.0,98.0
2026-10-01,2026-10-01 15:33,2026-10-04,3,DEL,CCU,DEL-CCU,6E,IndiGo,1,9129,INR,0,,19:30,19,21:45,21,False,135,135,0,Airbus A321neo,97.0,98.0
2026-10-01,2026-10-01 15:33,2026-10-04,3,DEL,CCU,DEL-CCU,SG,SpiceJet,1,9403,INR,0,,20:10,20,22:30,22,False,140,140,0,Airbus A320,119.0,98.0
2026-10-01,2026-10-01 15:33,2026-10-08,7,DEL,CCU,DEL-CCU,6E,IndiGo,1,8866,INR,0,,23:30,23,01:45,1,True,135,135,0,Airbus A321neo,97.0,98.0
2026-10-01,2026-10-01 15:33,2026-10-08,7,DEL,CCU,DEL-CCU,6E,IndiGo,1,9129,INR,0,,08:30,8,10:45,10,False,135,135,0,Airbus A321neo,97.0,98.0
2026-10-01,2026-10-01 15:33,2026-10-08,7,DEL,CCU,DEL-CCU,AI,Air India,1,9396,INR,0,,21:00,21,23:20,23,False,140,140,0,Airbus A320neo,114.0,98.0
2026-10-01,2026-10-01 15:33,2026-10-08,7,DEL,CCU,DEL-CCU,SG,SpiceJet,1,9403,INR,0,,20:10,20,22:30,22,False,140,140,0,Airbus A320,119.0,98.0
2026-10-01,2026-10-01 15:33,2026-10-08,7,DEL,CCU,DEL-CCU,6E,IndiGo,1,9444,INR,0,,12:45,12,15:05,15,False,140,140,0,Airbus A321neo,97.0,98.0
2026-10-01,2026-10-01 15:33,2026-10-08,7,DEL,CCU,DEL-CCU,6E,IndiGo,1,9444,INR,0,,14:25,14,16:45,16,False,140,140,0,Airbus A321neo,97.0,98.0
2026-10-01,2026-10-01 15:33,2026-10-08,7,DEL,CCU,DEL-CCU,6E,IndiGo,1,9444,INR,0,,16:00,16,18:15,18,False,135,135,0,Airbus A321neo,97.0,98.0
2026-10-01,2026-10-01 15:33,2026-10-08,7,DEL,CCU,DEL-CCU,6E,IndiGo,1,9444,INR,0,,21:50,21,00:05,0,True,135,135,0,Airbus A321neo,97.0,98.0
2026-10-01,2026-10-01 15:33,2026-10-08,7,DEL,CCU,DEL-CCU,QP,Akasa Air,1,9876,INR,0,,17:00,17,19:15,19,False,135,135,0,Boeing 737MAX 8 Passenger,100.0,98.0
2026-10-01,2026-10-01 15:33,2026-10-08,7,DEL,CCU,DEL-CCU,6E,IndiGo,1,9916,INR,0,,07:20,7,09:40,9,False,140,140,0,Airbus A321neo,97.0,98.0
2026-10-01,2026-10-01 15:33,2026-10-08,7,DEL,CCU,DEL-CCU,AI,Air India,1,9921,INR,0,,06:40,6,08:50,8,False,130,130,0,Airbus A320neo,114.0,98.0
2026-10-01,2026-10-01 15:33,2026-10-08,7,DEL,CCU,DEL-CCU,6E,IndiGo,1,10441,INR,0,,10:15,10,12:30,12,False,135,135,0,Airbus A321neo,97.0,98.0
2026-10-01,2026-10-01 15:33,2026-10-08,7,DEL,CCU,DEL-CCU,AI,Air India,1,10536,INR,0,,09:55,9,12:15,12,False,140,140,0,Airbus A320neo,114.0,98.0
2026-10-01,2026-10-01 15:33,2026-10-08,7,DEL,CCU,DEL-CCU,6E,IndiGo,1,11071,INR,0,,05:00,5,07:15,7,False,135,135,0,Airbus A321neo,97.0,98.0
2026-10-01,2026-10-01 15:33,2026-10-08,7,DEL,CCU,DEL-CCU,6E,IndiGo,1,11071,INR,0,,19:30,19,21:45,21,False,135,135,0,Airbus A321neo,97.0,98.0
2026-10-01,2026-10-01 15:33,2026-10-08,7,DEL,CCU,DEL-CCU,AI,Air India,1,11271,INR,0,,19:40,19,21:50,21,False,130,130,0,Airbus A320neo,114.0,98.0
2026-10-01,2026-10-01 15:33,2026-10-08,7,DEL,CCU,DEL-CCU,6E,IndiGo,1,11806,INR,0,,17:55,17,20:15,20,False,140,140,0,Airbus A321neo,97.0,98.0
2026-10-01,2026-10-01 15:33,2026-10-08,7,DEL,CCU,DEL-CCU,AI,Air India,1,11979,INR,0,,13:00,13,15:20,15,False,140,140,0,Airbus A320neo,114.0,98.0
2026-10-01,2026-10-01 15:33,2026-10-08,7,DEL,CCU,DEL-CCU,AI,Air India,1,11979,INR,0,,16:15,16,18:35,18,False,140,140,0,Airbus A320neo,114.0,98.0
2026-10-01,2026-10-01 15:33,2026-10-08,7,DEL,CCU,DEL-CCU,AI,Air India,1,12053,INR,0,,18:00,18,20:20,20,False,140,140,0,Airbus A320neo,114.0,98.0
2026-10-01,2026-10-01 15:33,2026-10-08,7,DEL,CCU,DEL-CCU,AI,Air India,1,14163,INR,0,,12:10,12,14:25,14,False,135,135,0,Airbus A321,145.0,98.0
2026-10-01,2026-10-01 15:33,2026-10-15,14,DEL,CCU,DEL-CCU,6E,IndiGo,1,11928,INR,1,VNS,05:25,5,10:20,10,False,295,165,130,Airbus A321neo | Airbus A321neo,115.0,98.0
2026-10-01,2026-10-01 15:33,2026-10-15,14,DEL,CCU,DEL-CCU,6E,IndiGo,1,13381,INR,0,,05:00,5,07:15,7,False,135,135,0,Airbus A321neo,97.0,98.0
2026-10-01,2026-10-01 15:33,2026-10-15,14,DEL,CCU,DEL-CCU,SG,SpiceJet,1,13772,INR,0,,20:10,20,22:30,22,False,140,140,0,Airbus A320,119.0,98.0
2026-10-01,2026-10-01 15:33,2026-10-15,14,DEL,CCU,DEL-CCU,AI,Air India,1,14163,INR,0,,21:00,21,23:20,23,False,140,140,0,Airbus A320neo,114.0,98.0
2026-10-01,2026-10-01 15:33,2026-10-15,14,DEL,CCU,DEL-CCU,6E,IndiGo,1,14221,INR,0,,02:45,2,05:00,5,False,135,135,0,Airbus A321neo,97.0,98.0
2026-10-01,2026-10-01 15:33,2026-10-15,14,DEL,CCU,DEL-CCU,6E,IndiGo,1,14221,INR,0,,07:20,7,09:40,9,False,140,140,0,Airbus A321neo,97.0,98.0
2026-10-01,2026-10-01 15:33,2026-10-15,14,DEL,CCU,DEL-CCU,QP,Akasa Air,1,14755,INR,0,,17:00,17,19:15,19,False,135,135,0,Boeing 737MAX 8 Passenger,100.0,98.0
2026-10-01,2026-10-01 15:33,2026-10-15,14,DEL,CCU,DEL-CCU,AI,Air India,1,15077,INR,0,,18:00,18,20:20,20,False,140,140,0,Airbus A320neo,114.0,98.0
2026-10-01,2026-10-01 15:33,2026-10-15,14,DEL,CCU,DEL-CCU,AI,Air India,1,15077,INR,0,,19:40,19,21:50,21,False,130,130,0,Airbus A320neo,114.0,98.0
2026-10-01,2026-10-01 15:33,2026-10-15,14,DEL,CCU,DEL-CCU,6E,IndiGo,1,15114,INR,0,,08:30,8,10:45,10,False,135,135,0,Airbus A321neo,97.0,98.0
2026-10-01,2026-10-01 15:33,2026-10-15,14,DEL,CCU,DEL-CCU,6E,IndiGo,1,15114,INR,0,,10:15,10,12:30,12,False,135,135,0,Airbus A321neo,97.0,98.0
2026-10-01,2026-10-01 15:33,2026-10-15,14,DEL,CCU,DEL-CCU,6E,IndiGo,1,15114,INR,0,,12:45,12,15:05,15,False,140,140,0,Airbus A321neo,97.0,98.0
2026-10-01,2026-10-01 15:33,2026-10-15,14,DEL,CCU,DEL-CCU,6E,IndiGo,1,15114,INR,0,,14:25,14,16:45,16,False,140,140,0,Airbus A321neo,97.0,98.0
2026-10-01,2026-10-01 15:33,2026-10-15,14,DEL,CCU,DEL-CCU,6E,IndiGo,1,15114,INR,0,,16:00,16,18:15,18,False,135,135,0,Airbus A321neo,97.0,98.0
2026-10-01,2026-10-01 15:33,2026-10-15,14,DEL,CCU,DEL-CCU,6E,IndiGo,1,15114,INR,0,,21:50,21,00:05,0,True,135,135,0,Airbus A321neo,97.0,98.0
2026-10-01,2026-10-01 15:33,2026-10-15,14,DEL,CCU,DEL-CCU,6E,IndiGo,1,15114,INR,0,,23:30,23,01:45,1,True,135,135,0,Airbus A321neo,97.0,98.0
2026-10-01,2026-10-01 15:33,2026-10-15,14,DEL,CCU,DEL-CCU,6E,IndiGo,1,16006,INR,0,,17:55,17,20:15,20,False,140,140,0,Airbus A321neo,97.0,98.0
2026-10-01,2026-10-01 15:33,2026-10-15,14,DEL,CCU,DEL-CCU,6E,IndiGo,1,16006,INR,0,,19:30,19,21:45,21,False,135,135,0,Airbus A321neo,97.0,98.0
2026-10-01,2026-10-01 15:33,2026-10-15,14,DEL,CCU,DEL-CCU,AI,Air India,1,18279,INR,0,,02:30,2,04:50,4,False,140,140,0,Airbus A320neo,114.0,98.0
2026-10-01,2026-10-01 15:33,2026-10-15,14,DEL,CCU,DEL-CCU,AI,Air India,1,18279,INR,0,,06:40,6,08:50,8,False,130,130,0,Airbus A320neo,114.0,98.0
2026-10-01,2026-10-01 15:33,2026-10-15,14,DEL,CCU,DEL-CCU,AI,Air India,1,18279,INR,0,,16:15,16,18:35,18,False,140,140,0,Airbus A320neo,114.0,98.0
2026-10-01,2026-10-01 15:33,2026-10-15,14,DEL,CCU,DEL-CCU,AI,Air India,1,21996,INR,0,,09:55,9,12:15,12,False,140,140,0,Airbus A320neo,114.0,98.0
2026-10-01,2026-10-01 15:33,2026-10-15,14,DEL,CCU,DEL-CCU,AI,Air India,1,21996,INR,0,,12:10,12,14:25,14,False,135,135,0,Airbus A321,145.0,98.0
2026-10-01,2026-10-01 15:33,2026-10-15,14,DEL,CCU,DEL-CCU,AI,Air India,1,23456,INR,0,,13:00,13,15:20,15,False,140,140,0,Airbus A320neo,114.0,98.0
2026-10-01,2026-10-01 15:33,2026-10-22,21,DEL,CCU,DEL-CCU,6E,IndiGo,1,10855,INR,1,PAT,08:10,8,13:45,13,False,335,165,170,Airbus A320neo | Airbus A320neo,125.0,98.0
2026-10-01,2026-10-01 15:33,2026-10-22,21,DEL,CCU,DEL-CCU,AI,Air India,1,11008,INR,0,,06:40,6,08:50,8,False,130,130,0,Airbus A320neo,114.0,98.0
2026-10-01,2026-10-01 15:33,2026-10-22,21,DEL,CCU,DEL-CCU,SG,SpiceJet,1,11411,INR,0,,06:10,6,08:30,8,False,140,140,0,Boeing 737,135.0,98.0
2026-10-01,2026-10-01 15:33,2026-10-22,21,DEL,CCU,DEL-CCU,SG,SpiceJet,1,11411,INR,0,,20:30,20,23:00,23,False,150,150,0,Boeing 737,113.0,98.0
2026-10-01,2026-10-01 15:33,2026-10-22,21,DEL,CCU,DEL-CCU,AI,Air India,1,11775,INR,0,,18:00,18,20:20,20,False,140,140,0,Airbus A320neo,114.0,98.0
2026-10-01,2026-10-01 15:33,2026-10-22,21,DEL,CCU,DEL-CCU,QP,Akasa Air,1,11849,INR,0,,17:00,17,19:15,19,False,135,135,0,Boeing 737MAX 8 Passenger,96.0,98.0
2026-10-01,2026-10-01 15:33,2026-10-22,21,DEL,CCU,DEL-CCU,SG,SpiceJet,1,12046,INR,0,,12:10,12,14:30,14,False,140,140,0,Boeing 737,135.0,98.0
2026-10-01,2026-10-01 15:33,2026-10-22,21,DEL,CCU,DEL-CCU,SG,SpiceJet,1,12046,INR,0,,20:10,20,22:30,22,False,140,140,0,Airbus A320,119.0,98.0
2026-10-01,2026-10-01 15:33,2026-10-22,21,DEL,CCU,DEL-CCU,AI,Air India,1,12284,INR,0,,13:00,13,15:20,15,False,140,140,0,Airbus A320neo,114.0,98.0
2026-10-01,2026-10-01 15:33,2026-10-22,21,DEL,CCU,DEL-CCU,6E,IndiGo,1,12594,INR,0,,02:45,2,05:00,5,False,135,135,0,Airbus A321neo,97.0,98.0
2026-10-01,2026-10-01 15:33,2026-10-22,21,DEL,CCU,DEL-CCU,6E,IndiGo,1,12594,INR,0,,05:00,5,07:15,7,False,135,135,0,Airbus A321neo,97.0,98.0
2026-10-01,2026-10-01 15:33,2026-10-22,21,DEL,CCU,DEL-CCU,6E,IndiGo,1,12594,INR,0,,07:20,7,09:40,9,False,140,140,0,Airbus A321neo,97.0,98.0
2026-10-01,2026-10-01 15:33,2026-10-22,21,DEL,CCU,DEL-CCU,6E,IndiGo,1,12594,INR,0,,10:15,10,12:30,12,False,135,135,0,Airbus A321neo,97.0,98.0
2026-10-01,2026-10-01 15:33,2026-10-22,21,DEL,CCU,DEL-CCU,6E,IndiGo,1,12594,INR,0,,23:30,23,01:45,1,True,135,135,0,Airbus A321neo,97.0,98.0
2026-10-01,2026-10-01 15:33,2026-10-22,21,DEL,CCU,DEL-CCU,6E,IndiGo,1,13381,INR,0,,12:45,12,15:05,15,False,140,140,0,Airbus A321neo,97.0,98.0
2026-10-01,2026-10-01 15:33,2026-10-22,21,DEL,CCU,DEL-CCU,6E,IndiGo,1,13381,INR,0,,14:25,14,16:45,16,False,140,140,0,Airbus A321neo,97.0,98.0
2026-10-01,2026-10-01 15:33,2026-10-22,21,DEL,CCU,DEL-CCU,6E,IndiGo,1,13381,INR,0,,17:55,17,20:15,20,False,140,140,0,Airbus A321neo,97.0,98.0
2026-10-01,2026-10-01 15:33,2026-10-22,21,DEL,CCU,DEL-CCU,6E,IndiGo,1,13381,INR,0,,21:50,21,00:05,0,True,135,135,0,Airbus A321neo,97.0,98.0
2026-10-01,2026-10-01 15:33,2026-10-22,21,DEL,CCU,DEL-CCU,AI,Air India,1,14163,INR,0,,12:10,12,14:25,14,False,135,135,0,Airbus A321,145.0,98.0
2026-10-01,2026-10-01 15:33,2026-10-22,21,DEL,CCU,DEL-CCU,6E,IndiGo,1,14221,INR,0,,08:30,8,10:45,10,False,135,135,0,Airbus A321neo,97.0,98.0
2026-10-01,2026-10-01 15:33,2026-10-22,21,DEL,CCU,DEL-CCU,6E,IndiGo,1,14221,INR,0,,16:00,16,18:15,18,False,135,135,0,Airbus A321neo,97.0,98.0
2026-10-01,2026-10-01 15:33,2026-10-22,21,DEL,CCU,DEL-CCU,6E,IndiGo,1,14221,INR,0,,19:30,19,21:45,21,False,135,135,0,Airbus A321neo,97.0,98.0
2026-10-01,2026-10-01 15:33,2026-10-22,21,DEL,CCU,DEL-CCU,AI,Air India,1,15077,INR,0,,02:30,2,04:50,4,False,140,140,0,Airbus A320neo,114.0,98.0
2026-10-01,2026-10-01 15:33,2026-10-22,21,DEL,CCU,DEL-CCU,AI,Air India,1,18279,INR,0,,16:15,16,18:35,18,False,140,140,0,Airbus A320neo,114.0,98.0
2026-10-01,2026-10-01 15:33,2026-10-31,30,DEL,CCU,DEL-CCU,6E,IndiGo,1,9444,INR,0,,03:00,3,05:10,5,False,130,130,0,Airbus A321neo,97.0,98.0
2026-10-01,2026-10-01 15:33,2026-10-31,30,DEL,CCU,DEL-CCU,6E,IndiGo,1,9444,INR,0,,04:45,4,06:55,6,False,130,130,0,Airbus A321neo,97.0,98.0
2026-10-01,2026-10-01 15:33,2026-10-31,30,DEL,CCU,DEL-CCU,6E,IndiGo,1,9444,INR,0,,06:15,6,08:25,8,False,130,130,0,Airbus A321neo,97.0,98.0
2026-10-01,2026-10-01 15:33,2026-10-31,30,DEL,CCU,DEL-CCU,6E,IndiGo,1,9916,INR,0,,10:30,10,12:40,12,False,130,130,0,Airbus A321neo,97.0,98.0
2026-10-01,2026-10-01 15:33,2026-10-31,30,DEL,CCU,DEL-CCU,QP,Akasa Air,1,10058,INR,0,,20:55,20,23:25,23,False,150,150,0,Boeing 737MAX 8 Passenger,100.0,98.0
2026-10-01,2026-10-01 15:33,2026-10-31,30,DEL,CCU,DEL-CCU,AI,Air India,1,10095,INR,0,,21:40,21,23:50,23,False,130,130,0,Airbus A320neo,114.0,98.0
2026-10-01,2026-10-01 15:33,2026-10-31,30,DEL,CCU,DEL-CCU,SG,SpiceJet,1,10288,INR,0,,07:00,7,09:25,9,False,145,145,0,Boeing 737,113.0,98.0
2026-10-01,2026-10-01 15:33,2026-10-31,30,DEL,CCU,DEL-CCU,6E,IndiGo,1,10441,INR,0,,12:15,12,14:25,14,False,130,130,0,Airbus A321neo,97.0,98.0
2026-10-01,2026-10-01 15:33,2026-10-31,30,DEL,CCU,DEL-CCU,6E,IndiGo,1,10441,INR,0,,22:15,22,00:25,0,True,130,130,0,Airbus A321neo,97.0,98.0
2026-10-01,2026-10-01 15:33,2026-10-31,30,DEL,CCU,DEL-CCU,AI,Air India,1,10625,INR,0,,19:40,19,21:50,21,False,130,130,0,Airbus A320neo,114.0,98.0
2026-10-01,2026-10-01 15:33,2026-10-31,30,DEL,CCU,DEL-CCU,AI,Air India,1,10693,INR,0,,11:40,11,13:55,13,False,135,135,0,Airbus A320neo,114.0,98.0
2026-10-01,2026-10-01 15:33,2026-10-31,30,DEL,CCU,DEL-CCU,6E,IndiGo,1,11071,INR,0,,17:15,17,19:25,19,False,130,130,0,Airbus A321neo,97.0,98.0
2026-10-01,2026-10-01 15:33,2026-10-31,30,DEL,CCU,DEL-CCU,AI,Air India,1,11271,INR,0,,06:45,6,09:00,9,False,135,135,0,Airbus A320neo,114.0,98.0
2026-10-01,2026-10-01 15:33,2026-10-31,30,DEL,CCU,DEL-CCU,AI,Air India,1,12599,INR,0,,18:00,18,20:10,20,False,130,130,0,Airbus A320neo,114.0,98.0
2026-10-01,2026-10-01 15:33,2026-10-31,30,DEL,CCU,DEL-CCU,AI,Air India,1,13155,INR,0,,16:15,16,18:25,18,False,130,130,0,Airbus A320neo,114.0,98.0
2026-10-01,2026-10-01 15:33,2026-10-31,30,DEL,CCU,DEL-CCU,6E,IndiGo,1,14221,INR,0,,13:35,13,15:45,15,False,130,130,0,Airbus A321neo,97.0,98.0
2026-10-01,2026-10-01 15:33,2026-10-31,30,DEL,CCU,DEL-CCU,6E,IndiGo,1,14221,INR,0,,15:30,15,17:40,17,False,130,130,0,Airbus A321neo,97.0,98.0
2026-10-01,2026-10-01 15:33,2026-10-31,30,DEL,CCU,DEL-CCU,6E,IndiGo,1,14221,INR,0,,19:30,19,21:40,21,False,130,130,0,Airbus A321neo,97.0,98.0
2026-10-01,2026-10-01 15:33,2026-10-31,30,DEL,CCU,DEL-CCU,6E,IndiGo,1,14221,INR,0,,23:45,23,01:55,1,True,130,130,0,Airbus A321neo,97.0,98.0
2026-10-01,2026-10-01 15:33,2026-10-31,30,DEL,CCU,DEL-CCU,AI,Air India,1,23456,INR,0,,13:00,13,15:10,15,False,130,130,0,Airbus A320neo,114.0,98.0
2026-10-01,2026-10-01 15:33,2026-11-15,45,DEL,CCU,DEL-CCU,6E,IndiGo,1,11071,INR,0,,03:00,3,05:10,5,False,130,130,0,Airbus A321neo,95.0,98.0
2026-10-01,2026-10-01 15:33,2026-11-15,45,DEL,CCU,DEL-CCU,6E,IndiGo,1,11071,INR,0,,04:45,4,06:55,6,False,130,130,0,Airbus A321neo,95.0,98.0
2026-10-01,2026-10-01 15:33,2026-11-15,45,DEL,CCU,DEL-CCU,6E,IndiGo,1,11071,INR,0,,06:15,6,08:25,8,False,130,130,0,Airbus A321neo,95.0,98.0
2026-10-01,2026-10-01 15:33,2026-11-15,45,DEL,CCU,DEL-CCU,6E,IndiGo,1,11071,INR,0,,08:30,8,10:40,10,False,130,130,0,Airbus A321neo,95.0,98.0
2026-10-01,2026-10-01 15:33,2026-11-15,45,DEL,CCU,DEL-CCU,6E,IndiGo,1,11071,INR,0,,12:15,12,14:25,14,False,130,130,0,Airbus A321neo,95.0,98.0
2026-10-01,2026-10-01 15:33,2026-11-15,45,DEL,CCU,DEL-CCU,6E,IndiGo,1,11071,INR,0,,22:15,22,00:25,0,True,130,130,0,Airbus A321neo,95.0,98.0
2026-10-01,2026-10-01 15:33,2026-11-15,45,DEL,CCU,DEL-CCU,6E,IndiGo,1,11071,INR,0,,23:45,23,01:55,1,True,130,130,0,Airbus A321neo,95.0,98.0
2026-10-01,2026-10-01 15:33,2026-11-15,45,DEL,CCU,DEL-CCU,QP,Akasa Air,1,11216,INR,0,,08:50,8,11:10,11,False,140,140,0,Boeing 737MAX 8 Passenger,98.0,98.0
2026-10-01,2026-10-01 15:33,2026-11-15,45,DEL,CCU,DEL-CCU,AI,Air India,1,11633,INR,0,,21:40,21,23:50,23,False,130,130,0,Airbus A320neo,112.0,98.0
2026-10-01,2026-10-01 15:33,2026-11-15,45,DEL,CCU,DEL-CCU,6E,IndiGo,1,11806,INR,0,,10:30,10,12:40,12,False,130,130,0,Airbus A321neo,95.0,98.0
2026-10-01,2026-10-01 15:33,2026-11-15,45,DEL,CCU,DEL-CCU,AI,Air India,1,12210,INR,0,,11:40,11,13:55,13,False,135,135,0,Airbus A320neo,112.0,98.0
2026-10-01,2026-10-01 15:33,2026-11-15,45,DEL,CCU,DEL-CCU,AI,Air India,1,12541,INR,0,,13:00,13,15:10,15,False,130,130,0,Airbus A320neo,112.0,98.0
2026-10-01,2026-10-01 15:33,2026-11-15,45,DEL,CCU,DEL-CCU,6E,IndiGo,1,12594,INR,0,,15:30,15,17:40,17,False,130,130,0,Airbus A321neo,95.0,98.0
2026-10-01,2026-10-01 15:33,2026-11-15,45,DEL,CCU,DEL-CCU,6E,IndiGo,1,12594,INR,0,,17:15,17,19:25,19,False,130,130,0,Airbus A321neo,95.0,98.0
2026-10-01,2026-10-01 15:33,2026-11-15,45,DEL,CCU,DEL-CCU,AI,Air India,1,13518,INR,0,,09:30,9,11:45,11,False,135,135,0,Airbus A320neo,112.0,98.0
2026-10-01,2026-10-01 15:33,2026-11-15,45,DEL,CCU,DEL-CCU,AI,Air India,1,14163,INR,0,,06:45,6,09:00,9,False,135,135,0,Airbus A320neo,112.0,98.0
2026-10-01,2026-10-01 15:33,2026-11-15,45,DEL,CCU,DEL-CCU,AI,Air India,1,14163,INR,0,,16:15,16,18:25,18,False,130,130,0,Airbus A320neo,112.0,98.0
2026-10-01,2026-10-01 15:33,2026-11-15,45,DEL,CCU,DEL-CCU,AI,Air India,1,14163,INR,0,,18:00,18,20:10,20,False,130,130,0,Airbus A320neo,112.0,98.0
2026-10-01,2026-10-01 15:33,2026-11-15,45,DEL,CCU,DEL-CCU,6E,IndiGo,1,14221,INR,0,,19:30,19,21:40,21,False,130,130,0,Airbus A321neo,95.0,98.0
2026-10-01,2026-10-01 15:33,2026-11-15,45,DEL,CCU,DEL-CCU,AI,Air India,1,17161,INR,0,,19:40,19,21:50,21,False,130,130,0,Airbus A320neo,112.0,98.0
2026-10-01,2026-10-01 15:33,2026-11-30,60,DEL,CCU,DEL-CCU,SG,SpiceJet,1,9390,INR,0,,07:00,7,09:25,9,False,145,145,0,Boeing 737,111.0,98.0
2026-10-01,2026-10-01 15:33,2026-11-30,60,DEL,CCU,DEL-CCU,6E,IndiGo,1,9444,INR,0,,03:00,3,05:10,5,False,130,130,0,Airbus A321neo,95.0,98.0
2026-10-01,2026-10-01 15:33,2026-11-30,60,DEL,CCU,DEL-CCU,6E,IndiGo,1,9444,INR,0,,04:45,4,06:55,6,False,130,130,0,Airbus A321neo,95.0,98.0
2026-10-01,2026-10-01 15:33,2026-11-30,60,DEL,CCU,DEL-CCU,6E,IndiGo,1,9444,INR,0,,06:15,6,08:25,8,False,130,130,0,Airbus A321neo,95.0,98.0
2026-10-01,2026-10-01 15:33,2026-11-30,60,DEL,CCU,DEL-CCU,6E,IndiGo,1,9444,INR,0,,10:30,10,12:40,12,False,130,130,0,Airbus A321neo,95.0,98.0
2026-10-01,2026-10-01 15:33,2026-11-30,60,DEL,CCU,DEL-CCU,6E,IndiGo,1,9444,INR,0,,12:15,12,14:25,14,False,130,130,0,Airbus A321neo,95.0,98.0
2026-10-01,2026-10-01 15:33,2026-11-30,60,DEL,CCU,DEL-CCU,6E,IndiGo,1,9444,INR,0,,13:35,13,15:45,15,False,130,130,0,Airbus A321neo,95.0,98.0
2026-10-01,2026-10-01 15:33,2026-11-30,60,DEL,CCU,DEL-CCU,6E,IndiGo,1,9444,INR,0,,15:30,15,17:40,17,False,130,130,0,Airbus A321neo,95.0,98.0
2026-10-01,2026-10-01 15:33,2026-11-30,60,DEL,CCU,DEL-CCU,6E,IndiGo,1,9444,INR,0,,17:15,17,19:25,19,False,130,130,0,Airbus A321neo,95.0,98.0
2026-10-01,2026-10-01 15:33,2026-11-30,60,DEL,CCU,DEL-CCU,6E,IndiGo,1,9444,INR,0,,19:30,19,21:40,21,False,130,130,0,Airbus A321neo,95.0,98.0
2026-10-01,2026-10-01 15:33,2026-11-30,60,DEL,CCU,DEL-CCU,6E,IndiGo,1,9444,INR,0,,22:15,22,00:25,0,True,130,130,0,Airbus A321neo,95.0,98.0
2026-10-01,2026-10-01 15:33,2026-11-30,60,DEL,CCU,DEL-CCU,6E,IndiGo,1,9444,INR,0,,23:45,23,01:55,1,True,130,130,0,Airbus A321neo,95.0,98.0
2026-10-01,2026-10-01 15:33,2026-11-30,60,DEL,CCU,DEL-CCU,AI,Air India,1,9554,INR,0,,16:15,16,18:25,18,False,130,130,0,Airbus A320neo,112.0,98.0
2026-10-01,2026-10-01 15:33,2026-11-30,60,DEL,CCU,DEL-CCU,AI,Air India,1,9554,INR,0,,18:00,18,20:10,20,False,130,130,0,Airbus A320neo,112.0,98.0
2026-10-01,2026-10-01 15:33,2026-11-30,60,DEL,CCU,DEL-CCU,AI,Air India,1,9554,INR,0,,21:40,21,23:50,23,False,130,130,0,Airbus A320neo,112.0,98.0
2026-10-01,2026-10-01 15:33,2026-11-30,60,DEL,CCU,DEL-CCU,AI,Air India,1,9806,INR,0,,09:30,9,11:45,11,False,135,135,0,Airbus A320neo,112.0,98.0
2026-10-01,2026-10-01 15:33,2026-11-30,60,DEL,CCU,DEL-CCU,AI,Air India,1,10982,INR,0,,13:00,13,15:10,15,False,130,130,0,Airbus A320neo,112.0,98.0
2026-10-01,2026-10-01 15:33,2026-11-30,60,DEL,CCU,DEL-CCU,AI,Air India,1,10982,INR,0,,19:40,19,21:50,21,False,130,130,0,Airbus A320neo,112.0,98.0
2026-10-01,2026-10-01 15:33,2026-11-30,60,DEL,CCU,DEL-CCU,AI,Air India,1,11428,INR,0,,06:45,6,09:00,9,False,135,135,0,Airbus A320neo,112.0,98.0
2026-10-01,2026-10-01 15:33,2026-10-02,1,PNQ,DEL,PNQ-DEL,AI,Air India,1,7331,INR,0,,18:45,18,21:10,21,False,145,145,0,Airbus A320neo,110.0,98.0
2026-10-01,2026-10-01 15:33,2026-10-02,1,PNQ,DEL,PNQ-DEL,6E,IndiGo,1,7528,INR,0,,19:10,19,21:25,21,False,135,135,0,Airbus A321neo,94.0,98.0
2026-10-01,2026-10-01 15:33,2026-10-02,1,PNQ,DEL,PNQ-DEL,AI,Air India,1,8045,INR,0,,20:30,20,22:55,22,False,145,145,0,Airbus A320neo,110.0,98.0
2026-10-01,2026-10-01 15:33,2026-10-02,1,PNQ,DEL,PNQ-DEL,AI,Air India,1,8591,INR,0,,15:50,15,18:15,18,False,145,145,0,Airbus A320neo,110.0,98.0
2026-10-01,2026-10-01 15:33,2026-10-02,1,PNQ,DEL,PNQ-DEL,6E,IndiGo,1,8998,INR,0,,14:45,14,16:45,16,False,120,120,0,Airbus A321neo,94.0,98.0
2026-10-01,2026-10-01 15:33,2026-10-02,1,PNQ,DEL,PNQ-DEL,QP,Akasa Air,1,9395,INR,0,,21:05,21,23:40,23,False,155,155,0,Boeing 737MAX 8 Passenger,97.0,98.0
2026-10-01,2026-10-01 15:33,2026-10-02,1,PNQ,DEL,PNQ-DEL,6E,IndiGo,1,9733,INR,0,,08:50,8,11:05,11,False,135,135,0,Airbus A321neo,94.0,98.0
2026-10-01,2026-10-01 15:33,2026-10-02,1,PNQ,DEL,PNQ-DEL,6E,IndiGo,1,9733,INR,0,,12:25,12,14:40,14,False,135,135,0,Airbus A321neo,94.0,98.0
2026-10-01,2026-10-01 15:33,2026-10-02,1,PNQ,DEL,PNQ-DEL,AI,Air India,1,9794,INR,0,,05:15,5,07:40,7,False,145,145,0,Airbus A320neo,110.0,98.0
2026-10-01,2026-10-01 15:33,2026-10-02,1,PNQ,DEL,PNQ-DEL,6E,IndiGo,1,10573,INR,0,,01:45,1,04:00,4,False,135,135,0,Airbus A321neo,94.0,98.0
2026-10-01,2026-10-01 15:33,2026-10-02,1,PNQ,DEL,PNQ-DEL,6E,IndiGo,1,10573,INR,0,,05:05,5,07:15,7,False,130,130,0,Airbus A321neo,94.0,98.0
2026-10-01,2026-10-01 15:33,2026-10-02,1,PNQ,DEL,PNQ-DEL,6E,IndiGo,1,10573,INR,0,,07:25,7,09:40,9,False,135,135,0,Airbus A321neo,94.0,98.0
2026-10-01,2026-10-01 15:33,2026-10-02,1,PNQ,DEL,PNQ-DEL,IX,Air India Express,1,11658,INR,0,,07:40,7,10:00,10,False,140,140,0,Boeing 737MAX 8 Passenger,111.0,98.0
2026-10-01,2026-10-01 15:33,2026-10-02,1,PNQ,DEL,PNQ-DEL,6E,IndiGo,1,12417,INR,0,,00:15,0,02:30,2,False,135,135,0,Airbus A321neo,94.0,98.0
2026-10-01,2026-10-01 15:33,2026-10-02,1,PNQ,DEL,PNQ-DEL,AI,Air India,1,12539,INR,0,,00:35,0,03:00,3,False,145,145,0,Airbus A320neo,110.0,98.0
2026-10-01,2026-10-01 15:33,2026-10-02,1,PNQ,DEL,PNQ-DEL,AI,Air India,1,12539,INR,0,,04:55,4,07:15,7,False,140,140,0,Airbus A320neo,110.0,98.0
2026-10-01,2026-10-01 15:33,2026-10-02,1,PNQ,DEL,PNQ-DEL,QP,Akasa Air,1,12887,INR,0,,07:50,7,10:10,10,False,140,140,0,Boeing 737MAX 8 Passenger,93.0,98.0
2026-10-01,2026-10-01 15:33,2026-10-02,1,PNQ,DEL,PNQ-DEL,AI,Air India,1,17249,INR,0,,07:40,7,10:05,10,False,145,145,0,Airbus A321,140.0,98.0
2026-10-01,2026-10-01 15:33,2026-10-02,1,PNQ,DEL,PNQ-DEL,AI,Air India,1,20624,INR,0,,08:45,8,11:10,11,False,145,145,0,Airbus A320neo,110.0,98.0
2026-10-01,2026-10-01 15:33,2026-10-04,3,PNQ,DEL,PNQ-DEL,6E,IndiGo,1,7014,INR,0,,00:15,0,02:30,2,False,135,135,0,Airbus A321neo,94.0,98.0
2026-10-01,2026-10-01 15:33,2026-10-04,3,PNQ,DEL,PNQ-DEL,6E,IndiGo,1,7014,INR,0,,01:45,1,04:00,4,False,135,135,0,Airbus A321neo,94.0,98.0
2026-10-01,2026-10-01 15:33,2026-10-04,3,PNQ,DEL,PNQ-DEL,6E,IndiGo,1,7843,INR,0,,07:25,7,09:40,9,False,135,135,0,Airbus A321neo,94.0,98.0
2026-10-01,2026-10-01 15:33,2026-10-04,3,PNQ,DEL,PNQ-DEL,IX,Air India Express,1,8541,INR,0,,07:40,7,10:00,10,False,140,140,0,Boeing 737MAX 8 Passenger,111.0,98.0
2026-10-01,2026-10-01 15:33,2026-10-04,3,PNQ,DEL,PNQ-DEL,AI,Air India,1,8948,INR,0,,07:40,7,10:05,10,False,145,145,0,Airbus A320neo,110.0,98.0
2026-10-01,2026-10-01 15:33,2026-10-04,3,PNQ,DEL,PNQ-DEL,AI,Air India,1,8948,INR,0,,08:45,8,11:10,11,False,145,145,0,Airbus A320neo,110.0,98.0
2026-10-01,2026-10-01 15:33,2026-10-04,3,PNQ,DEL,PNQ-DEL,6E,IndiGo,1,8998,INR,0,,08:50,8,11:05,11,False,135,135,0,Airbus A321neo,94.0,98.0
2026-10-01,2026-10-01 15:33,2026-10-04,3,PNQ,DEL,PNQ-DEL,QP,Akasa Air,1,9894,INR,0,,07:50,7,10:10,10,False,140,140,0,Boeing 737MAX 8 Passenger,93.0,98.0
2026-10-01,2026-10-01 15:33,2026-10-04,3,PNQ,DEL,PNQ-DEL,6E,IndiGo,1,11466,INR,0,,12:25,12,14:40,14,False,135,135,0,Airbus A321neo,94.0,98.0
2026-10-01,2026-10-01 15:33,2026-10-04,3,PNQ,DEL,PNQ-DEL,6E,IndiGo,1,11466,INR,0,,19:10,19,21:25,21,False,135,135,0,Airbus A321neo,94.0,98.0
2026-10-01,2026-10-01 15:33,2026-10-04,3,PNQ,DEL,PNQ-DEL,6E,IndiGo,1,11466,INR,0,,21:00,21,23:15,23,False,135,135,0,Airbus A321neo,94.0,98.0
2026-10-01,2026-10-01 15:33,2026-10-04,3,PNQ,DEL,PNQ-DEL,QP,Akasa Air,1,11582,INR,0,,21:05,21,23:40,23,False,155,155,0,Boeing 737MAX 8 Passenger,97.0,98.0
2026-10-01,2026-10-01 15:33,2026-10-04,3,PNQ,DEL,PNQ-DEL,IX,Air India Express,1,11658,INR,0,,18:50,18,21:15,21,False,145,145,0,Boeing 737MAX 8 Passenger,111.0,98.0
2026-10-01,2026-10-01 15:33,2026-10-04,3,PNQ,DEL,PNQ-DEL,AI,Air India,1,12539,INR,0,,22:00,22,00:25,0,True,145,145,0,Airbus A320neo,110.0,98.0
2026-10-01,2026-10-01 15:33,2026-10-04,3,PNQ,DEL,PNQ-DEL,AI,Air India,1,12870,INR,0,,18:45,18,21:10,21,False,145,145,0,Airbus A320neo,110.0,98.0
2026-10-01,2026-10-01 15:33,2026-10-04,3,PNQ,DEL,PNQ-DEL,AI,Air India,1,12870,INR,0,,20:30,20,22:55,22,False,145,145,0,Airbus A320neo,110.0,98.0
2026-10-01,2026-10-01 15:33,2026-10-04,3,PNQ,DEL,PNQ-DEL,6E,IndiGo,1,13448,INR,0,,14:45,14,16:45,16,False,120,120,0,Airbus A321neo,94.0,98.0
2026-10-01,2026-10-01 15:33,2026-10-04,3,PNQ,DEL,PNQ-DEL,AI,Air India,1,14083,INR,0,,15:50,15,18:15,18,False,145,145,0,Airbus A320neo,110.0,98.0
2026-10-01,2026-10-01 15:33,2026-10-08,7,PNQ,DEL,PNQ-DEL,6E,IndiGo,1,7014,INR,0,,00:15,0,02:30,2,False,135,135,0,Airbus A321neo,94.0,98.0
2026-10-01,2026-10-01 15:33,2026-10-08,7,PNQ,DEL,PNQ-DEL,6E,IndiGo,1,7014,INR,0,,01:45,1,04:00,4,False,135,135,0,Airbus A321neo,94.0,98.0
2026-10-01,2026-10-01 15:33,2026-10-08,7,PNQ,DEL,PNQ-DEL,6E,IndiGo,1,7014,INR,0,,21:00,21,23:15,23,False,135,135,0,Airbus A321neo,94.0,98.0
2026-10-01,2026-10-01 15:33,2026-10-08,7,PNQ,DEL,PNQ-DEL,AI,Air India,1,7258,INR,0,,07:40,7,10:05,10,False,145,145,0,Airbus A320neo,110.0,98.0
2026-10-01,2026-10-01 15:33,2026-10-08,7,PNQ,DEL,PNQ-DEL,6E,IndiGo,1,7308,INR,0,,08:50,8,11:05,11,False,135,135,0,Airbus A321neo,94.0,98.0
2026-10-01,2026-10-01 15:33,2026-10-08,7,PNQ,DEL,PNQ-DEL,AI,Air India,1,7368,INR,0,,04:55,4,07:15,7,False,140,140,0,Airbus A320neo,110.0,98.0
2026-10-01,2026-10-01 15:33,2026-10-08,7,PNQ,DEL,PNQ-DEL,AI,Air India,1,7368,INR,0,,05:15,5,07:40,7,False,145,145,0,Airbus A320neo,110.0,98.0
2026-10-01,2026-10-01 15:33,2026-10-08,7,PNQ,DEL,PNQ-DEL,AI,Air India,1,7368,INR,0,,22:00,22,00:25,0,True,145,145,0,Airbus A320neo,110.0,98.0
2026-10-01,2026-10-01 15:33,2026-10-08,7,PNQ,DEL,PNQ-DEL,QP,Akasa Air,1,7420,INR,0,,21:05,21,23:40,23,False,155,155,0,Boeing 737MAX 8 Passenger,97.0,98.0
2026-10-01,2026-10-01 15:33,2026-10-08,7,PNQ,DEL,PNQ-DEL,6E,IndiGo,1,7528,INR,0,,07:25,7,09:40,9,False,135,135,0,Airbus A321neo,94.0,98.0
2026-10-01,2026-10-01 15:33,2026-10-08,7,PNQ,DEL,PNQ-DEL,AI,Air India,1,7793,INR,0,,08:45,8,11:10,11,False,145,145,0,Airbus A320neo,110.0,98.0
2026-10-01,2026-10-01 15:33,2026-10-08,7,PNQ,DEL,PNQ-DEL,6E,IndiGo,1,7843,INR,0,,19:10,19,21:25,21,False,135,135,0,Airbus A321neo,94.0,98.0
2026-10-01,2026-10-01 15:33,2026-10-08,7,PNQ,DEL,PNQ-DEL,IX,Air India Express,1,8106,INR,0,,07:40,7,10:00,10,False,140,140,0,Boeing 737MAX 8 Passenger,111.0,98.0
2026-10-01,2026-10-01 15:33,2026-10-08,7,PNQ,DEL,PNQ-DEL,6E,IndiGo,1,8368,INR,0,,12:25,12,14:40,14,False,135,135,0,Airbus A321neo,94.0,98.0
2026-10-01,2026-10-01 15:33,2026-10-08,7,PNQ,DEL,PNQ-DEL,IX,Air India Express,1,8541,INR,0,,18:50,18,21:15,21,False,145,145,0,Boeing 737MAX 8 Passenger,111.0,98.0
2026-10-01,2026-10-01 15:33,2026-10-08,7,PNQ,DEL,PNQ-DEL,AI,Air India,1,9174,INR,0,,15:50,15,18:15,18,False,145,145,0,Airbus A320neo,110.0,98.0
2026-10-01,2026-10-01 15:33,2026-10-08,7,PNQ,DEL,PNQ-DEL,AI,Air India,1,9174,INR,0,,18:45,18,21:10,21,False,145,145,0,Airbus A320neo,110.0,98.0
2026-10-01,2026-10-01 15:33,2026-10-08,7,PNQ,DEL,PNQ-DEL,6E,IndiGo,1,9733,INR,0,,14:45,14,16:45,16,False,120,120,0,Airbus A321neo,94.0,98.0
2026-10-01,2026-10-01 15:33,2026-10-08,7,PNQ,DEL,PNQ-DEL,AI,Air India,1,15149,INR,0,,20:30,20,22:55,22,False,145,145,0,Airbus A320neo,110.0,98.0
2026-10-01,2026-10-01 15:33,2026-10-15,14,PNQ,DEL,PNQ-DEL,AI,Air India,1,7368,INR,0,,00:35,0,03:00,3,False,145,145,0,Airbus A320neo,110.0,98.0
2026-10-01,2026-10-01 15:33,2026-10-15,14,PNQ,DEL,PNQ-DEL,AI,Air India,1,7368,INR,0,,05:15,5,07:40,7,False,145,145,0,Airbus A320neo,110.0,98.0
2026-10-01,2026-10-01 15:33,2026-10-15,14,PNQ,DEL,PNQ-DEL,6E,IndiGo,1,7843,INR,0,,00:15,0,02:30,2,False,135,135,0,Airbus A321neo,94.0,98.0
2026-10-01,2026-10-01 15:33,2026-10-15,14,PNQ,DEL,PNQ-DEL,6E,IndiGo,1,7843,INR,0,,07:25,7,09:40,9,False,135,135,0,Airbus A321neo,94.0,98.0
2026-10-01,2026-10-01 15:33,2026-10-15,14,PNQ,DEL,PNQ-DEL,6E,IndiGo,1,7843,INR,0,,21:00,21,23:15,23,False,135,135,0,Airbus A321neo,94.0,98.0
2026-10-01,2026-10-01 15:33,2026-10-15,14,PNQ,DEL,PNQ-DEL,IX,Air India Express,1,7990,INR,0,,07:40,7,10:00,10,False,140,140,0,Boeing 737MAX 8 Passenger,111.0,98.0
2026-10-01,2026-10-01 15:33,2026-10-15,14,PNQ,DEL,PNQ-DEL,SG,SpiceJet,1,7991,INR,0,,05:55,5,08:30,8,False,155,155,0,Boeing 737,110.0,98.0
2026-10-01,2026-10-01 15:33,2026-10-15,14,PNQ,DEL,PNQ-DEL,AI,Air India,1,8208,INR,0,,22:00,22,00:25,0,True,145,145,0,Airbus A320neo,110.0,98.0
2026-10-01,2026-10-01 15:33,2026-10-15,14,PNQ,DEL,PNQ-DEL,AI,Air India,1,8318,INR,0,,07:40,7,10:05,10,False,145,145,0,Airbus A320neo,110.0,98.0
2026-10-01,2026-10-01 15:33,2026-10-15,14,PNQ,DEL,PNQ-DEL,6E,IndiGo,1,8368,INR,0,,14:45,14,16:45,16,False,120,120,0,Airbus A321neo,94.0,98.0
2026-10-01,2026-10-01 15:33,2026-10-15,14,PNQ,DEL,PNQ-DEL,IX,Air India Express,1,8411,INR,0,,18:50,18,21:15,21,False,145,145,0,Boeing 737MAX 8 Passenger,111.0,98.0
2026-10-01,2026-10-01 15:33,2026-10-15,14,PNQ,DEL,PNQ-DEL,QP,Akasa Air,1,8481,INR,0,,21:05,21,23:40,23,False,155,155,0,Boeing 737MAX 8 Passenger,93.0,98.0
2026-10-01,2026-10-01 15:33,2026-10-15,14,PNQ,DEL,PNQ-DEL,AI,Air India,1,8523,INR,0,,20:30,20,22:55,22,False,145,145,0,Airbus A320neo,110.0,98.0
2026-10-01,2026-10-01 15:33,2026-10-15,14,PNQ,DEL,PNQ-DEL,AI,Air India,1,8948,INR,0,,08:45,8,11:10,11,False,145,145,0,Airbus A320neo,110.0,98.0
2026-10-01,2026-10-01 15:33,2026-10-15,14,PNQ,DEL,PNQ-DEL,AI,Air India,1,9174,INR,0,,15:50,15,18:15,18,False,145,145,0,Airbus A320neo,110.0,98.0
2026-10-01,2026-10-01 15:33,2026-10-15,14,PNQ,DEL,PNQ-DEL,6E,IndiGo,1,9733,INR,0,,01:45,1,04:00,4,False,135,135,0,Airbus A321neo,94.0,98.0
2026-10-01,2026-10-01 15:33,2026-10-15,14,PNQ,DEL,PNQ-DEL,6E,IndiGo,1,9733,INR,0,,05:05,5,07:15,7,False,130,130,0,Airbus A321neo,94.0,98.0
2026-10-01,2026-10-01 15:33,2026-10-15,14,PNQ,DEL,PNQ-DEL,6E,IndiGo,1,10573,INR,0,,12:25,12,14:40,14,False,135,135,0,Airbus A321neo,94.0,98.0
2026-10-01,2026-10-01 15:33,2026-10-15,14,PNQ,DEL,PNQ-DEL,6E,IndiGo,1,10573,INR,0,,19:10,19,21:25,21,False,135,135,0,Airbus A321neo,94.0,98.0
2026-10-01,2026-10-01 15:33,2026-10-15,14,PNQ,DEL,PNQ-DEL,AI,Air India,1,12870,INR,0,,18:45,18,21:10,21,False,145,145,0,Airbus A320neo,110.0,98.0
2026-10-01,2026-10-01 15:33,2026-10-22,21,PNQ,DEL,PNQ-DEL,AI,Air India,1,8103,INR,0,,00:35,0,03:00,3,False,145,145,0,Airbus A320neo,110.0,98.0
2026-10-01,2026-10-01 15:33,2026-10-22,21,PNQ,DEL,PNQ-DEL,6E,IndiGo,1,8188,INR,1,AMD,15:50,15,23:30,23,False,460,185,275,Airbus A320neo | Airbus A321neo,120.0,98.0
2026-10-01,2026-10-01 15:33,2026-10-22,21,PNQ,DEL,PNQ-DEL,AI,Air India,1,8213,INR,0,,20:30,20,22:55,22,False,145,145,0,Airbus A320neo,110.0,98.0
2026-10-01,2026-10-01 15:33,2026-10-22,21,PNQ,DEL,PNQ-DEL,6E,IndiGo,1,8264,INR,0,,00:15,0,02:30,2,False,135,135,0,Airbus A321neo,94.0,98.0
2026-10-01,2026-10-01 15:33,2026-10-22,21,PNQ,DEL,PNQ-DEL,6E,IndiGo,1,8264,INR,0,,01:45,1,04:00,4,False,135,135,0,Airbus A321neo,94.0,98.0
2026-10-01,2026-10-01 15:33,2026-10-22,21,PNQ,DEL,PNQ-DEL,6E,IndiGo,1,8264,INR,0,,21:00,21,23:15,23,False,135,135,0,Airbus A321neo,94.0,98.0
2026-10-01,2026-10-01 15:33,2026-10-22,21,PNQ,DEL,PNQ-DEL,AI,Air India,1,8418,INR,0,,18:45,18,21:10,21,False,145,145,0,Airbus A320neo,110.0,98.0
2026-10-01,2026-10-01 15:33,2026-10-22,21,PNQ,DEL,PNQ-DEL,SG,SpiceJet,1,8591,INR,0,,05:55,5,08:30,8,False,155,155,0,Boeing 737,110.0,98.0
2026-10-01,2026-10-01 15:33,2026-10-22,21,PNQ,DEL,PNQ-DEL,AI,Air India,1,9274,INR,0,,04:55,4,07:15,7,False,140,140,0,Airbus A320neo,110.0,98.0
2026-10-01,2026-10-01 15:33,2026-10-22,21,PNQ,DEL,PNQ-DEL,6E,IndiGo,1,9436,INR,0,,14:45,14,16:45,16,False,120,120,0,Airbus A321neo,94.0,98.0
2026-10-01,2026-10-01 15:33,2026-10-22,21,PNQ,DEL,PNQ-DEL,AI,Air India,1,9626,INR,0,,15:50,15,18:15,18,False,145,145,0,Airbus A320neo,110.0,98.0
2026-10-01,2026-10-01 15:33,2026-10-22,21,PNQ,DEL,PNQ-DEL,AI,Air India,1,9935,INR,0,,05:15,5,07:40,7,False,145,145,0,Airbus A320neo,110.0,98.0
2026-10-01,2026-10-01 15:33,2026-10-22,21,PNQ,DEL,PNQ-DEL,IX,Air India Express,1,9942,INR,0,,07:40,7,10:00,10,False,140,140,0,Boeing 737MAX 8 Passenger,111.0,98.0
2026-10-01,2026-10-01 15:33,2026-10-22,21,PNQ,DEL,PNQ-DEL,AI,Air India,1,10046,INR,0,,07:40,7,10:05,10,False,145,145,0,Airbus A321,140.0,98.0
2026-10-01,2026-10-01 15:33,2026-10-22,21,PNQ,DEL,PNQ-DEL,AI,Air India,1,10046,INR,0,,08:45,8,11:10,11,False,145,145,0,Airbus A320neo,110.0,98.0
2026-10-01,2026-10-01 15:33,2026-10-22,21,PNQ,DEL,PNQ-DEL,QP,Akasa Air,1,10067,INR,0,,07:50,7,10:10,10,False,140,140,0,Boeing 737MAX 8 Passenger,93.0,98.0
2026-10-01,2026-10-01 15:33,2026-10-22,21,PNQ,DEL,PNQ-DEL,6E,IndiGo,1,10095,INR,0,,05:05,5,07:15,7,False,130,130,0,Airbus A321neo,94.0,98.0
2026-10-01,2026-10-01 15:33,2026-10-22,21,PNQ,DEL,PNQ-DEL,6E,IndiGo,1,10095,INR,0,,08:50,8,11:05,11,False,135,135,0,Airbus A321neo,94.0,98.0
2026-10-01,2026-10-01 15:33,2026-10-22,21,PNQ,DEL,PNQ-DEL,6E,IndiGo,1,11582,INR,0,,12:25,12,14:40,14,False,135,135,0,Airbus A321neo,94.0,98.0
2026-10-01,2026-10-01 15:33,2026-10-22,21,PNQ,DEL,PNQ-DEL,6E,IndiGo,1,13324,INR,0,,07:25,7,09:40,9,False,135,135,0,Airbus A321neo,94.0,98.0
2026-10-01,2026-10-01 15:33,2026-10-31,30,PNQ,DEL,PNQ-DEL,AI,Air India,1,9935,INR,0,,05:15,5,07:30,7,False,135,135,0,Airbus A320neo,110.0,98.0
2026-10-01,2026-10-01 15:33,2026-10-31,30,PNQ,DEL,PNQ-DEL,AI,Air India,1,9935,INR,0,,22:00,22,00:15,0,True,135,135,0,Airbus A320neo,110.0,98.0
2026-10-01,2026-10-01 15:33,2026-10-31,30,PNQ,DEL,PNQ-DEL,6E,IndiGo,1,9961,INR,1,AMD,04:30,4,09:15,9,False,285,175,110,Airbus A321neo | Airbus A321neo,115.0,98.0
2026-10-01,2026-10-01 15:33,2026-10-31,30,PNQ,DEL,PNQ-DEL,AI,Air India,1,10130,INR,0,,07:40,7,10:00,10,False,140,140,0,Airbus A321,140.0,98.0
2026-10-01,2026-10-01 15:33,2026-10-31,30,PNQ,DEL,PNQ-DEL,SG,SpiceJet,1,10142,INR,0,,05:55,5,08:30,8,False,155,155,0,Boeing 737,110.0,98.0
2026-10-01,2026-10-01 15:33,2026-10-31,30,PNQ,DEL,PNQ-DEL,IX,Air India Express,1,10243,INR,0,,01:20,1,03:45,3,False,145,145,0,Airbus A320neo,108.0,98.0
2026-10-01,2026-10-01 15:33,2026-10-31,30,PNQ,DEL,PNQ-DEL,AI,Air India,1,10471,INR,0,,18:45,18,21:00,21,False,135,135,0,Airbus A320neo,110.0,98.0
2026-10-01,2026-10-01 15:33,2026-10-31,30,PNQ,DEL,PNQ-DEL,SG,SpiceJet,1,10767,INR,0,,23:55,23,02:15,2,True,140,140,0,Boeing 737,131.0,98.0
2026-10-01,2026-10-01 15:33,2026-10-31,30,PNQ,DEL,PNQ-DEL,QP,Akasa Air,1,10986,INR,0,,21:00,21,23:25,23,False,145,145,0,Boeing 737MAX 8 Passenger,96.0,98.0
2026-10-01,2026-10-01 15:33,2026-10-31,30,PNQ,DEL,PNQ-DEL,AI,Air India,1,11038,INR,0,,08:45,8,11:05,11,False,140,140,0,Airbus A320neo,110.0,98.0
2026-10-01,2026-10-01 15:33,2026-10-31,30,PNQ,DEL,PNQ-DEL,AI,Air India,1,11038,INR,0,,20:30,20,22:45,22,False,135,135,0,Airbus A320neo,110.0,98.0
2026-10-01,2026-10-01 15:33,2026-10-31,30,PNQ,DEL,PNQ-DEL,SG,SpiceJet,1,11449,INR,0,,22:50,22,01:10,1,True,140,140,0,Boeing 737,131.0,98.0
2026-10-01,2026-10-01 15:33,2026-10-31,30,PNQ,DEL,PNQ-DEL,6E,IndiGo,1,11582,INR,0,,00:05,0,02:15,2,False,130,130,0,Airbus A321neo,94.0,98.0
2026-10-01,2026-10-01 15:33,2026-10-31,30,PNQ,DEL,PNQ-DEL,IX,Air India Express,1,11641,INR,0,,18:05,18,20:15,20,False,130,130,0,Airbus A320neo,108.0,98.0
2026-10-01,2026-10-01 15:33,2026-10-31,30,PNQ,DEL,PNQ-DEL,6E,IndiGo,1,12419,INR,0,,19:15,19,21:25,21,False,130,130,0,Airbus A321neo,94.0,98.0
2026-10-01,2026-10-01 15:33,2026-10-31,30,PNQ,DEL,PNQ-DEL,6E,IndiGo,1,14304,INR,0,,01:45,1,03:55,3,False,130,130,0,Airbus A321neo,94.0,98.0
2026-10-01,2026-10-01 15:33,2026-10-31,30,PNQ,DEL,PNQ-DEL,6E,IndiGo,1,15365,INR,0,,08:40,8,10:50,10,False,130,130,0,Airbus A321neo,94.0,98.0
2026-10-01,2026-10-01 15:33,2026-10-31,30,PNQ,DEL,PNQ-DEL,6E,IndiGo,1,16513,INR,0,,05:05,5,07:15,7,False,130,130,0,Airbus A321neo,94.0,98.0
2026-10-01,2026-10-01 15:33,2026-10-31,30,PNQ,DEL,PNQ-DEL,6E,IndiGo,1,16513,INR,0,,07:30,7,09:40,9,False,130,130,0,Airbus A321neo,94.0,98.0
2026-10-01,2026-10-01 15:33,2026-11-15,45,PNQ,DEL,PNQ-DEL,SG,SpiceJet,1,8201,INR,0,,05:55,5,08:30,8,False,155,155,0,Boeing 737,107.0,98.0
2026-10-01,2026-10-01 15:33,2026-11-15,45,PNQ,DEL,PNQ-DEL,SG,SpiceJet,1,8201,INR,0,,22:50,22,01:10,1,True,140,140,0,Boeing 737,128.0,98.0
2026-10-01,2026-10-01 15:33,2026-11-15,45,PNQ,DEL,PNQ-DEL,SG,SpiceJet,1,8201,INR,0,,23:55,23,02:15,2,True,140,140,0,Boeing 737,128.0,98.0
2026-10-01,2026-10-01 15:33,2026-11-15,45,PNQ,DEL,PNQ-DEL,6E,IndiGo,1,8485,INR,1,JAI,02:00,2,09:35,9,False,455,170,285,Airbus A320neo | Airbus A321neo,112.0,98.0
2026-10-01,2026-10-01 15:33,2026-11-15,45,PNQ,DEL,PNQ-DEL,6E,IndiGo,1,9436,INR,0,,00:05,0,02:15,2,False,130,130,0,Airbus A321neo,92.0,98.0
2026-10-01,2026-10-01 15:33,2026-11-15,45,PNQ,DEL,PNQ-DEL,6E,IndiGo,1,9436,INR,0,,05:05,5,07:15,7,False,130,130,0,Airbus A321neo,92.0,98.0
2026-10-01,2026-10-01 15:33,2026-11-15,45,PNQ,DEL,PNQ-DEL,6E,IndiGo,1,9436,INR,0,,07:30,7,09:40,9,False,130,130,0,Airbus A321neo,92.0,98.0
2026-10-01,2026-10-01 15:33,2026-11-15,45,PNQ,DEL,PNQ-DEL,6E,IndiGo,1,9436,INR,0,,21:20,21,23:30,23,False,130,130,0,Airbus A321neo,92.0,98.0
2026-10-01,2026-10-01 15:33,2026-11-15,45,PNQ,DEL,PNQ-DEL,AI,Air India,1,9547,INR,0,,00:35,0,02:50,2,False,135,135,0,Airbus A320neo,108.0,98.0
2026-10-01,2026-10-01 15:33,2026-11-15,45,PNQ,DEL,PNQ-DEL,AI,Air India,1,9547,INR,0,,04:55,4,07:10,7,False,135,135,0,Airbus A320neo,108.0,98.0
2026-10-01,2026-10-01 15:33,2026-11-15,45,PNQ,DEL,PNQ-DEL,AI,Air India,1,9547,INR,0,,05:15,5,07:30,7,False,135,135,0,Airbus A320neo,108.0,98.0
2026-10-01,2026-10-01 15:33,2026-11-15,45,PNQ,DEL,PNQ-DEL,AI,Air India,1,9547,INR,0,,22:00,22,00:15,0,True,135,135,0,Airbus A320neo,108.0,98.0
2026-10-01,2026-10-01 15:33,2026-11-15,45,PNQ,DEL,PNQ-DEL,QP,Akasa Air,1,9725,INR,0,,08:50,8,11:15,11,False,145,145,0,Boeing 737MAX 8 Passenger,93.0,98.0
2026-10-01,2026-10-01 15:33,2026-11-15,45,PNQ,DEL,PNQ-DEL,IX,Air India Express,1,9942,INR,0,,01:20,1,03:45,3,False,145,145,0,Airbus A320neo,104.0,98.0
2026-10-01,2026-10-01 15:33,2026-11-15,45,PNQ,DEL,PNQ-DEL,IX,Air India Express,1,9942,INR,0,,18:05,18,20:15,20,False,130,130,0,Airbus A320neo,104.0,98.0
2026-10-01,2026-10-01 15:33,2026-11-15,45,PNQ,DEL,PNQ-DEL,6E,IndiGo,1,10095,INR,0,,01:45,1,03:55,3,False,130,130,0,Airbus A321neo,92.0,98.0
2026-10-01,2026-10-01 15:33,2026-11-15,45,PNQ,DEL,PNQ-DEL,6E,IndiGo,1,10095,INR,0,,08:40,8,10:50,10,False,130,130,0,Airbus A321neo,92.0,98.0
2026-10-01,2026-10-01 15:33,2026-11-15,45,PNQ,DEL,PNQ-DEL,AI,Air India,1,10466,INR,0,,18:45,18,21:00,21,False,135,135,0,Airbus A320neo,108.0,98.0
2026-10-01,2026-10-01 15:33,2026-11-15,45,PNQ,DEL,PNQ-DEL,AI,Air India,1,10466,INR,0,,20:30,20,22:45,22,False,135,135,0,Airbus A320neo,108.0,98.0
2026-10-01,2026-10-01 15:33,2026-11-15,45,PNQ,DEL,PNQ-DEL,6E,IndiGo,1,10809,INR,0,,12:15,12,14:25,14,False,130,130,0,Airbus A321neo,92.0,98.0
2026-10-01,2026-10-01 15:33,2026-11-15,45,PNQ,DEL,PNQ-DEL,6E,IndiGo,1,10809,INR,0,,14:30,14,16:40,16,False,130,130,0,Airbus A321neo,92.0,98.0
2026-10-01,2026-10-01 15:33,2026-11-15,45,PNQ,DEL,PNQ-DEL,AI,Air India,1,10917,INR,0,,07:40,7,10:00,10,False,140,140,0,Airbus A321,137.0,98.0
2026-10-01,2026-10-01 15:33,2026-11-15,45,PNQ,DEL,PNQ-DEL,AI,Air India,1,11295,INR,0,,15:50,15,18:10,18,False,140,140,0,Airbus A320neo,108.0,98.0
2026-10-01,2026-10-01 15:33,2026-11-15,45,PNQ,DEL,PNQ-DEL,AI,Air India,1,11689,INR,0,,08:45,8,11:05,11,False,140,140,0,Airbus A320neo,108.0,98.0
2026-10-01,2026-10-01 15:33,2026-11-15,45,PNQ,DEL,PNQ-DEL,IX,Air India Express,1,23367,INR,0,,13:45,13,16:10,16,False,145,145,0,Airbus A321,119.0,98.0
2026-10-01,2026-10-01 15:33,2026-11-30,60,PNQ,DEL,PNQ-DEL,SG,SpiceJet,1,8201,INR,0,,05:55,5,08:30,8,False,155,155,0,Boeing 737,107.0,98.0
2026-10-01,2026-10-01 15:33,2026-11-30,60,PNQ,DEL,PNQ-DEL,SG,SpiceJet,1,8201,INR,0,,17:50,17,20:05,20,False,135,135,0,Boeing 737,107.0,98.0
2026-10-01,2026-10-01 15:33,2026-11-30,60,PNQ,DEL,PNQ-DEL,SG,SpiceJet,1,8201,INR,0,,22:50,22,01:10,1,True,140,140,0,Boeing 737,128.0,98.0
2026-10-01,2026-10-01 15:33,2026-11-30,60,PNQ,DEL,PNQ-DEL,6E,IndiGo,1,8264,INR,0,,21:20,21,23:30,23,False,130,130,0,Airbus A321neo,92.0,98.0
2026-10-01,2026-10-01 15:33,2026-11-30,60,PNQ,DEL,PNQ-DEL,IX,Air India Express,1,8437,INR,1,IDR,08:10,8,12:00,12,False,230,185,45,Airbus A320neo | Airbus A320neo,125.0,98.0
2026-10-01,2026-10-01 15:33,2026-11-30,60,PNQ,DEL,PNQ-DEL,6E,IndiGo,1,8827,INR,0,,07:30,7,09:40,9,False,130,130,0,Airbus A321neo,92.0,98.0
2026-10-01,2026-10-01 15:33,2026-11-30,60,PNQ,DEL,PNQ-DEL,6E,IndiGo,1,8827,INR,0,,14:30,14,16:40,16,False,130,130,0,Airbus A321neo,92.0,98.0
2026-10-01,2026-10-01 15:33,2026-11-30,60,PNQ,DEL,PNQ-DEL,AI,Air India,1,8938,INR,0,,00:35,0,02:50,2,False,135,135,0,Airbus A320neo,108.0,98.0
2026-10-01,2026-10-01 15:33,2026-11-30,60,PNQ,DEL,PNQ-DEL,AI,Air India,1,8938,INR,0,,04:55,4,07:10,7,False,135,135,0,Airbus A320neo,108.0,98.0
2026-10-01,2026-10-01 15:33,2026-11-30,60,PNQ,DEL,PNQ-DEL,AI,Air India,1,8938,INR,0,,05:15,5,07:30,7,False,135,135,0,Airbus A320neo,108.0,98.0
2026-10-01,2026-10-01 15:33,2026-11-30,60,PNQ,DEL,PNQ-DEL,IX,Air India Express,1,8975,INR,0,,01:20,1,03:45,3,False,145,145,0,Airbus A320neo,104.0,98.0
2026-10-01,2026-10-01 15:33,2026-11-30,60,PNQ,DEL,PNQ-DEL,QP,Akasa Air,1,9079,INR,0,,08:50,8,11:15,11,False,145,145,0,Boeing 737MAX 8 Passenger,93.0,98.0
2026-10-01,2026-10-01 15:33,2026-11-30,60,PNQ,DEL,PNQ-DEL,AI,Air India,1,9158,INR,0,,20:30,20,22:45,22,False,135,135,0,Airbus A320neo,108.0,98.0
2026-10-01,2026-10-01 15:33,2026-11-30,60,PNQ,DEL,PNQ-DEL,6E,IndiGo,1,9436,INR,0,,01:45,1,03:55,3,False,130,130,0,Airbus A321neo,92.0,98.0
2026-10-01,2026-10-01 15:33,2026-11-30,60,PNQ,DEL,PNQ-DEL,6E,IndiGo,1,9436,INR,0,,08:40,8,10:50,10,False,130,130,0,Airbus A321neo,92.0,98.0
2026-10-01,2026-10-01 15:33,2026-11-30,60,PNQ,DEL,PNQ-DEL,6E,IndiGo,1,9436,INR,0,,12:15,12,14:25,14,False,130,130,0,Airbus A321neo,92.0,98.0
2026-10-01,2026-10-01 15:33,2026-11-30,60,PNQ,DEL,PNQ-DEL,6E,IndiGo,1,9436,INR,0,,19:15,19,21:25,21,False,130,130,0,Airbus A321neo,92.0,98.0
2026-10-01,2026-10-01 15:33,2026-11-30,60,PNQ,DEL,PNQ-DEL,AI,Air India,1,9626,INR,0,,07:40,7,10:00,10,False,140,140,0,Airbus A321,137.0,98.0
2026-10-01,2026-10-01 15:33,2026-11-30,60,PNQ,DEL,PNQ-DEL,AI,Air India,1,9783,INR,0,,15:50,15,18:10,18,False,140,140,0,Airbus A320neo,108.0,98.0
2026-10-01,2026-10-01 15:33,2026-11-30,60,PNQ,DEL,PNQ-DEL,IX,Air India Express,1,9942,INR,0,,13:45,13,16:10,16,False,145,145,0,Airbus A321,119.0,98.0
2026-10-01,2026-10-01 15:33,2026-11-30,60,PNQ,DEL,PNQ-DEL,IX,Air India Express,1,9942,INR,0,,18:05,18,20:15,20,False,130,130,0,Airbus A320neo,104.0,98.0
2026-10-01,2026-10-01 15:33,2026-11-30,60,PNQ,DEL,PNQ-DEL,AI,Air India,1,10203,INR,0,,08:45,8,11:05,11,False,140,140,0,Airbus A320neo,108.0,98.0
2026-10-01,2026-10-01 15:33,2026-11-30,60,PNQ,DEL,PNQ-DEL,AI,Air India,1,10466,INR,0,,18:45,18,21:00,21,False,135,135,0,Airbus A320neo,108.0,98.0
2026-10-01,2026-10-01 15:33,2026-10-02,1,HYD,DEL,HYD-DEL,AI,Air India,1,8286,INR,0,,19:25,19,22:00,22,False,155,155,0,Airbus A350,110.0,113.0
2026-10-01,2026-10-01 15:33,2026-10-02,1,HYD,DEL,HYD-DEL,AI,Air India,1,8291,INR,0,,13:30,13,16:05,16,False,155,155,0,Airbus A320neo,112.0,113.0
2026-10-01,2026-10-01 15:33,2026-10-02,1,HYD,DEL,HYD-DEL,6E,IndiGo,1,8339,INR,0,,13:00,13,15:25,15,False,145,145,0,Airbus A321neo,96.0,113.0
2026-10-01,2026-10-01 15:33,2026-10-02,1,HYD,DEL,HYD-DEL,6E,IndiGo,1,8339,INR,0,,16:25,16,18:55,18,False,150,150,0,Airbus A320neo,99.0,113.0
2026-10-01,2026-10-01 15:33,2026-10-02,1,HYD,DEL,HYD-DEL,6E,IndiGo,1,8339,INR,0,,17:45,17,20:10,20,False,145,145,0,Airbus A321neo,96.0,113.0
2026-10-01,2026-10-01 15:33,2026-10-02,1,HYD,DEL,HYD-DEL,6E,IndiGo,1,8339,INR,0,,19:10,19,21:40,21,False,150,150,0,Airbus A321neo,96.0,113.0
2026-10-01,2026-10-01 15:33,2026-10-02,1,HYD,DEL,HYD-DEL,6E,IndiGo,1,8339,INR,0,,21:00,21,23:25,23,False,145,145,0,Airbus A321neo,96.0,113.0
2026-10-01,2026-10-01 15:33,2026-10-02,1,HYD,DEL,HYD-DEL,6E,IndiGo,1,8339,INR,0,,23:50,23,02:05,2,True,135,135,0,Airbus A320neo,99.0,113.0
2026-10-01,2026-10-01 15:33,2026-10-02,1,HYD,DEL,HYD-DEL,AI,Air India,1,8622,INR,0,,18:25,18,21:00,21,False,155,155,0,Airbus A320neo,112.0,113.0
2026-10-01,2026-10-01 15:33,2026-10-02,1,HYD,DEL,HYD-DEL,AI,Air India,1,8727,INR,0,,17:30,17,20:00,20,False,150,150,0,Airbus A320neo,112.0,113.0
2026-10-01,2026-10-01 15:33,2026-10-02,1,HYD,DEL,HYD-DEL,6E,IndiGo,1,8812,INR,0,,02:15,2,04:40,4,False,145,145,0,Airbus A321neo,96.0,113.0
2026-10-01,2026-10-01 15:33,2026-10-02,1,HYD,DEL,HYD-DEL,6E,IndiGo,1,8812,INR,0,,05:20,5,07:45,7,False,145,145,0,Airbus A321neo,96.0,113.0
2026-10-01,2026-10-01 15:33,2026-10-02,1,HYD,DEL,HYD-DEL,6E,IndiGo,1,8812,INR,0,,06:25,6,08:45,8,False,140,140,0,Airbus A321neo,96.0,113.0
2026-10-01,2026-10-01 15:33,2026-10-02,1,HYD,DEL,HYD-DEL,6E,IndiGo,1,8812,INR,0,,08:30,8,10:55,10,False,145,145,0,Airbus A321neo,96.0,113.0
2026-10-01,2026-10-01 15:33,2026-10-02,1,HYD,DEL,HYD-DEL,6E,IndiGo,1,8812,INR,0,,10:00,10,12:30,12,False,150,150,0,Airbus A320neo,99.0,113.0
2026-10-01,2026-10-01 15:33,2026-10-02,1,HYD,DEL,HYD-DEL,6E,IndiGo,1,8812,INR,0,,11:35,11,13:55,13,False,140,140,0,Airbus A321neo,96.0,113.0
2026-10-01,2026-10-01 15:33,2026-10-02,1,HYD,DEL,HYD-DEL,QP,Akasa Air,1,9150,INR,0,,06:00,6,08:15,8,False,135,135,0,Boeing 737MAX 8 Passenger,97.0,113.0
2026-10-01,2026-10-01 15:33,2026-10-02,1,HYD,DEL,HYD-DEL,AI,Air India,1,9945,INR,0,,05:30,5,07:55,7,False,145,145,0,Airbus A320neo,112.0,113.0
2026-10-01,2026-10-01 15:33,2026-10-02,1,HYD,DEL,HYD-DEL,AI,Air India,1,12438,INR,0,,23:30,23,02:00,2,True,150,150,0,Airbus A320neo,112.0,113.0
2026-10-01,2026-10-01 15:33,2026-10-02,1,HYD,DEL,HYD-DEL,AI,Air India,1,13467,INR,0,,21:30,21,23:55,23,False,145,145,0,Airbus A320neo,112.0,113.0
2026-10-01,2026-10-01 15:33,2026-10-02,1,HYD,DEL,HYD-DEL,AI,Air India,1,14848,INR,0,,07:15,7,09:35,9,False,140,140,0,Airbus A320neo,112.0,113.0
2026-10-01,2026-10-01 15:33,2026-10-02,1,HYD,DEL,HYD-DEL,AI,Air India,1,17221,INR,0,,08:35,8,10:55,10,False,140,140,0,Airbus A320neo,112.0,113.0
2026-10-01,2026-10-01 15:33,2026-10-04,3,HYD,DEL,HYD-DEL,6E,IndiGo,1,8339,INR,0,,02:15,2,04:40,4,False,145,145,0,Airbus A321neo,96.0,113.0
2026-10-01,2026-10-01 15:33,2026-10-04,3,HYD,DEL,HYD-DEL,6E,IndiGo,1,8339,INR,0,,05:20,5,07:45,7,False,145,145,0,Airbus A321neo,96.0,113.0
2026-10-01,2026-10-01 15:33,2026-10-04,3,HYD,DEL,HYD-DEL,AI,Air India,1,8700,INR,0,,23:30,23,02:00,2,True,150,150,0,Airbus A320neo,112.0,113.0
2026-10-01,2026-10-01 15:33,2026-10-04,3,HYD,DEL,HYD-DEL,6E,IndiGo,1,8812,INR,0,,08:30,8,10:55,10,False,145,145,0,Airbus A321neo,96.0,113.0
2026-10-01,2026-10-01 15:33,2026-10-04,3,HYD,DEL,HYD-DEL,AI,Air India,1,8910,INR,0,,05:30,5,07:55,7,False,145,145,0,Airbus A320neo,112.0,113.0
2026-10-01,2026-10-01 15:33,2026-10-04,3,HYD,DEL,HYD-DEL,AI,Air India,1,8968,INR,0,,08:35,8,10:55,10,False,140,140,0,Airbus A320neo,112.0,113.0
2026-10-01,2026-10-01 15:33,2026-10-04,3,HYD,DEL,HYD-DEL,AI,Air India,1,8979,INR,0,,07:15,7,09:35,9,False,140,140,0,Airbus A320neo,112.0,113.0
2026-10-01,2026-10-01 15:33,2026-10-04,3,HYD,DEL,HYD-DEL,AI,Air India,1,8979,INR,0,,13:30,13,16:05,16,False,155,155,0,Airbus A320neo,112.0,113.0
2026-10-01,2026-10-01 15:33,2026-10-04,3,HYD,DEL,HYD-DEL,AI,Air India,1,8979,INR,0,,19:25,19,22:00,22,False,155,155,0,Airbus A350,110.0,113.0
2026-10-01,2026-10-01 15:33,2026-10-04,3,HYD,DEL,HYD-DEL,AI,Air India,1,9262,INR,0,,17:30,17,20:00,20,False,150,150,0,Airbus A320neo,112.0,113.0
2026-10-01,2026-10-01 15:33,2026-10-04,3,HYD,DEL,HYD-DEL,6E,IndiGo,1,10439,INR,0,,10:00,10,12:30,12,False,150,150,0,Airbus A320neo,99.0,113.0
2026-10-01,2026-10-01 15:33,2026-10-04,3,HYD,DEL,HYD-DEL,6E,IndiGo,1,10439,INR,0,,11:35,11,13:55,13,False,140,140,0,Airbus A321neo,96.0,113.0
2026-10-01,2026-10-01 15:33,2026-10-04,3,HYD,DEL,HYD-DEL,6E,IndiGo,1,10439,INR,0,,17:45,17,20:10,20,False,145,145,0,Airbus A321neo,96.0,113.0
2026-10-01,2026-10-01 15:33,2026-10-04,3,HYD,DEL,HYD-DEL,6E,IndiGo,1,10439,INR,0,,19:10,19,21:40,21,False,150,150,0,Airbus A321neo,96.0,113.0
2026-10-01,2026-10-01 15:33,2026-10-04,3,HYD,DEL,HYD-DEL,6E,IndiGo,1,10439,INR,0,,21:00,21,23:25,23,False,145,145,0,Airbus A321neo,96.0,113.0
2026-10-01,2026-10-01 15:33,2026-10-04,3,HYD,DEL,HYD-DEL,6E,IndiGo,1,10439,INR,0,,23:50,23,02:05,2,True,135,135,0,Airbus A320neo,99.0,113.0
2026-10-01,2026-10-01 15:33,2026-10-04,3,HYD,DEL,HYD-DEL,AI,Air India,1,10827,INR,0,,18:25,18,21:00,21,False,155,155,0,Airbus A320neo,112.0,113.0
2026-10-01,2026-10-01 15:33,2026-10-04,3,HYD,DEL,HYD-DEL,QP,Akasa Air,1,11038,INR,0,,17:30,17,20:00,20,False,150,150,0,Boeing 737MAX 8 Passenger,99.0,113.0
2026-10-01,2026-10-01 15:33,2026-10-04,3,HYD,DEL,HYD-DEL,6E,IndiGo,1,11724,INR,0,,16:25,16,18:55,18,False,150,150,0,Airbus A320neo,99.0,113.0
2026-10-01,2026-10-01 15:33,2026-10-04,3,HYD,DEL,HYD-DEL,6E,IndiGo,1,13195,INR,0,,13:00,13,15:25,15,False,145,145,0,Airbus A321neo,96.0,113.0
2026-10-01,2026-10-01 15:33,2026-10-04,3,HYD,DEL,HYD-DEL,6E,IndiGo,1,14878,INR,0,,14:40,14,16:55,16,False,135,135,0,Airbus A321neo,96.0,113.0
2026-10-01,2026-10-01 15:33,2026-10-04,3,HYD,DEL,HYD-DEL,AI,Air India,1,17373,INR,0,,21:30,21,23:55,23,False,145,145,0,Airbus A320neo,112.0,113.0
2026-10-01,2026-10-01 15:33,2026-10-08,7,HYD,DEL,HYD-DEL,6E,IndiGo,1,8339,INR,0,,05:20,5,07:45,7,False,145,145,0,Airbus A321neo,96.0,113.0
2026-10-01,2026-10-01 15:33,2026-10-08,7,HYD,DEL,HYD-DEL,AI,Air India,1,9273,INR,0,,12:45,12,15:15,15,False,150,150,0,Airbus A320neo,112.0,113.0
2026-10-01,2026-10-01 15:33,2026-10-08,7,HYD,DEL,HYD-DEL,AI,Air India,1,9273,INR,0,,13:30,13,16:05,16,False,155,155,0,Airbus A320neo,112.0,113.0
2026-10-01,2026-10-01 15:33,2026-10-08,7,HYD,DEL,HYD-DEL,6E,IndiGo,1,9319,INR,0,,06:25,6,08:45,8,False,140,140,0,Airbus A321neo,96.0,113.0
2026-10-01,2026-10-01 15:33,2026-10-08,7,HYD,DEL,HYD-DEL,AI,Air India,1,9498,INR,0,,07:15,7,09:35,9,False,140,140,0,Airbus A320neo,112.0,113.0
2026-10-01,2026-10-01 15:33,2026-10-08,7,HYD,DEL,HYD-DEL,6E,IndiGo,1,9860,INR,0,,08:30,8,10:55,10,False,145,145,0,Airbus A321neo,96.0,113.0
2026-10-01,2026-10-01 15:33,2026-10-08,7,HYD,DEL,HYD-DEL,6E,IndiGo,1,9860,INR,0,,10:00,10,12:30,12,False,150,150,0,Airbus A321neo,96.0,113.0
2026-10-01,2026-10-01 15:33,2026-10-08,7,HYD,DEL,HYD-DEL,6E,IndiGo,1,9860,INR,0,,11:35,11,13:55,13,False,140,140,0,Airbus A321neo,96.0,113.0
2026-10-01,2026-10-01 15:33,2026-10-08,7,HYD,DEL,HYD-DEL,6E,IndiGo,1,9860,INR,0,,13:00,13,15:25,15,False,145,145,0,Airbus A321neo,96.0,113.0
2026-10-01,2026-10-01 15:33,2026-10-08,7,HYD,DEL,HYD-DEL,6E,IndiGo,1,9860,INR,0,,23:50,23,02:05,2,True,135,135,0,Airbus A321neo,96.0,113.0
2026-10-01,2026-10-01 15:33,2026-10-08,7,HYD,DEL,HYD-DEL,AI,Air India,1,9976,INR,0,,08:35,8,10:55,10,False,140,140,0,Airbus A320neo,112.0,113.0
2026-10-01,2026-10-01 15:33,2026-10-08,7,HYD,DEL,HYD-DEL,AI,Air India,1,9976,INR,0,,10:35,10,13:05,13,False,150,150,0,Airbus A320neo,112.0,113.0
2026-10-01,2026-10-01 15:33,2026-10-08,7,HYD,DEL,HYD-DEL,6E,IndiGo,1,10439,INR,0,,14:40,14,16:55,16,False,135,135,0,Airbus A321neo,96.0,113.0
2026-10-01,2026-10-01 15:33,2026-10-08,7,HYD,DEL,HYD-DEL,6E,IndiGo,1,10439,INR,0,,16:25,16,18:55,18,False,150,150,0,Airbus A321neo,96.0,113.0
2026-10-01,2026-10-01 15:33,2026-10-08,7,HYD,DEL,HYD-DEL,QP,Akasa Air,1,10848,INR,0,,17:30,17,20:00,20,False,150,150,0,Boeing 737MAX 8 Passenger,99.0,113.0
2026-10-01,2026-10-01 15:33,2026-10-08,7,HYD,DEL,HYD-DEL,6E,IndiGo,1,13195,INR,0,,17:45,17,20:10,20,False,145,145,0,Airbus A321neo,96.0,113.0
2026-10-01,2026-10-01 15:33,2026-10-08,7,HYD,DEL,HYD-DEL,AI,Air India,1,17221,INR,0,,17:30,17,20:00,20,False,150,150,0,Airbus A320neo,112.0,113.0
2026-10-01,2026-10-01 15:33,2026-10-08,7,HYD,DEL,HYD-DEL,6E,IndiGo,1,21541,INR,0,,21:00,21,23:25,23,False,145,145,0,Airbus A321neo,96.0,113.0
2026-10-01,2026-10-01 15:33,2026-10-08,7,HYD,DEL,HYD-DEL,AI,Air India,1,22702,INR,0,,19:25,19,22:00,22,False,155,155,0,Airbus A350,110.0,113.0
2026-10-01,2026-10-01 15:33,2026-10-08,7,HYD,DEL,HYD-DEL,AI,Air India,1,22702,INR,0,,23:30,23,02:00,2,True,150,150,0,Airbus A320neo,112.0,113.0
2026-10-01,2026-10-01 15:33,2026-10-08,7,HYD,DEL,HYD-DEL,6E,IndiGo,1,22940,INR,0,,19:10,19,21:40,21,False,150,150,0,Airbus A321neo,96.0,113.0
2026-10-01,2026-10-01 15:33,2026-10-08,7,HYD,DEL,HYD-DEL,AI,Air India,1,23332,INR,0,,21:30,21,23:55,23,False,145,145,0,Airbus A320neo,112.0,113.0
2026-10-01,2026-10-01 15:33,2026-10-08,7,HYD,DEL,HYD-DEL,AI,Air India,1,23752,INR,0,,18:25,18,21:00,21,False,155,155,0,Airbus A320neo,112.0,113.0
2026-10-01,2026-10-01 15:33,2026-10-15,14,HYD,DEL,HYD-DEL,AI,Air India,1,9813,INR,0,,05:30,5,07:55,7,False,145,145,0,Airbus A320neo,112.0,113.0
2026-10-01,2026-10-01 15:33,2026-10-15,14,HYD,DEL,HYD-DEL,AI,Air India,1,9813,INR,0,,19:25,19,22:00,22,False,155,155,0,Airbus A350,110.0,113.0
2026-10-01,2026-10-01 15:33,2026-10-15,14,HYD,DEL,HYD-DEL,6E,IndiGo,1,9860,INR,0,,02:15,2,04:40,4,False,145,145,0,Airbus A321neo,96.0,113.0
2026-10-01,2026-10-01 15:33,2026-10-15,14,HYD,DEL,HYD-DEL,6E,IndiGo,1,9860,INR,0,,05:20,5,07:45,7,False,145,145,0,Airbus A321neo,96.0,113.0
2026-10-01,2026-10-01 15:33,2026-10-15,14,HYD,DEL,HYD-DEL,6E,IndiGo,1,9860,INR,0,,16:25,16,18:55,18,False,150,150,0,Airbus A321neo,96.0,113.0
2026-10-01,2026-10-01 15:33,2026-10-15,14,HYD,DEL,HYD-DEL,AI,Air India,1,9976,INR,0,,17:30,17,20:00,20,False,150,150,0,Airbus A320neo,112.0,113.0
2026-10-01,2026-10-01 15:33,2026-10-15,14,HYD,DEL,HYD-DEL,AI,Air India,1,10218,INR,0,,18:25,18,21:00,21,False,155,155,0,Airbus A320neo,112.0,113.0
2026-10-01,2026-10-01 15:33,2026-10-15,14,HYD,DEL,HYD-DEL,AI,Air India,1,10391,INR,0,,13:30,13,16:05,16,False,155,155,0,Airbus A320neo,112.0,113.0
2026-10-01,2026-10-01 15:33,2026-10-15,14,HYD,DEL,HYD-DEL,6E,IndiGo,1,10439,INR,0,,08:30,8,10:55,10,False,145,145,0,Airbus A321neo,96.0,113.0
2026-10-01,2026-10-01 15:33,2026-10-15,14,HYD,DEL,HYD-DEL,6E,IndiGo,1,10439,INR,0,,10:00,10,12:30,12,False,150,150,0,Airbus A321neo,96.0,113.0
2026-10-01,2026-10-01 15:33,2026-10-15,14,HYD,DEL,HYD-DEL,6E,IndiGo,1,10439,INR,0,,11:35,11,13:55,13,False,140,140,0,Airbus A321neo,96.0,113.0
2026-10-01,2026-10-01 15:33,2026-10-15,14,HYD,DEL,HYD-DEL,6E,IndiGo,1,10439,INR,0,,17:45,17,20:10,20,False,145,145,0,Airbus A321neo,96.0,113.0
2026-10-01,2026-10-01 15:33,2026-10-15,14,HYD,DEL,HYD-DEL,6E,IndiGo,1,10439,INR,0,,19:10,19,21:40,21,False,150,150,0,Airbus A321neo,96.0,113.0
2026-10-01,2026-10-01 15:33,2026-10-15,14,HYD,DEL,HYD-DEL,6E,IndiGo,1,10439,INR,0,,21:00,21,23:25,23,False,145,145,0,Airbus A321neo,96.0,113.0
2026-10-01,2026-10-01 15:33,2026-10-15,14,HYD,DEL,HYD-DEL,6E,IndiGo,1,10439,INR,0,,23:50,23,02:05,2,True,135,135,0,Airbus A321neo,96.0,113.0
2026-10-01,2026-10-01 15:33,2026-10-15,14,HYD,DEL,HYD-DEL,AI,Air India,1,10564,INR,0,,08:35,8,10:55,10,False,140,140,0,Airbus A320neo,112.0,113.0
2026-10-01,2026-10-01 15:33,2026-10-15,14,HYD,DEL,HYD-DEL,AI,Air India,1,10564,INR,0,,10:35,10,13:05,13,False,150,150,0,Airbus A320neo,112.0,113.0
2026-10-01,2026-10-01 15:33,2026-10-15,14,HYD,DEL,HYD-DEL,AI,Air India,1,10653,INR,0,,07:15,7,09:35,9,False,140,140,0,Airbus A320neo,112.0,113.0
2026-10-01,2026-10-01 15:33,2026-10-15,14,HYD,DEL,HYD-DEL,AI,Air India,1,10653,INR,0,,21:30,21,23:55,23,False,145,145,0,Airbus A320neo,112.0,113.0
2026-10-01,2026-10-01 15:33,2026-10-15,14,HYD,DEL,HYD-DEL,QP,Akasa Air,1,10663,INR,0,,17:30,17,20:00,20,False,150,150,0,Boeing 737MAX 8 Passenger,99.0,113.0
2026-10-01,2026-10-01 15:33,2026-10-15,14,HYD,DEL,HYD-DEL,6E,IndiGo,1,11060,INR,0,,13:00,13,15:25,15,False,145,145,0,Airbus A321neo,96.0,113.0
2026-10-01,2026-10-01 15:33,2026-10-15,14,HYD,DEL,HYD-DEL,AI,Air India,1,11184,INR,0,,12:45,12,15:15,15,False,150,150,0,Airbus A320neo,112.0,113.0
2026-10-01,2026-10-01 15:33,2026-10-15,14,HYD,DEL,HYD-DEL,6E,IndiGo,1,12434,INR,0,,06:25,6,08:45,8,False,140,140,0,Airbus A321neo,96.0,113.0
2026-10-01,2026-10-01 15:33,2026-10-22,21,HYD,DEL,HYD-DEL,AI,Air India,1,8763,INR,0,,19:25,19,22:00,22,False,155,155,0,Airbus A350,110.0,113.0
2026-10-01,2026-10-01 15:33,2026-10-22,21,HYD,DEL,HYD-DEL,6E,IndiGo,1,8812,INR,0,,02:15,2,04:40,4,False,145,145,0,Airbus A321neo,96.0,113.0
2026-10-01,2026-10-01 15:33,2026-10-22,21,HYD,DEL,HYD-DEL,6E,IndiGo,1,8812,INR,0,,05:20,5,07:45,7,False,145,145,0,Airbus A321neo,96.0,113.0
2026-10-01,2026-10-01 15:33,2026-10-22,21,HYD,DEL,HYD-DEL,6E,IndiGo,1,8812,INR,0,,21:00,21,23:25,23,False,145,145,0,Airbus A321neo,96.0,113.0
2026-10-01,2026-10-01 15:33,2026-10-22,21,HYD,DEL,HYD-DEL,AI,Air India,1,9120,INR,0,,18:25,18,21:00,21,False,155,155,0,Airbus A320neo,112.0,113.0
2026-10-01,2026-10-01 15:33,2026-10-22,21,HYD,DEL,HYD-DEL,AI,Air India,1,9273,INR,0,,05:30,5,07:55,7,False,145,145,0,Airbus A320neo,112.0,113.0
2026-10-01,2026-10-01 15:33,2026-10-22,21,HYD,DEL,HYD-DEL,QP,Akasa Air,1,9304,INR,0,,17:30,17,20:00,20,False,150,150,0,Boeing 737MAX 8 Passenger,99.0,113.0
2026-10-01,2026-10-01 15:33,2026-10-22,21,HYD,DEL,HYD-DEL,6E,IndiGo,1,9319,INR,0,,19:10,19,21:40,21,False,150,150,0,Airbus A321neo,96.0,113.0
2026-10-01,2026-10-01 15:33,2026-10-22,21,HYD,DEL,HYD-DEL,AI,Air India,1,9498,INR,0,,21:30,21,23:55,23,False,145,145,0,Airbus A320neo,112.0,113.0
2026-10-01,2026-10-01 15:33,2026-10-22,21,HYD,DEL,HYD-DEL,6E,IndiGo,1,9860,INR,0,,17:45,17,20:10,20,False,145,145,0,Airbus A321neo,96.0,113.0
2026-10-01,2026-10-01 15:33,2026-10-22,21,HYD,DEL,HYD-DEL,AI,Air India,1,10391,INR,0,,12:45,12,15:15,15,False,150,150,0,Airbus A320neo,112.0,113.0
2026-10-01,2026-10-01 15:33,2026-10-22,21,HYD,DEL,HYD-DEL,AI,Air India,1,10391,INR,0,,13:30,13,16:05,16,False,155,155,0,Airbus A320neo,112.0,113.0
2026-10-01,2026-10-01 15:33,2026-10-22,21,HYD,DEL,HYD-DEL,6E,IndiGo,1,10439,INR,0,,06:25,6,08:45,8,False,140,140,0,Airbus A321neo,96.0,113.0
2026-10-01,2026-10-01 15:33,2026-10-22,21,HYD,DEL,HYD-DEL,6E,IndiGo,1,10439,INR,0,,08:30,8,10:55,10,False,145,145,0,Airbus A321neo,96.0,113.0
2026-10-01,2026-10-01 15:33,2026-10-22,21,HYD,DEL,HYD-DEL,AI,Air India,1,10564,INR,0,,08:35,8,10:55,10,False,140,140,0,Airbus A320neo,112.0,113.0
2026-10-01,2026-10-01 15:33,2026-10-22,21,HYD,DEL,HYD-DEL,AI,Air India,1,10564,INR,0,,10:35,10,13:05,13,False,150,150,0,Airbus A320neo,112.0,113.0
2026-10-01,2026-10-01 15:33,2026-10-22,21,HYD,DEL,HYD-DEL,AI,Air India,1,10653,INR,0,,07:15,7,09:35,9,False,140,140,0,Airbus A320neo,112.0,113.0
2026-10-01,2026-10-01 15:33,2026-10-22,21,HYD,DEL,HYD-DEL,6E,IndiGo,1,11060,INR,0,,10:00,10,12:30,12,False,150,150,0,Airbus A321neo,96.0,113.0
2026-10-01,2026-10-01 15:33,2026-10-22,21,HYD,DEL,HYD-DEL,6E,IndiGo,1,11060,INR,0,,11:35,11,13:55,13,False,140,140,0,Airbus A321neo,96.0,113.0
2026-10-01,2026-10-01 15:33,2026-10-22,21,HYD,DEL,HYD-DEL,6E,IndiGo,1,11060,INR,0,,13:00,13,15:25,15,False,145,145,0,Airbus A321neo,96.0,113.0
2026-10-01,2026-10-01 15:33,2026-10-22,21,HYD,DEL,HYD-DEL,6E,IndiGo,1,14007,INR,0,,14:40,14,16:55,16,False,135,135,0,Airbus A321neo,96.0,113.0
2026-10-01,2026-10-01 15:33,2026-10-22,21,HYD,DEL,HYD-DEL,6E,IndiGo,1,14878,INR,0,,16:25,16,18:55,18,False,150,150,0,Airbus A321neo,96.0,113.0
2026-10-01,2026-10-01 15:33,2026-10-31,30,HYD,DEL,HYD-DEL,AI,Air India,1,9813,INR,0,,18:30,18,20:50,20,False,140,140,0,Airbus A320neo,112.0,113.0
2026-10-01,2026-10-01 15:33,2026-10-31,30,HYD,DEL,HYD-DEL,6E,IndiGo,1,9860,INR,0,,17:50,17,20:10,20,False,140,140,0,Airbus A321neo,96.0,113.0
2026-10-01,2026-10-01 15:33,2026-10-31,30,HYD,DEL,HYD-DEL,AI,Air India,1,9976,INR,0,,17:00,17,19:20,19,False,140,140,0,Airbus A320neo,112.0,113.0
2026-10-01,2026-10-01 15:33,2026-10-31,30,HYD,DEL,HYD-DEL,AI,Air India,1,10391,INR,0,,12:45,12,15:05,15,False,140,140,0,Airbus A320neo,112.0,113.0
2026-10-01,2026-10-01 15:33,2026-10-31,30,HYD,DEL,HYD-DEL,AI,Air India,1,10391,INR,0,,14:55,14,17:15,17,False,140,140,0,Airbus A320neo,112.0,113.0
2026-10-01,2026-10-01 15:33,2026-10-31,30,HYD,DEL,HYD-DEL,AI,Air India,1,10391,INR,0,,19:25,19,21:50,21,False,145,145,0,Airbus A350,110.0,113.0
2026-10-01,2026-10-01 15:33,2026-10-31,30,HYD,DEL,HYD-DEL,6E,IndiGo,1,10439,INR,0,,02:00,2,04:20,4,False,140,140,0,Airbus A321neo,96.0,113.0
2026-10-01,2026-10-01 15:33,2026-10-31,30,HYD,DEL,HYD-DEL,6E,IndiGo,1,10439,INR,0,,05:25,5,07:45,7,False,140,140,0,Airbus A321neo,96.0,113.0
2026-10-01,2026-10-01 15:33,2026-10-31,30,HYD,DEL,HYD-DEL,6E,IndiGo,1,10439,INR,0,,16:30,16,18:50,18,False,140,140,0,Airbus A321neo,96.0,113.0
2026-10-01,2026-10-01 15:33,2026-10-31,30,HYD,DEL,HYD-DEL,6E,IndiGo,1,10439,INR,0,,19:15,19,21:35,21,False,140,140,0,Airbus A321neo,96.0,113.0
2026-10-01,2026-10-01 15:33,2026-10-31,30,HYD,DEL,HYD-DEL,QP,Akasa Air,1,10480,INR,0,,17:25,17,19:55,19,False,150,150,0,Boeing 737MAX 8 Passenger,99.0,113.0
2026-10-01,2026-10-01 15:33,2026-10-31,30,HYD,DEL,HYD-DEL,AI,Air India,1,10653,INR,0,,05:30,5,07:50,7,False,140,140,0,Airbus A320neo,112.0,113.0
2026-10-01,2026-10-01 15:33,2026-10-31,30,HYD,DEL,HYD-DEL,AI,Air India,1,10827,INR,0,,08:35,8,10:55,10,False,140,140,0,Airbus A320neo,112.0,113.0
2026-10-01,2026-10-01 15:33,2026-10-31,30,HYD,DEL,HYD-DEL,AI,Air India,1,10827,INR,0,,10:15,10,12:35,12,False,140,140,0,Airbus A320neo,112.0,113.0
2026-10-01,2026-10-01 15:33,2026-10-31,30,HYD,DEL,HYD-DEL,6E,IndiGo,1,11060,INR,0,,06:45,6,09:05,9,False,140,140,0,Airbus A321neo,96.0,113.0
2026-10-01,2026-10-01 15:33,2026-10-31,30,HYD,DEL,HYD-DEL,6E,IndiGo,1,11060,INR,0,,08:30,8,10:50,10,False,140,140,0,Airbus A321neo,96.0,113.0
2026-10-01,2026-10-01 15:33,2026-10-31,30,HYD,DEL,HYD-DEL,6E,IndiGo,1,11060,INR,0,,14:45,14,17:05,17,False,140,140,0,Airbus A321neo,96.0,113.0
2026-10-01,2026-10-01 15:33,2026-10-31,30,HYD,DEL,HYD-DEL,6E,IndiGo,1,11060,INR,0,,21:15,21,23:35,23,False,140,140,0,Airbus A321neo,96.0,113.0
2026-10-01,2026-10-01 15:33,2026-10-31,30,HYD,DEL,HYD-DEL,QP,Akasa Air,1,11628,INR,0,,06:00,6,08:15,8,False,135,135,0,Boeing 737MAX 8 Passenger,99.0,113.0
2026-10-01,2026-10-01 15:33,2026-10-31,30,HYD,DEL,HYD-DEL,6E,IndiGo,1,11724,INR,0,,09:45,9,12:05,12,False,140,140,0,Airbus A321neo,96.0,113.0
2026-10-01,2026-10-01 15:33,2026-10-31,30,HYD,DEL,HYD-DEL,6E,IndiGo,1,11724,INR,0,,11:45,11,14:05,14,False,140,140,0,Airbus A321neo,96.0,113.0
2026-10-01,2026-10-01 15:33,2026-10-31,30,HYD,DEL,HYD-DEL,6E,IndiGo,1,11724,INR,0,,13:00,13,15:20,15,False,140,140,0,Airbus A321neo,96.0,113.0
2026-10-01,2026-10-01 15:33,2026-11-15,45,HYD,DEL,HYD-DEL,6E,IndiGo,1,9319,INR,0,,02:00,2,04:20,4,False,140,140,0,Airbus A321neo,94.0,113.0
2026-10-01,2026-10-01 15:33,2026-11-15,45,HYD,DEL,HYD-DEL,6E,IndiGo,1,9319,INR,0,,05:25,5,07:45,7,False,140,140,0,Airbus A321neo,94.0,113.0
2026-10-01,2026-10-01 15:33,2026-11-15,45,HYD,DEL,HYD-DEL,6E,IndiGo,1,9319,INR,0,,06:45,6,09:05,9,False,140,140,0,Airbus A321neo,94.0,113.0
2026-10-01,2026-10-01 15:33,2026-11-15,45,HYD,DEL,HYD-DEL,6E,IndiGo,1,9319,INR,0,,08:30,8,10:50,10,False,140,140,0,Airbus A321neo,94.0,113.0
2026-10-01,2026-10-01 15:33,2026-11-15,45,HYD,DEL,HYD-DEL,6E,IndiGo,1,9319,INR,0,,17:50,17,20:10,20,False,140,140,0,Airbus A321neo,94.0,113.0
2026-10-01,2026-10-01 15:33,2026-11-15,45,HYD,DEL,HYD-DEL,6E,IndiGo,1,9319,INR,0,,22:45,22,01:05,1,True,140,140,0,Airbus A321neo,94.0,113.0
2026-10-01,2026-10-01 15:33,2026-11-15,45,HYD,DEL,HYD-DEL,AI,Air India,1,9430,INR,0,,22:30,22,00:50,0,True,140,140,0,Airbus A320neo,110.0,113.0
2026-10-01,2026-10-01 15:33,2026-11-15,45,HYD,DEL,HYD-DEL,AI,Air India,1,9661,INR,0,,05:30,5,07:50,7,False,140,140,0,Airbus A320neo,110.0,113.0
2026-10-01,2026-10-01 15:33,2026-11-15,45,HYD,DEL,HYD-DEL,AI,Air India,1,9661,INR,0,,21:30,21,23:50,23,False,140,140,0,Airbus A321,140.0,113.0
2026-10-01,2026-10-01 15:33,2026-11-15,45,HYD,DEL,HYD-DEL,AI,Air India,1,9819,INR,0,,08:35,8,10:55,10,False,140,140,0,Airbus A320neo,110.0,113.0
2026-10-01,2026-10-01 15:33,2026-11-15,45,HYD,DEL,HYD-DEL,AI,Air India,1,9819,INR,0,,18:30,18,20:50,20,False,140,140,0,Airbus A320neo,110.0,113.0
2026-10-01,2026-10-01 15:33,2026-11-15,45,HYD,DEL,HYD-DEL,6E,IndiGo,1,9860,INR,0,,09:45,9,12:05,12,False,140,140,0,Airbus A321neo,94.0,113.0
2026-10-01,2026-10-01 15:33,2026-11-15,45,HYD,DEL,HYD-DEL,6E,IndiGo,1,9860,INR,0,,13:00,13,15:20,15,False,140,140,0,Airbus A321neo,94.0,113.0
2026-10-01,2026-10-01 15:33,2026-11-15,45,HYD,DEL,HYD-DEL,6E,IndiGo,1,9860,INR,0,,14:45,14,17:05,17,False,140,140,0,Airbus A321neo,94.0,113.0
2026-10-01,2026-10-01 15:33,2026-11-15,45,HYD,DEL,HYD-DEL,6E,IndiGo,1,9860,INR,0,,16:30,16,18:50,18,False,140,140,0,Airbus A321neo,94.0,113.0
2026-10-01,2026-10-01 15:33,2026-11-15,45,HYD,DEL,HYD-DEL,AI,Air India,1,9971,INR,0,,17:00,17,19:20,19,False,140,140,0,Airbus A320neo,110.0,113.0
2026-10-01,2026-10-01 15:33,2026-11-15,45,HYD,DEL,HYD-DEL,QP,Akasa Air,1,10128,INR,0,,17:25,17,19:55,19,False,150,150,0,Boeing 737MAX 8 Passenger,96.0,113.0
2026-10-01,2026-10-01 15:33,2026-11-15,45,HYD,DEL,HYD-DEL,AI,Air India,1,10134,INR,0,,10:15,10,12:35,12,False,140,140,0,Airbus A320neo,110.0,113.0
2026-10-01,2026-10-01 15:33,2026-11-15,45,HYD,DEL,HYD-DEL,AI,Air India,1,10218,INR,0,,14:55,14,17:15,17,False,140,140,0,Airbus A320neo,110.0,113.0
2026-10-01,2026-10-01 15:33,2026-11-15,45,HYD,DEL,HYD-DEL,6E,IndiGo,1,10439,INR,0,,19:15,19,21:35,21,False,140,140,0,Airbus A321neo,94.0,113.0
2026-10-01,2026-10-01 15:33,2026-11-15,45,HYD,DEL,HYD-DEL,6E,IndiGo,1,10439,INR,0,,21:15,21,23:35,23,False,140,140,0,Airbus A321neo,94.0,113.0
2026-10-01,2026-10-01 15:33,2026-11-15,45,HYD,DEL,HYD-DEL,AI,Air India,1,10816,INR,0,,19:25,19,21:50,21,False,145,145,0,Airbus A350,108.0,113.0
2026-10-01,2026-10-01 15:33,2026-11-30,60,HYD,DEL,HYD-DEL,AI,Air India,1,8921,INR,0,,18:30,18,20:50,20,False,140,140,0,Airbus A320neo,110.0,113.0
2026-10-01,2026-10-01 15:33,2026-11-30,60,HYD,DEL,HYD-DEL,AI,Air India,1,9068,INR,0,,17:00,17,19:20,19,False,140,140,0,Airbus A320neo,110.0,113.0
2026-10-01,2026-10-01 15:33,2026-11-30,60,HYD,DEL,HYD-DEL,QP,Akasa Air,1,9150,INR,0,,06:00,6,08:15,8,False,135,135,0,Boeing 737MAX 8 Passenger,96.0,113.0
2026-10-01,2026-10-01 15:33,2026-11-30,60,HYD,DEL,HYD-DEL,6E,IndiGo,1,9319,INR,0,,02:00,2,04:20,4,False,140,140,0,Airbus A321neo,94.0,113.0
2026-10-01,2026-10-01 15:33,2026-11-30,60,HYD,DEL,HYD-DEL,6E,IndiGo,1,9319,INR,0,,05:25,5,07:45,7,False,140,140,0,Airbus A321neo,94.0,113.0
2026-10-01,2026-10-01 15:33,2026-11-30,60,HYD,DEL,HYD-DEL,6E,IndiGo,1,9319,INR,0,,06:45,6,09:05,9,False,140,140,0,Airbus A321neo,94.0,113.0
2026-10-01,2026-10-01 15:33,2026-11-30,60,HYD,DEL,HYD-DEL,6E,IndiGo,1,9319,INR,0,,08:30,8,10:50,10,False,140,140,0,Airbus A321neo,94.0,113.0
2026-10-01,2026-10-01 15:33,2026-11-30,60,HYD,DEL,HYD-DEL,6E,IndiGo,1,9319,INR,0,,09:45,9,12:05,12,False,140,140,0,Airbus A321neo,94.0,113.0
2026-10-01,2026-10-01 15:33,2026-11-30,60,HYD,DEL,HYD-DEL,6E,IndiGo,1,9319,INR,0,,11:45,11,14:05,14,False,140,140,0,Airbus A321neo,94.0,113.0
2026-10-01,2026-10-01 15:33,2026-11-30,60,HYD,DEL,HYD-DEL,6E,IndiGo,1,9319,INR,0,,13:00,13,15:20,15,False,140,140,0,Airbus A321neo,94.0,113.0
2026-10-01,2026-10-01 15:33,2026-11-30,60,HYD,DEL,HYD-DEL,6E,IndiGo,1,9319,INR,0,,14:45,14,17:05,17,False,140,140,0,Airbus A321neo,94.0,113.0
2026-10-01,2026-10-01 15:33,2026-11-30,60,HYD,DEL,HYD-DEL,6E,IndiGo,1,9319,INR,0,,16:30,16,18:50,18,False,140,140,0,Airbus A321neo,94.0,113.0
2026-10-01,2026-10-01 15:33,2026-11-30,60,HYD,DEL,HYD-DEL,6E,IndiGo,1,9319,INR,0,,19:15,19,21:35,21,False,140,140,0,Airbus A321neo,94.0,113.0
2026-10-01,2026-10-01 15:33,2026-11-30,60,HYD,DEL,HYD-DEL,6E,IndiGo,1,9319,INR,0,,21:15,21,23:35,23,False,140,140,0,Airbus A321neo,94.0,113.0
2026-10-01,2026-10-01 15:33,2026-11-30,60,HYD,DEL,HYD-DEL,6E,IndiGo,1,9319,INR,0,,22:45,22,01:05,1,True,140,140,0,Airbus A321neo,94.0,113.0
2026-10-01,2026-10-01 15:33,2026-11-30,60,HYD,DEL,HYD-DEL,AI,Air India,1,9430,INR,0,,05:30,5,07:50,7,False,140,140,0,Airbus A320neo,110.0,113.0
2026-10-01,2026-10-01 15:33,2026-11-30,60,HYD,DEL,HYD-DEL,AI,Air India,1,9430,INR,0,,14:55,14,17:15,17,False,140,140,0,Airbus A320neo,110.0,113.0
2026-10-01,2026-10-01 15:33,2026-11-30,60,HYD,DEL,HYD-DEL,AI,Air India,1,9430,INR,0,,19:25,19,21:50,21,False,145,145,0,Airbus A350,108.0,113.0
2026-10-01,2026-10-01 15:33,2026-11-30,60,HYD,DEL,HYD-DEL,AI,Air India,1,9430,INR,0,,21:30,21,23:50,23,False,140,140,0,Airbus A321,140.0,113.0
2026-10-01,2026-10-01 15:33,2026-11-30,60,HYD,DEL,HYD-DEL,AI,Air India,1,9430,INR,0,,22:30,22,00:50,0,True,140,140,0,Airbus A320neo,110.0,113.0
2026-10-01,2026-10-01 15:33,2026-11-30,60,HYD,DEL,HYD-DEL,AI,Air India,1,9582,INR,0,,10:15,10,12:35,12,False,140,140,0,Airbus A320neo,110.0,113.0
2026-10-01,2026-10-01 15:33,2026-11-30,60,HYD,DEL,HYD-DEL,AI,Air India,1,11824,INR,0,,08:35,8,10:55,10,False,140,140,0,Airbus A320neo,110.0,113.0
