scraped_on,scraped_at,flight_date,days_left,origin,destination,route,airline_code,airlines,num_airlines,price,currency,num_stops,layover_airports,dep_time,dep_hour,arr_time,arr_hour,arrives_next_day,total_duration_min,flying_min,layover_min,plane_types,carbon_kg,carbon_typical_kg
2026-10-09,2026-10-09 16:27,2026-10-10,1,DEL,BOM,DEL-BOM,AI,Air India,1,6735,INR,0,,05:00,5,07:25,7,False,145,145,0,Airbus A320neo,102.0,99.0
2026-10-09,2026-10-09 16:27,2026-10-10,1,DEL,BOM,DEL-BOM,AI,Air India,1,6846,INR,0,,06:30,6,08:50,8,False,140,140,0,Airbus A320neo,102.0,99.0
2026-10-09,2026-10-09 16:27,2026-10-10,1,DEL,BOM,DEL-BOM,AI,Air India,1,6846,INR,0,,07:00,7,09:25,9,False,145,145,0,Airbus A320neo,102.0,99.0
2026-10-09,2026-10-09 16:27,2026-10-10,1,DEL,BOM,DEL-BOM,AI,Air India,1,6846,INR,0,,07:30,7,09:55,9,False,145,145,0,Airbus A350,100.0,99.0
2026-10-09,2026-10-09 16:27,2026-10-10,1,DEL,BOM,DEL-BOM,AI,Air India,1,6846,INR,0,,08:30,8,10:40,10,False,130,130,0,Airbus A320neo,102.0,99.0
2026-10-09,2026-10-09 16:27,2026-10-10,1,DEL,BOM,DEL-BOM,AI,Air India,1,6846,INR,0,,09:00,9,11:15,11,False,135,135,0,Airbus A320neo,102.0,99.0
2026-10-09,2026-10-09 16:27,2026-10-10,1,DEL,BOM,DEL-BOM,AI,Air India,1,6846,INR,0,,09:30,9,12:00,12,False,150,150,0,Airbus A320neo,102.0,99.0
2026-10-09,2026-10-09 16:27,2026-10-10,1,DEL,BOM,DEL-BOM,AI,Air India,1,6846,INR,0,,10:00,10,12:25,12,False,145,145,0,Airbus A320neo,102.0,99.0
2026-10-09,2026-10-09 16:27,2026-10-10,1,DEL,BOM,DEL-BOM,AI,Air India,1,6846,INR,0,,17:00,17,19:25,19,False,145,145,0,Boeing 777,115.0,99.0
2026-10-09,2026-10-09 16:27,2026-10-10,1,DEL,BOM,DEL-BOM,AI,Air India,1,6898,INR,0,,18:00,18,20:25,20,False,145,145,0,Airbus A320neo,102.0,99.0
2026-10-09,2026-10-09 16:27,2026-10-10,1,DEL,BOM,DEL-BOM,AI,Air India,1,6898,INR,0,,19:00,19,21:25,21,False,145,145,0,Airbus A320neo,102.0,99.0
2026-10-09,2026-10-09 16:27,2026-10-10,1,DEL,BOM,DEL-BOM,AI,Air India,1,7003,INR,0,,15:30,15,17:55,17,False,145,145,0,Airbus A320neo,102.0,99.0
2026-10-09,2026-10-09 16:27,2026-10-10,1,DEL,BOM,DEL-BOM,AI,Air India,1,7003,INR,0,,19:30,19,21:55,21,False,145,145,0,Airbus A320neo,102.0,99.0
2026-10-09,2026-10-09 16:27,2026-10-10,1,DEL,BOM,DEL-BOM,AI,Air India,1,7008,INR,0,,16:00,16,18:25,18,False,145,145,0,Airbus A320neo,102.0,99.0
2026-10-09,2026-10-09 16:27,2026-10-10,1,DEL,BOM,DEL-BOM,AI,Air India,1,7113,INR,0,,22:55,22,01:25,1,True,150,150,0,Airbus A320neo,102.0,99.0
2026-10-09,2026-10-09 16:27,2026-10-10,1,DEL,BOM,DEL-BOM,QP,Akasa Air,1,7125,INR,0,,06:50,6,09:05,9,False,135,135,0,Boeing 737MAX 8 Passenger,86.0,99.0
2026-10-09,2026-10-09 16:27,2026-10-10,1,DEL,BOM,DEL-BOM,AI,Air India,1,7213,INR,0,,11:00,11,13:25,13,False,145,145,0,Airbus A320neo,102.0,99.0
2026-10-09,2026-10-09 16:27,2026-10-10,1,DEL,BOM,DEL-BOM,AI,Air India,1,7213,INR,0,,12:00,12,14:25,14,False,145,145,0,Airbus A320neo,102.0,99.0
2026-10-09,2026-10-09 16:27,2026-10-10,1,DEL,BOM,DEL-BOM,AI,Air India,1,7213,INR,0,,14:10,14,16:35,16,False,145,145,0,Airbus A320neo,102.0,99.0
2026-10-09,2026-10-09 16:27,2026-10-10,1,DEL,BOM,DEL-BOM,AI,Air India,1,7213,INR,0,,21:00,21,23:20,23,False,140,140,0,Airbus A320neo,102.0,99.0
2026-10-09,2026-10-09 16:27,2026-10-10,1,DEL,BOM,DEL-BOM,AI,Air India,1,7213,INR,0,,21:30,21,23:55,23,False,145,145,0,Airbus A320neo,102.0,99.0
2026-10-09,2026-10-09 16:27,2026-10-10,1,DEL,BOM,DEL-BOM,QP,Akasa Air,1,7232,INR,0,,10:00,10,12:20,12,False,140,140,0,Boeing 737MAX 8 Passenger,90.0,99.0
2026-10-09,2026-10-09 16:27,2026-10-10,1,DEL,BOM,DEL-BOM,QP,Akasa Air,1,7232,INR,0,,17:30,17,19:50,19,False,140,140,0,Boeing 737MAX 8 Passenger,85.0,99.0
2026-10-09,2026-10-09 16:27,2026-10-10,1,DEL,BOM,DEL-BOM,QP,Akasa Air,1,7232,INR,0,,19:55,19,22:20,22,False,145,145,0,Boeing 737MAX 8 Passenger,89.0,99.0
2026-10-09,2026-10-09 16:27,2026-10-10,1,DEL,BOM,DEL-BOM,QP,Akasa Air,1,7448,INR,0,,08:40,8,11:05,11,False,145,145,0,Boeing 737MAX 8 Passenger,90.0,99.0
2026-10-09,2026-10-09 16:27,2026-10-10,1,DEL,BOM,DEL-BOM,AI,Air India,1,7476,INR,0,,20:30,20,23:05,23,False,155,155,0,Airbus A320neo,102.0,99.0
2026-10-09,2026-10-09 16:27,2026-10-10,1,DEL,BOM,DEL-BOM,IX,Air India Express,1,7972,INR,0,,23:25,23,01:50,1,True,145,145,0,Boeing 737MAX 8 Passenger,101.0,99.0
2026-10-09,2026-10-09 16:27,2026-10-10,1,DEL,BOM,DEL-BOM,AI,Air India,1,13555,INR,0,,13:30,13,15:50,15,False,140,140,0,Airbus A320neo,102.0,99.0
2026-10-09,2026-10-09 16:27,2026-10-12,3,DEL,BOM,DEL-BOM,AI,Air India,1,6846,INR,0,,05:00,5,07:25,7,False,145,145,0,Airbus A320neo,102.0,99.0
2026-10-09,2026-10-09 16:27,2026-10-12,3,DEL,BOM,DEL-BOM,AI,Air India,1,6846,INR,0,,17:00,17,19:25,19,False,145,145,0,Boeing 777,115.0,99.0
2026-10-09,2026-10-09 16:27,2026-10-12,3,DEL,BOM,DEL-BOM,AI,Air India,1,6846,INR,0,,20:30,20,23:05,23,False,155,155,0,Airbus A320neo,102.0,99.0
2026-10-09,2026-10-09 16:27,2026-10-12,3,DEL,BOM,DEL-BOM,AI,Air India,1,6846,INR,0,,21:55,21,00:20,0,True,145,145,0,Airbus A321,130.0,99.0
2026-10-09,2026-10-09 16:27,2026-10-12,3,DEL,BOM,DEL-BOM,QP,Akasa Air,1,6918,INR,0,,17:30,17,19:50,19,False,140,140,0,Boeing 737MAX 8 Passenger,89.0,99.0
2026-10-09,2026-10-09 16:27,2026-10-12,3,DEL,BOM,DEL-BOM,QP,Akasa Air,1,6918,INR,0,,19:55,19,22:20,22,False,145,145,0,Boeing 737MAX 8 Passenger,89.0,99.0
2026-10-09,2026-10-09 16:27,2026-10-12,3,DEL,BOM,DEL-BOM,IX,Air India Express,1,6927,INR,0,,23:25,23,01:50,1,True,145,145,0,Boeing 737MAX 8 Passenger,101.0,99.0
2026-10-09,2026-10-09 16:27,2026-10-12,3,DEL,BOM,DEL-BOM,AI,Air India,1,7003,INR,0,,19:30,19,21:55,21,False,145,145,0,Airbus A320neo,102.0,99.0
2026-10-09,2026-10-09 16:27,2026-10-12,3,DEL,BOM,DEL-BOM,AI,Air India,1,7008,INR,0,,16:00,16,18:25,18,False,145,145,0,Airbus A320neo,102.0,99.0
2026-10-09,2026-10-09 16:27,2026-10-12,3,DEL,BOM,DEL-BOM,AI,Air India,1,7008,INR,0,,19:00,19,21:25,21,False,145,145,0,Airbus A320neo,102.0,99.0
2026-10-09,2026-10-09 16:27,2026-10-12,3,DEL,BOM,DEL-BOM,AI,Air India,1,7061,INR,0,,18:00,18,20:25,20,False,145,145,0,Airbus A320neo,102.0,99.0
2026-10-09,2026-10-09 16:27,2026-10-12,3,DEL,BOM,DEL-BOM,AI,Air India,1,7113,INR,0,,22:55,22,01:25,1,True,150,150,0,Airbus A320neo,102.0,99.0
2026-10-09,2026-10-09 16:27,2026-10-12,3,DEL,BOM,DEL-BOM,QP,Akasa Air,1,7232,INR,0,,10:00,10,12:20,12,False,140,140,0,Boeing 737MAX 8 Passenger,90.0,99.0
2026-10-09,2026-10-09 16:27,2026-10-12,3,DEL,BOM,DEL-BOM,QP,Akasa Air,1,8296,INR,0,,06:50,6,09:05,9,False,135,135,0,Boeing 737MAX 8 Passenger,91.0,99.0
2026-10-09,2026-10-09 16:27,2026-10-12,3,DEL,BOM,DEL-BOM,QP,Akasa Air,1,9513,INR,0,,08:40,8,11:05,11,False,145,145,0,Boeing 737MAX 8 Passenger,90.0,99.0
2026-10-09,2026-10-09 16:27,2026-10-12,3,DEL,BOM,DEL-BOM,AI,Air India,1,10284,INR,0,,11:00,11,13:25,13,False,145,145,0,Airbus A320neo,102.0,99.0
2026-10-09,2026-10-09 16:27,2026-10-12,3,DEL,BOM,DEL-BOM,AI,Air India,1,13203,INR,0,,10:00,10,12:25,12,False,145,145,0,Airbus A320neo,102.0,99.0
2026-10-09,2026-10-09 16:27,2026-10-12,3,DEL,BOM,DEL-BOM,AI,Air India,1,13203,INR,0,,21:00,21,23:20,23,False,140,140,0,Airbus A320neo,102.0,99.0
2026-10-09,2026-10-09 16:27,2026-10-12,3,DEL,BOM,DEL-BOM,AI,Air India,1,13671,INR,0,,09:00,9,11:15,11,False,135,135,0,Airbus A320neo,102.0,99.0
2026-10-09,2026-10-09 16:27,2026-10-12,3,DEL,BOM,DEL-BOM,AI,Air India,1,16899,INR,0,,14:10,14,16:35,16,False,145,145,0,Airbus A320neo,102.0,99.0
2026-10-09,2026-10-09 16:27,2026-10-12,3,DEL,BOM,DEL-BOM,AI,Air India,1,17361,INR,0,,07:00,7,09:25,9,False,145,145,0,Airbus A320neo,102.0,99.0
2026-10-09,2026-10-09 16:27,2026-10-12,3,DEL,BOM,DEL-BOM,AI,Air India,1,17361,INR,0,,07:30,7,09:55,9,False,145,145,0,Airbus A350,100.0,99.0
2026-10-09,2026-10-09 16:27,2026-10-12,3,DEL,BOM,DEL-BOM,AI,Air India,1,17514,INR,0,,08:30,8,10:40,10,False,130,130,0,Airbus A320neo,102.0,99.0
2026-10-09,2026-10-09 16:27,2026-10-12,3,DEL,BOM,DEL-BOM,AI,Air India,1,24160,INR,0,,06:30,6,08:50,8,False,140,140,0,Airbus A320neo,102.0,99.0
2026-10-09,2026-10-09 16:27,2026-10-16,7,DEL,BOM,DEL-BOM,AI,Air India,1,6846,INR,0,,05:00,5,07:25,7,False,145,145,0,Airbus A320neo,102.0,99.0
2026-10-09,2026-10-09 16:27,2026-10-16,7,DEL,BOM,DEL-BOM,AI,Air India,1,6846,INR,0,,06:30,6,08:50,8,False,140,140,0,Airbus A320neo,102.0,99.0
2026-10-09,2026-10-09 16:27,2026-10-16,7,DEL,BOM,DEL-BOM,AI,Air India,1,6846,INR,0,,07:00,7,09:25,9,False,145,145,0,Airbus A320neo,102.0,99.0
2026-10-09,2026-10-09 16:27,2026-10-16,7,DEL,BOM,DEL-BOM,AI,Air India,1,6846,INR,0,,08:30,8,10:40,10,False,130,130,0,Airbus A320neo,102.0,99.0
2026-10-09,2026-10-09 16:27,2026-10-16,7,DEL,BOM,DEL-BOM,AI,Air India,1,6846,INR,0,,09:30,9,12:00,12,False,150,150,0,Airbus A320neo,102.0,99.0
2026-10-09,2026-10-09 16:27,2026-10-16,7,DEL,BOM,DEL-BOM,AI,Air India,1,6846,INR,0,,10:00,10,12:25,12,False,145,145,0,Airbus A320neo,102.0,99.0
2026-10-09,2026-10-09 16:27,2026-10-16,7,DEL,BOM,DEL-BOM,AI,Air India,1,6846,INR,0,,11:00,11,13:25,13,False,145,145,0,Airbus A320neo,102.0,99.0
2026-10-09,2026-10-09 16:27,2026-10-16,7,DEL,BOM,DEL-BOM,AI,Air India,1,6846,INR,0,,14:10,14,16:35,16,False,145,145,0,Airbus A320neo,102.0,99.0
2026-10-09,2026-10-09 16:27,2026-10-16,7,DEL,BOM,DEL-BOM,AI,Air India,1,6846,INR,0,,15:30,15,17:55,17,False,145,145,0,Airbus A320neo,102.0,99.0
2026-10-09,2026-10-09 16:27,2026-10-16,7,DEL,BOM,DEL-BOM,AI,Air India,1,7008,INR,0,,07:30,7,09:55,9,False,145,145,0,Airbus A350,100.0,99.0
2026-10-09,2026-10-09 16:27,2026-10-16,7,DEL,BOM,DEL-BOM,AI,Air India,1,7008,INR,0,,12:00,12,14:25,14,False,145,145,0,Airbus A320neo,102.0,99.0
2026-10-09,2026-10-09 16:27,2026-10-16,7,DEL,BOM,DEL-BOM,AI,Air India,1,7008,INR,0,,16:00,16,18:25,18,False,145,145,0,Airbus A320neo,102.0,99.0
2026-10-09,2026-10-09 16:27,2026-10-16,7,DEL,BOM,DEL-BOM,AI,Air India,1,7113,INR,0,,17:00,17,19:25,19,False,145,145,0,Boeing 777,115.0,99.0
2026-10-09,2026-10-09 16:27,2026-10-16,7,DEL,BOM,DEL-BOM,QP,Akasa Air,1,7125,INR,0,,06:50,6,09:05,9,False,135,135,0,Boeing 737MAX 8 Passenger,86.0,99.0
2026-10-09,2026-10-09 16:27,2026-10-16,7,DEL,BOM,DEL-BOM,QP,Akasa Air,1,7125,INR,0,,08:40,8,11:05,11,False,145,145,0,Boeing 737MAX 8 Passenger,90.0,99.0
2026-10-09,2026-10-09 16:27,2026-10-16,7,DEL,BOM,DEL-BOM,AI,Air India,1,7213,INR,0,,22:55,22,01:25,1,True,150,150,0,Airbus A320neo,102.0,99.0
2026-10-09,2026-10-09 16:27,2026-10-16,7,DEL,BOM,DEL-BOM,QP,Akasa Air,1,7232,INR,0,,10:00,10,12:20,12,False,140,140,0,Boeing 737MAX 8 Passenger,90.0,99.0
2026-10-09,2026-10-09 16:27,2026-10-16,7,DEL,BOM,DEL-BOM,QP,Akasa Air,1,7826,INR,0,,17:30,17,19:50,19,False,140,140,0,Boeing 737MAX 8 Passenger,86.0,99.0
2026-10-09,2026-10-09 16:27,2026-10-16,7,DEL,BOM,DEL-BOM,IX,Air India Express,1,7972,INR,0,,17:50,17,20:10,20,False,140,140,0,Airbus A320,116.0,99.0
2026-10-09,2026-10-09 16:27,2026-10-16,7,DEL,BOM,DEL-BOM,AI,Air India,1,8300,INR,0,,21:30,21,23:55,23,False,145,145,0,Airbus A320neo,102.0,99.0
2026-10-09,2026-10-09 16:27,2026-10-16,7,DEL,BOM,DEL-BOM,QP,Akasa Air,1,8797,INR,0,,19:55,19,22:20,22,False,145,145,0,Boeing 737MAX 8 Passenger,90.0,99.0
2026-10-09,2026-10-09 16:27,2026-10-16,7,DEL,BOM,DEL-BOM,AI,Air India,1,8820,INR,0,,20:00,20,22:30,22,False,150,150,0,Boeing 787,100.0,99.0
2026-10-09,2026-10-09 16:27,2026-10-16,7,DEL,BOM,DEL-BOM,AI,Air India,1,8820,INR,0,,20:30,20,23:05,23,False,155,155,0,Airbus A320neo,102.0,99.0
2026-10-09,2026-10-09 16:27,2026-10-16,7,DEL,BOM,DEL-BOM,AI,Air India,1,10384,INR,0,,21:00,21,23:20,23,False,140,140,0,Airbus A320neo,102.0,99.0
2026-10-09,2026-10-09 16:27,2026-10-16,7,DEL,BOM,DEL-BOM,AI,Air India,1,10547,INR,0,,19:30,19,21:55,21,False,145,145,0,Airbus A320neo,102.0,99.0
2026-10-09,2026-10-09 16:27,2026-10-16,7,DEL,BOM,DEL-BOM,AI,Air India,1,10552,INR,0,,18:00,18,20:25,20,False,145,145,0,Airbus A320neo,102.0,99.0
2026-10-09,2026-10-09 16:27,2026-10-16,7,DEL,BOM,DEL-BOM,AI,Air India,1,10552,INR,0,,19:00,19,21:25,21,False,145,145,0,Airbus A320neo,102.0,99.0
2026-10-09,2026-10-09 16:27,2026-10-23,14,DEL,BOM,DEL-BOM,AI,Air India,1,6846,INR,0,,10:00,10,12:25,12,False,145,145,0,Airbus A320neo,102.0,99.0
2026-10-09,2026-10-09 16:27,2026-10-23,14,DEL,BOM,DEL-BOM,AI,Air India,1,6846,INR,0,,11:00,11,13:25,13,False,145,145,0,Airbus A320neo,102.0,99.0
2026-10-09,2026-10-09 16:27,2026-10-23,14,DEL,BOM,DEL-BOM,AI,Air India,1,6846,INR,0,,14:10,14,16:35,16,False,145,145,0,Airbus A320neo,102.0,99.0
2026-10-09,2026-10-09 16:27,2026-10-23,14,DEL,BOM,DEL-BOM,IX,Air India Express,1,6927,INR,0,,23:25,23,01:50,1,True,145,145,0,Boeing 737MAX 8 Passenger,103.0,99.0
2026-10-09,2026-10-09 16:27,2026-10-23,14,DEL,BOM,DEL-BOM,AI,Air India,1,7003,INR,0,,05:00,5,07:25,7,False,145,145,0,Airbus A320neo,102.0,99.0
2026-10-09,2026-10-09 16:27,2026-10-23,14,DEL,BOM,DEL-BOM,AI,Air India,1,7003,INR,0,,15:30,15,17:55,17,False,145,145,0,Airbus A320neo,102.0,99.0
2026-10-09,2026-10-09 16:27,2026-10-23,14,DEL,BOM,DEL-BOM,AI,Air India,1,7008,INR,0,,12:00,12,14:25,14,False,145,145,0,Airbus A320neo,102.0,99.0
2026-10-09,2026-10-09 16:27,2026-10-23,14,DEL,BOM,DEL-BOM,AI,Air India,1,7008,INR,0,,16:00,16,18:25,18,False,145,145,0,Airbus A320neo,102.0,99.0
2026-10-09,2026-10-09 16:27,2026-10-23,14,DEL,BOM,DEL-BOM,SG,SpiceJet,1,7091,INR,0,,09:45,9,12:15,12,False,150,150,0,,,99.0
2026-10-09,2026-10-09 16:27,2026-10-23,14,DEL,BOM,DEL-BOM,AI,Air India,1,7113,INR,0,,17:00,17,19:25,19,False,145,145,0,Boeing 777,115.0,99.0
2026-10-09,2026-10-09 16:27,2026-10-23,14,DEL,BOM,DEL-BOM,AI,Air India,1,7113,INR,0,,22:55,22,01:25,1,True,150,150,0,Airbus A320neo,102.0,99.0
2026-10-09,2026-10-09 16:27,2026-10-23,14,DEL,BOM,DEL-BOM,AI,Air India,1,7213,INR,0,,06:30,6,08:50,8,False,140,140,0,Airbus A320neo,102.0,99.0
2026-10-09,2026-10-09 16:27,2026-10-23,14,DEL,BOM,DEL-BOM,AI,Air India,1,7213,INR,0,,07:00,7,09:25,9,False,145,145,0,Airbus A320neo,102.0,99.0
2026-10-09,2026-10-09 16:27,2026-10-23,14,DEL,BOM,DEL-BOM,AI,Air India,1,7213,INR,0,,08:30,8,10:40,10,False,130,130,0,Airbus A320neo,102.0,99.0
2026-10-09,2026-10-09 16:27,2026-10-23,14,DEL,BOM,DEL-BOM,AI,Air India,1,7213,INR,0,,09:30,9,12:00,12,False,150,150,0,Airbus A320neo,102.0,99.0
2026-10-09,2026-10-09 16:27,2026-10-23,14,DEL,BOM,DEL-BOM,QP,Akasa Air,1,7232,INR,0,,06:50,6,09:05,9,False,135,135,0,Boeing 737MAX 8 Passenger,89.0,99.0
2026-10-09,2026-10-09 16:27,2026-10-23,14,DEL,BOM,DEL-BOM,QP,Akasa Air,1,7232,INR,0,,08:40,8,11:05,11,False,145,145,0,Boeing 737MAX 8 Passenger,90.0,99.0
2026-10-09,2026-10-09 16:27,2026-10-23,14,DEL,BOM,DEL-BOM,QP,Akasa Air,1,7232,INR,0,,10:00,10,12:20,12,False,140,140,0,Boeing 737MAX 8 Passenger,86.0,99.0
2026-10-09,2026-10-09 16:27,2026-10-23,14,DEL,BOM,DEL-BOM,QP,Akasa Air,1,7232,INR,0,,17:30,17,19:50,19,False,140,140,0,Boeing 737MAX 8 Passenger,89.0,99.0
2026-10-09,2026-10-09 16:27,2026-10-23,14,DEL,BOM,DEL-BOM,AI,Air India,1,7386,INR,0,,07:30,7,09:55,9,False,145,145,0,Airbus A350,100.0,99.0
2026-10-09,2026-10-09 16:27,2026-10-23,14,DEL,BOM,DEL-BOM,AI,Air India,1,7386,INR,0,,21:30,21,23:55,23,False,145,145,0,Airbus A320neo,102.0,99.0
2026-10-09,2026-10-09 16:27,2026-10-23,14,DEL,BOM,DEL-BOM,AI,Air India,1,7497,INR,0,,20:30,20,23:05,23,False,155,155,0,Airbus A320neo,102.0,99.0
2026-10-09,2026-10-09 16:27,2026-10-23,14,DEL,BOM,DEL-BOM,AI,Air India,1,7554,INR,0,,21:00,21,23:20,23,False,140,140,0,Airbus A320neo,102.0,99.0
2026-10-09,2026-10-09 16:27,2026-10-23,14,DEL,BOM,DEL-BOM,AI,Air India,1,7654,INR,0,,19:30,19,21:55,21,False,145,145,0,Airbus A320neo,102.0,99.0
2026-10-09,2026-10-09 16:27,2026-10-23,14,DEL,BOM,DEL-BOM,QP,Akasa Air,1,7826,INR,0,,19:55,19,22:20,22,False,145,145,0,Boeing 737MAX 8 Passenger,90.0,99.0
2026-10-09,2026-10-09 16:27,2026-10-23,14,DEL,BOM,DEL-BOM,AI,Air India,1,8431,INR,0,,20:00,20,22:30,22,False,150,150,0,Boeing 787,100.0,99.0
2026-10-09,2026-10-09 16:27,2026-10-23,14,DEL,BOM,DEL-BOM,AI,Air India,1,8631,INR,0,,18:00,18,20:25,20,False,145,145,0,Airbus A320neo,102.0,99.0
2026-10-09,2026-10-09 16:27,2026-10-23,14,DEL,BOM,DEL-BOM,AI,Air India,1,9030,INR,0,,19:00,19,21:25,21,False,145,145,0,Airbus A320neo,102.0,99.0
2026-10-09,2026-10-09 16:27,2026-10-30,21,DEL,BOM,DEL-BOM,IX,Air India Express,1,7147,INR,0,,20:40,20,23:10,23,False,150,150,0,Boeing 737MAX 8 Passenger,101.0,99.0
2026-10-09,2026-10-09 16:27,2026-10-30,21,DEL,BOM,DEL-BOM,QP,Akasa Air,1,7232,INR,0,,07:10,7,09:30,9,False,140,140,0,Boeing 737MAX 8 Passenger,86.0,99.0
2026-10-09,2026-10-09 16:27,2026-10-30,21,DEL,BOM,DEL-BOM,QP,Akasa Air,1,7232,INR,0,,16:20,16,18:45,18,False,145,145,0,Boeing 737MAX 8 Passenger,90.0,99.0
2026-10-09,2026-10-09 16:27,2026-10-30,21,DEL,BOM,DEL-BOM,QP,Akasa Air,1,7232,INR,0,,18:10,18,20:40,20,False,150,150,0,Boeing 737MAX 8 Passenger,90.0,99.0
2026-10-09,2026-10-09 16:27,2026-10-30,21,DEL,BOM,DEL-BOM,QP,Akasa Air,1,7232,INR,0,,19:55,19,22:25,22,False,150,150,0,Boeing 737MAX 8 Passenger,86.0,99.0
2026-10-09,2026-10-09 16:27,2026-10-30,21,DEL,BOM,DEL-BOM,QP,Akasa Air,1,7232,INR,0,,21:45,21,00:10,0,True,145,145,0,Boeing 737MAX 8 Passenger,85.0,99.0
2026-10-09,2026-10-09 16:27,2026-10-30,21,DEL,BOM,DEL-BOM,AI,Air India,1,7339,INR,0,,05:30,5,07:55,7,False,145,145,0,Airbus A321,130.0,99.0
2026-10-09,2026-10-09 16:27,2026-10-30,21,DEL,BOM,DEL-BOM,AI,Air India,1,7339,INR,0,,07:00,7,09:20,9,False,140,140,0,Airbus A320neo,102.0,99.0
2026-10-09,2026-10-09 16:27,2026-10-30,21,DEL,BOM,DEL-BOM,AI,Air India,1,7339,INR,0,,09:00,9,11:15,11,False,135,135,0,Airbus A320neo,102.0,99.0
2026-10-09,2026-10-09 16:27,2026-10-30,21,DEL,BOM,DEL-BOM,AI,Air India,1,7339,INR,0,,09:30,9,11:55,11,False,145,145,0,Airbus A320neo,102.0,99.0
2026-10-09,2026-10-09 16:27,2026-10-30,21,DEL,BOM,DEL-BOM,AI,Air India,1,7339,INR,0,,10:25,10,12:55,12,False,150,150,0,Airbus A320neo,102.0,99.0
2026-10-09,2026-10-09 16:27,2026-10-30,21,DEL,BOM,DEL-BOM,AI,Air India,1,7339,INR,0,,11:00,11,13:25,13,False,145,145,0,Airbus A320neo,102.0,99.0
2026-10-09,2026-10-09 16:27,2026-10-30,21,DEL,BOM,DEL-BOM,AI,Air India,1,7339,INR,0,,12:00,12,14:25,14,False,145,145,0,Airbus A321,130.0,99.0
2026-10-09,2026-10-09 16:27,2026-10-30,21,DEL,BOM,DEL-BOM,AI,Air India,1,7339,INR,0,,17:30,17,20:00,20,False,150,150,0,Airbus A320neo,102.0,99.0
2026-10-09,2026-10-09 16:27,2026-10-30,21,DEL,BOM,DEL-BOM,AI,Air India,1,7339,INR,0,,22:00,22,00:25,0,True,145,145,0,Airbus A321,130.0,99.0
2026-10-09,2026-10-09 16:27,2026-10-30,21,DEL,BOM,DEL-BOM,AI,Air India,1,7339,INR,0,,22:30,22,00:55,0,True,145,145,0,Airbus A320neo,102.0,99.0
2026-10-09,2026-10-09 16:27,2026-10-30,21,DEL,BOM,DEL-BOM,AI,Air India,1,7512,INR,0,,07:30,7,09:45,9,False,135,135,0,Airbus A350,100.0,99.0
2026-10-09,2026-10-09 16:27,2026-10-30,21,DEL,BOM,DEL-BOM,AI,Air India,1,7628,INR,0,,16:30,16,18:55,18,False,145,145,0,Airbus A320neo,102.0,99.0
2026-10-09,2026-10-09 16:27,2026-10-30,21,DEL,BOM,DEL-BOM,AI,Air India,1,7628,INR,0,,17:00,17,19:30,19,False,150,150,0,Boeing 777,115.0,99.0
2026-10-09,2026-10-09 16:27,2026-10-30,21,DEL,BOM,DEL-BOM,AI,Air India,1,7628,INR,0,,23:00,23,01:25,1,True,145,145,0,Airbus A320neo,102.0,99.0
2026-10-09,2026-10-09 16:27,2026-10-30,21,DEL,BOM,DEL-BOM,AI,Air India,1,7686,INR,0,,21:00,21,23:25,23,False,145,145,0,Airbus A320neo,102.0,99.0
2026-10-09,2026-10-09 16:27,2026-10-30,21,DEL,BOM,DEL-BOM,AI,Air India,1,7686,INR,0,,21:30,21,23:50,23,False,140,140,0,Airbus A320neo,102.0,99.0
2026-10-09,2026-10-09 16:27,2026-10-30,21,DEL,BOM,DEL-BOM,AI,Air India,1,7785,INR,0,,06:20,6,08:55,8,False,155,155,0,Airbus A320neo,102.0,99.0
2026-10-09,2026-10-09 16:27,2026-10-30,21,DEL,BOM,DEL-BOM,AI,Air India,1,7801,INR,0,,18:00,18,20:25,20,False,145,145,0,Airbus A320neo,102.0,99.0
2026-10-09,2026-10-09 16:27,2026-10-30,21,DEL,BOM,DEL-BOM,AI,Air India,1,7974,INR,0,,19:30,19,21:55,21,False,145,145,0,Airbus A320neo,102.0,99.0
2026-10-09,2026-10-09 16:27,2026-10-30,21,DEL,BOM,DEL-BOM,AI,Air India,1,8573,INR,0,,15:30,15,17:45,17,False,135,135,0,Airbus A320neo,102.0,99.0
2026-10-09,2026-10-09 16:27,2026-10-30,21,DEL,BOM,DEL-BOM,AI,Air India,1,9696,INR,0,,20:30,20,23:00,23,False,150,150,0,Airbus A320neo,102.0,99.0
2026-10-09,2026-10-09 16:27,2026-10-30,21,DEL,BOM,DEL-BOM,SG,SpiceJet,1,17602,INR,0,,09:30,9,11:50,11,False,140,140,0,,,99.0
2026-10-09,2026-10-09 16:27,2026-10-30,21,DEL,BOM,DEL-BOM,SG,SpiceJet,1,18996,INR,0,,07:00,7,09:15,9,False,135,135,0,,,99.0
2026-10-09,2026-10-09 16:27,2026-11-08,30,DEL,BOM,DEL-BOM,QP,Akasa Air,1,6918,INR,0,,07:10,7,09:30,9,False,140,140,0,Boeing 737MAX 8 Passenger,84.0,99.0
2026-10-09,2026-10-09 16:27,2026-11-08,30,DEL,BOM,DEL-BOM,QP,Akasa Air,1,6918,INR,0,,21:45,21,00:10,0,True,145,145,0,Boeing 737MAX 8 Passenger,83.0,99.0
2026-10-09,2026-10-09 16:27,2026-11-08,30,DEL,BOM,DEL-BOM,IX,Air India Express,1,6927,INR,0,,08:50,8,11:15,11,False,145,145,0,Boeing 737MAX 8 Passenger,98.0,99.0
2026-10-09,2026-10-09 16:27,2026-11-08,30,DEL,BOM,DEL-BOM,AI,Air India,1,7386,INR,0,,05:30,5,07:55,7,False,145,145,0,Airbus A321,127.0,99.0
2026-10-09,2026-10-09 16:27,2026-11-08,30,DEL,BOM,DEL-BOM,AI,Air India,1,7386,INR,0,,06:20,6,08:55,8,False,155,155,0,Airbus A320neo,100.0,99.0
2026-10-09,2026-10-09 16:27,2026-11-08,30,DEL,BOM,DEL-BOM,AI,Air India,1,7386,INR,0,,08:30,8,10:45,10,False,135,135,0,Airbus A320neo,100.0,99.0
2026-10-09,2026-10-09 16:27,2026-11-08,30,DEL,BOM,DEL-BOM,AI,Air India,1,7386,INR,0,,09:00,9,11:15,11,False,135,135,0,Airbus A320neo,100.0,99.0
2026-10-09,2026-10-09 16:27,2026-11-08,30,DEL,BOM,DEL-BOM,AI,Air India,1,7386,INR,0,,10:25,10,12:55,12,False,150,150,0,Airbus A320neo,100.0,99.0
2026-10-09,2026-10-09 16:27,2026-11-08,30,DEL,BOM,DEL-BOM,AI,Air India,1,7386,INR,0,,11:00,11,13:25,13,False,145,145,0,Airbus A320neo,100.0,99.0
2026-10-09,2026-10-09 16:27,2026-11-08,30,DEL,BOM,DEL-BOM,AI,Air India,1,7386,INR,0,,12:00,12,14:25,14,False,145,145,0,Airbus A321,127.0,99.0
2026-10-09,2026-10-09 16:27,2026-11-08,30,DEL,BOM,DEL-BOM,AI,Air India,1,7386,INR,0,,13:30,13,15:55,15,False,145,145,0,Airbus A320neo,100.0,99.0
2026-10-09,2026-10-09 16:27,2026-11-08,30,DEL,BOM,DEL-BOM,AI,Air India,1,7386,INR,0,,17:30,17,20:00,20,False,150,150,0,Airbus A320neo,100.0,99.0
2026-10-09,2026-10-09 16:27,2026-11-08,30,DEL,BOM,DEL-BOM,AI,Air India,1,7386,INR,0,,22:00,22,00:25,0,True,145,145,0,Airbus A321,127.0,99.0
2026-10-09,2026-10-09 16:27,2026-11-08,30,DEL,BOM,DEL-BOM,AI,Air India,1,7386,INR,0,,22:30,22,00:55,0,True,145,145,0,Airbus A320neo,100.0,99.0
2026-10-09,2026-10-09 16:27,2026-11-08,30,DEL,BOM,DEL-BOM,SG,SpiceJet,1,7511,INR,0,,05:45,5,08:05,8,False,140,140,0,Boeing 737,99.0,99.0
2026-10-09,2026-10-09 16:27,2026-11-08,30,DEL,BOM,DEL-BOM,SG,SpiceJet,1,7511,INR,0,,06:20,6,08:40,8,False,140,140,0,Boeing 737,99.0,99.0
2026-10-09,2026-10-09 16:27,2026-11-08,30,DEL,BOM,DEL-BOM,SG,SpiceJet,1,7511,INR,0,,07:00,7,09:15,9,False,135,135,0,Boeing 737,99.0,99.0
2026-10-09,2026-10-09 16:27,2026-11-08,30,DEL,BOM,DEL-BOM,SG,SpiceJet,1,7511,INR,0,,09:30,9,11:50,11,False,140,140,0,Boeing 737,99.0,99.0
2026-10-09,2026-10-09 16:27,2026-11-08,30,DEL,BOM,DEL-BOM,SG,SpiceJet,1,7511,INR,0,,19:00,19,21:10,21,False,130,130,0,Boeing 737,99.0,99.0
2026-10-09,2026-10-09 16:27,2026-11-08,30,DEL,BOM,DEL-BOM,AI,Air India,1,7565,INR,0,,07:30,7,09:45,9,False,135,135,0,Airbus A350,98.0,99.0
2026-10-09,2026-10-09 16:27,2026-11-08,30,DEL,BOM,DEL-BOM,AI,Air India,1,7565,INR,0,,19:30,19,21:55,21,False,145,145,0,Airbus A321,127.0,99.0
2026-10-09,2026-10-09 16:27,2026-11-08,30,DEL,BOM,DEL-BOM,AI,Air India,1,7680,INR,0,,16:30,16,18:55,18,False,145,145,0,Airbus A320neo,100.0,99.0
2026-10-09,2026-10-09 16:27,2026-11-08,30,DEL,BOM,DEL-BOM,AI,Air India,1,7680,INR,0,,17:00,17,19:30,19,False,150,150,0,Boeing 777,113.0,99.0
2026-10-09,2026-10-09 16:27,2026-11-08,30,DEL,BOM,DEL-BOM,AI,Air India,1,7680,INR,0,,23:00,23,01:25,1,True,145,145,0,Airbus A320neo,100.0,99.0
2026-10-09,2026-10-09 16:27,2026-11-08,30,DEL,BOM,DEL-BOM,AI,Air India,1,7738,INR,0,,21:00,21,23:25,23,False,145,145,0,Airbus A320neo,100.0,99.0
2026-10-09,2026-10-09 16:27,2026-11-08,30,DEL,BOM,DEL-BOM,AI,Air India,1,7838,INR,0,,15:30,15,17:45,17,False,135,135,0,Airbus A320neo,100.0,99.0
2026-10-09,2026-10-09 16:27,2026-11-08,30,DEL,BOM,DEL-BOM,AI,Air India,1,7838,INR,0,,20:30,20,23:00,23,False,150,150,0,Airbus A320neo,100.0,99.0
2026-10-09,2026-10-09 16:27,2026-11-08,30,DEL,BOM,DEL-BOM,AI,Air India,1,7854,INR,0,,18:00,18,20:25,20,False,145,145,0,Airbus A320neo,100.0,99.0
2026-10-09,2026-10-09 16:27,2026-11-08,30,DEL,BOM,DEL-BOM,AI,Air India,1,7854,INR,0,,19:00,19,21:25,21,False,145,145,0,Airbus A321,127.0,99.0
2026-10-09,2026-10-09 16:27,2026-11-08,30,DEL,BOM,DEL-BOM,AI,Air India,1,7896,INR,0,,21:30,21,23:50,23,False,140,140,0,Airbus A320neo,100.0,99.0
2026-10-09,2026-10-09 16:27,2026-11-23,45,DEL,BOM,DEL-BOM,SG,SpiceJet,1,7511,INR,0,,05:45,5,08:05,8,False,140,140,0,Boeing 737,99.0,99.0
2026-10-09,2026-10-09 16:27,2026-11-23,45,DEL,BOM,DEL-BOM,SG,SpiceJet,1,7511,INR,0,,06:20,6,08:40,8,False,140,140,0,Boeing 737,99.0,99.0
2026-10-09,2026-10-09 16:27,2026-11-23,45,DEL,BOM,DEL-BOM,SG,SpiceJet,1,7511,INR,0,,09:30,9,11:50,11,False,140,140,0,Boeing 737,99.0,99.0
2026-10-09,2026-10-09 16:27,2026-11-23,45,DEL,BOM,DEL-BOM,AI,Air India,1,7539,INR,0,,22:00,22,00:25,0,True,145,145,0,Airbus A321,127.0,99.0
2026-10-09,2026-10-09 16:27,2026-11-23,45,DEL,BOM,DEL-BOM,AI,Air India,1,7565,INR,0,,21:30,21,23:50,23,False,140,140,0,Airbus A320neo,100.0,99.0
2026-10-09,2026-10-09 16:27,2026-11-23,45,DEL,BOM,DEL-BOM,AI,Air India,1,7680,INR,0,,23:00,23,01:25,1,True,145,145,0,Airbus A320neo,100.0,99.0
2026-10-09,2026-10-09 16:27,2026-11-23,45,DEL,BOM,DEL-BOM,QP,Akasa Air,1,7826,INR,0,,10:15,10,12:40,12,False,145,145,0,Boeing 737MAX 8 Passenger,84.0,99.0
2026-10-09,2026-10-09 16:27,2026-11-23,45,DEL,BOM,DEL-BOM,AI,Air India,1,7838,INR,0,,21:00,21,23:25,23,False,145,145,0,Airbus A320neo,100.0,99.0
2026-10-09,2026-10-09 16:27,2026-11-23,45,DEL,BOM,DEL-BOM,SG,SpiceJet,1,7889,INR,0,,07:00,7,09:15,9,False,135,135,0,Boeing 737,99.0,99.0
2026-10-09,2026-10-09 16:27,2026-11-23,45,DEL,BOM,DEL-BOM,QP,Akasa Air,1,7905,INR,0,,18:10,18,20:40,20,False,150,150,0,Boeing 737MAX 8 Passenger,88.0,99.0
2026-10-09,2026-10-09 16:27,2026-11-23,45,DEL,BOM,DEL-BOM,AI,Air India,1,8016,INR,0,,20:30,20,23:00,23,False,150,150,0,Airbus A320neo,100.0,99.0
2026-10-09,2026-10-09 16:27,2026-11-23,45,DEL,BOM,DEL-BOM,AI,Air India,1,8027,INR,0,,09:30,9,11:55,11,False,145,145,0,Airbus A320neo,100.0,99.0
2026-10-09,2026-10-09 16:27,2026-11-23,45,DEL,BOM,DEL-BOM,QP,Akasa Air,1,8147,INR,0,,07:10,7,09:30,9,False,140,140,0,Boeing 737MAX 8 Passenger,84.0,99.0
2026-10-09,2026-10-09 16:27,2026-11-23,45,DEL,BOM,DEL-BOM,QP,Akasa Air,1,8147,INR,0,,16:20,16,18:45,18,False,145,145,0,Boeing 737MAX 8 Passenger,88.0,99.0
2026-10-09,2026-10-09 16:27,2026-11-23,45,DEL,BOM,DEL-BOM,AI,Air India,1,8216,INR,0,,18:00,18,20:25,20,False,145,145,0,Airbus A320neo,100.0,99.0
2026-10-09,2026-10-09 16:27,2026-11-23,45,DEL,BOM,DEL-BOM,AI,Air India,1,8331,INR,0,,12:00,12,14:25,14,False,145,145,0,Airbus A321,127.0,99.0
2026-10-09,2026-10-09 16:27,2026-11-23,45,DEL,BOM,DEL-BOM,AI,Air India,1,8331,INR,0,,17:00,17,19:30,19,False,150,150,0,Boeing 777,113.0,99.0
2026-10-09,2026-10-09 16:27,2026-11-23,45,DEL,BOM,DEL-BOM,AI,Air India,1,8331,INR,0,,17:30,17,20:00,20,False,150,150,0,Airbus A320neo,100.0,99.0
2026-10-09,2026-10-09 16:27,2026-11-23,45,DEL,BOM,DEL-BOM,AI,Air India,1,8331,INR,0,,20:00,20,22:25,22,False,145,145,0,Airbus A321,127.0,99.0
2026-10-09,2026-10-09 16:27,2026-11-23,45,DEL,BOM,DEL-BOM,AI,Air India,1,8342,INR,0,,19:00,19,21:25,21,False,145,145,0,Airbus A321,127.0,99.0
2026-10-09,2026-10-09 16:27,2026-11-23,45,DEL,BOM,DEL-BOM,AI,Air India,1,8536,INR,0,,07:30,7,09:45,9,False,135,135,0,Airbus A350,98.0,99.0
2026-10-09,2026-10-09 16:27,2026-11-23,45,DEL,BOM,DEL-BOM,AI,Air India,1,8536,INR,0,,19:30,19,21:55,21,False,145,145,0,Airbus A320neo,100.0,99.0
2026-10-09,2026-10-09 16:27,2026-11-23,45,DEL,BOM,DEL-BOM,QP,Akasa Air,1,8797,INR,0,,21:45,21,00:10,0,True,145,145,0,Boeing 737MAX 8 Passenger,83.0,99.0
2026-10-09,2026-10-09 16:27,2026-11-23,45,DEL,BOM,DEL-BOM,AI,Air India,1,8841,INR,0,,13:30,13,15:55,15,False,145,145,0,Airbus A320neo,100.0,99.0
2026-10-09,2026-10-09 16:27,2026-11-23,45,DEL,BOM,DEL-BOM,AI,Air India,1,8841,INR,0,,16:30,16,18:55,18,False,145,145,0,Airbus A320neo,100.0,99.0
2026-10-09,2026-10-09 16:27,2026-11-23,45,DEL,BOM,DEL-BOM,SG,SpiceJet,1,8841,INR,0,,17:10,17,19:25,19,False,135,135,0,Boeing 737,99.0,99.0
2026-10-09,2026-10-09 16:27,2026-11-23,45,DEL,BOM,DEL-BOM,AI,Air India,1,8988,INR,0,,09:00,9,11:15,11,False,135,135,0,Airbus A320neo,100.0,99.0
2026-10-09,2026-10-09 16:27,2026-11-23,45,DEL,BOM,DEL-BOM,AI,Air India,1,9717,INR,0,,08:30,8,10:45,10,False,135,135,0,Airbus A320neo,100.0,99.0
2026-10-09,2026-10-09 16:27,2026-11-23,45,DEL,BOM,DEL-BOM,IX,Air India Express,1,10191,INR,0,,08:50,8,11:15,11,False,145,145,0,Boeing 737MAX 8 Passenger,98.0,99.0
2026-10-09,2026-10-09 16:27,2026-11-23,45,DEL,BOM,DEL-BOM,IX,Air India Express,1,10191,INR,0,,20:40,20,23:10,23,False,150,150,0,Boeing 737MAX 8 Passenger,98.0,99.0
2026-10-09,2026-10-09 16:27,2026-11-23,45,DEL,BOM,DEL-BOM,AI,Air India,1,10284,INR,0,,05:30,5,07:55,7,False,145,145,0,Airbus A321,127.0,99.0
2026-10-09,2026-10-09 16:27,2026-11-23,45,DEL,BOM,DEL-BOM,AI,Air India,1,10284,INR,0,,15:30,15,17:45,17,False,135,135,0,Airbus A320neo,100.0,99.0
2026-10-09,2026-10-09 16:27,2026-11-23,45,DEL,BOM,DEL-BOM,AI,Air India,1,10725,INR,0,,07:00,7,09:20,9,False,140,140,0,Airbus A320neo,100.0,99.0
2026-10-09,2026-10-09 16:27,2026-12-08,60,DEL,BOM,DEL-BOM,AI,Air India,1,7386,INR,0,,10:25,10,12:55,12,False,150,150,0,Airbus A320neo,97.0,99.0
2026-10-09,2026-10-09 16:27,2026-12-08,60,DEL,BOM,DEL-BOM,AI,Air India,1,7386,INR,0,,22:30,22,00:55,0,True,145,145,0,Airbus A320neo,97.0,99.0
2026-10-09,2026-10-09 16:27,2026-12-08,60,DEL,BOM,DEL-BOM,SG,SpiceJet,1,7511,INR,0,,05:45,5,08:05,8,False,140,140,0,Boeing 737,98.0,99.0
2026-10-09,2026-10-09 16:27,2026-12-08,60,DEL,BOM,DEL-BOM,SG,SpiceJet,1,7511,INR,0,,06:20,6,08:40,8,False,140,140,0,Boeing 737,98.0,99.0
2026-10-09,2026-10-09 16:27,2026-12-08,60,DEL,BOM,DEL-BOM,SG,SpiceJet,1,7511,INR,0,,07:00,7,09:15,9,False,135,135,0,Boeing 737,98.0,99.0
2026-10-09,2026-10-09 16:27,2026-12-08,60,DEL,BOM,DEL-BOM,SG,SpiceJet,1,7511,INR,0,,09:30,9,11:50,11,False,140,140,0,Boeing 737,98.0,99.0
2026-10-09,2026-10-09 16:27,2026-12-08,60,DEL,BOM,DEL-BOM,SG,SpiceJet,1,7511,INR,0,,17:10,17,19:25,19,False,135,135,0,Boeing 737,98.0,99.0
2026-10-09,2026-10-09 16:27,2026-12-08,60,DEL,BOM,DEL-BOM,AI,Air India,1,7539,INR,0,,05:30,5,07:55,7,False,145,145,0,Airbus A321,123.0,99.0
2026-10-09,2026-10-09 16:27,2026-12-08,60,DEL,BOM,DEL-BOM,AI,Air India,1,7539,INR,0,,17:30,17,20:00,20,False,150,150,0,Boeing 787,86.0,99.0
2026-10-09,2026-10-09 16:27,2026-12-08,60,DEL,BOM,DEL-BOM,QP,Akasa Air,1,7671,INR,0,,07:10,7,09:30,9,False,140,140,0,Boeing 737MAX 8 Passenger,83.0,99.0
2026-10-09,2026-10-09 16:27,2026-12-08,60,DEL,BOM,DEL-BOM,AI,Air India,1,7680,INR,0,,23:00,23,01:25,1,True,145,145,0,Airbus A320neo,97.0,99.0
2026-10-09,2026-10-09 16:27,2026-12-08,60,DEL,BOM,DEL-BOM,QP,Akasa Air,1,7826,INR,0,,10:15,10,12:40,12,False,145,145,0,Boeing 737MAX 8 Passenger,83.0,99.0
2026-10-09,2026-10-09 16:27,2026-12-08,60,DEL,BOM,DEL-BOM,QP,Akasa Air,1,7826,INR,0,,13:40,13,16:00,16,False,140,140,0,Boeing 737MAX 8 Passenger,83.0,99.0
2026-10-09,2026-10-09 16:27,2026-12-08,60,DEL,BOM,DEL-BOM,QP,Akasa Air,1,7826,INR,0,,18:10,18,20:40,20,False,150,150,0,Boeing 737MAX 8 Passenger,86.0,99.0
2026-10-09,2026-10-09 16:27,2026-12-08,60,DEL,BOM,DEL-BOM,QP,Akasa Air,1,7826,INR,0,,19:55,19,22:25,22,False,150,150,0,Boeing 737MAX 8 Passenger,83.0,99.0
2026-10-09,2026-10-09 16:27,2026-12-08,60,DEL,BOM,DEL-BOM,QP,Akasa Air,1,7826,INR,0,,21:45,21,00:10,0,True,145,145,0,Boeing 737MAX 8 Passenger,81.0,99.0
2026-10-09,2026-10-09 16:27,2026-12-08,60,DEL,BOM,DEL-BOM,AI,Air India,1,7838,INR,0,,06:20,6,08:55,8,False,155,155,0,Airbus A320neo,97.0,99.0
2026-10-09,2026-10-09 16:27,2026-12-08,60,DEL,BOM,DEL-BOM,AI,Air India,1,7838,INR,0,,08:30,8,10:45,10,False,135,135,0,Airbus A320neo,97.0,99.0
2026-10-09,2026-10-09 16:27,2026-12-08,60,DEL,BOM,DEL-BOM,AI,Air India,1,7838,INR,0,,09:00,9,11:15,11,False,135,135,0,Airbus A320neo,97.0,99.0
2026-10-09,2026-10-09 16:27,2026-12-08,60,DEL,BOM,DEL-BOM,AI,Air India,1,7838,INR,0,,09:30,9,11:55,11,False,145,145,0,Airbus A320neo,97.0,99.0
2026-10-09,2026-10-09 16:27,2026-12-08,60,DEL,BOM,DEL-BOM,AI,Air India,1,7838,INR,0,,12:00,12,14:25,14,False,145,145,0,Airbus A321,123.0,99.0
2026-10-09,2026-10-09 16:27,2026-12-08,60,DEL,BOM,DEL-BOM,AI,Air India,1,7838,INR,0,,21:30,21,23:50,23,False,140,140,0,Airbus A320neo,97.0,99.0
2026-10-09,2026-10-09 16:27,2026-12-08,60,DEL,BOM,DEL-BOM,AI,Air India,1,8016,INR,0,,20:30,20,23:00,23,False,150,150,0,Airbus A320neo,97.0,99.0
2026-10-09,2026-10-09 16:27,2026-12-08,60,DEL,BOM,DEL-BOM,AI,Air India,1,8027,INR,0,,19:30,19,21:55,21,False,145,145,0,Airbus A320neo,97.0,99.0
2026-10-09,2026-10-09 16:27,2026-12-08,60,DEL,BOM,DEL-BOM,AI,Air India,1,8331,INR,0,,11:00,11,13:25,13,False,145,145,0,Airbus A320neo,97.0,99.0
2026-10-09,2026-10-09 16:27,2026-12-08,60,DEL,BOM,DEL-BOM,AI,Air India,1,8331,INR,0,,13:00,13,15:20,15,False,140,140,0,Airbus A320neo,97.0,99.0
2026-10-09,2026-10-09 16:27,2026-12-08,60,DEL,BOM,DEL-BOM,AI,Air India,1,8331,INR,0,,13:30,13,15:55,15,False,145,145,0,Airbus A320neo,97.0,99.0
2026-10-09,2026-10-09 16:27,2026-12-08,60,DEL,BOM,DEL-BOM,AI,Air India,1,8331,INR,0,,17:00,17,19:30,19,False,150,150,0,Boeing 777,109.0,99.0
2026-10-09,2026-10-09 16:27,2026-12-08,60,DEL,BOM,DEL-BOM,AI,Air India,1,8331,INR,0,,21:00,21,23:25,23,False,145,145,0,Airbus A320neo,97.0,99.0
2026-10-09,2026-10-09 16:27,2026-12-08,60,DEL,BOM,DEL-BOM,AI,Air India,1,8331,INR,0,,22:00,22,00:25,0,True,145,145,0,Airbus A321,123.0,99.0
2026-10-09,2026-10-09 16:27,2026-12-08,60,DEL,BOM,DEL-BOM,AI,Air India,1,8536,INR,0,,07:30,7,09:45,9,False,135,135,0,Airbus A350,95.0,99.0
2026-10-09,2026-10-09 16:27,2026-12-08,60,DEL,BOM,DEL-BOM,IX,Air India Express,1,8565,INR,0,,08:50,8,11:15,11,False,145,145,0,Boeing 737MAX 8 Passenger,95.0,99.0
2026-10-09,2026-10-09 16:27,2026-12-08,60,DEL,BOM,DEL-BOM,AI,Air India,1,8631,INR,0,,07:00,7,09:20,9,False,140,140,0,Airbus A320neo,97.0,99.0
2026-10-09,2026-10-09 16:27,2026-12-08,60,DEL,BOM,DEL-BOM,AI,Air India,1,8631,INR,0,,15:30,15,17:45,17,False,135,135,0,Airbus A320neo,97.0,99.0
2026-10-09,2026-10-09 16:27,2026-12-08,60,DEL,BOM,DEL-BOM,AI,Air India,1,8631,INR,0,,20:00,20,22:25,22,False,145,145,0,Airbus A321,123.0,99.0
2026-10-09,2026-10-09 16:27,2026-12-08,60,DEL,BOM,DEL-BOM,AI,Air India,1,8872,INR,0,,21:30,21,23:55,23,False,145,145,0,Boeing 787,95.0,99.0
2026-10-09,2026-10-09 16:27,2026-12-08,60,DEL,BOM,DEL-BOM,AI,Air India,1,9423,INR,0,,18:00,18,20:25,20,False,145,145,0,Airbus A320neo,97.0,99.0
2026-10-09,2026-10-09 16:27,2026-12-08,60,DEL,BOM,DEL-BOM,IX,Air India Express,1,10588,INR,0,,20:40,20,23:10,23,False,150,150,0,Boeing 737MAX 8 Passenger,95.0,99.0
2026-10-09,2026-10-09 16:27,2026-10-10,1,BOM,DEL,BOM-DEL,AI,Air India,1,7035,INR,0,,14:35,14,16:55,16,False,140,140,0,Airbus A320neo,105.0,102.0
2026-10-09,2026-10-09 16:27,2026-10-10,1,BOM,DEL,BOM-DEL,AI,Air India,1,7035,INR,0,,15:00,15,17:20,17,False,140,140,0,Airbus A320neo,105.0,102.0
2026-10-09,2026-10-09 16:27,2026-10-10,1,BOM,DEL,BOM-DEL,AI,Air India,1,7035,INR,0,,16:30,16,19:00,19,False,150,150,0,Boeing 787,106.0,102.0
2026-10-09,2026-10-09 16:27,2026-10-10,1,BOM,DEL,BOM-DEL,AI,Air India,1,7035,INR,0,,20:30,20,22:50,22,False,140,140,0,Airbus A320neo,105.0,102.0
2026-10-09,2026-10-09 16:27,2026-10-10,1,BOM,DEL,BOM-DEL,AI,Air India,1,7035,INR,0,,21:00,21,23:15,23,False,135,135,0,Boeing 777,118.0,102.0
2026-10-09,2026-10-09 16:27,2026-10-10,1,BOM,DEL,BOM-DEL,AI,Air India,1,7035,INR,0,,21:30,21,23:45,23,False,135,135,0,Airbus A320neo,105.0,102.0
2026-10-09,2026-10-09 16:27,2026-10-10,1,BOM,DEL,BOM-DEL,AI,Air India,1,7145,INR,0,,22:35,22,01:00,1,True,145,145,0,Airbus A320neo,105.0,102.0
2026-10-09,2026-10-09 16:27,2026-10-10,1,BOM,DEL,BOM-DEL,AI,Air India,1,7198,INR,0,,18:30,18,20:45,20,False,135,135,0,Airbus A320neo,105.0,102.0
2026-10-09,2026-10-09 16:27,2026-10-10,1,BOM,DEL,BOM-DEL,AI,Air India,1,7245,INR,0,,11:25,11,13:50,13,False,145,145,0,Airbus A350,103.0,102.0
2026-10-09,2026-10-09 16:27,2026-10-10,1,BOM,DEL,BOM-DEL,AI,Air India,1,7245,INR,0,,12:00,12,14:20,14,False,140,140,0,Airbus A320neo,105.0,102.0
2026-10-09,2026-10-09 16:27,2026-10-10,1,BOM,DEL,BOM-DEL,AI,Air India,1,7245,INR,0,,13:00,13,15:15,15,False,135,135,0,Airbus A320neo,105.0,102.0
2026-10-09,2026-10-09 16:27,2026-10-10,1,BOM,DEL,BOM-DEL,AI,Air India,1,7245,INR,0,,18:00,18,20:20,20,False,140,140,0,Airbus A320neo,105.0,102.0
2026-10-09,2026-10-09 16:27,2026-10-10,1,BOM,DEL,BOM-DEL,AI,Air India,1,7245,INR,0,,19:30,19,21:45,21,False,135,135,0,Airbus A320neo,105.0,102.0
2026-10-09,2026-10-09 16:27,2026-10-10,1,BOM,DEL,BOM-DEL,AI,Air India,1,7245,INR,0,,20:00,20,22:20,22,False,140,140,0,Airbus A320neo,105.0,102.0
2026-10-09,2026-10-09 16:27,2026-10-10,1,BOM,DEL,BOM-DEL,AI,Air India,1,7508,INR,0,,08:30,8,10:50,10,False,140,140,0,Airbus A320neo,105.0,102.0
2026-10-09,2026-10-09 16:27,2026-10-10,1,BOM,DEL,BOM-DEL,AI,Air India,1,7508,INR,0,,09:30,9,11:50,11,False,140,140,0,Airbus A320neo,105.0,102.0
2026-10-09,2026-10-09 16:27,2026-10-10,1,BOM,DEL,BOM-DEL,AI,Air India,1,7508,INR,0,,10:00,10,12:20,12,False,140,140,0,Airbus A320neo,105.0,102.0
2026-10-09,2026-10-09 16:27,2026-10-10,1,BOM,DEL,BOM-DEL,QP,Akasa Air,1,7703,INR,0,,14:30,14,16:50,16,False,140,140,0,Boeing 737MAX 8 Passenger,87.0,102.0
2026-10-09,2026-10-09 16:27,2026-10-10,1,BOM,DEL,BOM-DEL,QP,Akasa Air,1,7819,INR,0,,16:55,16,19:15,19,False,140,140,0,Boeing 737MAX 8 Passenger,91.0,102.0
2026-10-09,2026-10-09 16:27,2026-10-10,1,BOM,DEL,BOM-DEL,AI,Air India,1,7823,INR,0,,15:30,15,17:50,17,False,140,140,0,Airbus A320neo,105.0,102.0
2026-10-09,2026-10-09 16:27,2026-10-10,1,BOM,DEL,BOM-DEL,IX,Air India Express,1,7950,INR,0,,14:45,14,17:00,17,False,135,135,0,Airbus A320,120.0,102.0
2026-10-09,2026-10-09 16:27,2026-10-10,1,BOM,DEL,BOM-DEL,QP,Akasa Air,1,8057,INR,0,,13:00,13,15:20,15,False,140,140,0,Boeing 737MAX 8 Passenger,93.0,102.0
2026-10-09,2026-10-09 16:27,2026-10-10,1,BOM,DEL,BOM-DEL,AI,Air India,1,8138,INR,0,,08:00,8,10:20,10,False,140,140,0,Airbus A320neo,105.0,102.0
2026-10-09,2026-10-09 16:27,2026-10-10,1,BOM,DEL,BOM-DEL,QP,Akasa Air,1,9107,INR,0,,10:25,10,12:45,12,False,140,140,0,Boeing 737MAX 8 Passenger,89.0,102.0
2026-10-09,2026-10-09 16:27,2026-10-10,1,BOM,DEL,BOM-DEL,QP,Akasa Air,1,10851,INR,0,,07:00,7,09:20,9,False,140,140,0,Boeing 737MAX 8 Passenger,93.0,102.0
2026-10-09,2026-10-09 16:27,2026-10-10,1,BOM,DEL,BOM-DEL,AI,Air India,1,13235,INR,0,,06:30,6,08:40,8,False,130,130,0,Airbus A320neo,105.0,102.0
2026-10-09,2026-10-09 16:27,2026-10-10,1,BOM,DEL,BOM-DEL,AI,Air India,1,13235,INR,0,,07:00,7,09:15,9,False,135,135,0,Airbus A320neo,105.0,102.0
2026-10-09,2026-10-09 16:27,2026-10-10,1,BOM,DEL,BOM-DEL,AI,Air India,1,13235,INR,0,,07:30,7,09:45,9,False,135,135,0,Airbus A320neo,105.0,102.0
2026-10-09,2026-10-09 16:27,2026-10-10,1,BOM,DEL,BOM-DEL,SG,SpiceJet,1,19892,INR,0,,01:50,1,04:30,4,False,160,160,0,De Havilland-Bombardier Dash-8,122.0,102.0
2026-10-09,2026-10-09 16:27,2026-10-10,1,BOM,DEL,BOM-DEL,AI,Air India,1,24192,INR,0,,01:00,1,03:20,3,False,140,140,0,Airbus A320neo,105.0,102.0
2026-10-09,2026-10-09 16:27,2026-10-12,3,BOM,DEL,BOM-DEL,QP,Akasa Air,1,6950,INR,0,,16:55,16,19:15,19,False,140,140,0,Boeing 737MAX 8 Passenger,91.0,102.0
2026-10-09,2026-10-09 16:27,2026-10-12,3,BOM,DEL,BOM-DEL,IX,Air India Express,1,6959,INR,0,,16:45,16,19:05,19,False,140,140,0,Boeing 737MAX 8 Passenger,106.0,102.0
2026-10-09,2026-10-09 16:27,2026-10-12,3,BOM,DEL,BOM-DEL,AI,Air India,1,7035,INR,0,,01:00,1,03:20,3,False,140,140,0,Airbus A320neo,105.0,102.0
2026-10-09,2026-10-09 16:27,2026-10-12,3,BOM,DEL,BOM-DEL,AI,Air India,1,7035,INR,0,,11:25,11,13:50,13,False,145,145,0,Airbus A350,103.0,102.0
2026-10-09,2026-10-09 16:27,2026-10-12,3,BOM,DEL,BOM-DEL,AI,Air India,1,7035,INR,0,,13:00,13,15:15,15,False,135,135,0,Airbus A320neo,105.0,102.0
2026-10-09,2026-10-09 16:27,2026-10-12,3,BOM,DEL,BOM-DEL,AI,Air India,1,7035,INR,0,,14:35,14,16:55,16,False,140,140,0,Airbus A320neo,105.0,102.0
2026-10-09,2026-10-09 16:27,2026-10-12,3,BOM,DEL,BOM-DEL,AI,Air India,1,7035,INR,0,,15:00,15,17:20,17,False,140,140,0,Airbus A320neo,105.0,102.0
2026-10-09,2026-10-09 16:27,2026-10-12,3,BOM,DEL,BOM-DEL,AI,Air India,1,7035,INR,0,,17:30,17,19:50,19,False,140,140,0,Airbus A321,133.0,102.0
2026-10-09,2026-10-09 16:27,2026-10-12,3,BOM,DEL,BOM-DEL,AI,Air India,1,7035,INR,0,,18:00,18,20:20,20,False,140,140,0,Airbus A320neo,105.0,102.0
2026-10-09,2026-10-09 16:27,2026-10-12,3,BOM,DEL,BOM-DEL,AI,Air India,1,7035,INR,0,,20:30,20,22:50,22,False,140,140,0,Airbus A320neo,105.0,102.0
2026-10-09,2026-10-09 16:27,2026-10-12,3,BOM,DEL,BOM-DEL,AI,Air India,1,7035,INR,0,,21:00,21,23:15,23,False,135,135,0,Boeing 777,118.0,102.0
2026-10-09,2026-10-09 16:27,2026-10-12,3,BOM,DEL,BOM-DEL,AI,Air India,1,7035,INR,0,,21:30,21,23:45,23,False,135,135,0,Airbus A320neo,105.0,102.0
2026-10-09,2026-10-09 16:27,2026-10-12,3,BOM,DEL,BOM-DEL,AI,Air India,1,7035,INR,0,,22:35,22,01:00,1,True,145,145,0,Airbus A320neo,105.0,102.0
2026-10-09,2026-10-09 16:27,2026-10-12,3,BOM,DEL,BOM-DEL,QP,Akasa Air,1,7157,INR,0,,13:00,13,15:20,15,False,140,140,0,Boeing 737MAX 8 Passenger,93.0,102.0
2026-10-09,2026-10-09 16:27,2026-10-12,3,BOM,DEL,BOM-DEL,QP,Akasa Air,1,7157,INR,0,,19:00,19,21:15,21,False,135,135,0,Boeing 737MAX 8 Passenger,93.0,102.0
2026-10-09,2026-10-09 16:27,2026-10-12,3,BOM,DEL,BOM-DEL,AI,Air India,1,7198,INR,0,,18:30,18,20:50,20,False,140,140,0,Airbus A320neo,105.0,102.0
2026-10-09,2026-10-09 16:27,2026-10-12,3,BOM,DEL,BOM-DEL,AI,Air India,1,7245,INR,0,,19:30,19,21:45,21,False,135,135,0,Airbus A320neo,105.0,102.0
2026-10-09,2026-10-09 16:27,2026-10-12,3,BOM,DEL,BOM-DEL,AI,Air India,1,7245,INR,0,,20:00,20,22:20,22,False,140,140,0,Airbus A320neo,105.0,102.0
2026-10-09,2026-10-09 16:27,2026-10-12,3,BOM,DEL,BOM-DEL,QP,Akasa Air,1,9107,INR,0,,10:25,10,12:45,12,False,140,140,0,Boeing 737MAX 8 Passenger,93.0,102.0
2026-10-09,2026-10-09 16:27,2026-10-12,3,BOM,DEL,BOM-DEL,AI,Air India,1,13587,INR,0,,09:30,9,11:50,11,False,140,140,0,Airbus A320neo,105.0,102.0
2026-10-09,2026-10-09 16:27,2026-10-12,3,BOM,DEL,BOM-DEL,AI,Air India,1,17393,INR,0,,06:30,6,08:40,8,False,130,130,0,Airbus A320neo,105.0,102.0
2026-10-09,2026-10-09 16:27,2026-10-12,3,BOM,DEL,BOM-DEL,AI,Air India,1,17393,INR,0,,08:30,8,10:50,10,False,140,140,0,Airbus A320neo,105.0,102.0
2026-10-09,2026-10-09 16:27,2026-10-12,3,BOM,DEL,BOM-DEL,QP,Akasa Air,1,18635,INR,0,,07:00,7,09:20,9,False,140,140,0,Boeing 737MAX 8 Passenger,93.0,102.0
2026-10-09,2026-10-09 16:27,2026-10-12,3,BOM,DEL,BOM-DEL,AI,Air India,1,21782,INR,0,,08:00,8,10:20,10,False,140,140,0,Airbus A320neo,105.0,102.0
2026-10-09,2026-10-09 16:27,2026-10-16,7,BOM,DEL,BOM-DEL,AI,Air India,1,7035,INR,0,,03:05,3,05:25,5,False,140,140,0,Airbus A320neo,105.0,102.0
2026-10-09,2026-10-09 16:27,2026-10-16,7,BOM,DEL,BOM-DEL,AI,Air India,1,7035,INR,0,,11:25,11,13:50,13,False,145,145,0,Airbus A350,103.0,102.0
2026-10-09,2026-10-09 16:27,2026-10-16,7,BOM,DEL,BOM-DEL,AI,Air India,1,7035,INR,0,,13:00,13,15:15,15,False,135,135,0,Airbus A320neo,105.0,102.0
2026-10-09,2026-10-09 16:27,2026-10-16,7,BOM,DEL,BOM-DEL,AI,Air India,1,7035,INR,0,,14:35,14,16:55,16,False,140,140,0,Airbus A320neo,105.0,102.0
2026-10-09,2026-10-09 16:27,2026-10-16,7,BOM,DEL,BOM-DEL,AI,Air India,1,7035,INR,0,,15:00,15,17:20,17,False,140,140,0,Airbus A320neo,105.0,102.0
2026-10-09,2026-10-09 16:27,2026-10-16,7,BOM,DEL,BOM-DEL,AI,Air India,1,7035,INR,0,,15:30,15,17:50,17,False,140,140,0,Airbus A320neo,105.0,102.0
2026-10-09,2026-10-09 16:27,2026-10-16,7,BOM,DEL,BOM-DEL,IX,Air India Express,1,7127,INR,0,,16:45,16,19:05,19,False,140,140,0,Boeing 737MAX 8 Passenger,106.0,102.0
2026-10-09,2026-10-09 16:27,2026-10-16,7,BOM,DEL,BOM-DEL,QP,Akasa Air,1,7157,INR,0,,10:05,10,12:25,12,False,140,140,0,Boeing 737MAX 8 Passenger,89.0,102.0
2026-10-09,2026-10-09 16:27,2026-10-16,7,BOM,DEL,BOM-DEL,QP,Akasa Air,1,7157,INR,0,,13:00,13,15:20,15,False,140,140,0,Boeing 737MAX 8 Passenger,93.0,102.0
2026-10-09,2026-10-09 16:27,2026-10-16,7,BOM,DEL,BOM-DEL,QP,Akasa Air,1,7157,INR,0,,16:55,16,19:15,19,False,140,140,0,Boeing 737MAX 8 Passenger,93.0,102.0
2026-10-09,2026-10-09 16:27,2026-10-16,7,BOM,DEL,BOM-DEL,AI,Air India,1,7245,INR,0,,06:30,6,08:40,8,False,130,130,0,Airbus A320neo,105.0,102.0
2026-10-09,2026-10-09 16:27,2026-10-16,7,BOM,DEL,BOM-DEL,AI,Air India,1,7245,INR,0,,08:30,8,10:50,10,False,140,140,0,Airbus A320neo,105.0,102.0
2026-10-09,2026-10-09 16:27,2026-10-16,7,BOM,DEL,BOM-DEL,AI,Air India,1,7418,INR,0,,09:30,9,11:50,11,False,140,140,0,Airbus A320neo,105.0,102.0
2026-10-09,2026-10-09 16:27,2026-10-16,7,BOM,DEL,BOM-DEL,AI,Air India,1,7418,INR,0,,10:00,10,12:20,12,False,140,140,0,Airbus A320neo,105.0,102.0
2026-10-09,2026-10-09 16:27,2026-10-16,7,BOM,DEL,BOM-DEL,AI,Air India,1,7529,INR,0,,07:00,7,09:15,9,False,135,135,0,Airbus A320neo,105.0,102.0
2026-10-09,2026-10-09 16:27,2026-10-16,7,BOM,DEL,BOM-DEL,AI,Air India,1,7686,INR,0,,08:00,8,10:20,10,False,140,140,0,Airbus A320neo,105.0,102.0
2026-10-09,2026-10-09 16:27,2026-10-16,7,BOM,DEL,BOM-DEL,AI,Air India,1,7802,INR,0,,16:30,16,19:00,19,False,150,150,0,Boeing 787,103.0,102.0
2026-10-09,2026-10-09 16:27,2026-10-16,7,BOM,DEL,BOM-DEL,QP,Akasa Air,1,8179,INR,0,,07:00,7,09:20,9,False,140,140,0,Boeing 737MAX 8 Passenger,93.0,102.0
2026-10-09,2026-10-09 16:27,2026-10-16,7,BOM,DEL,BOM-DEL,AI,Air India,1,8852,INR,0,,22:35,22,01:00,1,True,145,145,0,Airbus A320neo,105.0,102.0
2026-10-09,2026-10-09 16:27,2026-10-16,7,BOM,DEL,BOM-DEL,AI,Air India,1,9188,INR,0,,21:00,21,23:15,23,False,135,135,0,Boeing 777,118.0,102.0
2026-10-09,2026-10-09 16:27,2026-10-16,7,BOM,DEL,BOM-DEL,AI,Air India,1,9188,INR,0,,21:30,21,23:45,23,False,135,135,0,Airbus A320neo,105.0,102.0
2026-10-09,2026-10-09 16:27,2026-10-16,7,BOM,DEL,BOM-DEL,AI,Air India,1,9188,INR,0,,23:55,23,02:15,2,True,140,140,0,Airbus A320neo,105.0,102.0
2026-10-09,2026-10-09 16:27,2026-10-16,7,BOM,DEL,BOM-DEL,QP,Akasa Air,1,10173,INR,0,,19:00,19,21:15,21,False,135,135,0,Boeing 737MAX 8 Passenger,93.0,102.0
2026-10-09,2026-10-09 16:27,2026-10-16,7,BOM,DEL,BOM-DEL,AI,Air India,1,10757,INR,0,,20:30,20,22:50,22,False,140,140,0,Airbus A320neo,105.0,102.0
2026-10-09,2026-10-09 16:27,2026-10-16,7,BOM,DEL,BOM-DEL,AI,Air India,1,10841,INR,0,,18:00,18,20:20,20,False,140,140,0,Airbus A320neo,105.0,102.0
2026-10-09,2026-10-09 16:27,2026-10-16,7,BOM,DEL,BOM-DEL,AI,Air India,1,13235,INR,0,,20:00,20,22:20,22,False,140,140,0,Airbus A320neo,105.0,102.0
2026-10-09,2026-10-09 16:27,2026-10-16,7,BOM,DEL,BOM-DEL,AI,Air India,1,13703,INR,0,,18:30,18,20:50,20,False,140,140,0,Airbus A320neo,105.0,102.0
2026-10-09,2026-10-09 16:27,2026-10-16,7,BOM,DEL,BOM-DEL,AI,Air India,1,13818,INR,0,,19:30,19,21:45,21,False,135,135,0,Airbus A320neo,105.0,102.0
2026-10-09,2026-10-09 16:27,2026-10-23,14,BOM,DEL,BOM-DEL,AI,Air India,1,6878,INR,0,,21:00,21,23:15,23,False,135,135,0,Boeing 777,118.0,102.0
2026-10-09,2026-10-09 16:27,2026-10-23,14,BOM,DEL,BOM-DEL,AI,Air India,1,7035,INR,0,,11:25,11,13:50,13,False,145,145,0,Airbus A350,103.0,102.0
2026-10-09,2026-10-09 16:27,2026-10-23,14,BOM,DEL,BOM-DEL,AI,Air India,1,7035,INR,0,,14:35,14,16:55,16,False,140,140,0,Airbus A320neo,105.0,102.0
2026-10-09,2026-10-09 16:27,2026-10-23,14,BOM,DEL,BOM-DEL,AI,Air India,1,7035,INR,0,,15:00,15,17:20,17,False,140,140,0,Airbus A320neo,105.0,102.0
2026-10-09,2026-10-09 16:27,2026-10-23,14,BOM,DEL,BOM-DEL,AI,Air India,1,7035,INR,0,,15:30,15,17:50,17,False,140,140,0,Airbus A320neo,105.0,102.0
2026-10-09,2026-10-09 16:27,2026-10-23,14,BOM,DEL,BOM-DEL,IX,Air India Express,1,7127,INR,0,,16:45,16,19:05,19,False,140,140,0,Boeing 737MAX 8 Passenger,104.0,102.0
2026-10-09,2026-10-09 16:27,2026-10-23,14,BOM,DEL,BOM-DEL,QP,Akasa Air,1,7157,INR,0,,13:00,13,15:20,15,False,140,140,0,Boeing 737MAX 8 Passenger,93.0,102.0
2026-10-09,2026-10-09 16:27,2026-10-23,14,BOM,DEL,BOM-DEL,QP,Akasa Air,1,7157,INR,0,,16:55,16,19:15,19,False,140,140,0,Boeing 737MAX 8 Passenger,93.0,102.0
2026-10-09,2026-10-09 16:27,2026-10-23,14,BOM,DEL,BOM-DEL,AI,Air India,1,7245,INR,0,,01:00,1,03:20,3,False,140,140,0,Airbus A320neo,105.0,102.0
2026-10-09,2026-10-09 16:27,2026-10-23,14,BOM,DEL,BOM-DEL,AI,Air India,1,7245,INR,0,,03:05,3,05:25,5,False,140,140,0,Airbus A320neo,105.0,102.0
2026-10-09,2026-10-09 16:27,2026-10-23,14,BOM,DEL,BOM-DEL,AI,Air India,1,7245,INR,0,,13:00,13,15:15,15,False,135,135,0,Airbus A320neo,105.0,102.0
2026-10-09,2026-10-09 16:27,2026-10-23,14,BOM,DEL,BOM-DEL,AI,Air India,1,7245,INR,0,,20:00,20,22:20,22,False,140,140,0,Airbus A320neo,105.0,102.0
2026-10-09,2026-10-09 16:27,2026-10-23,14,BOM,DEL,BOM-DEL,AI,Air India,1,7308,INR,0,,16:30,16,19:00,19,False,150,150,0,Boeing 787,103.0,102.0
2026-10-09,2026-10-09 16:27,2026-10-23,14,BOM,DEL,BOM-DEL,AI,Air India,1,7418,INR,0,,09:30,9,11:50,11,False,140,140,0,Airbus A320neo,105.0,102.0
2026-10-09,2026-10-09 16:27,2026-10-23,14,BOM,DEL,BOM-DEL,AI,Air India,1,7418,INR,0,,10:00,10,12:20,12,False,140,140,0,Airbus A320neo,105.0,102.0
2026-10-09,2026-10-09 16:27,2026-10-23,14,BOM,DEL,BOM-DEL,AI,Air India,1,7471,INR,0,,18:30,18,20:50,20,False,140,140,0,Airbus A320neo,105.0,102.0
2026-10-09,2026-10-09 16:27,2026-10-23,14,BOM,DEL,BOM-DEL,AI,Air India,1,7508,INR,0,,06:30,6,08:40,8,False,130,130,0,Airbus A320neo,105.0,102.0
2026-10-09,2026-10-09 16:27,2026-10-23,14,BOM,DEL,BOM-DEL,AI,Air India,1,7508,INR,0,,08:30,8,10:50,10,False,140,140,0,Airbus A320neo,105.0,102.0
2026-10-09,2026-10-09 16:27,2026-10-23,14,BOM,DEL,BOM-DEL,AI,Air India,1,7508,INR,0,,21:30,21,23:45,23,False,135,135,0,Airbus A320neo,105.0,102.0
2026-10-09,2026-10-09 16:27,2026-10-23,14,BOM,DEL,BOM-DEL,AI,Air India,1,7529,INR,0,,19:30,19,21:45,21,False,135,135,0,Airbus A320neo,105.0,102.0
2026-10-09,2026-10-09 16:27,2026-10-23,14,BOM,DEL,BOM-DEL,AI,Air India,1,7529,INR,0,,22:35,22,01:00,1,True,145,145,0,Airbus A320neo,105.0,102.0
2026-10-09,2026-10-09 16:27,2026-10-23,14,BOM,DEL,BOM-DEL,AI,Air India,1,7686,INR,0,,08:00,8,10:20,10,False,140,140,0,Airbus A320neo,105.0,102.0
2026-10-09,2026-10-09 16:27,2026-10-23,14,BOM,DEL,BOM-DEL,QP,Akasa Air,1,7703,INR,0,,10:05,10,12:25,12,False,140,140,0,Boeing 737MAX 8 Passenger,91.0,102.0
2026-10-09,2026-10-09 16:27,2026-10-23,14,BOM,DEL,BOM-DEL,AI,Air India,1,7802,INR,0,,07:00,7,09:15,9,False,135,135,0,Airbus A320neo,105.0,102.0
2026-10-09,2026-10-09 16:27,2026-10-23,14,BOM,DEL,BOM-DEL,AI,Air India,1,7802,INR,0,,20:30,20,22:50,22,False,140,140,0,Airbus A320neo,105.0,102.0
2026-10-09,2026-10-09 16:27,2026-10-23,14,BOM,DEL,BOM-DEL,AI,Air India,1,7865,INR,0,,18:00,18,20:20,20,False,140,140,0,Airbus A320neo,105.0,102.0
2026-10-09,2026-10-09 16:27,2026-10-23,14,BOM,DEL,BOM-DEL,QP,Akasa Air,1,8057,INR,0,,07:00,7,09:20,9,False,140,140,0,Boeing 737MAX 8 Passenger,89.0,102.0
2026-10-09,2026-10-09 16:27,2026-10-23,14,BOM,DEL,BOM-DEL,QP,Akasa Air,1,8057,INR,0,,19:00,19,21:15,21,False,135,135,0,Boeing 737MAX 8 Passenger,93.0,102.0
2026-10-09,2026-10-09 16:27,2026-10-23,14,BOM,DEL,BOM-DEL,IX,Air India Express,1,8318,INR,0,,14:45,14,17:00,17,False,135,135,0,Airbus A320,120.0,102.0
2026-10-09,2026-10-09 16:27,2026-10-30,21,BOM,DEL,BOM-DEL,QP,Akasa Air,1,7591,INR,0,,07:00,7,09:25,9,False,145,145,0,Boeing 737MAX 8 Passenger,89.0,102.0
2026-10-09,2026-10-09 16:27,2026-10-30,21,BOM,DEL,BOM-DEL,QP,Akasa Air,1,7591,INR,0,,15:05,15,17:25,17,False,140,140,0,Boeing 737MAX 8 Passenger,93.0,102.0
2026-10-09,2026-10-09 16:27,2026-10-30,21,BOM,DEL,BOM-DEL,QP,Akasa Air,1,7703,INR,0,,20:55,20,23:15,23,False,140,140,0,Boeing 737MAX 8 Passenger,89.0,102.0
2026-10-09,2026-10-09 16:27,2026-10-30,21,BOM,DEL,BOM-DEL,AI,Air India,1,8027,INR,0,,01:10,1,03:30,3,False,140,140,0,Airbus A320neo,105.0,102.0
2026-10-09,2026-10-09 16:27,2026-10-30,21,BOM,DEL,BOM-DEL,AI,Air India,1,8027,INR,0,,03:05,3,05:15,5,False,130,130,0,Airbus A320neo,105.0,102.0
2026-10-09,2026-10-09 16:27,2026-10-30,21,BOM,DEL,BOM-DEL,AI,Air India,1,8027,INR,0,,06:30,6,08:45,8,False,135,135,0,Airbus A320neo,105.0,102.0
2026-10-09,2026-10-09 16:27,2026-10-30,21,BOM,DEL,BOM-DEL,AI,Air India,1,8027,INR,0,,08:30,8,10:45,10,False,135,135,0,Airbus A320neo,105.0,102.0
2026-10-09,2026-10-09 16:27,2026-10-30,21,BOM,DEL,BOM-DEL,AI,Air India,1,8027,INR,0,,11:15,11,13:35,13,False,140,140,0,Airbus A350,103.0,102.0
2026-10-09,2026-10-09 16:27,2026-10-30,21,BOM,DEL,BOM-DEL,AI,Air India,1,8027,INR,0,,12:10,12,14:35,14,False,145,145,0,Airbus A320neo,105.0,102.0
2026-10-09,2026-10-09 16:27,2026-10-30,21,BOM,DEL,BOM-DEL,AI,Air India,1,8027,INR,0,,13:00,13,15:15,15,False,135,135,0,Airbus A320neo,105.0,102.0
2026-10-09,2026-10-09 16:27,2026-10-30,21,BOM,DEL,BOM-DEL,AI,Air India,1,8027,INR,0,,15:00,15,17:15,17,False,135,135,0,Airbus A320neo,105.0,102.0
2026-10-09,2026-10-09 16:27,2026-10-30,21,BOM,DEL,BOM-DEL,AI,Air India,1,8027,INR,0,,15:30,15,17:45,17,False,135,135,0,Boeing 787,103.0,102.0
2026-10-09,2026-10-09 16:27,2026-10-30,21,BOM,DEL,BOM-DEL,AI,Air India,1,8027,INR,0,,20:00,20,22:15,22,False,135,135,0,Airbus A320neo,105.0,102.0
2026-10-09,2026-10-09 16:27,2026-10-30,21,BOM,DEL,BOM-DEL,AI,Air India,1,8027,INR,0,,21:00,21,23:15,23,False,135,135,0,Boeing 777,118.0,102.0
2026-10-09,2026-10-09 16:27,2026-10-30,21,BOM,DEL,BOM-DEL,AI,Air India,1,8027,INR,0,,21:30,21,23:45,23,False,135,135,0,Airbus A320neo,105.0,102.0
2026-10-09,2026-10-09 16:27,2026-10-30,21,BOM,DEL,BOM-DEL,AI,Air India,1,8027,INR,0,,23:55,23,02:15,2,True,140,140,0,Airbus A320neo,105.0,102.0
2026-10-09,2026-10-09 16:27,2026-10-30,21,BOM,DEL,BOM-DEL,AI,Air India,1,8222,INR,0,,07:30,7,09:50,9,False,140,140,0,Airbus A320neo,105.0,102.0
2026-10-09,2026-10-09 16:27,2026-10-30,21,BOM,DEL,BOM-DEL,AI,Air India,1,8222,INR,0,,08:00,8,10:15,10,False,135,135,0,Airbus A320neo,105.0,102.0
2026-10-09,2026-10-09 16:27,2026-10-30,21,BOM,DEL,BOM-DEL,AI,Air India,1,8222,INR,0,,09:30,9,11:45,11,False,135,135,0,Airbus A320neo,105.0,102.0
2026-10-09,2026-10-09 16:27,2026-10-30,21,BOM,DEL,BOM-DEL,AI,Air India,1,8285,INR,0,,18:30,18,20:45,20,False,135,135,0,Airbus A321,133.0,102.0
2026-10-09,2026-10-09 16:27,2026-10-30,21,BOM,DEL,BOM-DEL,AI,Air India,1,8285,INR,0,,19:00,19,21:15,21,False,135,135,0,Airbus A320neo,105.0,102.0
2026-10-09,2026-10-09 16:27,2026-10-30,21,BOM,DEL,BOM-DEL,AI,Air India,1,8348,INR,0,,07:00,7,09:15,9,False,135,135,0,Airbus A320neo,105.0,102.0
2026-10-09,2026-10-09 16:27,2026-10-30,21,BOM,DEL,BOM-DEL,AI,Air India,1,8348,INR,0,,19:30,19,21:50,21,False,140,140,0,Airbus A320neo,105.0,102.0
2026-10-09,2026-10-09 16:27,2026-10-30,21,BOM,DEL,BOM-DEL,AI,Air India,1,8348,INR,0,,20:30,20,22:50,22,False,140,140,0,Airbus A320neo,105.0,102.0
2026-10-09,2026-10-09 16:27,2026-10-30,21,BOM,DEL,BOM-DEL,AI,Air India,1,8416,INR,0,,17:30,17,19:45,19,False,135,135,0,Airbus A320neo,105.0,102.0
2026-10-09,2026-10-09 16:27,2026-10-30,21,BOM,DEL,BOM-DEL,AI,Air India,1,8416,INR,0,,18:00,18,20:15,20,False,135,135,0,Airbus A320neo,105.0,102.0
2026-10-09,2026-10-09 16:27,2026-10-30,21,BOM,DEL,BOM-DEL,AI,Air India,1,8626,INR,0,,22:35,22,00:50,0,True,135,135,0,Airbus A321,133.0,102.0
2026-10-09,2026-10-09 16:27,2026-10-30,21,BOM,DEL,BOM-DEL,QP,Akasa Air,1,8966,INR,0,,18:35,18,21:00,21,False,145,145,0,Boeing 737MAX 8 Passenger,87.0,102.0
2026-10-09,2026-10-09 16:27,2026-10-30,21,BOM,DEL,BOM-DEL,IX,Air India Express,1,10171,INR,0,,05:30,5,07:55,7,False,145,145,0,Boeing 737MAX 8 Passenger,104.0,102.0
2026-10-09,2026-10-09 16:27,2026-10-30,21,BOM,DEL,BOM-DEL,IX,Air India Express,1,10171,INR,0,,17:20,17,19:35,19,False,135,135,0,Boeing 737MAX 8 Passenger,104.0,102.0
2026-10-09,2026-10-09 16:27,2026-10-30,21,BOM,DEL,BOM-DEL,SG,SpiceJet,1,19023,INR,0,,06:25,6,08:45,8,False,140,140,0,,,102.0
2026-10-09,2026-10-09 16:27,2026-10-30,21,BOM,DEL,BOM-DEL,SG,SpiceJet,1,20548,INR,0,,23:30,23,02:15,2,True,165,165,0,,,102.0
2026-10-09,2026-10-09 16:27,2026-11-08,30,BOM,DEL,BOM-DEL,AI,Air India,1,7418,INR,0,,19:30,19,21:50,21,False,140,140,0,Airbus A320neo,103.0,102.0
2026-10-09,2026-10-09 16:27,2026-11-08,30,BOM,DEL,BOM-DEL,AI,Air India,1,7418,INR,0,,21:00,21,23:15,23,False,135,135,0,Boeing 777,116.0,102.0
2026-10-09,2026-10-09 16:27,2026-11-08,30,BOM,DEL,BOM-DEL,AI,Air India,1,7418,INR,0,,21:30,21,23:45,23,False,135,135,0,Airbus A320neo,103.0,102.0
2026-10-09,2026-10-09 16:27,2026-11-08,30,BOM,DEL,BOM-DEL,AI,Air India,1,7418,INR,0,,22:35,22,00:50,0,True,135,135,0,Airbus A321,131.0,102.0
2026-10-09,2026-10-09 16:27,2026-11-08,30,BOM,DEL,BOM-DEL,SG,SpiceJet,1,7538,INR,0,,23:20,23,01:40,1,True,140,140,0,Boeing 737,102.0,102.0
2026-10-09,2026-10-09 16:27,2026-11-08,30,BOM,DEL,BOM-DEL,SG,SpiceJet,1,7538,INR,0,,23:30,23,02:15,2,True,165,165,0,Boeing 737,102.0,102.0
2026-10-09,2026-10-09 16:27,2026-11-08,30,BOM,DEL,BOM-DEL,AI,Air India,1,7571,INR,0,,16:30,16,18:50,18,False,140,140,0,Airbus A321,131.0,102.0
2026-10-09,2026-10-09 16:27,2026-11-08,30,BOM,DEL,BOM-DEL,AI,Air India,1,7571,INR,0,,20:30,20,22:50,22,False,140,140,0,Airbus A320neo,103.0,102.0
2026-10-09,2026-10-09 16:27,2026-11-08,30,BOM,DEL,BOM-DEL,AI,Air India,1,7571,INR,0,,23:55,23,02:15,2,True,140,140,0,Airbus A320neo,103.0,102.0
2026-10-09,2026-10-09 16:27,2026-11-08,30,BOM,DEL,BOM-DEL,AI,Air India,1,7655,INR,0,,19:00,19,21:15,21,False,135,135,0,Airbus A320neo,103.0,102.0
2026-10-09,2026-10-09 16:27,2026-11-08,30,BOM,DEL,BOM-DEL,AI,Air India,1,7828,INR,0,,18:30,18,20:45,20,False,135,135,0,Airbus A321,131.0,102.0
2026-10-09,2026-10-09 16:27,2026-11-08,30,BOM,DEL,BOM-DEL,AI,Air India,1,7928,INR,0,,18:00,18,20:15,20,False,135,135,0,Airbus A320neo,103.0,102.0
2026-10-09,2026-10-09 16:27,2026-11-08,30,BOM,DEL,BOM-DEL,AI,Air India,1,8269,INR,0,,12:10,12,14:35,14,False,145,145,0,Airbus A320neo,103.0,102.0
2026-10-09,2026-10-09 16:27,2026-11-08,30,BOM,DEL,BOM-DEL,AI,Air India,1,8269,INR,0,,13:00,13,15:15,15,False,135,135,0,Airbus A320neo,103.0,102.0
2026-10-09,2026-10-09 16:27,2026-11-08,30,BOM,DEL,BOM-DEL,AI,Air India,1,8269,INR,0,,15:00,15,17:15,17,False,135,135,0,Airbus A320neo,103.0,102.0
2026-10-09,2026-10-09 16:27,2026-11-08,30,BOM,DEL,BOM-DEL,AI,Air India,1,8269,INR,0,,15:30,15,17:50,17,False,140,140,0,Airbus A321,131.0,102.0
2026-10-09,2026-10-09 16:27,2026-11-08,30,BOM,DEL,BOM-DEL,IX,Air India Express,1,8318,INR,0,,17:20,17,19:35,19,False,135,135,0,Boeing 737MAX 8 Passenger,101.0,102.0
2026-10-09,2026-10-09 16:27,2026-11-08,30,BOM,DEL,BOM-DEL,QP,Akasa Air,1,8328,INR,0,,15:05,15,17:25,17,False,140,140,0,Boeing 737MAX 8 Passenger,90.0,102.0
2026-10-09,2026-10-09 16:27,2026-11-08,30,BOM,DEL,BOM-DEL,AI,Air India,1,8663,INR,0,,11:15,11,13:35,13,False,140,140,0,Airbus A350,101.0,102.0
2026-10-09,2026-10-09 16:27,2026-11-08,30,BOM,DEL,BOM-DEL,QP,Akasa Air,1,8966,INR,0,,20:55,20,23:15,23,False,140,140,0,Boeing 737MAX 8 Passenger,87.0,102.0
2026-10-09,2026-10-09 16:27,2026-11-08,30,BOM,DEL,BOM-DEL,AI,Air India,1,9361,INR,0,,09:00,9,11:10,11,False,130,130,0,Airbus A321,131.0,102.0
2026-10-09,2026-10-09 16:27,2026-11-08,30,BOM,DEL,BOM-DEL,AI,Air India,1,10316,INR,0,,08:30,8,10:45,10,False,135,135,0,Airbus A320neo,103.0,102.0
2026-10-09,2026-10-09 16:27,2026-11-08,30,BOM,DEL,BOM-DEL,AI,Air India,1,10579,INR,0,,08:00,8,10:15,10,False,135,135,0,Airbus A320neo,103.0,102.0
2026-10-09,2026-10-09 16:27,2026-11-08,30,BOM,DEL,BOM-DEL,SG,SpiceJet,1,10715,INR,0,,08:45,8,11:05,11,False,140,140,0,Boeing 737,102.0,102.0
2026-10-09,2026-10-09 16:27,2026-11-08,30,BOM,DEL,BOM-DEL,QP,Akasa Air,1,11032,INR,0,,07:00,7,09:25,9,False,145,145,0,Boeing 737MAX 8 Passenger,87.0,102.0
2026-10-09,2026-10-09 16:27,2026-11-08,30,BOM,DEL,BOM-DEL,QP,Akasa Air,1,11032,INR,0,,10:10,10,12:40,12,False,150,150,0,Boeing 737MAX 8 Passenger,87.0,102.0
2026-10-09,2026-10-09 16:27,2026-11-08,30,BOM,DEL,BOM-DEL,SG,SpiceJet,1,11456,INR,0,,06:25,6,08:45,8,False,140,140,0,Boeing 737,102.0,102.0
2026-10-09,2026-10-09 16:27,2026-11-08,30,BOM,DEL,BOM-DEL,IX,Air India Express,1,12797,INR,0,,05:30,5,07:55,7,False,145,145,0,Boeing 737MAX 8 Passenger,101.0,102.0
2026-10-09,2026-10-09 16:27,2026-11-08,30,BOM,DEL,BOM-DEL,AI,Air India,1,16931,INR,0,,01:10,1,03:30,3,False,140,140,0,Airbus A320neo,103.0,102.0
2026-10-09,2026-10-09 16:27,2026-11-08,30,BOM,DEL,BOM-DEL,AI,Air India,1,16931,INR,0,,07:00,7,09:15,9,False,135,135,0,Airbus A320neo,103.0,102.0
2026-10-09,2026-10-09 16:27,2026-11-08,30,BOM,DEL,BOM-DEL,AI,Air India,1,17393,INR,0,,07:30,7,09:50,9,False,140,140,0,Airbus A320neo,103.0,102.0
2026-10-09,2026-10-09 16:27,2026-11-23,45,BOM,DEL,BOM-DEL,QP,Akasa Air,1,7370,INR,0,,18:35,18,21:00,21,False,145,145,0,Boeing 737MAX 8 Passenger,85.0,102.0
2026-10-09,2026-10-09 16:27,2026-11-23,45,BOM,DEL,BOM-DEL,AI,Air India,1,7418,INR,0,,20:30,20,22:50,22,False,140,140,0,Airbus A320neo,103.0,102.0
2026-10-09,2026-10-09 16:27,2026-11-23,45,BOM,DEL,BOM-DEL,AI,Air India,1,7418,INR,0,,21:00,21,23:15,23,False,135,135,0,Boeing 777,116.0,102.0
2026-10-09,2026-10-09 16:27,2026-11-23,45,BOM,DEL,BOM-DEL,AI,Air India,1,7418,INR,0,,21:30,21,23:45,23,False,135,135,0,Airbus A320neo,103.0,102.0
2026-10-09,2026-10-09 16:27,2026-11-23,45,BOM,DEL,BOM-DEL,SG,SpiceJet,1,7538,INR,0,,20:30,20,22:45,22,False,135,135,0,Boeing 737,102.0,102.0
2026-10-09,2026-10-09 16:27,2026-11-23,45,BOM,DEL,BOM-DEL,SG,SpiceJet,1,7538,INR,0,,21:50,21,23:55,23,False,125,125,0,Boeing 737,102.0,102.0
2026-10-09,2026-10-09 16:27,2026-11-23,45,BOM,DEL,BOM-DEL,SG,SpiceJet,1,7538,INR,0,,23:30,23,02:15,2,True,165,165,0,Boeing 737,102.0,102.0
2026-10-09,2026-10-09 16:27,2026-11-23,45,BOM,DEL,BOM-DEL,AI,Air India,1,7571,INR,0,,01:10,1,03:30,3,False,140,140,0,Airbus A320neo,103.0,102.0
2026-10-09,2026-10-09 16:27,2026-11-23,45,BOM,DEL,BOM-DEL,AI,Air India,1,7571,INR,0,,19:00,19,21:20,21,False,140,140,0,Airbus A320neo,103.0,102.0
2026-10-09,2026-10-09 16:27,2026-11-23,45,BOM,DEL,BOM-DEL,AI,Air India,1,7571,INR,0,,22:35,22,00:50,0,True,135,135,0,Airbus A321,131.0,102.0
2026-10-09,2026-10-09 16:27,2026-11-23,45,BOM,DEL,BOM-DEL,AI,Air India,1,7571,INR,0,,23:55,23,02:15,2,True,140,140,0,Airbus A320neo,103.0,102.0
2026-10-09,2026-10-09 16:27,2026-11-23,45,BOM,DEL,BOM-DEL,QP,Akasa Air,1,7703,INR,0,,15:05,15,17:25,17,False,140,140,0,Boeing 737MAX 8 Passenger,90.0,102.0
2026-10-09,2026-10-09 16:27,2026-11-23,45,BOM,DEL,BOM-DEL,AI,Air India,1,7807,INR,0,,18:30,18,20:45,20,False,135,135,0,Airbus A321,131.0,102.0
2026-10-09,2026-10-09 16:27,2026-11-23,45,BOM,DEL,BOM-DEL,AI,Air India,1,7891,INR,0,,15:00,15,17:15,17,False,135,135,0,Airbus A320neo,103.0,102.0
2026-10-09,2026-10-09 16:27,2026-11-23,45,BOM,DEL,BOM-DEL,AI,Air India,1,7891,INR,0,,15:30,15,17:50,17,False,140,140,0,Airbus A321,131.0,102.0
2026-10-09,2026-10-09 16:27,2026-11-23,45,BOM,DEL,BOM-DEL,QP,Akasa Air,1,8057,INR,0,,10:10,10,12:40,12,False,150,150,0,Boeing 737MAX 8 Passenger,87.0,102.0
2026-10-09,2026-10-09 16:27,2026-11-23,45,BOM,DEL,BOM-DEL,QP,Akasa Air,1,8057,INR,0,,13:00,13,15:25,15,False,145,145,0,Boeing 737MAX 8 Passenger,90.0,102.0
2026-10-09,2026-10-09 16:27,2026-11-23,45,BOM,DEL,BOM-DEL,SG,SpiceJet,1,8364,INR,0,,06:25,6,08:45,8,False,140,140,0,Boeing 737,102.0,102.0
2026-10-09,2026-10-09 16:27,2026-11-23,45,BOM,DEL,BOM-DEL,AI,Air India,1,8663,INR,0,,11:15,11,13:35,13,False,140,140,0,Airbus A350,101.0,102.0
2026-10-09,2026-10-09 16:27,2026-11-23,45,BOM,DEL,BOM-DEL,AI,Air India,1,8663,INR,0,,13:00,13,15:15,15,False,135,135,0,Airbus A320neo,103.0,102.0
2026-10-09,2026-10-09 16:27,2026-11-23,45,BOM,DEL,BOM-DEL,AI,Air India,1,8962,INR,0,,14:35,14,16:55,16,False,140,140,0,Airbus A320neo,103.0,102.0
2026-10-09,2026-10-09 16:27,2026-11-23,45,BOM,DEL,BOM-DEL,AI,Air India,1,9361,INR,0,,06:30,6,08:45,8,False,135,135,0,Airbus A320neo,103.0,102.0
2026-10-09,2026-10-09 16:27,2026-11-23,45,BOM,DEL,BOM-DEL,AI,Air India,1,9361,INR,0,,16:30,16,18:50,18,False,140,140,0,Airbus A321,131.0,102.0
2026-10-09,2026-10-09 16:27,2026-11-23,45,BOM,DEL,BOM-DEL,SG,SpiceJet,1,9425,INR,0,,08:45,8,11:05,11,False,140,140,0,Boeing 737,102.0,102.0
2026-10-09,2026-10-09 16:27,2026-11-23,45,BOM,DEL,BOM-DEL,AI,Air India,1,9592,INR,0,,17:30,17,19:45,19,False,135,135,0,Airbus A320neo,103.0,102.0
2026-10-09,2026-10-09 16:27,2026-11-23,45,BOM,DEL,BOM-DEL,QP,Akasa Air,1,10011,INR,0,,07:00,7,09:25,9,False,145,145,0,Boeing 737MAX 8 Passenger,87.0,102.0
2026-10-09,2026-10-09 16:27,2026-11-23,45,BOM,DEL,BOM-DEL,IX,Air India Express,1,10161,INR,0,,05:30,5,07:55,7,False,145,145,0,Boeing 737MAX 8 Passenger,101.0,102.0
2026-10-09,2026-10-09 16:27,2026-11-23,45,BOM,DEL,BOM-DEL,IX,Air India Express,1,10161,INR,0,,17:20,17,19:35,19,False,135,135,0,Boeing 737MAX 8 Passenger,101.0,102.0
2026-10-09,2026-10-09 16:27,2026-11-23,45,BOM,DEL,BOM-DEL,AI,Air India,1,10316,INR,0,,08:30,8,10:45,10,False,135,135,0,Airbus A320neo,103.0,102.0
2026-10-09,2026-10-09 16:27,2026-11-23,45,BOM,DEL,BOM-DEL,AI,Air India,1,10316,INR,0,,09:00,9,11:10,11,False,130,130,0,Airbus A321,131.0,102.0
2026-10-09,2026-10-09 16:27,2026-11-23,45,BOM,DEL,BOM-DEL,AI,Air India,1,10579,INR,0,,08:00,8,10:15,10,False,135,135,0,Airbus A320neo,103.0,102.0
2026-10-09,2026-10-09 16:27,2026-11-23,45,BOM,DEL,BOM-DEL,AI,Air India,1,10579,INR,0,,09:30,9,11:45,11,False,135,135,0,Airbus A320neo,103.0,102.0
2026-10-09,2026-10-09 16:27,2026-11-23,45,BOM,DEL,BOM-DEL,AI,Air India,1,10757,INR,0,,07:00,7,09:15,9,False,135,135,0,Airbus A320neo,103.0,102.0
2026-10-09,2026-10-09 16:27,2026-12-08,60,BOM,DEL,BOM-DEL,IX,Air India Express,1,6969,INR,0,,17:20,17,19:35,19,False,135,135,0,Boeing 737MAX 8 Passenger,98.0,102.0
2026-10-09,2026-10-09 16:27,2026-12-08,60,BOM,DEL,BOM-DEL,AI,Air India,1,7418,INR,0,,12:10,12,14:35,14,False,145,145,0,Airbus A320neo,100.0,102.0
2026-10-09,2026-10-09 16:27,2026-12-08,60,BOM,DEL,BOM-DEL,AI,Air India,1,7418,INR,0,,15:00,15,17:15,17,False,135,135,0,Airbus A320neo,100.0,102.0
2026-10-09,2026-10-09 16:27,2026-12-08,60,BOM,DEL,BOM-DEL,AI,Air India,1,7418,INR,0,,15:30,15,17:45,17,False,135,135,0,Boeing 787,98.0,102.0
2026-10-09,2026-10-09 16:27,2026-12-08,60,BOM,DEL,BOM-DEL,SG,SpiceJet,1,7538,INR,0,,06:25,6,08:45,8,False,140,140,0,Boeing 737,101.0,102.0
2026-10-09,2026-10-09 16:27,2026-12-08,60,BOM,DEL,BOM-DEL,SG,SpiceJet,1,7538,INR,0,,08:45,8,11:05,11,False,140,140,0,Boeing 737,101.0,102.0
2026-10-09,2026-10-09 16:27,2026-12-08,60,BOM,DEL,BOM-DEL,SG,SpiceJet,1,7538,INR,0,,20:30,20,22:45,22,False,135,135,0,Boeing 737,101.0,102.0
2026-10-09,2026-10-09 16:27,2026-12-08,60,BOM,DEL,BOM-DEL,SG,SpiceJet,1,7538,INR,0,,21:50,21,23:55,23,False,125,125,0,Boeing 737,101.0,102.0
2026-10-09,2026-10-09 16:27,2026-12-08,60,BOM,DEL,BOM-DEL,SG,SpiceJet,1,7538,INR,0,,23:20,23,01:40,1,True,140,140,0,Boeing 737,101.0,102.0
2026-10-09,2026-10-09 16:27,2026-12-08,60,BOM,DEL,BOM-DEL,SG,SpiceJet,1,7538,INR,0,,23:30,23,02:15,2,True,165,165,0,Boeing 737,101.0,102.0
2026-10-09,2026-10-09 16:27,2026-12-08,60,BOM,DEL,BOM-DEL,AI,Air India,1,7571,INR,0,,11:15,11,13:35,13,False,140,140,0,Airbus A350,98.0,102.0
2026-10-09,2026-10-09 16:27,2026-12-08,60,BOM,DEL,BOM-DEL,AI,Air India,1,7571,INR,0,,16:30,16,18:50,18,False,140,140,0,Airbus A321,127.0,102.0
2026-10-09,2026-10-09 16:27,2026-12-08,60,BOM,DEL,BOM-DEL,AI,Air India,1,7571,INR,0,,18:00,18,20:15,20,False,135,135,0,Airbus A320neo,100.0,102.0
2026-10-09,2026-10-09 16:27,2026-12-08,60,BOM,DEL,BOM-DEL,AI,Air India,1,7571,INR,0,,21:00,21,23:15,23,False,135,135,0,Boeing 777,112.0,102.0
2026-10-09,2026-10-09 16:27,2026-12-08,60,BOM,DEL,BOM-DEL,AI,Air India,1,7571,INR,0,,21:30,21,23:45,23,False,135,135,0,Airbus A320neo,100.0,102.0
2026-10-09,2026-10-09 16:27,2026-12-08,60,BOM,DEL,BOM-DEL,AI,Air India,1,7571,INR,0,,23:55,23,02:15,2,True,140,140,0,Airbus A320neo,100.0,102.0
2026-10-09,2026-10-09 16:27,2026-12-08,60,BOM,DEL,BOM-DEL,QP,Akasa Air,1,7591,INR,0,,15:05,15,17:25,17,False,140,140,0,Boeing 737MAX 8 Passenger,89.0,102.0
2026-10-09,2026-10-09 16:27,2026-12-08,60,BOM,DEL,BOM-DEL,QP,Akasa Air,1,7703,INR,0,,07:00,7,09:25,9,False,145,145,0,Boeing 737MAX 8 Passenger,85.0,102.0
2026-10-09,2026-10-09 16:27,2026-12-08,60,BOM,DEL,BOM-DEL,QP,Akasa Air,1,7703,INR,0,,13:00,13,15:25,15,False,145,145,0,Boeing 737MAX 8 Passenger,89.0,102.0
2026-10-09,2026-10-09 16:27,2026-12-08,60,BOM,DEL,BOM-DEL,AI,Air India,1,7891,INR,0,,06:30,6,08:45,8,False,135,135,0,Airbus A320neo,100.0,102.0
2026-10-09,2026-10-09 16:27,2026-12-08,60,BOM,DEL,BOM-DEL,AI,Air India,1,7891,INR,0,,09:00,9,11:10,11,False,130,130,0,Airbus A321,127.0,102.0
2026-10-09,2026-10-09 16:27,2026-12-08,60,BOM,DEL,BOM-DEL,AI,Air India,1,7891,INR,0,,19:00,19,21:15,21,False,135,135,0,Airbus A320neo,100.0,102.0
2026-10-09,2026-10-09 16:27,2026-12-08,60,BOM,DEL,BOM-DEL,AI,Air India,1,7891,INR,0,,19:30,19,21:50,21,False,140,140,0,Airbus A320neo,100.0,102.0
2026-10-09,2026-10-09 16:27,2026-12-08,60,BOM,DEL,BOM-DEL,AI,Air India,1,7891,INR,0,,20:30,20,22:50,22,False,140,140,0,Airbus A320neo,100.0,102.0
2026-10-09,2026-10-09 16:27,2026-12-08,60,BOM,DEL,BOM-DEL,AI,Air India,1,7891,INR,0,,22:35,22,00:50,0,True,135,135,0,Airbus A321,127.0,102.0
2026-10-09,2026-10-09 16:27,2026-12-08,60,BOM,DEL,BOM-DEL,QP,Akasa Air,1,7937,INR,0,,18:35,18,21:00,21,False,145,145,0,Boeing 737MAX 8 Passenger,84.0,102.0
2026-10-09,2026-10-09 16:27,2026-12-08,60,BOM,DEL,BOM-DEL,QP,Akasa Air,1,7937,INR,0,,20:55,20,23:15,23,False,140,140,0,Boeing 737MAX 8 Passenger,85.0,102.0
2026-10-09,2026-10-09 16:27,2026-12-08,60,BOM,DEL,BOM-DEL,AI,Air India,1,8064,INR,0,,20:00,20,22:15,22,False,135,135,0,Airbus A320neo,100.0,102.0
2026-10-09,2026-10-09 16:27,2026-12-08,60,BOM,DEL,BOM-DEL,AI,Air India,1,8080,INR,0,,17:30,17,19:45,19,False,135,135,0,Airbus A320neo,100.0,102.0
2026-10-09,2026-10-09 16:27,2026-12-08,60,BOM,DEL,BOM-DEL,AI,Air India,1,8269,INR,0,,08:30,8,10:45,10,False,135,135,0,Airbus A320neo,100.0,102.0
2026-10-09,2026-10-09 16:27,2026-12-08,60,BOM,DEL,BOM-DEL,AI,Air India,1,8321,INR,0,,18:30,18,20:45,20,False,135,135,0,Airbus A321,127.0,102.0
2026-10-09,2026-10-09 16:27,2026-12-08,60,BOM,DEL,BOM-DEL,AI,Air India,1,8468,INR,0,,08:00,8,10:15,10,False,135,135,0,Airbus A320neo,100.0,102.0
2026-10-09,2026-10-09 16:27,2026-12-08,60,BOM,DEL,BOM-DEL,AI,Air India,1,8600,INR,0,,07:00,7,09:15,9,False,135,135,0,Airbus A320neo,100.0,102.0
2026-10-09,2026-10-09 16:27,2026-12-08,60,BOM,DEL,BOM-DEL,AI,Air India,1,9182,INR,0,,09:30,9,11:45,11,False,135,135,0,Airbus A320neo,100.0,102.0
2026-10-09,2026-10-09 16:27,2026-10-10,1,BLR,DEL,BLR-DEL,6E,IndiGo,1,16525,INR,1,AMD,13:55,13,18:50,18,False,295,230,65,Airbus A321neo | Airbus A321neo,155.0,120.0
2026-10-09,2026-10-09 16:27,2026-10-10,1,BLR,DEL,BLR-DEL,6E,IndiGo,1,16525,INR,1,PNQ,20:40,20,02:30,2,True,350,220,130,Airbus A320neo | Airbus A321neo,159.0,120.0
2026-10-09,2026-10-09 16:27,2026-10-10,1,BLR,DEL,BLR-DEL,6E,IndiGo,1,16551,INR,1,DED,15:10,15,20:45,20,False,335,230,105,Airbus A320neo | Airbus A320neo,170.0,120.0
2026-10-09,2026-10-09 16:27,2026-10-10,1,BLR,DEL,BLR-DEL,6E,IndiGo,1,16551,INR,1,JAI,18:20,18,23:25,23,False,305,210,95,Airbus A321neo | Airbus A321neo,141.0,120.0
2026-10-09,2026-10-09 16:27,2026-10-10,1,BLR,DEL,BLR-DEL,6E,IndiGo,1,16977,INR,1,NAG,15:35,15,20:30,20,False,295,210,85,Airbus A321neo | Airbus A320neo,142.0,120.0
2026-10-09,2026-10-09 16:27,2026-10-10,1,BLR,DEL,BLR-DEL,6E,IndiGo,1,17843,INR,1,BHO,17:15,17,22:15,22,False,300,205,95,Airbus A321neo | Airbus A320neo,144.0,120.0
2026-10-09,2026-10-09 16:27,2026-10-10,1,BLR,DEL,BLR-DEL,AI,Air India,1,19189,INR,0,,16:30,16,19:25,19,False,175,175,0,Airbus A320neo,142.0,120.0
2026-10-09,2026-10-09 16:27,2026-10-10,1,BLR,DEL,BLR-DEL,AI,Air India,1,19189,INR,0,,17:25,17,20:30,20,False,185,185,0,Airbus A320neo,142.0,120.0
2026-10-09,2026-10-09 16:27,2026-10-10,1,BLR,DEL,BLR-DEL,AI,Air India,1,19189,INR,0,,18:20,18,21:10,21,False,170,170,0,Airbus A320neo,142.0,120.0
2026-10-09,2026-10-09 16:27,2026-10-10,1,BLR,DEL,BLR-DEL,AI,Air India,1,19189,INR,0,,22:00,22,00:55,0,True,175,175,0,Airbus A320neo,142.0,120.0
2026-10-09,2026-10-09 16:27,2026-10-10,1,BLR,DEL,BLR-DEL,AI,Air India,1,19189,INR,0,,22:30,22,01:25,1,True,175,175,0,Airbus A320neo,142.0,120.0
2026-10-09,2026-10-09 16:27,2026-10-10,1,BLR,DEL,BLR-DEL,QP,Akasa Air,1,20986,INR,0,,04:10,4,07:00,7,False,170,170,0,Boeing 737MAX 8 Passenger,124.0,120.0
2026-10-09,2026-10-09 16:27,2026-10-10,1,BLR,DEL,BLR-DEL,QP,Akasa Air,1,20986,INR,0,,13:05,13,16:00,16,False,175,175,0,Boeing 737MAX 8 Passenger,119.0,120.0
2026-10-09,2026-10-09 16:27,2026-10-10,1,BLR,DEL,BLR-DEL,IX,Air India Express,1,21432,INR,0,,17:35,17,20:25,20,False,170,170,0,Boeing 737MAX 8 Passenger,142.0,120.0
2026-10-09,2026-10-09 16:27,2026-10-10,1,BLR,DEL,BLR-DEL,AI,Air India,1,22245,INR,0,,00:15,0,03:10,3,False,175,175,0,Airbus A320neo,142.0,120.0
2026-10-09,2026-10-09 16:27,2026-10-10,1,BLR,DEL,BLR-DEL,AI,Air India,1,22245,INR,0,,05:30,5,08:25,8,False,175,175,0,Airbus A320neo,142.0,120.0
2026-10-09,2026-10-09 16:27,2026-10-10,1,BLR,DEL,BLR-DEL,AI,Air India,1,22245,INR,0,,06:00,6,08:45,8,False,165,165,0,Airbus A320neo,142.0,120.0
2026-10-09,2026-10-09 16:27,2026-10-10,1,BLR,DEL,BLR-DEL,AI,Air India,1,22245,INR,0,,10:00,10,13:00,13,False,180,180,0,Airbus A320neo,142.0,120.0
2026-10-09,2026-10-09 16:27,2026-10-10,1,BLR,DEL,BLR-DEL,AI,Air India,1,22245,INR,0,,11:00,11,14:00,14,False,180,180,0,Airbus A320neo,142.0,120.0
2026-10-09,2026-10-09 16:27,2026-10-10,1,BLR,DEL,BLR-DEL,AI,Air India,1,22245,INR,0,,15:00,15,18:00,18,False,180,180,0,Airbus A321,179.0,120.0
2026-10-09,2026-10-09 16:27,2026-10-10,1,BLR,DEL,BLR-DEL,AI,Air India,1,22245,INR,0,,15:30,15,18:15,18,False,165,165,0,Boeing 787,142.0,120.0
2026-10-09,2026-10-09 16:27,2026-10-10,1,BLR,DEL,BLR-DEL,AI,Air India,1,22245,INR,0,,19:40,19,22:35,22,False,175,175,0,Airbus A320neo,142.0,120.0
2026-10-09,2026-10-09 16:27,2026-10-10,1,BLR,DEL,BLR-DEL,QP,Akasa Air,1,23148,INR,0,,05:00,5,07:50,7,False,170,170,0,Boeing 737MAX 8 Passenger,124.0,120.0
2026-10-09,2026-10-09 16:27,2026-10-10,1,BLR,DEL,BLR-DEL,QP,Akasa Air,1,23148,INR,0,,06:05,6,08:50,8,False,165,165,0,Boeing 737MAX 8 Passenger,124.0,120.0
2026-10-09,2026-10-09 16:27,2026-10-10,1,BLR,DEL,BLR-DEL,IX,Air India Express,1,25091,INR,0,,01:15,1,04:10,4,False,175,175,0,Airbus A320neo,134.0,120.0
2026-10-09,2026-10-09 16:27,2026-10-10,1,BLR,DEL,BLR-DEL,AI,Air India,1,26308,INR,0,,20:00,20,22:45,22,False,165,165,0,Airbus A320neo,142.0,120.0
2026-10-09,2026-10-09 16:27,2026-10-10,1,BLR,DEL,BLR-DEL,AI,Air India,1,36169,INR,0,,07:00,7,10:00,10,False,180,180,0,Airbus A320neo,142.0,120.0
2026-10-09,2026-10-09 16:27,2026-10-12,3,BLR,DEL,BLR-DEL,AI,Air India,1,10543,INR,0,,15:30,15,18:15,18,False,165,165,0,Boeing 787,142.0,120.0
2026-10-09,2026-10-09 16:27,2026-10-12,3,BLR,DEL,BLR-DEL,AI,Air India,1,10543,INR,0,,16:30,16,19:25,19,False,175,175,0,Airbus A320neo,142.0,120.0
2026-10-09,2026-10-09 16:27,2026-10-12,3,BLR,DEL,BLR-DEL,AI,Air India,1,10543,INR,0,,19:40,19,22:35,22,False,175,175,0,Airbus A320neo,142.0,120.0
2026-10-09,2026-10-09 16:27,2026-10-12,3,BLR,DEL,BLR-DEL,AI,Air India,1,10543,INR,0,,22:00,22,00:55,0,True,175,175,0,Airbus A320neo,142.0,120.0
2026-10-09,2026-10-09 16:27,2026-10-12,3,BLR,DEL,BLR-DEL,AI,Air India,1,10543,INR,0,,22:30,22,01:25,1,True,175,175,0,Airbus A320neo,142.0,120.0
2026-10-09,2026-10-09 16:27,2026-10-12,3,BLR,DEL,BLR-DEL,AI,Air India,1,11115,INR,0,,15:00,15,18:00,18,False,180,180,0,Airbus A320neo,142.0,120.0
2026-10-09,2026-10-09 16:27,2026-10-12,3,BLR,DEL,BLR-DEL,6E,IndiGo,1,11427,INR,1,NAG,17:15,17,23:00,23,False,345,210,135,Airbus A320neo | Airbus A320neo,147.0,120.0
2026-10-09,2026-10-09 16:27,2026-10-12,3,BLR,DEL,BLR-DEL,IX,Air India Express,1,11858,INR,2,PNQ IDR,21:50,21,12:20,12,True,870,310,560,Boeing 737MAX 8 Passenger | Boeing 737MAX 8 Passenger | Boeing 737MAX 8 Passenger,209.0,120.0
2026-10-09,2026-10-09 16:27,2026-10-12,3,BLR,DEL,BLR-DEL,AI,Air India,1,12375,INR,0,,14:00,14,16:45,16,False,165,165,0,Airbus A320neo,142.0,120.0
2026-10-09,2026-10-09 16:27,2026-10-12,3,BLR,DEL,BLR-DEL,AI,Air India,1,13808,INR,0,,00:15,0,03:10,3,False,175,175,0,Airbus A320neo,142.0,120.0
2026-10-09,2026-10-09 16:27,2026-10-12,3,BLR,DEL,BLR-DEL,QP,Akasa Air,1,15736,INR,0,,04:10,4,07:00,7,False,170,170,0,Boeing 737MAX 8 Passenger,124.0,120.0
2026-10-09,2026-10-09 16:27,2026-10-12,3,BLR,DEL,BLR-DEL,QP,Akasa Air,1,16003,INR,0,,05:00,5,07:50,7,False,170,170,0,Boeing 737MAX 8 Passenger,124.0,120.0
2026-10-09,2026-10-09 16:27,2026-10-12,3,BLR,DEL,BLR-DEL,QP,Akasa Air,1,16003,INR,0,,05:30,5,08:25,8,False,175,175,0,Boeing 737MAX 8 Passenger,119.0,120.0
2026-10-09,2026-10-09 16:27,2026-10-12,3,BLR,DEL,BLR-DEL,QP,Akasa Air,1,17426,INR,0,,06:05,6,08:50,8,False,165,165,0,Boeing 737MAX 8 Passenger,124.0,120.0
2026-10-09,2026-10-09 16:27,2026-10-12,3,BLR,DEL,BLR-DEL,AI,Air India,1,18376,INR,0,,07:00,7,10:00,10,False,180,180,0,Airbus A320neo,142.0,120.0
2026-10-09,2026-10-09 16:27,2026-10-12,3,BLR,DEL,BLR-DEL,AI,Air India,1,21284,INR,0,,06:00,6,08:45,8,False,165,165,0,Airbus A320neo,142.0,120.0
2026-10-09,2026-10-09 16:27,2026-10-12,3,BLR,DEL,BLR-DEL,IX,Air India Express,1,21432,INR,0,,17:35,17,20:25,20,False,170,170,0,Boeing 737MAX 8 Passenger,142.0,120.0
2026-10-09,2026-10-09 16:27,2026-10-12,3,BLR,DEL,BLR-DEL,IX,Air India Express,1,22278,INR,0,,01:15,1,04:10,4,False,175,175,0,Airbus A320neo,134.0,120.0
2026-10-09,2026-10-09 16:27,2026-10-12,3,BLR,DEL,BLR-DEL,AI,Air India,1,25153,INR,0,,10:00,10,13:00,13,False,180,180,0,Airbus A320neo,142.0,120.0
2026-10-09,2026-10-09 16:27,2026-10-16,7,BLR,DEL,BLR-DEL,6E,IndiGo,1,12829,INR,1,NAG,17:15,17,23:00,23,False,345,210,135,Airbus A320neo | Airbus A320neo,147.0,120.0
2026-10-09,2026-10-09 16:27,2026-10-16,7,BLR,DEL,BLR-DEL,6E,IndiGo,1,12927,INR,1,NAG,15:35,15,20:30,20,False,295,210,85,Airbus A321neo | Airbus A320neo,142.0,120.0
2026-10-09,2026-10-09 16:27,2026-10-16,7,BLR,DEL,BLR-DEL,6E,IndiGo,1,13208,INR,1,PNQ,02:40,2,07:15,7,False,275,215,60,Airbus A321neo | Airbus A321neo,154.0,120.0
2026-10-09,2026-10-09 16:27,2026-10-16,7,BLR,DEL,BLR-DEL,6E,IndiGo,1,13234,INR,1,GOI,12:35,12,18:00,18,False,325,235,90,Airbus A321neo | Airbus A321neo,158.0,120.0
2026-10-09,2026-10-09 16:27,2026-10-16,7,BLR,DEL,BLR-DEL,QP,Akasa Air,1,13550,INR,0,,05:30,5,08:25,8,False,175,175,0,Boeing 737MAX 8 Passenger,122.0,120.0
2026-10-09,2026-10-09 16:27,2026-10-16,7,BLR,DEL,BLR-DEL,QP,Akasa Air,1,13774,INR,0,,04:10,4,07:00,7,False,170,170,0,Boeing 737MAX 8 Passenger,124.0,120.0
2026-10-09,2026-10-09 16:27,2026-10-16,7,BLR,DEL,BLR-DEL,QP,Akasa Air,1,14236,INR,0,,06:05,6,08:50,8,False,165,165,0,Boeing 737MAX 8 Passenger,124.0,120.0
2026-10-09,2026-10-09 16:27,2026-10-16,7,BLR,DEL,BLR-DEL,AI,Air India,1,14296,INR,0,,00:15,0,03:10,3,False,175,175,0,Airbus A320neo,142.0,120.0
2026-10-09,2026-10-09 16:27,2026-10-16,7,BLR,DEL,BLR-DEL,AI,Air India,1,14533,INR,0,,05:30,5,08:25,8,False,175,175,0,Airbus A320neo,142.0,120.0
2026-10-09,2026-10-09 16:27,2026-10-16,7,BLR,DEL,BLR-DEL,IX,Air India Express,1,14894,INR,0,,01:15,1,04:10,4,False,175,175,0,Airbus A320neo,134.0,120.0
2026-10-09,2026-10-09 16:27,2026-10-16,7,BLR,DEL,BLR-DEL,QP,Akasa Air,1,16003,INR,0,,13:05,13,16:00,16,False,175,175,0,Boeing 737MAX 8 Passenger,124.0,120.0
2026-10-09,2026-10-09 16:27,2026-10-16,7,BLR,DEL,BLR-DEL,AI,Air India,1,16108,INR,0,,06:00,6,08:45,8,False,165,165,0,Airbus A320neo,142.0,120.0
2026-10-09,2026-10-09 16:27,2026-10-16,7,BLR,DEL,BLR-DEL,AI,Air India,1,16108,INR,0,,14:00,14,16:45,16,False,165,165,0,Airbus A320neo,142.0,120.0
2026-10-09,2026-10-09 16:27,2026-10-16,7,BLR,DEL,BLR-DEL,AI,Air India,1,16244,INR,0,,11:00,11,14:00,14,False,180,180,0,Airbus A321,179.0,120.0
2026-10-09,2026-10-09 16:27,2026-10-16,7,BLR,DEL,BLR-DEL,AI,Air India,1,16790,INR,0,,07:00,7,10:00,10,False,180,180,0,Airbus A320neo,142.0,120.0
2026-10-09,2026-10-09 16:27,2026-10-16,7,BLR,DEL,BLR-DEL,AI,Air India,1,16790,INR,0,,15:00,15,18:00,18,False,180,180,0,Airbus A320neo,142.0,120.0
2026-10-09,2026-10-09 16:27,2026-10-16,7,BLR,DEL,BLR-DEL,IX,Air India Express,1,17215,INR,0,,17:35,17,20:25,20,False,170,170,0,Boeing 737MAX 8 Passenger,142.0,120.0
2026-10-09,2026-10-09 16:27,2026-10-16,7,BLR,DEL,BLR-DEL,AI,Air India,1,18376,INR,0,,10:00,10,13:00,13,False,180,180,0,Airbus A320neo,142.0,120.0
2026-10-09,2026-10-09 16:27,2026-10-16,7,BLR,DEL,BLR-DEL,AI,Air India,1,18376,INR,0,,15:30,15,18:15,18,False,165,165,0,Boeing 787,142.0,120.0
2026-10-09,2026-10-09 16:27,2026-10-16,7,BLR,DEL,BLR-DEL,AI,Air India,1,18376,INR,0,,16:30,16,19:25,19,False,175,175,0,Airbus A320neo,142.0,120.0
2026-10-09,2026-10-09 16:27,2026-10-16,7,BLR,DEL,BLR-DEL,AI,Air India,1,18376,INR,0,,22:30,22,01:25,1,True,175,175,0,Airbus A321,179.0,120.0
2026-10-09,2026-10-09 16:27,2026-10-16,7,BLR,DEL,BLR-DEL,AI,Air India,1,21284,INR,0,,19:40,19,22:35,22,False,175,175,0,Airbus A321,179.0,120.0
2026-10-09,2026-10-09 16:27,2026-10-16,7,BLR,DEL,BLR-DEL,AI,Air India,1,21284,INR,0,,22:00,22,00:55,0,True,175,175,0,Airbus A320neo,142.0,120.0
2026-10-09,2026-10-09 16:27,2026-10-16,7,BLR,DEL,BLR-DEL,IX,Air India Express,1,21432,INR,0,,06:40,6,09:25,9,False,165,165,0,Boeing 737MAX 8 Passenger,142.0,120.0
2026-10-09,2026-10-09 16:27,2026-10-16,7,BLR,DEL,BLR-DEL,AI,Air India,1,25153,INR,0,,17:25,17,20:30,20,False,185,185,0,Airbus A320neo,142.0,120.0
2026-10-09,2026-10-09 16:27,2026-10-16,7,BLR,DEL,BLR-DEL,AI,Air India,1,25153,INR,0,,18:20,18,21:10,21,False,170,170,0,Airbus A320neo,142.0,120.0
2026-10-09,2026-10-09 16:27,2026-10-16,7,BLR,DEL,BLR-DEL,AI,Air India,1,25153,INR,0,,20:00,20,22:45,22,False,165,165,0,Airbus A320neo,142.0,120.0
2026-10-09,2026-10-09 16:27,2026-10-23,14,BLR,DEL,BLR-DEL,6E,IndiGo,1,10672,INR,1,AMD,13:55,13,18:50,18,False,295,230,65,Airbus A321neo | Airbus A321neo,155.0,120.0
2026-10-09,2026-10-09 16:27,2026-10-23,14,BLR,DEL,BLR-DEL,QP,Akasa Air,1,11179,INR,0,,05:30,5,08:25,8,False,175,175,0,Boeing 737MAX 8 Passenger,119.0,120.0
2026-10-09,2026-10-09 16:27,2026-10-23,14,BLR,DEL,BLR-DEL,QP,Akasa Air,1,11358,INR,0,,04:10,4,07:00,7,False,170,170,0,Boeing 737MAX 8 Passenger,124.0,120.0
2026-10-09,2026-10-09 16:27,2026-10-23,14,BLR,DEL,BLR-DEL,AI,Air India,1,11698,INR,0,,14:00,14,16:45,16,False,165,165,0,Airbus A320neo,142.0,120.0
2026-10-09,2026-10-09 16:27,2026-10-23,14,BLR,DEL,BLR-DEL,AI,Air India,1,11698,INR,0,,15:30,15,18:15,18,False,165,165,0,Boeing 787,142.0,120.0
2026-10-09,2026-10-09 16:27,2026-10-23,14,BLR,DEL,BLR-DEL,AI,Air India,1,12165,INR,0,,15:00,15,18:00,18,False,180,180,0,Airbus A320neo,142.0,120.0
2026-10-09,2026-10-09 16:27,2026-10-23,14,BLR,DEL,BLR-DEL,AI,Air India,1,12165,INR,0,,16:30,16,19:25,19,False,175,175,0,Airbus A320neo,142.0,120.0
2026-10-09,2026-10-09 16:27,2026-10-23,14,BLR,DEL,BLR-DEL,AI,Air India,1,12165,INR,0,,17:25,17,20:30,20,False,185,185,0,Airbus A320neo,142.0,120.0
2026-10-09,2026-10-09 16:27,2026-10-23,14,BLR,DEL,BLR-DEL,AI,Air India,1,12165,INR,0,,18:20,18,21:10,21,False,170,170,0,Airbus A320neo,142.0,120.0
2026-10-09,2026-10-09 16:27,2026-10-23,14,BLR,DEL,BLR-DEL,AI,Air India,1,12165,INR,0,,22:00,22,00:55,0,True,175,175,0,Airbus A320neo,142.0,120.0
2026-10-09,2026-10-09 16:27,2026-10-23,14,BLR,DEL,BLR-DEL,QP,Akasa Air,1,12494,INR,0,,13:05,13,16:00,16,False,175,175,0,Boeing 737MAX 8 Passenger,119.0,120.0
2026-10-09,2026-10-09 16:27,2026-10-23,14,BLR,DEL,BLR-DEL,AI,Air India,1,12763,INR,0,,06:00,6,08:45,8,False,165,165,0,Airbus A320neo,142.0,120.0
2026-10-09,2026-10-09 16:27,2026-10-23,14,BLR,DEL,BLR-DEL,AI,Air India,1,12763,INR,0,,10:00,10,13:00,13,False,180,180,0,Airbus A320neo,142.0,120.0
2026-10-09,2026-10-09 16:27,2026-10-23,14,BLR,DEL,BLR-DEL,AI,Air India,1,12863,INR,0,,11:00,11,14:00,14,False,180,180,0,Airbus A321,179.0,120.0
2026-10-09,2026-10-09 16:27,2026-10-23,14,BLR,DEL,BLR-DEL,IX,Air India Express,1,12936,INR,0,,01:15,1,04:10,4,False,175,175,0,Airbus A320neo,134.0,120.0
2026-10-09,2026-10-09 16:27,2026-10-23,14,BLR,DEL,BLR-DEL,AI,Air India,1,12968,INR,0,,05:30,5,08:25,8,False,175,175,0,Airbus A320neo,142.0,120.0
2026-10-09,2026-10-09 16:27,2026-10-23,14,BLR,DEL,BLR-DEL,AI,Air India,1,13278,INR,0,,07:00,7,10:00,10,False,180,180,0,Airbus A320neo,142.0,120.0
2026-10-09,2026-10-09 16:27,2026-10-23,14,BLR,DEL,BLR-DEL,AI,Air India,1,13278,INR,0,,19:40,19,22:35,22,False,175,175,0,Airbus A321,179.0,120.0
2026-10-09,2026-10-09 16:27,2026-10-23,14,BLR,DEL,BLR-DEL,AI,Air India,1,13488,INR,0,,20:00,20,22:45,22,False,165,165,0,Airbus A320neo,142.0,120.0
2026-10-09,2026-10-09 16:27,2026-10-23,14,BLR,DEL,BLR-DEL,IX,Air India Express,1,13581,INR,0,,17:35,17,20:25,20,False,170,170,0,Boeing 737MAX 8 Passenger,142.0,120.0
2026-10-09,2026-10-09 16:27,2026-10-30,21,BLR,DEL,BLR-DEL,6E,IndiGo,1,13208,INR,1,AMD,08:00,8,13:55,13,False,355,235,120,Airbus A321neo | Airbus A321neo,155.0,120.0
2026-10-09,2026-10-09 16:27,2026-10-30,21,BLR,DEL,BLR-DEL,6E,IndiGo,1,13208,INR,1,AMD,18:55,18,00:05,0,True,310,230,80,Airbus A321neo | Airbus A321neo,155.0,120.0
2026-10-09,2026-10-09 16:27,2026-10-30,21,BLR,DEL,BLR-DEL,6E,IndiGo,1,13234,INR,1,JAI,18:25,18,23:35,23,False,310,225,85,Airbus A321neo | Airbus A320,152.0,120.0
2026-10-09,2026-10-09 16:27,2026-10-30,21,BLR,DEL,BLR-DEL,IX,Air India Express,1,13620,INR,1,GOI,17:45,17,00:35,0,True,410,240,170,Boeing 737MAX 8 Passenger | Airbus A320neo,179.0,120.0
2026-10-09,2026-10-09 16:27,2026-10-30,21,BLR,DEL,BLR-DEL,6E,IndiGo,1,13980,INR,1,HYD,10:15,10,15:20,15,False,305,220,85,Airbus A320neo | Airbus A321neo,147.0,120.0
2026-10-09,2026-10-09 16:27,2026-10-30,21,BLR,DEL,BLR-DEL,QP,Akasa Air,1,14236,INR,0,,05:00,5,07:55,7,False,175,175,0,Boeing 737MAX 8 Passenger,124.0,120.0
2026-10-09,2026-10-09 16:27,2026-10-30,21,BLR,DEL,BLR-DEL,AI,Air India,1,14296,INR,0,,00:15,0,03:10,3,False,175,175,0,Airbus A320neo,142.0,120.0
2026-10-09,2026-10-09 16:27,2026-10-30,21,BLR,DEL,BLR-DEL,AI,Air India,1,14296,INR,0,,10:00,10,13:00,13,False,180,180,0,Airbus A321,179.0,120.0
2026-10-09,2026-10-09 16:27,2026-10-30,21,BLR,DEL,BLR-DEL,AI,Air India,1,14296,INR,0,,13:00,13,15:55,15,False,175,175,0,Airbus A320neo,142.0,120.0
2026-10-09,2026-10-09 16:27,2026-10-30,21,BLR,DEL,BLR-DEL,AI,Air India,1,14417,INR,0,,11:00,11,13:50,13,False,170,170,0,Airbus A320neo,142.0,120.0
2026-10-09,2026-10-09 16:27,2026-10-30,21,BLR,DEL,BLR-DEL,QP,Akasa Air,1,14718,INR,0,,04:10,4,07:00,7,False,170,170,0,Boeing 737MAX 8 Passenger,124.0,120.0
2026-10-09,2026-10-09 16:27,2026-10-30,21,BLR,DEL,BLR-DEL,AI,Air India,1,14769,INR,0,,08:05,8,11:00,11,False,175,175,0,Airbus A320neo,142.0,120.0
2026-10-09,2026-10-09 16:27,2026-10-30,21,BLR,DEL,BLR-DEL,AI,Air India,1,14890,INR,0,,16:00,16,18:50,18,False,170,170,0,Airbus A320neo,142.0,120.0
2026-10-09,2026-10-09 16:27,2026-10-30,21,BLR,DEL,BLR-DEL,AI,Air India,1,14890,INR,0,,17:00,17,19:55,19,False,175,175,0,Airbus A320neo,142.0,120.0
2026-10-09,2026-10-09 16:27,2026-10-30,21,BLR,DEL,BLR-DEL,AI,Air India,1,14890,INR,0,,17:55,17,20:55,20,False,180,180,0,Airbus A320neo,142.0,120.0
2026-10-09,2026-10-09 16:27,2026-10-30,21,BLR,DEL,BLR-DEL,QP,Akasa Air,1,14963,INR,0,,06:10,6,09:00,9,False,170,170,0,Boeing 737MAX 8 Passenger,119.0,120.0
2026-10-09,2026-10-09 16:27,2026-10-30,21,BLR,DEL,BLR-DEL,SG,SpiceJet,1,15270,INR,0,,06:05,6,09:00,9,False,175,175,0,Airbus A321,151.0,120.0
2026-10-09,2026-10-09 16:27,2026-10-30,21,BLR,DEL,BLR-DEL,SG,SpiceJet,1,15270,INR,0,,12:50,12,14:50,14,False,120,120,0,Boeing 737,141.0,120.0
2026-10-09,2026-10-09 16:27,2026-10-30,21,BLR,DEL,BLR-DEL,QP,Akasa Air,1,15475,INR,0,,19:05,19,22:00,22,False,175,175,0,Boeing 737MAX 8 Passenger,124.0,120.0
2026-10-09,2026-10-09 16:27,2026-10-30,21,BLR,DEL,BLR-DEL,IX,Air India Express,1,15749,INR,0,,05:30,5,08:30,8,False,180,180,0,Airbus A320neo,139.0,120.0
2026-10-09,2026-10-09 16:27,2026-10-30,21,BLR,DEL,BLR-DEL,IX,Air India Express,1,15749,INR,0,,21:25,21,00:25,0,True,180,180,0,Boeing 737MAX 8 Passenger,142.0,120.0
2026-10-09,2026-10-09 16:27,2026-10-30,21,BLR,DEL,BLR-DEL,AI,Air India,1,16108,INR,0,,05:00,5,07:50,7,False,170,170,0,Airbus A320neo,142.0,120.0
2026-10-09,2026-10-09 16:27,2026-10-30,21,BLR,DEL,BLR-DEL,AI,Air India,1,16108,INR,0,,06:00,6,08:45,8,False,165,165,0,Airbus A320neo,142.0,120.0
2026-10-09,2026-10-09 16:27,2026-10-30,21,BLR,DEL,BLR-DEL,AI,Air India,1,16790,INR,0,,07:00,7,09:45,9,False,165,165,0,Airbus A320neo,142.0,120.0
2026-10-09,2026-10-09 16:27,2026-10-30,21,BLR,DEL,BLR-DEL,AI,Air India,1,16790,INR,0,,21:00,21,23:55,23,False,175,175,0,Airbus A320neo,142.0,120.0
2026-10-09,2026-10-09 16:27,2026-10-30,21,BLR,DEL,BLR-DEL,AI,Air India,1,16790,INR,0,,22:00,22,01:00,1,True,180,180,0,Airbus A320neo,142.0,120.0
2026-10-09,2026-10-09 16:27,2026-10-30,21,BLR,DEL,BLR-DEL,AI,Air India,1,17058,INR,0,,20:00,20,22:55,22,False,175,175,0,Airbus A320neo,142.0,120.0
2026-10-09,2026-10-09 16:27,2026-11-08,30,BLR,DEL,BLR-DEL,AI,Air India,1,10133,INR,0,,22:00,22,01:00,1,True,180,180,0,Airbus A320neo,139.0,120.0
2026-10-09,2026-10-09 16:27,2026-11-08,30,BLR,DEL,BLR-DEL,AI,Air India,1,10291,INR,0,,20:00,20,22:55,22,False,175,175,0,Airbus A320neo,139.0,120.0
2026-10-09,2026-10-09 16:27,2026-11-08,30,BLR,DEL,BLR-DEL,AI,Air India,1,10375,INR,0,,21:00,21,23:55,23,False,175,175,0,Airbus A320neo,139.0,120.0
2026-10-09,2026-10-09 16:27,2026-11-08,30,BLR,DEL,BLR-DEL,AI,Air India,1,10532,INR,0,,16:00,16,18:50,18,False,170,170,0,Airbus A320neo,139.0,120.0
2026-10-09,2026-10-09 16:27,2026-11-08,30,BLR,DEL,BLR-DEL,AI,Air India,1,10532,INR,0,,17:00,17,19:55,19,False,175,175,0,Airbus A320neo,139.0,120.0
2026-10-09,2026-10-09 16:27,2026-11-08,30,BLR,DEL,BLR-DEL,AI,Air India,1,10921,INR,0,,14:45,14,17:30,17,False,165,165,0,Boeing 787,139.0,120.0
2026-10-09,2026-10-09 16:27,2026-11-08,30,BLR,DEL,BLR-DEL,QP,Akasa Air,1,11358,INR,0,,13:55,13,16:45,16,False,170,170,0,Boeing 737MAX 8 Passenger,121.0,120.0
2026-10-09,2026-10-09 16:27,2026-11-08,30,BLR,DEL,BLR-DEL,AI,Air India,1,12569,INR,0,,13:00,13,15:55,15,False,175,175,0,Airbus A320neo,139.0,120.0
2026-10-09,2026-10-09 16:27,2026-11-08,30,BLR,DEL,BLR-DEL,AI,Air India,1,13126,INR,0,,11:00,11,13:50,13,False,170,170,0,Airbus A320neo,139.0,120.0
2026-10-09,2026-10-09 16:27,2026-11-08,30,BLR,DEL,BLR-DEL,AI,Air India,1,13388,INR,0,,05:00,5,07:50,7,False,170,170,0,Airbus A320neo,139.0,120.0
2026-10-09,2026-10-09 16:27,2026-11-08,30,BLR,DEL,BLR-DEL,AI,Air India,1,13388,INR,0,,06:00,6,08:45,8,False,165,165,0,Airbus A320neo,139.0,120.0
2026-10-09,2026-10-09 16:27,2026-11-08,30,BLR,DEL,BLR-DEL,AI,Air India,1,13388,INR,0,,10:00,10,13:00,13,False,180,180,0,Airbus A321,176.0,120.0
2026-10-09,2026-10-09 16:27,2026-11-08,30,BLR,DEL,BLR-DEL,SG,SpiceJet,1,13576,INR,0,,06:05,6,09:00,9,False,175,175,0,Airbus A321,148.0,120.0
2026-10-09,2026-10-09 16:27,2026-11-08,30,BLR,DEL,BLR-DEL,IX,Air India Express,1,13581,INR,0,,12:20,12,15:20,15,False,180,180,0,Boeing 737MAX 8 Passenger,137.0,120.0
2026-10-09,2026-10-09 16:27,2026-11-08,30,BLR,DEL,BLR-DEL,AI,Air India,1,13609,INR,0,,08:05,8,11:00,11,False,175,175,0,Airbus A320neo,139.0,120.0
2026-10-09,2026-10-09 16:27,2026-11-08,30,BLR,DEL,BLR-DEL,QP,Akasa Air,1,14004,INR,0,,04:10,4,07:00,7,False,170,170,0,Boeing 737MAX 8 Passenger,121.0,120.0
2026-10-09,2026-10-09 16:27,2026-11-08,30,BLR,DEL,BLR-DEL,AI,Air India,1,14349,INR,0,,00:15,0,03:10,3,False,175,175,0,Airbus A320neo,139.0,120.0
2026-10-09,2026-10-09 16:27,2026-11-08,30,BLR,DEL,BLR-DEL,QP,Akasa Air,1,14474,INR,0,,05:00,5,07:55,7,False,175,175,0,Boeing 737MAX 8 Passenger,121.0,120.0
2026-10-09,2026-10-09 16:27,2026-11-08,30,BLR,DEL,BLR-DEL,QP,Akasa Air,1,14474,INR,0,,06:10,6,09:00,9,False,170,170,0,Boeing 737MAX 8 Passenger,116.0,120.0
2026-10-09,2026-10-09 16:27,2026-11-08,30,BLR,DEL,BLR-DEL,IX,Air India Express,1,15749,INR,0,,05:30,5,08:30,8,False,180,180,0,Airbus A320neo,134.0,120.0
2026-10-09,2026-10-09 16:27,2026-11-23,45,BLR,DEL,BLR-DEL,SG,SpiceJet,1,9962,INR,0,,06:05,6,09:00,9,False,175,175,0,Airbus A321,148.0,120.0
2026-10-09,2026-10-09 16:27,2026-11-23,45,BLR,DEL,BLR-DEL,SG,SpiceJet,1,9962,INR,0,,21:15,21,00:10,0,True,175,175,0,Boeing 737,137.0,120.0
2026-10-09,2026-10-09 16:27,2026-11-23,45,BLR,DEL,BLR-DEL,IX,Air India Express,1,10053,INR,0,,05:30,5,08:30,8,False,180,180,0,Airbus A320neo,134.0,120.0
2026-10-09,2026-10-09 16:27,2026-11-23,45,BLR,DEL,BLR-DEL,QP,Akasa Air,1,10063,INR,0,,13:55,13,16:45,16,False,170,170,0,Boeing 737MAX 8 Passenger,121.0,120.0
2026-10-09,2026-10-09 16:27,2026-11-23,45,BLR,DEL,BLR-DEL,QP,Akasa Air,1,10063,INR,0,,19:05,19,22:00,22,False,175,175,0,Boeing 737MAX 8 Passenger,121.0,120.0
2026-10-09,2026-10-09 16:27,2026-11-23,45,BLR,DEL,BLR-DEL,AI,Air India,1,10133,INR,0,,14:45,14,17:30,17,False,165,165,0,Boeing 787,139.0,120.0
2026-10-09,2026-10-09 16:27,2026-11-23,45,BLR,DEL,BLR-DEL,AI,Air India,1,10133,INR,0,,22:00,22,01:00,1,True,180,180,0,Airbus A320neo,139.0,120.0
2026-10-09,2026-10-09 16:27,2026-11-23,45,BLR,DEL,BLR-DEL,AI,Air India,1,10432,INR,0,,00:15,0,03:10,3,False,175,175,0,Airbus A320neo,139.0,120.0
2026-10-09,2026-10-09 16:27,2026-11-23,45,BLR,DEL,BLR-DEL,AI,Air India,1,10432,INR,0,,10:00,10,13:00,13,False,180,180,0,Airbus A321,176.0,120.0
2026-10-09,2026-10-09 16:27,2026-11-23,45,BLR,DEL,BLR-DEL,AI,Air India,1,10432,INR,0,,21:00,21,23:55,23,False,175,175,0,Airbus A320neo,139.0,120.0
2026-10-09,2026-10-09 16:27,2026-11-23,45,BLR,DEL,BLR-DEL,IX,Air India Express,1,10701,INR,0,,21:25,21,00:25,0,True,180,180,0,Boeing 737MAX 8 Passenger,137.0,120.0
2026-10-09,2026-10-09 16:27,2026-11-23,45,BLR,DEL,BLR-DEL,AI,Air India,1,11262,INR,0,,11:00,11,13:50,13,False,170,170,0,Airbus A320neo,139.0,120.0
2026-10-09,2026-10-09 16:27,2026-11-23,45,BLR,DEL,BLR-DEL,AI,Air India,1,11262,INR,0,,13:00,13,15:55,15,False,175,175,0,Airbus A320neo,139.0,120.0
2026-10-09,2026-10-09 16:27,2026-11-23,45,BLR,DEL,BLR-DEL,AI,Air India,1,11262,INR,0,,16:00,16,18:50,18,False,170,170,0,Airbus A320neo,139.0,120.0
2026-10-09,2026-10-09 16:27,2026-11-23,45,BLR,DEL,BLR-DEL,AI,Air India,1,11262,INR,0,,17:00,17,19:55,19,False,175,175,0,Airbus A320neo,139.0,120.0
2026-10-09,2026-10-09 16:27,2026-11-23,45,BLR,DEL,BLR-DEL,AI,Air India,1,11944,INR,0,,20:00,20,22:55,22,False,175,175,0,Airbus A320neo,139.0,120.0
2026-10-09,2026-10-09 16:27,2026-11-23,45,BLR,DEL,BLR-DEL,AI,Air India,1,13388,INR,0,,17:55,17,20:55,20,False,180,180,0,Airbus A320neo,139.0,120.0
2026-10-09,2026-10-09 16:27,2026-11-23,45,BLR,DEL,BLR-DEL,AI,Air India,1,13609,INR,0,,08:05,8,11:00,11,False,175,175,0,Airbus A320neo,139.0,120.0
2026-10-09,2026-10-09 16:27,2026-11-23,45,BLR,DEL,BLR-DEL,AI,Air India,1,13719,INR,0,,06:00,6,08:45,8,False,165,165,0,Airbus A320neo,139.0,120.0
2026-10-09,2026-10-09 16:27,2026-11-23,45,BLR,DEL,BLR-DEL,AI,Air India,1,14947,INR,0,,07:00,7,09:45,9,False,165,165,0,Airbus A320neo,139.0,120.0
2026-10-09,2026-10-09 16:27,2026-12-08,60,BLR,DEL,BLR-DEL,SG,SpiceJet,1,9962,INR,0,,06:05,6,09:00,9,False,175,175,0,Airbus A321,146.0,120.0
2026-10-09,2026-10-09 16:27,2026-12-08,60,BLR,DEL,BLR-DEL,SG,SpiceJet,1,9962,INR,0,,21:15,21,00:10,0,True,175,175,0,Boeing 737,136.0,120.0
2026-10-09,2026-10-09 16:27,2026-12-08,60,BLR,DEL,BLR-DEL,IX,Air India Express,1,10063,INR,0,,05:30,5,08:30,8,False,180,180,0,Airbus A320neo,130.0,120.0
2026-10-09,2026-10-09 16:27,2026-12-08,60,BLR,DEL,BLR-DEL,IX,Air India Express,1,10063,INR,0,,21:25,21,00:25,0,True,180,180,0,Boeing 737MAX 8 Passenger,134.0,120.0
2026-10-09,2026-10-09 16:27,2026-12-08,60,BLR,DEL,BLR-DEL,AI,Air India,1,10133,INR,0,,00:15,0,03:10,3,False,175,175,0,Airbus A320neo,135.0,120.0
2026-10-09,2026-10-09 16:27,2026-12-08,60,BLR,DEL,BLR-DEL,AI,Air India,1,10133,INR,0,,05:00,5,07:50,7,False,170,170,0,Airbus A320neo,135.0,120.0
2026-10-09,2026-10-09 16:27,2026-12-08,60,BLR,DEL,BLR-DEL,AI,Air India,1,10133,INR,0,,06:00,6,08:45,8,False,165,165,0,Airbus A320neo,135.0,120.0
2026-10-09,2026-10-09 16:27,2026-12-08,60,BLR,DEL,BLR-DEL,AI,Air India,1,10432,INR,0,,10:00,10,13:00,13,False,180,180,0,Airbus A321,171.0,120.0
2026-10-09,2026-10-09 16:27,2026-12-08,60,BLR,DEL,BLR-DEL,AI,Air India,1,10432,INR,0,,14:45,14,17:30,17,False,165,165,0,Boeing 787,135.0,120.0
2026-10-09,2026-10-09 16:27,2026-12-08,60,BLR,DEL,BLR-DEL,AI,Air India,1,10432,INR,0,,21:00,21,23:55,23,False,175,175,0,Airbus A320neo,135.0,120.0
2026-10-09,2026-10-09 16:27,2026-12-08,60,BLR,DEL,BLR-DEL,AI,Air India,1,10753,INR,0,,11:00,11,13:50,13,False,170,170,0,Airbus A320neo,135.0,120.0
2026-10-09,2026-10-09 16:27,2026-12-08,60,BLR,DEL,BLR-DEL,QP,Akasa Air,1,11179,INR,0,,19:05,19,22:00,22,False,175,175,0,Boeing 737MAX 8 Passenger,119.0,120.0
2026-10-09,2026-10-09 16:27,2026-12-08,60,BLR,DEL,BLR-DEL,AI,Air India,1,11262,INR,0,,13:00,13,15:55,15,False,175,175,0,Airbus A320neo,135.0,120.0
2026-10-09,2026-10-09 16:27,2026-12-08,60,BLR,DEL,BLR-DEL,AI,Air India,1,11262,INR,0,,16:00,16,18:50,18,False,170,170,0,Airbus A320neo,135.0,120.0
2026-10-09,2026-10-09 16:27,2026-12-08,60,BLR,DEL,BLR-DEL,AI,Air India,1,11262,INR,0,,17:00,17,19:55,19,False,175,175,0,Airbus A320neo,135.0,120.0
2026-10-09,2026-10-09 16:27,2026-12-08,60,BLR,DEL,BLR-DEL,AI,Air India,1,11262,INR,0,,22:00,22,01:00,1,True,180,180,0,Airbus A320neo,135.0,120.0
2026-10-09,2026-10-09 16:27,2026-12-08,60,BLR,DEL,BLR-DEL,AI,Air India,1,11755,INR,0,,17:55,17,20:55,20,False,180,180,0,Airbus A320neo,135.0,120.0
2026-10-09,2026-10-09 16:27,2026-12-08,60,BLR,DEL,BLR-DEL,AI,Air India,1,13388,INR,0,,07:00,7,09:45,9,False,165,165,0,Airbus A320neo,135.0,120.0
2026-10-09,2026-10-09 16:27,2026-12-08,60,BLR,DEL,BLR-DEL,AI,Air India,1,13609,INR,0,,08:05,8,11:00,11,False,175,175,0,Airbus A320neo,135.0,120.0
2026-10-09,2026-10-09 16:27,2026-12-08,60,BLR,DEL,BLR-DEL,AI,Air India,1,14590,INR,0,,20:00,20,22:55,22,False,175,175,0,Airbus A320neo,135.0,120.0
2026-10-09,2026-10-09 16:27,2026-10-10,1,DEL,BLR,DEL-BLR,AI,Air India,1,9199,INR,0,,00:15,0,03:10,3,False,175,175,0,Airbus A320neo,142.0,120.0
2026-10-09,2026-10-09 16:27,2026-10-10,1,DEL,BLR,DEL-BLR,AI,Air India,1,9304,INR,0,,04:30,4,07:20,7,False,170,170,0,Airbus A320neo,142.0,120.0
2026-10-09,2026-10-09 16:27,2026-10-10,1,DEL,BLR,DEL-BLR,AI,Air India,1,9304,INR,0,,06:30,6,09:25,9,False,175,175,0,Airbus A320neo,142.0,120.0
2026-10-09,2026-10-09 16:27,2026-10-10,1,DEL,BLR,DEL-BLR,AI,Air India,1,9304,INR,0,,07:00,7,09:55,9,False,175,175,0,Airbus A320neo,142.0,120.0
2026-10-09,2026-10-09 16:27,2026-10-10,1,DEL,BLR,DEL-BLR,AI,Air India,1,9304,INR,0,,19:30,19,22:20,22,False,170,170,0,Airbus A320neo,142.0,120.0
2026-10-09,2026-10-09 16:27,2026-10-10,1,DEL,BLR,DEL-BLR,AI,Air India,1,9304,INR,0,,21:30,21,00:25,0,True,175,175,0,Airbus A320neo,142.0,120.0
2026-10-09,2026-10-09 16:27,2026-10-10,1,DEL,BLR,DEL-BLR,AI,Air India,1,9451,INR,0,,08:30,8,11:20,11,False,170,170,0,Boeing 787,143.0,120.0
2026-10-09,2026-10-09 16:27,2026-10-10,1,DEL,BLR,DEL-BLR,AI,Air India,1,9451,INR,0,,15:00,15,17:55,17,False,175,175,0,Airbus A320neo,142.0,120.0
2026-10-09,2026-10-09 16:27,2026-10-10,1,DEL,BLR,DEL-BLR,AI,Air India,1,9761,INR,0,,16:00,16,18:45,18,False,165,165,0,Airbus A320neo,142.0,120.0
2026-10-09,2026-10-09 16:27,2026-10-10,1,DEL,BLR,DEL-BLR,QP,Akasa Air,1,10071,INR,0,,16:40,16,19:40,19,False,180,180,0,Boeing 737MAX 8 Passenger,119.0,120.0
2026-10-09,2026-10-09 16:27,2026-10-10,1,DEL,BLR,DEL-BLR,QP,Akasa Air,1,10071,INR,0,,20:50,20,23:45,23,False,175,175,0,Boeing 737MAX 8 Passenger,119.0,120.0
2026-10-09,2026-10-09 16:27,2026-10-10,1,DEL,BLR,DEL-BLR,QP,Akasa Air,1,10071,INR,0,,21:55,21,00:50,0,True,175,175,0,Boeing 737MAX 8 Passenger,124.0,120.0
2026-10-09,2026-10-09 16:27,2026-10-10,1,DEL,BLR,DEL-BLR,QP,Akasa Air,1,10071,INR,0,,22:55,22,01:45,1,True,170,170,0,Boeing 737MAX 8 Passenger,124.0,120.0
2026-10-09,2026-10-09 16:27,2026-10-10,1,DEL,BLR,DEL-BLR,AI,Air India,1,10244,INR,0,,09:30,9,12:25,12,False,175,175,0,Airbus A321,180.0,120.0
2026-10-09,2026-10-09 16:27,2026-10-10,1,DEL,BLR,DEL-BLR,AI,Air India,1,10575,INR,0,,10:30,10,13:20,13,False,170,170,0,Airbus A320neo,142.0,120.0
2026-10-09,2026-10-09 16:27,2026-10-10,1,DEL,BLR,DEL-BLR,AI,Air India,1,10659,INR,0,,13:00,13,15:55,15,False,175,175,0,Airbus A320neo,142.0,120.0
2026-10-09,2026-10-09 16:27,2026-10-10,1,DEL,BLR,DEL-BLR,IX,Air India Express,1,11704,INR,0,,10:25,10,13:20,13,False,175,175,0,Boeing 737MAX 8 Passenger,142.0,120.0
2026-10-09,2026-10-09 16:27,2026-10-12,3,DEL,BLR,DEL-BLR,IX,Air India Express,1,9276,INR,0,,21:00,21,00:05,0,True,185,185,0,Airbus A320neo,134.0,120.0
2026-10-09,2026-10-09 16:27,2026-10-12,3,DEL,BLR,DEL-BLR,AI,Air India,1,9304,INR,0,,16:30,16,19:15,19,False,165,165,0,Airbus A320neo,142.0,120.0
2026-10-09,2026-10-09 16:27,2026-10-12,3,DEL,BLR,DEL-BLR,AI,Air India,1,9304,INR,0,,18:00,18,20:55,20,False,175,175,0,Airbus A320neo,142.0,120.0
2026-10-09,2026-10-09 16:27,2026-10-12,3,DEL,BLR,DEL-BLR,AI,Air India,1,9304,INR,0,,18:30,18,21:25,21,False,175,175,0,Airbus A320neo,142.0,120.0
2026-10-09,2026-10-09 16:27,2026-10-12,3,DEL,BLR,DEL-BLR,AI,Air India,1,9304,INR,0,,21:30,21,00:25,0,True,175,175,0,Airbus A320neo,142.0,120.0
2026-10-09,2026-10-09 16:27,2026-10-12,3,DEL,BLR,DEL-BLR,AI,Air India,1,9451,INR,0,,19:30,19,22:20,22,False,170,170,0,Airbus A320neo,142.0,120.0
2026-10-09,2026-10-09 16:27,2026-10-12,3,DEL,BLR,DEL-BLR,AI,Air India,1,9598,INR,0,,10:30,10,13:20,13,False,170,170,0,Airbus A320neo,142.0,120.0
2026-10-09,2026-10-09 16:27,2026-10-12,3,DEL,BLR,DEL-BLR,AI,Air India,1,9598,INR,0,,15:00,15,17:55,17,False,175,175,0,Airbus A320neo,142.0,120.0
2026-10-09,2026-10-09 16:27,2026-10-12,3,DEL,BLR,DEL-BLR,AI,Air India,1,9672,INR,0,,19:00,19,21:55,21,False,175,175,0,Airbus A320neo,142.0,120.0
2026-10-09,2026-10-09 16:27,2026-10-12,3,DEL,BLR,DEL-BLR,QP,Akasa Air,1,10071,INR,0,,16:40,16,19:40,19,False,180,180,0,Boeing 737MAX 8 Passenger,119.0,120.0
2026-10-09,2026-10-09 16:27,2026-10-12,3,DEL,BLR,DEL-BLR,QP,Akasa Air,1,10071,INR,0,,20:50,20,23:45,23,False,175,175,0,Boeing 737MAX 8 Passenger,125.0,120.0
2026-10-09,2026-10-09 16:27,2026-10-12,3,DEL,BLR,DEL-BLR,QP,Akasa Air,1,10071,INR,0,,21:55,21,00:50,0,True,175,175,0,Boeing 737MAX 8 Passenger,124.0,120.0
2026-10-09,2026-10-09 16:27,2026-10-12,3,DEL,BLR,DEL-BLR,QP,Akasa Air,1,10071,INR,0,,22:55,22,01:45,1,True,170,170,0,Boeing 737MAX 8 Passenger,124.0,120.0
2026-10-09,2026-10-09 16:27,2026-10-12,3,DEL,BLR,DEL-BLR,AI,Air India,1,10150,INR,0,,04:30,4,07:20,7,False,170,170,0,Airbus A320neo,142.0,120.0
2026-10-09,2026-10-09 16:27,2026-10-12,3,DEL,BLR,DEL-BLR,AI,Air India,1,10659,INR,0,,13:00,13,15:55,15,False,175,175,0,Airbus A320neo,142.0,120.0
2026-10-09,2026-10-09 16:27,2026-10-12,3,DEL,BLR,DEL-BLR,AI,Air India,1,12087,INR,0,,09:30,9,12:25,12,False,175,175,0,Airbus A320neo,142.0,120.0
2026-10-09,2026-10-09 16:27,2026-10-12,3,DEL,BLR,DEL-BLR,AI,Air India,1,15851,INR,0,,08:30,8,11:20,11,False,170,170,0,Boeing 787,143.0,120.0
2026-10-09,2026-10-09 16:27,2026-10-12,3,DEL,BLR,DEL-BLR,AI,Air India,1,22125,INR,0,,06:30,6,09:25,9,False,175,175,0,Airbus A320neo,142.0,120.0
2026-10-09,2026-10-09 16:27,2026-10-16,7,DEL,BLR,DEL-BLR,IX,Air India Express,1,9628,INR,1,LKO,06:00,6,12:20,12,False,380,245,135,Airbus A320neo | Boeing 737MAX 8 Passenger,183.0,120.0
2026-10-09,2026-10-09 16:27,2026-10-16,7,DEL,BLR,DEL-BLR,6E,IndiGo,1,9975,INR,1,LKO,11:10,11,16:10,16,False,300,225,75,Airbus A321neo | Airbus A321neo,153.0,120.0
2026-10-09,2026-10-09 16:27,2026-10-16,7,DEL,BLR,DEL-BLR,IX,Air India Express,1,10269,INR,0,,22:00,22,00:55,0,True,175,175,0,Boeing 737MAX 8 Passenger,142.0,120.0
2026-10-09,2026-10-09 16:27,2026-10-16,7,DEL,BLR,DEL-BLR,AI,Air India,1,10417,INR,0,,00:15,0,03:10,3,False,175,175,0,Airbus A320neo,142.0,120.0
2026-10-09,2026-10-09 16:27,2026-10-16,7,DEL,BLR,DEL-BLR,AI,Air India,1,10417,INR,0,,04:30,4,07:20,7,False,170,170,0,Airbus A320neo,142.0,120.0
2026-10-09,2026-10-09 16:27,2026-10-16,7,DEL,BLR,DEL-BLR,AI,Air India,1,10417,INR,0,,06:30,6,09:25,9,False,175,175,0,Airbus A320neo,142.0,120.0
2026-10-09,2026-10-09 16:27,2026-10-16,7,DEL,BLR,DEL-BLR,AI,Air India,1,10417,INR,0,,07:00,7,09:55,9,False,175,175,0,Airbus A321,180.0,120.0
2026-10-09,2026-10-09 16:27,2026-10-16,7,DEL,BLR,DEL-BLR,AI,Air India,1,10417,INR,0,,08:30,8,11:20,11,False,170,170,0,Boeing 787,143.0,120.0
2026-10-09,2026-10-09 16:27,2026-10-16,7,DEL,BLR,DEL-BLR,AI,Air India,1,10417,INR,0,,09:30,9,12:25,12,False,175,175,0,Airbus A320neo,142.0,120.0
2026-10-09,2026-10-09 16:27,2026-10-16,7,DEL,BLR,DEL-BLR,QP,Akasa Air,1,10716,INR,0,,16:40,16,19:40,19,False,180,180,0,Boeing 737MAX 8 Passenger,125.0,120.0
2026-10-09,2026-10-09 16:27,2026-10-16,7,DEL,BLR,DEL-BLR,QP,Akasa Air,1,10716,INR,0,,21:55,21,00:50,0,True,175,175,0,Boeing 737MAX 8 Passenger,124.0,120.0
2026-10-09,2026-10-09 16:27,2026-10-16,7,DEL,BLR,DEL-BLR,QP,Akasa Air,1,10886,INR,0,,22:55,22,01:45,1,True,170,170,0,Boeing 737MAX 8 Passenger,124.0,120.0
2026-10-09,2026-10-09 16:27,2026-10-16,7,DEL,BLR,DEL-BLR,AI,Air India,1,11000,INR,0,,13:00,13,15:55,15,False,175,175,0,Airbus A320neo,142.0,120.0
2026-10-09,2026-10-09 16:27,2026-10-16,7,DEL,BLR,DEL-BLR,AI,Air India,1,11488,INR,0,,15:00,15,17:55,17,False,175,175,0,Airbus A320neo,142.0,120.0
2026-10-09,2026-10-09 16:27,2026-10-16,7,DEL,BLR,DEL-BLR,AI,Air India,1,11578,INR,0,,21:30,21,00:25,0,True,175,175,0,Airbus A320neo,142.0,120.0
2026-10-09,2026-10-09 16:27,2026-10-16,7,DEL,BLR,DEL-BLR,QP,Akasa Air,1,12175,INR,0,,20:50,20,23:45,23,False,175,175,0,Boeing 737MAX 8 Passenger,119.0,120.0
2026-10-09,2026-10-09 16:27,2026-10-16,7,DEL,BLR,DEL-BLR,AI,Air India,1,12328,INR,0,,16:00,16,18:45,18,False,165,165,0,Airbus A321,180.0,120.0
2026-10-09,2026-10-09 16:27,2026-10-16,7,DEL,BLR,DEL-BLR,AI,Air India,1,12328,INR,0,,16:30,16,19:15,19,False,165,165,0,Airbus A320neo,142.0,120.0
2026-10-09,2026-10-09 16:27,2026-10-16,7,DEL,BLR,DEL-BLR,AI,Air India,1,12885,INR,0,,18:00,18,20:55,20,False,175,175,0,Airbus A320neo,142.0,120.0
2026-10-09,2026-10-09 16:27,2026-10-16,7,DEL,BLR,DEL-BLR,AI,Air India,1,13819,INR,0,,19:00,19,21:55,21,False,175,175,0,Airbus A320neo,142.0,120.0
2026-10-09,2026-10-09 16:27,2026-10-16,7,DEL,BLR,DEL-BLR,AI,Air India,1,15578,INR,0,,18:30,18,21:25,21,False,175,175,0,Airbus A321,180.0,120.0
2026-10-09,2026-10-09 16:27,2026-10-16,7,DEL,BLR,DEL-BLR,AI,Air India,1,15851,INR,0,,19:30,19,22:20,22,False,170,170,0,Airbus A320neo,142.0,120.0
2026-10-09,2026-10-09 16:27,2026-10-23,14,DEL,BLR,DEL-BLR,AI,Air India,1,10417,INR,0,,00:15,0,03:10,3,False,175,175,0,Airbus A320neo,142.0,120.0
2026-10-09,2026-10-09 16:27,2026-10-23,14,DEL,BLR,DEL-BLR,AI,Air India,1,10417,INR,0,,06:30,6,09:25,9,False,175,175,0,Airbus A320neo,142.0,120.0
2026-10-09,2026-10-09 16:27,2026-10-23,14,DEL,BLR,DEL-BLR,AI,Air India,1,10417,INR,0,,07:00,7,09:55,9,False,175,175,0,Airbus A321,180.0,120.0
2026-10-09,2026-10-09 16:27,2026-10-23,14,DEL,BLR,DEL-BLR,IX,Air India Express,1,10755,INR,1,PNQ,04:40,4,16:40,16,False,720,235,485,Boeing 737MAX 8 Passenger | Boeing 737MAX 8 Passenger,182.0,120.0
2026-10-09,2026-10-09 16:27,2026-10-23,14,DEL,BLR,DEL-BLR,QP,Akasa Air,1,10886,INR,0,,22:55,22,01:45,1,True,170,170,0,Boeing 737MAX 8 Passenger,124.0,120.0
2026-10-09,2026-10-09 16:27,2026-10-23,14,DEL,BLR,DEL-BLR,QP,Akasa Air,1,11417,INR,0,,21:55,21,00:50,0,True,175,175,0,Boeing 737MAX 8 Passenger,124.0,120.0
2026-10-09,2026-10-09 16:27,2026-10-23,14,DEL,BLR,DEL-BLR,QP,Akasa Air,1,11600,INR,0,,20:50,20,23:45,23,False,175,175,0,Boeing 737MAX 8 Passenger,122.0,120.0
2026-10-09,2026-10-09 16:27,2026-10-23,14,DEL,BLR,DEL-BLR,QP,Akasa Air,1,11789,INR,0,,14:10,14,16:55,16,False,165,165,0,Boeing 737MAX 8 Passenger,119.0,120.0
2026-10-09,2026-10-09 16:27,2026-10-23,14,DEL,BLR,DEL-BLR,AI,Air India,1,11803,INR,0,,08:30,8,11:20,11,False,170,170,0,Boeing 787,143.0,120.0
2026-10-09,2026-10-09 16:27,2026-10-23,14,DEL,BLR,DEL-BLR,AI,Air India,1,11803,INR,0,,09:30,9,12:25,12,False,175,175,0,Airbus A320neo,142.0,120.0
2026-10-09,2026-10-09 16:27,2026-10-23,14,DEL,BLR,DEL-BLR,AI,Air India,1,11803,INR,0,,10:30,10,13:20,13,False,170,170,0,Airbus A320neo,142.0,120.0
2026-10-09,2026-10-09 16:27,2026-10-23,14,DEL,BLR,DEL-BLR,AI,Air India,1,11998,INR,0,,13:00,13,15:55,15,False,175,175,0,Airbus A320neo,142.0,120.0
2026-10-09,2026-10-09 16:27,2026-10-23,14,DEL,BLR,DEL-BLR,AI,Air India,1,11998,INR,0,,15:00,15,17:55,17,False,175,175,0,Airbus A320neo,142.0,120.0
2026-10-09,2026-10-09 16:27,2026-10-23,14,DEL,BLR,DEL-BLR,AI,Air India,1,12097,INR,0,,21:30,21,00:25,0,True,175,175,0,Airbus A320neo,142.0,120.0
2026-10-09,2026-10-09 16:27,2026-10-23,14,DEL,BLR,DEL-BLR,AI,Air India,1,12328,INR,0,,16:00,16,18:45,18,False,165,165,0,Airbus A321,180.0,120.0
2026-10-09,2026-10-09 16:27,2026-10-23,14,DEL,BLR,DEL-BLR,AI,Air India,1,12328,INR,0,,16:30,16,19:15,19,False,165,165,0,Airbus A320neo,142.0,120.0
2026-10-09,2026-10-09 16:27,2026-10-23,14,DEL,BLR,DEL-BLR,AI,Air India,1,12328,INR,0,,19:00,19,21:55,21,False,175,175,0,Airbus A320neo,142.0,120.0
2026-10-09,2026-10-09 16:27,2026-10-23,14,DEL,BLR,DEL-BLR,IX,Air India Express,1,12367,INR,0,,22:00,22,00:55,0,True,175,175,0,Boeing 737MAX 8 Passenger,142.0,120.0
2026-10-09,2026-10-09 16:27,2026-10-23,14,DEL,BLR,DEL-BLR,AI,Air India,1,12538,INR,0,,19:30,19,22:20,22,False,170,170,0,Airbus A320neo,142.0,120.0
2026-10-09,2026-10-09 16:27,2026-10-23,14,DEL,BLR,DEL-BLR,AI,Air India,1,12885,INR,0,,18:00,18,20:55,20,False,175,175,0,Airbus A320neo,142.0,120.0
2026-10-09,2026-10-09 16:27,2026-10-30,21,DEL,BLR,DEL-BLR,QP,Akasa Air,1,10071,INR,0,,08:45,8,11:40,11,False,175,175,0,Boeing 737MAX 8 Passenger,125.0,120.0
2026-10-09,2026-10-09 16:27,2026-10-30,21,DEL,BLR,DEL-BLR,QP,Akasa Air,1,10071,INR,0,,19:05,19,22:00,22,False,175,175,0,Boeing 737MAX 8 Passenger,119.0,120.0
2026-10-09,2026-10-09 16:27,2026-10-30,21,DEL,BLR,DEL-BLR,QP,Akasa Air,1,10071,INR,0,,22:55,22,02:00,2,True,185,185,0,Boeing 737MAX 8 Passenger,125.0,120.0
2026-10-09,2026-10-09 16:27,2026-10-30,21,DEL,BLR,DEL-BLR,QP,Akasa Air,1,10229,INR,0,,20:50,20,23:40,23,False,170,170,0,Boeing 737MAX 8 Passenger,125.0,120.0
2026-10-09,2026-10-09 16:27,2026-10-30,21,DEL,BLR,DEL-BLR,IX,Air India Express,1,10258,INR,1,LKO,06:55,6,16:20,16,False,565,230,335,Boeing 737MAX 8 Passenger | Boeing 737MAX 8 Passenger,181.0,120.0
2026-10-09,2026-10-09 16:27,2026-10-30,21,DEL,BLR,DEL-BLR,IX,Air India Express,1,10384,INR,0,,07:30,7,10:25,10,False,175,175,0,Boeing 737MAX 8 Passenger,142.0,120.0
2026-10-09,2026-10-09 16:27,2026-10-30,21,DEL,BLR,DEL-BLR,IX,Air India Express,1,10384,INR,0,,08:35,8,11:35,11,False,180,180,0,Boeing 737MAX 8 Passenger,142.0,120.0
2026-10-09,2026-10-09 16:27,2026-10-30,21,DEL,BLR,DEL-BLR,IX,Air India Express,1,10384,INR,0,,21:10,21,00:10,0,True,180,180,0,Airbus A320neo,139.0,120.0
2026-10-09,2026-10-09 16:27,2026-10-30,21,DEL,BLR,DEL-BLR,AI,Air India,1,10417,INR,0,,00:15,0,03:05,3,False,170,170,0,Airbus A320neo,142.0,120.0
2026-10-09,2026-10-09 16:27,2026-10-30,21,DEL,BLR,DEL-BLR,AI,Air India,1,10669,INR,0,,21:30,21,00:25,0,True,175,175,0,Airbus A320neo,142.0,120.0
2026-10-09,2026-10-09 16:27,2026-10-30,21,DEL,BLR,DEL-BLR,AI,Air India,1,10822,INR,0,,07:30,7,10:20,10,False,170,170,0,Airbus A320neo,142.0,120.0
2026-10-09,2026-10-09 16:27,2026-10-30,21,DEL,BLR,DEL-BLR,AI,Air India,1,10822,INR,0,,09:30,9,12:20,12,False,170,170,0,Airbus A320neo,142.0,120.0
2026-10-09,2026-10-09 16:27,2026-10-30,21,DEL,BLR,DEL-BLR,AI,Air India,1,10822,INR,0,,22:00,22,00:55,0,True,175,175,0,Airbus A320neo,142.0,120.0
2026-10-09,2026-10-09 16:27,2026-10-30,21,DEL,BLR,DEL-BLR,SG,SpiceJet,1,10958,INR,0,,20:50,20,23:40,23,False,170,170,0,Airbus A321,151.0,120.0
2026-10-09,2026-10-09 16:27,2026-10-30,21,DEL,BLR,DEL-BLR,AI,Air India,1,11000,INR,0,,12:00,12,14:45,14,False,165,165,0,Airbus A320neo,142.0,120.0
2026-10-09,2026-10-09 16:27,2026-10-30,21,DEL,BLR,DEL-BLR,AI,Air India,1,11299,INR,0,,10:55,10,13:50,13,False,175,175,0,Airbus A320neo,142.0,120.0
2026-10-09,2026-10-09 16:27,2026-10-30,21,DEL,BLR,DEL-BLR,AI,Air India,1,11299,INR,0,,13:00,13,15:50,15,False,170,170,0,Airbus A320neo,142.0,120.0
2026-10-09,2026-10-09 16:27,2026-10-30,21,DEL,BLR,DEL-BLR,AI,Air India,1,11299,INR,0,,19:25,19,22:15,22,False,170,170,0,Airbus A320neo,142.0,120.0
2026-10-09,2026-10-09 16:27,2026-10-30,21,DEL,BLR,DEL-BLR,AI,Air India,1,11488,INR,0,,20:30,20,23:25,23,False,175,175,0,Airbus A320neo,142.0,120.0
2026-10-09,2026-10-09 16:27,2026-10-30,21,DEL,BLR,DEL-BLR,AI,Air India,1,11998,INR,0,,15:00,15,17:45,17,False,165,165,0,Airbus A320neo,142.0,120.0
2026-10-09,2026-10-09 16:27,2026-10-30,21,DEL,BLR,DEL-BLR,AI,Air India,1,12328,INR,0,,18:00,18,20:50,20,False,170,170,0,Airbus A320neo,142.0,120.0
2026-10-09,2026-10-09 16:27,2026-10-30,21,DEL,BLR,DEL-BLR,AI,Air India,1,12885,INR,0,,06:00,6,08:50,8,False,170,170,0,Airbus A321,180.0,120.0
2026-10-09,2026-10-09 16:27,2026-11-08,30,DEL,BLR,DEL-BLR,QP,Akasa Air,1,10071,INR,0,,08:45,8,11:40,11,False,175,175,0,Boeing 737MAX 8 Passenger,122.0,120.0
2026-10-09,2026-10-09 16:27,2026-11-08,30,DEL,BLR,DEL-BLR,QP,Akasa Air,1,10071,INR,0,,17:35,17,20:25,20,False,170,170,0,Boeing 737MAX 8 Passenger,121.0,120.0
2026-10-09,2026-10-09 16:27,2026-11-08,30,DEL,BLR,DEL-BLR,AI,Air India,1,10465,INR,0,,06:00,6,08:50,8,False,170,170,0,Airbus A321,176.0,120.0
2026-10-09,2026-10-09 16:27,2026-11-08,30,DEL,BLR,DEL-BLR,SG,SpiceJet,1,10510,INR,0,,06:30,6,09:25,9,False,175,175,0,Boeing 737,138.0,120.0
2026-10-09,2026-10-09 16:27,2026-11-08,30,DEL,BLR,DEL-BLR,SG,SpiceJet,1,10510,INR,0,,20:50,20,23:40,23,False,170,170,0,Airbus A321,148.0,120.0
2026-10-09,2026-10-09 16:27,2026-11-08,30,DEL,BLR,DEL-BLR,AI,Air India,1,10549,INR,0,,00:15,0,03:05,3,False,170,170,0,Airbus A320neo,139.0,120.0
2026-10-09,2026-10-09 16:27,2026-11-08,30,DEL,BLR,DEL-BLR,AI,Air India,1,10633,INR,0,,08:35,8,11:10,11,False,155,155,0,Boeing 787,140.0,120.0
2026-10-09,2026-10-09 16:27,2026-11-08,30,DEL,BLR,DEL-BLR,AI,Air India,1,10717,INR,0,,20:30,20,23:25,23,False,175,175,0,Airbus A320neo,139.0,120.0
2026-10-09,2026-10-09 16:27,2026-11-08,30,DEL,BLR,DEL-BLR,AI,Air India,1,10885,INR,0,,10:55,10,13:50,13,False,175,175,0,Airbus A320neo,139.0,120.0
2026-10-09,2026-10-09 16:27,2026-11-08,30,DEL,BLR,DEL-BLR,AI,Air India,1,10885,INR,0,,18:00,18,20:50,20,False,170,170,0,Airbus A320neo,139.0,120.0
2026-10-09,2026-10-09 16:27,2026-11-08,30,DEL,BLR,DEL-BLR,AI,Air India,1,10885,INR,0,,19:25,19,22:15,22,False,170,170,0,Airbus A320neo,139.0,120.0
2026-10-09,2026-10-09 16:27,2026-11-08,30,DEL,BLR,DEL-BLR,AI,Air India,1,10885,INR,0,,21:30,21,00:25,0,True,175,175,0,Airbus A320neo,139.0,120.0
2026-10-09,2026-10-09 16:27,2026-11-08,30,DEL,BLR,DEL-BLR,AI,Air India,1,10885,INR,0,,22:00,22,00:55,0,True,175,175,0,Airbus A320neo,139.0,120.0
2026-10-09,2026-10-09 16:27,2026-11-08,30,DEL,BLR,DEL-BLR,AI,Air India,1,11320,INR,0,,09:30,9,12:20,12,False,170,170,0,Airbus A320neo,139.0,120.0
2026-10-09,2026-10-09 16:27,2026-11-08,30,DEL,BLR,DEL-BLR,AI,Air India,1,11499,INR,0,,15:00,15,17:45,17,False,165,165,0,Airbus A320neo,139.0,120.0
2026-10-09,2026-10-09 16:27,2026-11-08,30,DEL,BLR,DEL-BLR,AI,Air India,1,11819,INR,0,,13:00,13,15:50,15,False,170,170,0,Airbus A320neo,139.0,120.0
2026-10-09,2026-10-09 16:27,2026-11-08,30,DEL,BLR,DEL-BLR,AI,Air India,1,12008,INR,0,,12:00,12,14:45,14,False,165,165,0,Airbus A320neo,139.0,120.0
2026-10-09,2026-10-09 16:27,2026-11-08,30,DEL,BLR,DEL-BLR,IX,Air India Express,1,12367,INR,0,,07:30,7,10:25,10,False,175,175,0,Boeing 737MAX 8 Passenger,138.0,120.0
2026-10-09,2026-10-09 16:27,2026-11-08,30,DEL,BLR,DEL-BLR,IX,Air India Express,1,12367,INR,0,,08:35,8,11:35,11,False,180,180,0,Boeing 737MAX 8 Passenger,138.0,120.0
2026-10-09,2026-10-09 16:27,2026-11-08,30,DEL,BLR,DEL-BLR,IX,Air India Express,1,12367,INR,0,,21:10,21,00:10,0,True,180,180,0,Airbus A320neo,134.0,120.0
2026-10-09,2026-10-09 16:27,2026-11-23,45,DEL,BLR,DEL-BLR,AI,Air India,1,11352,INR,0,,21:30,21,00:25,0,True,175,175,0,Airbus A320neo,139.0,120.0
2026-10-09,2026-10-09 16:27,2026-11-23,45,DEL,BLR,DEL-BLR,SG,SpiceJet,1,11488,INR,0,,06:30,6,09:25,9,False,175,175,0,Boeing 737,138.0,120.0
2026-10-09,2026-10-09 16:27,2026-11-23,45,DEL,BLR,DEL-BLR,QP,Akasa Air,1,12175,INR,0,,17:35,17,20:25,20,False,170,170,0,Boeing 737MAX 8 Passenger,121.0,120.0
2026-10-09,2026-10-09 16:27,2026-11-23,45,DEL,BLR,DEL-BLR,AI,Air India,1,12349,INR,0,,12:00,12,14:45,14,False,165,165,0,Airbus A320neo,139.0,120.0
2026-10-09,2026-10-09 16:27,2026-11-23,45,DEL,BLR,DEL-BLR,QP,Akasa Air,1,12374,INR,0,,19:05,19,22:00,22,False,175,175,0,Boeing 737MAX 8 Passenger,116.0,120.0
2026-10-09,2026-10-09 16:27,2026-11-23,45,DEL,BLR,DEL-BLR,QP,Akasa Air,1,12374,INR,0,,20:50,20,23:40,23,False,170,170,0,Boeing 737MAX 8 Passenger,122.0,120.0
2026-10-09,2026-10-09 16:27,2026-11-23,45,DEL,BLR,DEL-BLR,AI,Air India,1,12381,INR,0,,13:00,13,15:50,15,False,170,170,0,Airbus A320neo,139.0,120.0
2026-10-09,2026-10-09 16:27,2026-11-23,45,DEL,BLR,DEL-BLR,QP,Akasa Air,1,12576,INR,0,,08:45,8,11:40,11,False,175,175,0,Boeing 737MAX 8 Passenger,122.0,120.0
2026-10-09,2026-10-09 16:27,2026-11-23,45,DEL,BLR,DEL-BLR,AI,Air India,1,12591,INR,0,,20:30,20,23:25,23,False,175,175,0,Airbus A320neo,139.0,120.0
2026-10-09,2026-10-09 16:27,2026-11-23,45,DEL,BLR,DEL-BLR,AI,Air India,1,12937,INR,0,,18:00,18,20:50,20,False,170,170,0,Airbus A320neo,139.0,120.0
2026-10-09,2026-10-09 16:27,2026-11-23,45,DEL,BLR,DEL-BLR,AI,Air India,1,13378,INR,0,,10:55,10,13:50,13,False,175,175,0,Airbus A320neo,139.0,120.0
2026-10-09,2026-10-09 16:27,2026-11-23,45,DEL,BLR,DEL-BLR,AI,Air India,1,14113,INR,0,,08:35,8,11:10,11,False,155,155,0,Boeing 787,140.0,120.0
2026-10-09,2026-10-09 16:27,2026-11-23,45,DEL,BLR,DEL-BLR,AI,Air India,1,14113,INR,0,,09:30,9,12:20,12,False,170,170,0,Airbus A320neo,139.0,120.0
2026-10-09,2026-10-09 16:27,2026-11-23,45,DEL,BLR,DEL-BLR,IX,Air India Express,1,14129,INR,0,,21:10,21,00:10,0,True,180,180,0,Airbus A320neo,134.0,120.0
2026-10-09,2026-10-09 16:27,2026-11-23,45,DEL,BLR,DEL-BLR,AI,Air India,1,14229,INR,0,,06:00,6,08:50,8,False,170,170,0,Airbus A321,176.0,120.0
2026-10-09,2026-10-09 16:27,2026-11-23,45,DEL,BLR,DEL-BLR,AI,Air India,1,14350,INR,0,,15:00,15,17:45,17,False,165,165,0,Airbus A320neo,139.0,120.0
2026-10-09,2026-10-09 16:27,2026-11-23,45,DEL,BLR,DEL-BLR,AI,Air India,1,14470,INR,0,,00:15,0,03:05,3,False,170,170,0,Airbus A320neo,139.0,120.0
2026-10-09,2026-10-09 16:27,2026-11-23,45,DEL,BLR,DEL-BLR,AI,Air India,1,14470,INR,0,,07:30,7,10:20,10,False,170,170,0,Airbus A320neo,139.0,120.0
2026-10-09,2026-10-09 16:27,2026-11-23,45,DEL,BLR,DEL-BLR,AI,Air India,1,14470,INR,0,,19:25,19,22:15,22,False,170,170,0,Airbus A320neo,139.0,120.0
2026-10-09,2026-10-09 16:27,2026-11-23,45,DEL,BLR,DEL-BLR,IX,Air India Express,1,16191,INR,0,,07:30,7,10:25,10,False,175,175,0,Boeing 737MAX 8 Passenger,138.0,120.0
2026-10-09,2026-10-09 16:27,2026-12-08,60,DEL,BLR,DEL-BLR,IX,Air India Express,1,10479,INR,1,NMI,05:30,5,19:10,19,False,820,235,585,Boeing 737MAX 8 Passenger | Boeing 737MAX 8 Passenger,176.0,120.0
2026-10-09,2026-10-09 16:27,2026-12-08,60,DEL,BLR,DEL-BLR,SG,SpiceJet,1,10510,INR,0,,06:30,6,09:25,9,False,175,175,0,Boeing 737,136.0,120.0
2026-10-09,2026-10-09 16:27,2026-12-08,60,DEL,BLR,DEL-BLR,6E,IndiGo,1,10856,INR,1,IXU,17:15,17,21:45,21,False,270,200,70,Airbus A321neo | Airbus A320neo,138.0,120.0
2026-10-09,2026-10-09 16:27,2026-12-08,60,DEL,BLR,DEL-BLR,QP,Akasa Air,1,11238,INR,0,,17:35,17,20:25,20,False,170,170,0,Boeing 737MAX 8 Passenger,119.0,120.0
2026-10-09,2026-10-09 16:27,2026-12-08,60,DEL,BLR,DEL-BLR,QP,Akasa Air,1,11238,INR,0,,22:55,22,02:00,2,True,185,185,0,Boeing 737MAX 8 Passenger,119.0,120.0
2026-10-09,2026-10-09 16:27,2026-12-08,60,DEL,BLR,DEL-BLR,QP,Akasa Air,1,11417,INR,0,,08:45,8,11:40,11,False,175,175,0,Boeing 737MAX 8 Passenger,119.0,120.0
2026-10-09,2026-10-09 16:27,2026-12-08,60,DEL,BLR,DEL-BLR,AI,Air India,1,11856,INR,0,,21:30,21,00:25,0,True,175,175,0,Airbus A320neo,135.0,120.0
2026-10-09,2026-10-09 16:27,2026-12-08,60,DEL,BLR,DEL-BLR,QP,Akasa Air,1,11979,INR,0,,19:05,19,22:00,22,False,175,175,0,Boeing 737MAX 8 Passenger,114.0,120.0
2026-10-09,2026-10-09 16:27,2026-12-08,60,DEL,BLR,DEL-BLR,IX,Air India Express,1,12315,INR,0,,07:30,7,10:25,10,False,175,175,0,Boeing 737MAX 8 Passenger,134.0,120.0
2026-10-09,2026-10-09 16:27,2026-12-08,60,DEL,BLR,DEL-BLR,IX,Air India Express,1,12315,INR,0,,21:10,21,00:10,0,True,180,180,0,Airbus A320neo,131.0,120.0
2026-10-09,2026-10-09 16:27,2026-12-08,60,DEL,BLR,DEL-BLR,AI,Air India,1,12381,INR,0,,06:00,6,08:50,8,False,170,170,0,Airbus A321,171.0,120.0
2026-10-09,2026-10-09 16:27,2026-12-08,60,DEL,BLR,DEL-BLR,AI,Air India,1,12381,INR,0,,20:30,20,23:25,23,False,175,175,0,Airbus A320neo,135.0,120.0
2026-10-09,2026-10-09 16:27,2026-12-08,60,DEL,BLR,DEL-BLR,AI,Air India,1,12591,INR,0,,12:00,12,14:45,14,False,165,165,0,Airbus A320neo,135.0,120.0
2026-10-09,2026-10-09 16:27,2026-12-08,60,DEL,BLR,DEL-BLR,AI,Air India,1,12937,INR,0,,19:25,19,22:15,22,False,170,170,0,Airbus A320neo,135.0,120.0
2026-10-09,2026-10-09 16:27,2026-12-08,60,DEL,BLR,DEL-BLR,AI,Air India,1,13872,INR,0,,00:15,0,03:05,3,False,170,170,0,Airbus A320neo,135.0,120.0
2026-10-09,2026-10-09 16:27,2026-12-08,60,DEL,BLR,DEL-BLR,AI,Air India,1,13872,INR,0,,07:30,7,10:20,10,False,170,170,0,Airbus A320neo,135.0,120.0
2026-10-09,2026-10-09 16:27,2026-12-08,60,DEL,BLR,DEL-BLR,AI,Air India,1,13872,INR,0,,10:55,10,13:50,13,False,175,175,0,Airbus A320neo,135.0,120.0
2026-10-09,2026-10-09 16:27,2026-12-08,60,DEL,BLR,DEL-BLR,AI,Air India,1,13872,INR,0,,13:00,13,15:50,15,False,170,170,0,Airbus A320neo,135.0,120.0
2026-10-09,2026-10-09 16:27,2026-12-08,60,DEL,BLR,DEL-BLR,AI,Air India,1,13872,INR,0,,18:00,18,20:50,20,False,170,170,0,Airbus A320neo,135.0,120.0
2026-10-09,2026-10-09 16:27,2026-12-08,60,DEL,BLR,DEL-BLR,AI,Air India,1,14113,INR,0,,09:30,9,12:20,12,False,170,170,0,Airbus A320neo,135.0,120.0
2026-10-09,2026-10-09 16:27,2026-12-08,60,DEL,BLR,DEL-BLR,AI,Air India,1,14113,INR,0,,15:00,15,17:45,17,False,165,165,0,Airbus A320neo,135.0,120.0
2026-10-09,2026-10-09 16:27,2026-12-08,60,DEL,BLR,DEL-BLR,AI,Air India,1,15578,INR,0,,08:35,8,11:10,11,False,155,155,0,Boeing 787,136.0,120.0
2026-10-09,2026-10-09 16:27,2026-10-10,1,BOM,BLR,BOM-BLR,6E,IndiGo,1,6080,INR,1,GOI,05:00,5,08:30,8,False,210,140,70,Airbus A320neo | Airbus A320neo,100.0,70.0
2026-10-09,2026-10-09 16:27,2026-10-10,1,BOM,BLR,BOM-BLR,6E,IndiGo,1,6080,INR,1,GOI,16:40,16,20:25,20,False,225,165,60,Airbus A320 | Airbus A321neo,103.0,70.0
2026-10-09,2026-10-09 16:27,2026-10-10,1,BOM,BLR,BOM-BLR,QP,Akasa Air,1,6436,INR,0,,00:40,0,02:30,2,False,110,110,0,Boeing 737MAX 8 Passenger,73.0,70.0
2026-10-09,2026-10-09 16:27,2026-10-10,1,BOM,BLR,BOM-BLR,AI,Air India,1,6734,INR,0,,06:35,6,08:35,8,False,120,120,0,Airbus A320neo,83.0,70.0
2026-10-09,2026-10-09 16:27,2026-10-10,1,BOM,BLR,BOM-BLR,AI,Air India,1,7055,INR,0,,07:55,7,10:05,10,False,130,130,0,Airbus A320neo,83.0,70.0
2026-10-09,2026-10-09 16:27,2026-10-10,1,BOM,BLR,BOM-BLR,QP,Akasa Air,1,7117,INR,0,,19:40,19,21:35,21,False,115,115,0,Boeing 737MAX 8 Passenger,70.0,70.0
2026-10-09,2026-10-09 16:27,2026-10-10,1,BOM,BLR,BOM-BLR,AI,Air India,1,7270,INR,0,,19:45,19,21:50,21,False,125,125,0,Airbus A320neo,83.0,70.0
2026-10-09,2026-10-09 16:27,2026-10-10,1,BOM,BLR,BOM-BLR,AI,Air India,1,7270,INR,0,,20:45,20,22:45,22,False,120,120,0,Airbus A321,105.0,70.0
2026-10-09,2026-10-09 16:27,2026-10-10,1,BOM,BLR,BOM-BLR,AI,Air India,1,7333,INR,0,,10:00,10,12:05,12,False,125,125,0,Airbus A320neo,83.0,70.0
2026-10-09,2026-10-09 16:27,2026-10-10,1,BOM,BLR,BOM-BLR,AI,Air India,1,7333,INR,0,,18:30,18,20:35,20,False,125,125,0,Airbus A320neo,83.0,70.0
2026-10-09,2026-10-09 16:27,2026-10-10,1,BOM,BLR,BOM-BLR,AI,Air India,1,7391,INR,0,,12:00,12,14:05,14,False,125,125,0,Airbus A320neo,83.0,70.0
2026-10-09,2026-10-09 16:27,2026-10-10,1,BOM,BLR,BOM-BLR,AI,Air India,1,7391,INR,0,,15:25,15,17:35,17,False,130,130,0,Airbus A320neo,83.0,70.0
2026-10-09,2026-10-09 16:27,2026-10-10,1,BOM,BLR,BOM-BLR,AI,Air India,1,7506,INR,0,,17:30,17,19:35,19,False,125,125,0,Airbus A320neo,83.0,70.0
2026-10-09,2026-10-09 16:27,2026-10-12,3,BOM,BLR,BOM-BLR,AI,Air India,1,7049,INR,0,,05:30,5,07:35,7,False,125,125,0,Airbus A321,105.0,70.0
2026-10-09,2026-10-09 16:27,2026-10-12,3,BOM,BLR,BOM-BLR,QP,Akasa Air,1,7117,INR,0,,19:40,19,21:35,21,False,115,115,0,Boeing 737MAX 8 Passenger,74.0,70.0
2026-10-09,2026-10-09 16:27,2026-10-12,3,BOM,BLR,BOM-BLR,AI,Air India,1,7291,INR,0,,19:45,19,21:50,21,False,125,125,0,Airbus A320neo,83.0,70.0
2026-10-09,2026-10-09 16:27,2026-10-12,3,BOM,BLR,BOM-BLR,AI,Air India,1,7685,INR,0,,20:45,20,22:45,22,False,120,120,0,Airbus A320neo,83.0,70.0
2026-10-09,2026-10-09 16:27,2026-10-12,3,BOM,BLR,BOM-BLR,AI,Air India,1,7811,INR,0,,12:00,12,14:05,14,False,125,125,0,Airbus A320neo,83.0,70.0
2026-10-09,2026-10-09 16:27,2026-10-12,3,BOM,BLR,BOM-BLR,QP,Akasa Air,1,7894,INR,0,,21:45,21,23:35,23,False,110,110,0,Boeing 737MAX 8 Passenger,74.0,70.0
2026-10-09,2026-10-09 16:27,2026-10-12,3,BOM,BLR,BOM-BLR,AI,Air India,1,7931,INR,0,,15:25,15,17:35,17,False,130,130,0,Airbus A320neo,83.0,70.0
2026-10-09,2026-10-09 16:27,2026-10-12,3,BOM,BLR,BOM-BLR,AI,Air India,1,7931,INR,0,,18:30,18,20:35,20,False,125,125,0,Airbus A320neo,83.0,70.0
2026-10-09,2026-10-09 16:27,2026-10-12,3,BOM,BLR,BOM-BLR,AI,Air India,1,8372,INR,0,,17:30,17,19:35,19,False,125,125,0,Airbus A320neo,83.0,70.0
2026-10-09,2026-10-09 16:27,2026-10-12,3,BOM,BLR,BOM-BLR,6E,IndiGo,1,8570,INR,1,GOI,16:40,16,20:25,20,False,225,165,60,Airbus A320 | Airbus A321neo,103.0,70.0
2026-10-09,2026-10-09 16:27,2026-10-12,3,BOM,BLR,BOM-BLR,6E,IndiGo,1,10180,INR,1,GOI,05:00,5,08:25,8,False,205,135,70,Airbus A320neo | Airbus A320neo,100.0,70.0
2026-10-09,2026-10-09 16:27,2026-10-12,3,BOM,BLR,BOM-BLR,AI,Air India,1,10955,INR,0,,10:00,10,12:05,12,False,125,125,0,Airbus A320neo,83.0,70.0
2026-10-09,2026-10-09 16:27,2026-10-12,3,BOM,BLR,BOM-BLR,AI,Air India,1,19644,INR,0,,07:55,7,10:05,10,False,130,130,0,Airbus A320neo,83.0,70.0
2026-10-09,2026-10-09 16:27,2026-10-12,3,BOM,BLR,BOM-BLR,AI,Air India,1,20001,INR,0,,06:35,6,08:35,8,False,120,120,0,Airbus A320neo,83.0,70.0
2026-10-09,2026-10-09 16:27,2026-10-16,7,BOM,BLR,BOM-BLR,6E,IndiGo,1,6080,INR,1,GOI,05:00,5,08:25,8,False,205,135,70,Airbus A320neo | Airbus A320neo,100.0,70.0
2026-10-09,2026-10-09 16:27,2026-10-16,7,BOM,BLR,BOM-BLR,6E,IndiGo,1,6316,INR,1,GOX,09:15,9,13:35,13,False,260,155,105,Airbus A321neo | Airbus A321neo,90.0,70.0
2026-10-09,2026-10-09 16:27,2026-10-16,7,BOM,BLR,BOM-BLR,6E,IndiGo,1,6552,INR,1,NAG,16:55,16,21:20,21,False,265,200,65,Airbus A320neo | Airbus A320neo,138.0,70.0
2026-10-09,2026-10-09 16:27,2026-10-16,7,BOM,BLR,BOM-BLR,AI,Air India,1,7685,INR,0,,06:35,6,08:35,8,False,120,120,0,Airbus A320neo,83.0,70.0
2026-10-09,2026-10-09 16:27,2026-10-16,7,BOM,BLR,BOM-BLR,AI,Air India,1,8105,INR,0,,07:55,7,10:05,10,False,130,130,0,Airbus A320neo,83.0,70.0
2026-10-09,2026-10-09 16:27,2026-10-16,7,BOM,BLR,BOM-BLR,AI,Air India,1,8105,INR,0,,23:40,23,01:40,1,True,120,120,0,Airbus A321,109.0,70.0
2026-10-09,2026-10-09 16:27,2026-10-16,7,BOM,BLR,BOM-BLR,AI,Air India,1,8236,INR,0,,23:30,23,01:35,1,True,125,125,0,Airbus A320neo,83.0,70.0
2026-10-09,2026-10-09 16:27,2026-10-16,7,BOM,BLR,BOM-BLR,AI,Air India,1,8372,INR,0,,10:00,10,12:05,12,False,125,125,0,Airbus A320neo,83.0,70.0
2026-10-09,2026-10-09 16:27,2026-10-16,7,BOM,BLR,BOM-BLR,AI,Air India,1,8551,INR,0,,12:00,12,14:05,14,False,125,125,0,Airbus A320neo,83.0,70.0
2026-10-09,2026-10-09 16:27,2026-10-16,7,BOM,BLR,BOM-BLR,AI,Air India,1,8551,INR,0,,15:25,15,17:35,17,False,130,130,0,Airbus A320neo,83.0,70.0
2026-10-09,2026-10-09 16:27,2026-10-16,7,BOM,BLR,BOM-BLR,QP,Akasa Air,1,10564,INR,0,,21:45,21,23:35,23,False,110,110,0,Boeing 737MAX 8 Passenger,74.0,70.0
2026-10-09,2026-10-09 16:27,2026-10-16,7,BOM,BLR,BOM-BLR,AI,Air India,1,10955,INR,0,,17:30,17,19:35,19,False,125,125,0,Airbus A320neo,83.0,70.0
2026-10-09,2026-10-09 16:27,2026-10-16,7,BOM,BLR,BOM-BLR,AI,Air India,1,11045,INR,0,,19:45,19,21:50,21,False,125,125,0,Airbus A320neo,83.0,70.0
2026-10-09,2026-10-09 16:27,2026-10-16,7,BOM,BLR,BOM-BLR,AI,Air India,1,11045,INR,0,,20:45,20,22:45,22,False,120,120,0,Airbus A320neo,83.0,70.0
2026-10-09,2026-10-09 16:27,2026-10-16,7,BOM,BLR,BOM-BLR,AI,Air India,1,11139,INR,0,,18:30,18,20:35,20,False,125,125,0,Airbus A320neo,83.0,70.0
2026-10-09,2026-10-09 16:27,2026-10-16,7,BOM,BLR,BOM-BLR,QP,Akasa Air,1,12302,INR,0,,19:40,19,21:35,21,False,115,115,0,Boeing 737MAX 8 Passenger,70.0,70.0
2026-10-09,2026-10-09 16:27,2026-10-23,14,BOM,BLR,BOM-BLR,6E,IndiGo,1,6552,INR,1,NAG,16:55,16,21:20,21,False,265,200,65,Airbus A320neo | Airbus A320neo,138.0,70.0
2026-10-09,2026-10-09 16:27,2026-10-23,14,BOM,BLR,BOM-BLR,AI,Air India,1,6939,INR,0,,02:05,2,04:10,4,False,125,125,0,Airbus A320neo,83.0,70.0
2026-10-09,2026-10-09 16:27,2026-10-23,14,BOM,BLR,BOM-BLR,SG,SpiceJet,1,7066,INR,0,,16:10,16,18:10,18,False,120,120,0,Airbus A321,89.0,70.0
2026-10-09,2026-10-09 16:27,2026-10-23,14,BOM,BLR,BOM-BLR,SG,SpiceJet,1,7582,INR,0,,20:50,20,22:55,22,False,125,125,0,Boeing 737,83.0,70.0
2026-10-09,2026-10-09 16:27,2026-10-23,14,BOM,BLR,BOM-BLR,AI,Air India,1,7685,INR,0,,06:35,6,08:35,8,False,120,120,0,Airbus A320neo,83.0,70.0
2026-10-09,2026-10-09 16:27,2026-10-23,14,BOM,BLR,BOM-BLR,AI,Air India,1,7685,INR,0,,07:55,7,10:05,10,False,130,130,0,Airbus A320neo,83.0,70.0
2026-10-09,2026-10-09 16:27,2026-10-23,14,BOM,BLR,BOM-BLR,AI,Air India,1,7931,INR,0,,17:30,17,19:35,19,False,125,125,0,Airbus A320neo,83.0,70.0
2026-10-09,2026-10-09 16:27,2026-10-23,14,BOM,BLR,BOM-BLR,AI,Air India,1,8372,INR,0,,10:00,10,12:05,12,False,125,125,0,Airbus A320neo,83.0,70.0
2026-10-09,2026-10-09 16:27,2026-10-23,14,BOM,BLR,BOM-BLR,AI,Air India,1,8441,INR,0,,19:45,19,21:50,21,False,125,125,0,Airbus A320neo,83.0,70.0
2026-10-09,2026-10-09 16:27,2026-10-23,14,BOM,BLR,BOM-BLR,QP,Akasa Air,1,8475,INR,0,,20:05,20,21:55,21,False,110,110,0,Boeing 737MAX 8 Passenger,70.0,70.0
2026-10-09,2026-10-09 16:27,2026-10-23,14,BOM,BLR,BOM-BLR,AI,Air India,1,8551,INR,0,,12:00,12,14:05,14,False,125,125,0,Airbus A320neo,83.0,70.0
2026-10-09,2026-10-09 16:27,2026-10-23,14,BOM,BLR,BOM-BLR,AI,Air India,1,8908,INR,0,,20:45,20,22:45,22,False,120,120,0,Airbus A320neo,83.0,70.0
2026-10-09,2026-10-09 16:27,2026-10-23,14,BOM,BLR,BOM-BLR,AI,Air India,1,8981,INR,0,,18:30,18,20:35,20,False,125,125,0,Airbus A320neo,83.0,70.0
2026-10-09,2026-10-09 16:27,2026-10-23,14,BOM,BLR,BOM-BLR,AI,Air India,1,10588,INR,0,,23:40,23,01:40,1,True,120,120,0,Airbus A321,109.0,70.0
2026-10-09,2026-10-09 16:27,2026-10-23,14,BOM,BLR,BOM-BLR,AI,Air India,1,10772,INR,0,,23:30,23,01:35,1,True,125,125,0,Airbus A320neo,83.0,70.0
2026-10-09,2026-10-09 16:27,2026-10-30,21,BOM,BLR,BOM-BLR,6E,IndiGo,1,6762,INR,1,HYD,05:30,5,09:35,9,False,245,175,70,Airbus A321neo | Airbus A320neo,110.0,70.0
2026-10-09,2026-10-09 16:27,2026-10-30,21,BOM,BLR,BOM-BLR,6E,IndiGo,1,6762,INR,1,IXE,08:45,8,12:40,12,False,235,145,90,Airbus A320neo | Airbus A320neo,106.0,70.0
2026-10-09,2026-10-09 16:27,2026-10-30,21,BOM,BLR,BOM-BLR,6E,IndiGo,1,6762,INR,1,HYD,10:10,10,14:45,14,False,275,175,100,Airbus A321neo | Airbus A321neo,105.0,70.0
2026-10-09,2026-10-09 16:27,2026-10-30,21,BOM,BLR,BOM-BLR,6E,IndiGo,1,6762,INR,1,HYD,12:00,12,16:05,16,False,245,170,75,Airbus A321neo | Airbus A321neo,105.0,70.0
2026-10-09,2026-10-09 16:27,2026-10-30,21,BOM,BLR,BOM-BLR,6E,IndiGo,1,6762,INR,1,IXE,19:05,19,22:35,22,False,210,150,60,Airbus A321neo | Airbus A321neo,97.0,70.0
2026-10-09,2026-10-09 16:27,2026-10-30,21,BOM,BLR,BOM-BLR,QP,Akasa Air,1,7894,INR,0,,23:10,23,01:00,1,True,110,110,0,Boeing 737MAX 8 Passenger,73.0,70.0
2026-10-09,2026-10-09 16:27,2026-10-30,21,BOM,BLR,BOM-BLR,AI,Air India,1,8105,INR,0,,02:05,2,03:50,3,False,105,105,0,Airbus A320neo,83.0,70.0
2026-10-09,2026-10-09 16:27,2026-10-30,21,BOM,BLR,BOM-BLR,QP,Akasa Air,1,8179,INR,0,,21:10,21,23:00,23,False,110,110,0,Boeing 737MAX 8 Passenger,73.0,70.0
2026-10-09,2026-10-09 16:27,2026-10-30,21,BOM,BLR,BOM-BLR,QP,Akasa Air,1,8475,INR,0,,08:35,8,10:20,10,False,105,105,0,Boeing 737MAX 8 Passenger,73.0,70.0
2026-10-09,2026-10-09 16:27,2026-10-30,21,BOM,BLR,BOM-BLR,SG,SpiceJet,1,8550,INR,0,,16:10,16,18:10,18,False,120,120,0,Airbus A320,86.0,70.0
2026-10-09,2026-10-09 16:27,2026-10-30,21,BOM,BLR,BOM-BLR,AI,Air India,1,8551,INR,0,,06:35,6,08:20,8,False,105,105,0,Airbus A320neo,83.0,70.0
2026-10-09,2026-10-09 16:27,2026-10-30,21,BOM,BLR,BOM-BLR,AI,Air India,1,8551,INR,0,,08:00,8,09:40,9,False,100,100,0,Airbus A320neo,83.0,70.0
2026-10-09,2026-10-09 16:27,2026-10-30,21,BOM,BLR,BOM-BLR,AI,Air India,1,8908,INR,0,,20:45,20,22:35,22,False,110,110,0,Airbus A320neo,83.0,70.0
2026-10-09,2026-10-09 16:27,2026-10-30,21,BOM,BLR,BOM-BLR,AI,Air India,1,9029,INR,0,,15:35,15,17:25,17,False,110,110,0,Airbus A320neo,83.0,70.0
2026-10-09,2026-10-09 16:27,2026-10-30,21,BOM,BLR,BOM-BLR,AI,Air India,1,9223,INR,0,,14:00,14,15:45,15,False,105,105,0,Airbus A320neo,83.0,70.0
2026-10-09,2026-10-09 16:27,2026-10-30,21,BOM,BLR,BOM-BLR,AI,Air India,1,9223,INR,0,,18:00,18,19:50,19,False,110,110,0,Airbus A320neo,83.0,70.0
2026-10-09,2026-10-09 16:27,2026-10-30,21,BOM,BLR,BOM-BLR,AI,Air India,1,9338,INR,0,,09:55,9,11:45,11,False,110,110,0,Airbus A320neo,83.0,70.0
2026-10-09,2026-10-09 16:27,2026-10-30,21,BOM,BLR,BOM-BLR,AI,Air India,1,9338,INR,0,,17:30,17,19:20,19,False,110,110,0,Airbus A320neo,83.0,70.0
2026-10-09,2026-10-09 16:27,2026-10-30,21,BOM,BLR,BOM-BLR,AI,Air India,1,9491,INR,0,,19:15,19,21:05,21,False,110,110,0,Airbus A320neo,83.0,70.0
2026-10-09,2026-10-09 16:27,2026-10-30,21,BOM,BLR,BOM-BLR,AI,Air India,1,10588,INR,0,,11:00,11,12:45,12,False,105,105,0,Airbus A320neo,83.0,70.0
2026-10-09,2026-10-09 16:27,2026-10-30,21,BOM,BLR,BOM-BLR,AI,Air India,1,10588,INR,0,,12:00,12,13:45,13,False,105,105,0,Airbus A320neo,83.0,70.0
2026-10-09,2026-10-09 16:27,2026-10-30,21,BOM,BLR,BOM-BLR,SG,SpiceJet,1,17986,INR,0,,20:40,20,22:40,22,False,120,120,0,,,70.0
2026-10-09,2026-10-09 16:27,2026-11-08,30,BOM,BLR,BOM-BLR,6E,IndiGo,1,6080,INR,1,GOI,04:30,4,09:15,9,False,285,135,150,Airbus A320neo | Airbus A321neo,93.0,70.0
2026-10-09,2026-10-09 16:27,2026-11-08,30,BOM,BLR,BOM-BLR,6E,IndiGo,1,6080,INR,1,GOI,13:55,13,19:15,19,False,320,145,175,Airbus A321neo | Airbus A321neo,89.0,70.0
2026-10-09,2026-10-09 16:27,2026-11-08,30,BOM,BLR,BOM-BLR,6E,IndiGo,1,6631,INR,1,MAA,07:15,7,11:25,11,False,250,185,65,Airbus A321neo | Airbus A321neo,115.0,70.0
2026-10-09,2026-10-09 16:27,2026-11-08,30,BOM,BLR,BOM-BLR,SG,SpiceJet,1,7064,INR,0,,00:30,0,02:30,2,False,120,120,0,Airbus A320,84.0,70.0
2026-10-09,2026-10-09 16:27,2026-11-08,30,BOM,BLR,BOM-BLR,QP,Akasa Air,1,7894,INR,0,,21:10,21,23:00,23,False,110,110,0,Boeing 737MAX 8 Passenger,71.0,70.0
2026-10-09,2026-10-09 16:27,2026-11-08,30,BOM,BLR,BOM-BLR,AI,Air India,1,8157,INR,0,,20:45,20,22:35,22,False,110,110,0,Airbus A320neo,81.0,70.0
2026-10-09,2026-10-09 16:27,2026-11-08,30,BOM,BLR,BOM-BLR,QP,Akasa Air,1,8179,INR,0,,23:10,23,01:00,1,True,110,110,0,Boeing 737MAX 8 Passenger,71.0,70.0
2026-10-09,2026-10-09 16:27,2026-11-08,30,BOM,BLR,BOM-BLR,SG,SpiceJet,1,8550,INR,0,,16:10,16,18:10,18,False,120,120,0,Airbus A320,84.0,70.0
2026-10-09,2026-10-09 16:27,2026-11-08,30,BOM,BLR,BOM-BLR,AI,Air India,1,9086,INR,0,,02:05,2,03:50,3,False,105,105,0,Airbus A320neo,81.0,70.0
2026-10-09,2026-10-09 16:27,2026-11-08,30,BOM,BLR,BOM-BLR,AI,Air India,1,9086,INR,0,,11:00,11,12:45,12,False,105,105,0,Airbus A320neo,81.0,70.0
2026-10-09,2026-10-09 16:27,2026-11-08,30,BOM,BLR,BOM-BLR,AI,Air India,1,9086,INR,0,,18:00,18,19:50,19,False,110,110,0,Airbus A320neo,81.0,70.0
2026-10-09,2026-10-09 16:27,2026-11-08,30,BOM,BLR,BOM-BLR,AI,Air India,1,9086,INR,0,,23:40,23,01:40,1,True,120,120,0,Airbus A321,107.0,70.0
2026-10-09,2026-10-09 16:27,2026-11-08,30,BOM,BLR,BOM-BLR,QP,Akasa Air,1,9110,INR,0,,08:35,8,10:20,10,False,105,105,0,Boeing 737MAX 8 Passenger,71.0,70.0
2026-10-09,2026-10-09 16:27,2026-11-08,30,BOM,BLR,BOM-BLR,AI,Air India,1,9239,INR,0,,12:00,12,13:45,13,False,105,105,0,Airbus A320neo,81.0,70.0
2026-10-09,2026-10-09 16:27,2026-11-08,30,BOM,BLR,BOM-BLR,AI,Air India,1,9396,INR,0,,17:30,17,19:20,19,False,110,110,0,Airbus A320neo,81.0,70.0
2026-10-09,2026-10-09 16:27,2026-11-08,30,BOM,BLR,BOM-BLR,AI,Air India,1,9396,INR,0,,19:15,19,21:05,21,False,110,110,0,Airbus A320neo,81.0,70.0
2026-10-09,2026-10-09 16:27,2026-11-08,30,BOM,BLR,BOM-BLR,AI,Air India,1,10640,INR,0,,06:35,6,08:20,8,False,105,105,0,Airbus A320neo,81.0,70.0
2026-10-09,2026-10-09 16:27,2026-11-08,30,BOM,BLR,BOM-BLR,AI,Air India,1,10640,INR,0,,08:00,8,09:40,9,False,100,100,0,Airbus A320neo,81.0,70.0
2026-10-09,2026-10-09 16:27,2026-11-08,30,BOM,BLR,BOM-BLR,AI,Air India,1,10640,INR,0,,14:00,14,15:45,15,False,105,105,0,Airbus A320neo,81.0,70.0
2026-10-09,2026-10-09 16:27,2026-11-08,30,BOM,BLR,BOM-BLR,AI,Air India,1,12977,INR,0,,09:55,9,11:45,11,False,110,110,0,Airbus A320neo,81.0,70.0
2026-10-09,2026-10-09 16:27,2026-11-23,45,BOM,BLR,BOM-BLR,6E,IndiGo,1,6080,INR,1,GOI,13:55,13,19:15,19,False,320,145,175,Airbus A321neo | Airbus A321neo,89.0,70.0
2026-10-09,2026-10-09 16:27,2026-11-23,45,BOM,BLR,BOM-BLR,6E,IndiGo,1,6316,INR,1,HYD,05:30,5,09:35,9,False,245,175,70,Airbus A321neo | Airbus A320neo,107.0,70.0
2026-10-09,2026-10-09 16:27,2026-11-23,45,BOM,BLR,BOM-BLR,6E,IndiGo,1,6316,INR,1,HYD,12:00,12,16:05,16,False,245,170,75,Airbus A321neo | Airbus A321neo,103.0,70.0
2026-10-09,2026-10-09 16:27,2026-11-23,45,BOM,BLR,BOM-BLR,QP,Akasa Air,1,7894,INR,0,,21:10,21,23:00,23,False,110,110,0,Boeing 737MAX 8 Passenger,71.0,70.0
2026-10-09,2026-10-09 16:27,2026-11-23,45,BOM,BLR,BOM-BLR,AI,Air India,1,8157,INR,0,,02:05,2,03:50,3,False,105,105,0,Airbus A320neo,81.0,70.0
2026-10-09,2026-10-09 16:27,2026-11-23,45,BOM,BLR,BOM-BLR,QP,Akasa Air,1,8179,INR,0,,23:10,23,01:00,1,True,110,110,0,Boeing 737MAX 8 Passenger,71.0,70.0
2026-10-09,2026-10-09 16:27,2026-11-23,45,BOM,BLR,BOM-BLR,AI,Air India,1,8430,INR,0,,19:15,19,21:05,21,False,110,110,0,Airbus A320neo,81.0,70.0
2026-10-09,2026-10-09 16:27,2026-11-23,45,BOM,BLR,BOM-BLR,SG,SpiceJet,1,8550,INR,0,,16:10,16,18:10,18,False,120,120,0,Airbus A320,84.0,70.0
2026-10-09,2026-10-09 16:27,2026-11-23,45,BOM,BLR,BOM-BLR,AI,Air India,1,8609,INR,0,,18:00,18,19:50,19,False,110,110,0,Airbus A320neo,81.0,70.0
2026-10-09,2026-10-09 16:27,2026-11-23,45,BOM,BLR,BOM-BLR,AI,Air India,1,9086,INR,0,,13:50,13,15:45,15,False,115,115,0,Airbus A320neo,81.0,70.0
2026-10-09,2026-10-09 16:27,2026-11-23,45,BOM,BLR,BOM-BLR,AI,Air India,1,9239,INR,0,,12:00,12,13:45,13,False,105,105,0,Airbus A320neo,81.0,70.0
2026-10-09,2026-10-09 16:27,2026-11-23,45,BOM,BLR,BOM-BLR,AI,Air India,1,9396,INR,0,,17:30,17,19:20,19,False,110,110,0,Airbus A320neo,81.0,70.0
2026-10-09,2026-10-09 16:27,2026-11-23,45,BOM,BLR,BOM-BLR,QP,Akasa Air,1,10564,INR,0,,08:35,8,10:20,10,False,105,105,0,Boeing 737MAX 8 Passenger,71.0,70.0
2026-10-09,2026-10-09 16:27,2026-11-23,45,BOM,BLR,BOM-BLR,AI,Air India,1,10829,INR,0,,08:00,8,09:40,9,False,100,100,0,Airbus A320neo,81.0,70.0
2026-10-09,2026-10-09 16:27,2026-11-23,45,BOM,BLR,BOM-BLR,AI,Air India,1,11013,INR,0,,06:35,6,08:20,8,False,105,105,0,Airbus A320neo,81.0,70.0
2026-10-09,2026-10-09 16:27,2026-11-23,45,BOM,BLR,BOM-BLR,AI,Air India,1,11013,INR,0,,09:55,9,11:45,11,False,110,110,0,Airbus A320neo,81.0,70.0
2026-10-09,2026-10-09 16:27,2026-11-23,45,BOM,BLR,BOM-BLR,AI,Air India,1,11013,INR,0,,15:35,15,17:25,17,False,110,110,0,Airbus A320neo,81.0,70.0
2026-10-09,2026-10-09 16:27,2026-11-23,45,BOM,BLR,BOM-BLR,AI,Air India,1,12530,INR,0,,11:00,11,12:45,12,False,105,105,0,Airbus A320neo,81.0,70.0
2026-10-09,2026-10-09 16:27,2026-12-08,60,BOM,BLR,BOM-BLR,SG,SpiceJet,1,5938,INR,0,,00:30,0,02:30,2,False,120,120,0,Airbus A320,83.0,70.0
2026-10-09,2026-10-09 16:27,2026-12-08,60,BOM,BLR,BOM-BLR,6E,IndiGo,1,6080,INR,1,GOI,17:20,17,22:05,22,False,285,155,130,Airbus A320neo | Airbus A321neo,92.0,70.0
2026-10-09,2026-10-09 16:27,2026-12-08,60,BOM,BLR,BOM-BLR,6E,IndiGo,1,6316,INR,1,HYD,12:00,12,16:05,16,False,245,170,75,Airbus A321neo | Airbus A321neo,101.0,70.0
2026-10-09,2026-10-09 16:27,2026-12-08,60,BOM,BLR,BOM-BLR,6E,IndiGo,1,6316,INR,1,HYD,16:40,16,20:55,20,False,255,190,65,Airbus A321neo | Airbus A321neo,101.0,70.0
2026-10-09,2026-10-09 16:27,2026-12-08,60,BOM,BLR,BOM-BLR,SG,SpiceJet,1,6358,INR,0,,23:15,23,01:10,1,True,115,115,0,Boeing 737,80.0,70.0
2026-10-09,2026-10-09 16:27,2026-12-08,60,BOM,BLR,BOM-BLR,AI,Air India,1,7737,INR,0,,14:00,14,15:45,15,False,105,105,0,Airbus A320neo,79.0,70.0
2026-10-09,2026-10-09 16:27,2026-12-08,60,BOM,BLR,BOM-BLR,AI,Air India,1,7737,INR,0,,15:35,15,17:25,17,False,110,110,0,Airbus A320neo,79.0,70.0
2026-10-09,2026-10-09 16:27,2026-12-08,60,BOM,BLR,BOM-BLR,AI,Air India,1,7737,INR,0,,18:00,18,19:50,19,False,110,110,0,Airbus A320neo,79.0,70.0
2026-10-09,2026-10-09 16:27,2026-12-08,60,BOM,BLR,BOM-BLR,QP,Akasa Air,1,7894,INR,0,,23:10,23,01:00,1,True,110,110,0,Boeing 737MAX 8 Passenger,69.0,70.0
2026-10-09,2026-10-09 16:27,2026-12-08,60,BOM,BLR,BOM-BLR,AI,Air India,1,8157,INR,0,,02:05,2,03:50,3,False,105,105,0,Airbus A320neo,79.0,70.0
2026-10-09,2026-10-09 16:27,2026-12-08,60,BOM,BLR,BOM-BLR,QP,Akasa Air,1,8179,INR,0,,05:45,5,07:35,7,False,110,110,0,Boeing 737MAX 8 Passenger,67.0,70.0
2026-10-09,2026-10-09 16:27,2026-12-08,60,BOM,BLR,BOM-BLR,QP,Akasa Air,1,8179,INR,0,,08:35,8,10:20,10,False,105,105,0,Boeing 737MAX 8 Passenger,69.0,70.0
2026-10-09,2026-10-09 16:27,2026-12-08,60,BOM,BLR,BOM-BLR,QP,Akasa Air,1,8179,INR,0,,08:40,8,10:35,10,False,115,115,0,Boeing 737MAX 8 Passenger,67.0,70.0
2026-10-09,2026-10-09 16:27,2026-12-08,60,BOM,BLR,BOM-BLR,QP,Akasa Air,1,8179,INR,0,,21:10,21,23:00,23,False,110,110,0,Boeing 737MAX 8 Passenger,69.0,70.0
2026-10-09,2026-10-09 16:27,2026-12-08,60,BOM,BLR,BOM-BLR,AI,Air India,1,8430,INR,0,,17:30,17,19:20,19,False,110,110,0,Airbus A320neo,79.0,70.0
2026-10-09,2026-10-09 16:27,2026-12-08,60,BOM,BLR,BOM-BLR,AI,Air India,1,8498,INR,0,,20:45,20,22:35,22,False,110,110,0,Airbus A320neo,79.0,70.0
2026-10-09,2026-10-09 16:27,2026-12-08,60,BOM,BLR,BOM-BLR,AI,Air India,1,8609,INR,0,,11:00,11,12:45,12,False,105,105,0,Airbus A320neo,79.0,70.0
2026-10-09,2026-10-09 16:27,2026-12-08,60,BOM,BLR,BOM-BLR,AI,Air India,1,8892,INR,0,,19:15,19,21:05,21,False,110,110,0,Airbus A320neo,79.0,70.0
2026-10-09,2026-10-09 16:27,2026-12-08,60,BOM,BLR,BOM-BLR,AI,Air India,1,9086,INR,0,,08:00,8,09:40,9,False,100,100,0,Airbus A320neo,79.0,70.0
2026-10-09,2026-10-09 16:27,2026-12-08,60,BOM,BLR,BOM-BLR,AI,Air India,1,9086,INR,0,,12:00,12,13:45,13,False,105,105,0,Airbus A320neo,79.0,70.0
2026-10-09,2026-10-09 16:27,2026-12-08,60,BOM,BLR,BOM-BLR,AI,Air India,1,9396,INR,0,,06:35,6,08:20,8,False,105,105,0,Airbus A320neo,79.0,70.0
2026-10-09,2026-10-09 16:27,2026-12-08,60,BOM,BLR,BOM-BLR,AI,Air India,1,11013,INR,0,,09:55,9,11:45,11,False,110,110,0,Airbus A320neo,79.0,70.0
2026-10-09,2026-10-09 16:27,2026-10-10,1,DEL,CCU,DEL-CCU,SG,SpiceJet,1,9732,INR,0,,21:40,21,23:55,23,False,135,135,0,Airbus A320,119.0,98.0
2026-10-09,2026-10-09 16:27,2026-10-10,1,DEL,CCU,DEL-CCU,AI,Air India,1,9817,INR,0,,16:15,16,18:35,18,False,140,140,0,Airbus A320neo,114.0,98.0
2026-10-09,2026-10-09 16:27,2026-10-10,1,DEL,CCU,DEL-CCU,AI,Air India,1,9817,INR,0,,19:40,19,21:50,21,False,130,130,0,Airbus A320neo,114.0,98.0
2026-10-09,2026-10-09 16:27,2026-10-10,1,DEL,CCU,DEL-CCU,AI,Air India,1,9817,INR,0,,21:00,21,23:20,23,False,140,140,0,Airbus A320neo,114.0,98.0
2026-10-09,2026-10-09 16:27,2026-10-10,1,DEL,CCU,DEL-CCU,SG,SpiceJet,1,10635,INR,0,,12:10,12,14:30,14,False,140,140,0,Boeing 737,135.0,98.0
2026-10-09,2026-10-09 16:27,2026-10-10,1,DEL,CCU,DEL-CCU,AI,Air India,1,12474,INR,0,,18:00,18,20:20,20,False,140,140,0,Airbus A320neo,114.0,98.0
2026-10-09,2026-10-09 16:27,2026-10-10,1,DEL,CCU,DEL-CCU,AI,Air India,1,17477,INR,0,,02:30,2,04:50,4,False,140,140,0,Airbus A320neo,114.0,98.0
2026-10-09,2026-10-09 16:27,2026-10-10,1,DEL,CCU,DEL-CCU,AI,Air India,1,18595,INR,0,,13:00,13,15:20,15,False,140,140,0,Airbus A320neo,114.0,98.0
2026-10-09,2026-10-09 16:27,2026-10-10,1,DEL,CCU,DEL-CCU,AI,Air India,1,30538,INR,0,,09:55,9,12:15,12,False,140,140,0,Airbus A320neo,114.0,98.0
2026-10-09,2026-10-09 16:27,2026-10-12,3,DEL,CCU,DEL-CCU,SG,SpiceJet,1,8443,INR,0,,21:40,21,23:55,23,False,135,135,0,Airbus A320,119.0,98.0
2026-10-09,2026-10-09 16:27,2026-10-12,3,DEL,CCU,DEL-CCU,SG,SpiceJet,1,8443,INR,0,,22:30,22,00:50,0,True,140,140,0,Boeing 737,135.0,98.0
2026-10-09,2026-10-09 16:27,2026-10-12,3,DEL,CCU,DEL-CCU,AI,Air India,1,9240,INR,0,,19:40,19,21:50,21,False,130,130,0,Airbus A320neo,114.0,98.0
2026-10-09,2026-10-09 16:27,2026-10-12,3,DEL,CCU,DEL-CCU,AI,Air India,1,9240,INR,0,,21:00,21,23:20,23,False,140,140,0,Airbus A320neo,114.0,98.0
2026-10-09,2026-10-09 16:27,2026-10-12,3,DEL,CCU,DEL-CCU,AI,Air India,1,9502,INR,0,,18:00,18,20:20,20,False,140,140,0,Airbus A320neo,114.0,98.0
2026-10-09,2026-10-09 16:27,2026-10-12,3,DEL,CCU,DEL-CCU,QP,Akasa Air,1,9503,INR,0,,17:00,17,19:15,19,False,135,135,0,Boeing 737MAX 8 Passenger,100.0,98.0
2026-10-09,2026-10-09 16:27,2026-10-12,3,DEL,CCU,DEL-CCU,AI,Air India,1,10957,INR,0,,16:15,16,18:35,18,False,140,140,0,Airbus A320neo,114.0,98.0
2026-10-09,2026-10-09 16:27,2026-10-12,3,DEL,CCU,DEL-CCU,AI,Air India,1,14311,INR,0,,13:00,13,15:20,15,False,140,140,0,Airbus A320neo,114.0,98.0
2026-10-09,2026-10-09 16:27,2026-10-12,3,DEL,CCU,DEL-CCU,AI,Air India,1,17477,INR,0,,06:40,6,08:50,8,False,130,130,0,Airbus A320neo,114.0,98.0
2026-10-09,2026-10-09 16:27,2026-10-12,3,DEL,CCU,DEL-CCU,AI,Air India,1,22312,INR,0,,09:55,9,12:15,12,False,140,140,0,Airbus A320neo,114.0,98.0
2026-10-09,2026-10-09 16:27,2026-10-16,7,DEL,CCU,DEL-CCU,6E,IndiGo,1,12348,INR,1,VNS,05:25,5,10:20,10,False,295,165,130,Airbus A321neo | Airbus A321neo,115.0,98.0
2026-10-09,2026-10-09 16:27,2026-10-16,7,DEL,CCU,DEL-CCU,6E,IndiGo,1,12855,INR,1,DED,09:00,9,15:15,15,False,375,190,185,Airbus A320neo | Airbus A320neo,137.0,98.0
2026-10-09,2026-10-09 16:27,2026-10-16,7,DEL,CCU,DEL-CCU,SG,SpiceJet,1,15044,INR,0,,22:30,22,00:50,0,True,140,140,0,Boeing 737,135.0,98.0
2026-10-09,2026-10-09 16:27,2026-10-16,7,DEL,CCU,DEL-CCU,QP,Akasa Air,1,15701,INR,0,,05:55,5,08:15,8,False,140,140,0,Boeing 737MAX 8 Passenger,100.0,98.0
2026-10-09,2026-10-09 16:27,2026-10-16,7,DEL,CCU,DEL-CCU,AI,Air India,1,18595,INR,0,,02:30,2,04:50,4,False,140,140,0,Airbus A320neo,114.0,98.0
2026-10-09,2026-10-09 16:27,2026-10-16,7,DEL,CCU,DEL-CCU,SG,SpiceJet,1,18659,INR,0,,21:40,21,23:55,23,False,135,135,0,Airbus A320,119.0,98.0
2026-10-09,2026-10-09 16:27,2026-10-16,7,DEL,CCU,DEL-CCU,AI,Air India,1,22312,INR,0,,09:55,9,12:15,12,False,140,140,0,Airbus A320neo,114.0,98.0
2026-10-09,2026-10-09 16:27,2026-10-16,7,DEL,CCU,DEL-CCU,AI,Air India,1,22312,INR,0,,12:10,12,14:25,14,False,135,135,0,Airbus A321,145.0,98.0
2026-10-09,2026-10-09 16:27,2026-10-16,7,DEL,CCU,DEL-CCU,AI,Air India,1,22312,INR,0,,21:00,21,23:20,23,False,140,140,0,Airbus A320neo,114.0,98.0
2026-10-09,2026-10-09 16:27,2026-10-16,7,DEL,CCU,DEL-CCU,AI,Air India,1,22312,INR,0,,22:00,22,00:10,0,True,130,130,0,Airbus A320neo,114.0,98.0
2026-10-09,2026-10-09 16:27,2026-10-16,7,DEL,CCU,DEL-CCU,AI,Air India,1,23772,INR,0,,06:40,6,08:50,8,False,130,130,0,Airbus A320neo,114.0,98.0
2026-10-09,2026-10-09 16:27,2026-10-16,7,DEL,CCU,DEL-CCU,AI,Air India,1,23772,INR,0,,13:00,13,15:20,15,False,140,140,0,Airbus A320neo,114.0,98.0
2026-10-09,2026-10-09 16:27,2026-10-16,7,DEL,CCU,DEL-CCU,AI,Air India,1,23772,INR,0,,16:15,16,18:35,18,False,140,140,0,Airbus A320neo,114.0,98.0
2026-10-09,2026-10-09 16:27,2026-10-16,7,DEL,CCU,DEL-CCU,AI,Air India,1,23772,INR,0,,18:00,18,20:20,20,False,140,140,0,Airbus A320neo,114.0,98.0
2026-10-09,2026-10-09 16:27,2026-10-16,7,DEL,CCU,DEL-CCU,AI,Air India,1,23772,INR,0,,19:40,19,21:50,21,False,130,130,0,Airbus A320neo,114.0,98.0
2026-10-09,2026-10-09 16:27,2026-10-23,14,DEL,CCU,DEL-CCU,6E,IndiGo,1,11522,INR,1,IXB,14:40,14,19:20,19,False,280,185,95,Airbus A321neo | Airbus A321neo,135.0,98.0
2026-10-09,2026-10-09 16:27,2026-10-23,14,DEL,CCU,DEL-CCU,SG,SpiceJet,1,11733,INR,0,,12:10,12,14:30,14,False,140,140,0,Boeing 737,135.0,98.0
2026-10-09,2026-10-09 16:27,2026-10-23,14,DEL,CCU,DEL-CCU,QP,Akasa Air,1,12162,INR,0,,05:55,5,08:15,8,False,140,140,0,Boeing 737MAX 8 Passenger,96.0,98.0
2026-10-09,2026-10-09 16:27,2026-10-23,14,DEL,CCU,DEL-CCU,SG,SpiceJet,1,12794,INR,0,,20:30,20,23:00,23,False,150,150,0,Airbus A321,122.0,98.0
2026-10-09,2026-10-09 16:27,2026-10-23,14,DEL,CCU,DEL-CCU,SG,SpiceJet,1,13375,INR,0,,06:10,6,08:30,8,False,140,140,0,Boeing 737,135.0,98.0
2026-10-09,2026-10-09 16:27,2026-10-23,14,DEL,CCU,DEL-CCU,AI,Air India,1,13471,INR,0,,12:10,12,14:25,14,False,135,135,0,Airbus A321,145.0,98.0
2026-10-09,2026-10-09 16:27,2026-10-23,14,DEL,CCU,DEL-CCU,AI,Air India,1,14479,INR,0,,09:55,9,12:15,12,False,140,140,0,Airbus A320neo,114.0,98.0
2026-10-09,2026-10-09 16:27,2026-10-23,14,DEL,CCU,DEL-CCU,AI,Air India,1,14479,INR,0,,21:00,21,23:20,23,False,140,140,0,Airbus A320neo,114.0,98.0
2026-10-09,2026-10-09 16:27,2026-10-23,14,DEL,CCU,DEL-CCU,SG,SpiceJet,1,14649,INR,0,,20:10,20,22:30,22,False,140,140,0,Airbus A320,119.0,98.0
2026-10-09,2026-10-09 16:27,2026-10-23,14,DEL,CCU,DEL-CCU,AI,Air India,1,15393,INR,0,,06:40,6,08:50,8,False,130,130,0,Airbus A320neo,114.0,98.0
2026-10-09,2026-10-09 16:27,2026-10-23,14,DEL,CCU,DEL-CCU,AI,Air India,1,15393,INR,0,,13:00,13,15:20,15,False,140,140,0,Airbus A320neo,114.0,98.0
2026-10-09,2026-10-09 16:27,2026-10-23,14,DEL,CCU,DEL-CCU,AI,Air India,1,18595,INR,0,,16:15,16,18:35,18,False,140,140,0,Airbus A320neo,114.0,98.0
2026-10-09,2026-10-09 16:27,2026-10-23,14,DEL,CCU,DEL-CCU,AI,Air India,1,18595,INR,0,,18:00,18,20:20,20,False,140,140,0,Airbus A320neo,114.0,98.0
2026-10-09,2026-10-09 16:27,2026-10-23,14,DEL,CCU,DEL-CCU,AI,Air India,1,18595,INR,0,,19:40,19,21:50,21,False,130,130,0,Airbus A320neo,114.0,98.0
2026-10-09,2026-10-09 16:27,2026-10-30,21,DEL,CCU,DEL-CCU,AI,Air India,1,10342,INR,0,,21:40,21,23:50,23,False,130,130,0,Airbus A320neo,114.0,98.0
2026-10-09,2026-10-09 16:27,2026-10-30,21,DEL,CCU,DEL-CCU,AI,Air India,1,11051,INR,0,,19:40,19,21:45,21,False,125,125,0,Airbus A320neo,114.0,98.0
2026-10-09,2026-10-09 16:27,2026-10-30,21,DEL,CCU,DEL-CCU,6E,IndiGo,1,11102,INR,1,PAT,13:25,13,17:10,17,False,225,160,65,Airbus A320 | Airbus A320neo,137.0,98.0
2026-10-09,2026-10-09 16:27,2026-10-30,21,DEL,CCU,DEL-CCU,AI,Air India,1,11245,INR,0,,09:30,9,11:45,11,False,135,135,0,Airbus A320neo,114.0,98.0
2026-10-09,2026-10-09 16:27,2026-10-30,21,DEL,CCU,DEL-CCU,AI,Air India,1,11692,INR,0,,06:55,6,09:10,9,False,135,135,0,Airbus A320neo,114.0,98.0
2026-10-09,2026-10-09 16:27,2026-10-30,21,DEL,CCU,DEL-CCU,AI,Air India,1,11692,INR,0,,16:15,16,18:25,18,False,130,130,0,Airbus A320neo,114.0,98.0
2026-10-09,2026-10-09 16:27,2026-10-30,21,DEL,CCU,DEL-CCU,AI,Air India,1,11744,INR,0,,11:40,11,13:50,13,False,130,130,0,Airbus A320neo,114.0,98.0
2026-10-09,2026-10-09 16:27,2026-10-30,21,DEL,CCU,DEL-CCU,AI,Air India,1,12201,INR,0,,18:10,18,20:15,20,False,125,125,0,Airbus A320neo,114.0,98.0
2026-10-09,2026-10-09 16:27,2026-10-30,21,DEL,CCU,DEL-CCU,SG,SpiceJet,1,12720,INR,0,,07:00,7,09:25,9,False,145,145,0,Boeing 737,113.0,98.0
2026-10-09,2026-10-09 16:27,2026-11-08,30,DEL,CCU,DEL-CCU,6E,IndiGo,1,10675,INR,1,LKO,09:40,9,14:05,14,False,265,160,105,Airbus A321neo | Airbus A321neo,113.0,98.0
2026-10-09,2026-10-09 16:27,2026-11-08,30,DEL,CCU,DEL-CCU,AI,Air India,1,11949,INR,0,,21:40,21,23:50,23,False,130,130,0,Airbus A320neo,112.0,98.0
2026-10-09,2026-10-09 16:27,2026-11-08,30,DEL,CCU,DEL-CCU,AI,Air India,1,12054,INR,0,,19:40,19,21:45,21,False,125,125,0,Airbus A320neo,112.0,98.0
2026-10-09,2026-10-09 16:27,2026-11-08,30,DEL,CCU,DEL-CCU,AI,Air India,1,12526,INR,0,,11:40,11,13:50,13,False,130,130,0,Airbus A320neo,112.0,98.0
2026-10-09,2026-10-09 16:27,2026-11-08,30,DEL,CCU,DEL-CCU,SG,SpiceJet,1,13405,INR,0,,07:00,7,09:25,9,False,145,145,0,Boeing 737,111.0,98.0
2026-10-09,2026-10-09 16:27,2026-11-08,30,DEL,CCU,DEL-CCU,AI,Air India,1,13471,INR,0,,06:55,6,09:10,9,False,135,135,0,Airbus A320neo,112.0,98.0
2026-10-09,2026-10-09 16:27,2026-11-08,30,DEL,CCU,DEL-CCU,AI,Air India,1,14479,INR,0,,09:30,9,11:45,11,False,135,135,0,Airbus A320neo,112.0,98.0
2026-10-09,2026-10-09 16:27,2026-11-08,30,DEL,CCU,DEL-CCU,AI,Air India,1,14479,INR,0,,13:00,13,15:10,15,False,130,130,0,Airbus A320neo,112.0,98.0
2026-10-09,2026-10-09 16:27,2026-11-23,45,DEL,CCU,DEL-CCU,6E,IndiGo,1,10225,INR,1,PAT,07:55,7,13:20,13,False,325,170,155,Airbus A320neo | Airbus A320neo,122.0,98.0
2026-10-09,2026-10-09 16:27,2026-11-23,45,DEL,CCU,DEL-CCU,AI,Air India,1,11009,INR,0,,11:40,11,13:50,13,False,130,130,0,Airbus A320neo,112.0,98.0
2026-10-09,2026-10-09 16:27,2026-11-23,45,DEL,CCU,DEL-CCU,AI,Air India,1,11009,INR,0,,18:10,18,20:15,20,False,125,125,0,Airbus A320neo,112.0,98.0
2026-10-09,2026-10-09 16:27,2026-11-23,45,DEL,CCU,DEL-CCU,AI,Air India,1,11009,INR,0,,21:40,21,23:50,23,False,130,130,0,Airbus A320neo,112.0,98.0
2026-10-09,2026-10-09 16:27,2026-11-23,45,DEL,CCU,DEL-CCU,AI,Air India,1,11298,INR,0,,09:30,9,11:45,11,False,135,135,0,Airbus A320neo,112.0,98.0
2026-10-09,2026-10-09 16:27,2026-11-23,45,DEL,CCU,DEL-CCU,AI,Air India,1,12054,INR,0,,19:40,19,21:45,21,False,125,125,0,Airbus A320neo,112.0,98.0
2026-10-09,2026-10-09 16:27,2026-11-23,45,DEL,CCU,DEL-CCU,SG,SpiceJet,1,12720,INR,0,,07:00,7,09:25,9,False,145,145,0,Boeing 737,111.0,98.0
2026-10-09,2026-10-09 16:27,2026-11-23,45,DEL,CCU,DEL-CCU,AI,Air India,1,12857,INR,0,,13:00,13,15:10,15,False,130,130,0,Airbus A320neo,112.0,98.0
2026-10-09,2026-10-09 16:27,2026-11-23,45,DEL,CCU,DEL-CCU,AI,Air India,1,13471,INR,0,,06:55,6,09:10,9,False,135,135,0,Airbus A320neo,112.0,98.0
2026-10-09,2026-10-09 16:27,2026-12-08,60,DEL,CCU,DEL-CCU,6E,IndiGo,1,9910,INR,1,PAT,14:35,14,20:40,20,False,365,160,205,Airbus A320neo | Airbus A320neo,120.0,98.0
2026-10-09,2026-10-09 16:27,2026-12-08,60,DEL,CCU,DEL-CCU,AI,Air India,1,10395,INR,0,,18:10,18,20:15,20,False,125,125,0,Airbus A320neo,108.0,98.0
2026-10-09,2026-10-09 16:27,2026-12-08,60,DEL,CCU,DEL-CCU,AI,Air India,1,10395,INR,0,,21:40,21,23:50,23,False,130,130,0,Airbus A320neo,108.0,98.0
2026-10-09,2026-10-09 16:27,2026-12-08,60,DEL,CCU,DEL-CCU,AI,Air India,1,11009,INR,0,,06:55,6,09:10,9,False,135,135,0,Airbus A320neo,108.0,98.0
2026-10-09,2026-10-09 16:27,2026-12-08,60,DEL,CCU,DEL-CCU,AI,Air India,1,11009,INR,0,,16:15,16,18:25,18,False,130,130,0,Airbus A320neo,108.0,98.0
2026-10-09,2026-10-09 16:27,2026-12-08,60,DEL,CCU,DEL-CCU,AI,Air India,1,11298,INR,0,,09:30,9,11:45,11,False,135,135,0,Airbus A320neo,108.0,98.0
2026-10-09,2026-10-09 16:27,2026-12-08,60,DEL,CCU,DEL-CCU,AI,Air India,1,11298,INR,0,,13:00,13,15:10,15,False,130,130,0,Airbus A320neo,108.0,98.0
2026-10-09,2026-10-09 16:27,2026-12-08,60,DEL,CCU,DEL-CCU,AI,Air India,1,11298,INR,0,,19:40,19,21:45,21,False,125,125,0,Airbus A320neo,108.0,98.0
2026-10-09,2026-10-09 16:27,2026-10-10,1,PNQ,DEL,PNQ-DEL,IX,Air India Express,1,8615,INR,1,ATQ,01:20,1,12:30,12,False,670,240,430,Boeing 737MAX 8 Passenger | Airbus A320neo,181.0,102.0
2026-10-09,2026-10-09 16:27,2026-10-10,1,PNQ,DEL,PNQ-DEL,AI,Air India,1,10209,INR,0,,04:55,4,07:15,7,False,140,140,0,Airbus A320neo,110.0,102.0
2026-10-09,2026-10-09 16:27,2026-10-10,1,PNQ,DEL,PNQ-DEL,AI,Air India,1,10209,INR,0,,05:15,5,07:40,7,False,145,145,0,Airbus A320neo,110.0,102.0
2026-10-09,2026-10-09 16:27,2026-10-10,1,PNQ,DEL,PNQ-DEL,IX,Air India Express,1,10658,INR,0,,08:00,8,10:20,10,False,140,140,0,Boeing 737MAX 8 Passenger,111.0,102.0
2026-10-09,2026-10-09 16:27,2026-10-10,1,PNQ,DEL,PNQ-DEL,QP,Akasa Air,1,11013,INR,0,,07:50,7,10:10,10,False,140,140,0,Boeing 737MAX 8 Passenger,93.0,102.0
2026-10-09,2026-10-09 16:27,2026-10-10,1,PNQ,DEL,PNQ-DEL,AI,Air India,1,12955,INR,0,,22:00,22,00:25,0,True,145,145,0,Airbus A320neo,110.0,102.0
2026-10-09,2026-10-09 16:27,2026-10-10,1,PNQ,DEL,PNQ-DEL,AI,Air India,1,13858,INR,0,,00:35,0,03:00,3,False,145,145,0,Airbus A320neo,110.0,102.0
2026-10-09,2026-10-09 16:27,2026-10-10,1,PNQ,DEL,PNQ-DEL,AI,Air India,1,14457,INR,0,,18:45,18,21:10,21,False,145,145,0,Airbus A320neo,110.0,102.0
2026-10-09,2026-10-09 16:27,2026-10-10,1,PNQ,DEL,PNQ-DEL,AI,Air India,1,17722,INR,0,,07:40,7,10:05,10,False,145,145,0,Airbus A321,140.0,102.0
2026-10-09,2026-10-09 16:27,2026-10-10,1,PNQ,DEL,PNQ-DEL,AI,Air India,1,21129,INR,0,,08:45,8,11:10,11,False,145,145,0,Airbus A320neo,110.0,102.0
2026-10-09,2026-10-09 16:27,2026-10-12,3,PNQ,DEL,PNQ-DEL,AI,Air India,1,7590,INR,0,,22:00,22,00:25,0,True,145,145,0,Airbus A320neo,110.0,102.0
2026-10-09,2026-10-09 16:27,2026-10-12,3,PNQ,DEL,PNQ-DEL,SG,SpiceJet,1,7649,INR,0,,17:55,17,20:20,20,False,145,145,0,Airbus A320,115.0,102.0
2026-10-09,2026-10-09 16:27,2026-10-12,3,PNQ,DEL,PNQ-DEL,AI,Air India,1,7705,INR,0,,20:30,20,22:55,22,False,145,145,0,Airbus A320neo,110.0,102.0
2026-10-09,2026-10-09 16:27,2026-10-12,3,PNQ,DEL,PNQ-DEL,AI,Air India,1,7878,INR,0,,18:45,18,21:10,21,False,145,145,0,Airbus A320neo,110.0,102.0
2026-10-09,2026-10-09 16:27,2026-10-12,3,PNQ,DEL,PNQ-DEL,AI,Air India,1,7884,INR,0,,04:55,4,07:15,7,False,140,140,0,Airbus A320neo,110.0,102.0
2026-10-09,2026-10-09 16:27,2026-10-12,3,PNQ,DEL,PNQ-DEL,AI,Air India,1,7884,INR,0,,05:15,5,07:40,7,False,145,145,0,Airbus A320neo,110.0,102.0
2026-10-09,2026-10-09 16:27,2026-10-12,3,PNQ,DEL,PNQ-DEL,AI,Air India,1,8461,INR,0,,15:50,15,18:15,18,False,145,145,0,Airbus A320neo,110.0,102.0
2026-10-09,2026-10-09 16:27,2026-10-12,3,PNQ,DEL,PNQ-DEL,AI,Air India,1,8535,INR,0,,08:45,8,11:10,11,False,145,145,0,Airbus A320neo,110.0,102.0
2026-10-09,2026-10-09 16:27,2026-10-12,3,PNQ,DEL,PNQ-DEL,IX,Air India Express,1,8727,INR,0,,07:40,7,10:00,10,False,140,140,0,Boeing 737MAX 8 Passenger,111.0,102.0
2026-10-09,2026-10-09 16:27,2026-10-12,3,PNQ,DEL,PNQ-DEL,AI,Air India,1,9443,INR,0,,07:40,7,10:05,10,False,145,145,0,Airbus A320neo,110.0,102.0
2026-10-09,2026-10-09 16:27,2026-10-12,3,PNQ,DEL,PNQ-DEL,QP,Akasa Air,1,12128,INR,0,,07:50,7,10:10,10,False,140,140,0,Boeing 737MAX 8 Passenger,93.0,102.0
2026-10-09,2026-10-09 16:27,2026-10-16,7,PNQ,DEL,PNQ-DEL,AI,Air India,1,8398,INR,0,,08:45,8,11:10,11,False,145,145,0,Airbus A320neo,110.0,102.0
2026-10-09,2026-10-09 16:27,2026-10-16,7,PNQ,DEL,PNQ-DEL,IX,Air India Express,1,8752,INR,1,IDR,08:10,8,12:20,12,False,250,210,40,Boeing 737MAX 8 Passenger | Boeing 737MAX 8 Passenger,135.0,102.0
2026-10-09,2026-10-09 16:27,2026-10-16,7,PNQ,DEL,PNQ-DEL,SG,SpiceJet,1,10187,INR,0,,17:55,17,20:20,20,False,145,145,0,Airbus A320,115.0,102.0
2026-10-09,2026-10-09 16:27,2026-10-16,7,PNQ,DEL,PNQ-DEL,IX,Air India Express,1,10578,INR,0,,07:40,7,10:00,10,False,140,140,0,Boeing 737MAX 8 Passenger,111.0,102.0
2026-10-09,2026-10-09 16:27,2026-10-16,7,PNQ,DEL,PNQ-DEL,IX,Air India Express,1,11356,INR,0,,18:50,18,21:15,21,False,145,145,0,Boeing 737MAX 8 Passenger,111.0,102.0
2026-10-09,2026-10-09 16:27,2026-10-16,7,PNQ,DEL,PNQ-DEL,QP,Akasa Air,1,11371,INR,0,,21:05,21,23:30,23,False,145,145,0,Boeing 737MAX 8 Passenger,97.0,102.0
2026-10-09,2026-10-09 16:27,2026-10-16,7,PNQ,DEL,PNQ-DEL,AI,Air India,1,13176,INR,0,,22:00,22,00:25,0,True,145,145,0,Airbus A320neo,110.0,102.0
2026-10-09,2026-10-09 16:27,2026-10-16,7,PNQ,DEL,PNQ-DEL,AI,Air India,1,13396,INR,0,,15:50,15,18:15,18,False,145,145,0,Airbus A320neo,110.0,102.0
2026-10-09,2026-10-09 16:27,2026-10-16,7,PNQ,DEL,PNQ-DEL,AI,Air India,1,18195,INR,0,,20:30,20,22:55,22,False,145,145,0,Airbus A320neo,110.0,102.0
2026-10-09,2026-10-09 16:27,2026-10-16,7,PNQ,DEL,PNQ-DEL,AI,Air India,1,18352,INR,0,,18:45,18,21:10,21,False,145,145,0,Airbus A320neo,110.0,102.0
2026-10-09,2026-10-09 16:27,2026-10-23,14,PNQ,DEL,PNQ-DEL,AI,Air India,1,8419,INR,0,,04:55,4,07:15,7,False,140,140,0,Airbus A320neo,110.0,102.0
2026-10-09,2026-10-09 16:27,2026-10-23,14,PNQ,DEL,PNQ-DEL,AI,Air India,1,8419,INR,0,,05:15,5,07:40,7,False,145,145,0,Airbus A320neo,110.0,102.0
2026-10-09,2026-10-09 16:27,2026-10-23,14,PNQ,DEL,PNQ-DEL,AI,Air India,1,8535,INR,0,,07:40,7,10:05,10,False,145,145,0,Airbus A321,140.0,102.0
2026-10-09,2026-10-09 16:27,2026-10-23,14,PNQ,DEL,PNQ-DEL,AI,Air India,1,8666,INR,0,,08:45,8,11:10,11,False,145,145,0,Airbus A320neo,110.0,102.0
2026-10-09,2026-10-09 16:27,2026-10-23,14,PNQ,DEL,PNQ-DEL,QP,Akasa Air,1,9147,INR,0,,21:05,21,23:30,23,False,145,145,0,Boeing 737MAX 8 Passenger,97.0,102.0
2026-10-09,2026-10-09 16:27,2026-10-23,14,PNQ,DEL,PNQ-DEL,IX,Air India Express,1,9289,INR,0,,18:50,18,21:15,21,False,145,145,0,Boeing 737MAX 8 Passenger,111.0,102.0
2026-10-09,2026-10-09 16:27,2026-10-23,14,PNQ,DEL,PNQ-DEL,QP,Akasa Air,1,9573,INR,0,,07:50,7,10:10,10,False,140,140,0,Boeing 737MAX 8 Passenger,93.0,102.0
2026-10-09,2026-10-09 16:27,2026-10-23,14,PNQ,DEL,PNQ-DEL,AI,Air India,1,9669,INR,0,,20:30,20,22:55,22,False,145,145,0,Airbus A320neo,110.0,102.0
2026-10-09,2026-10-09 16:27,2026-10-23,14,PNQ,DEL,PNQ-DEL,AI,Air India,1,10645,INR,0,,15:50,15,18:15,18,False,145,145,0,Airbus A320neo,110.0,102.0
2026-10-09,2026-10-09 16:27,2026-10-23,14,PNQ,DEL,PNQ-DEL,AI,Air India,1,10729,INR,0,,18:45,18,21:10,21,False,145,145,0,Airbus A320neo,110.0,102.0
2026-10-09,2026-10-09 16:27,2026-10-30,21,PNQ,DEL,PNQ-DEL,6E,IndiGo,1,9442,INR,1,JAI,02:00,2,09:35,9,False,455,170,285,Airbus A320neo | Airbus A321neo,115.0,102.0
2026-10-09,2026-10-09 16:27,2026-10-30,21,PNQ,DEL,PNQ-DEL,AI,Air India,1,11837,INR,0,,05:10,5,07:30,7,False,140,140,0,Airbus A320neo,110.0,102.0
2026-10-09,2026-10-09 16:27,2026-10-30,21,PNQ,DEL,PNQ-DEL,QP,Akasa Air,1,11932,INR,0,,21:00,21,23:25,23,False,145,145,0,Boeing 737MAX 8 Passenger,96.0,102.0
2026-10-09,2026-10-09 16:27,2026-10-30,21,PNQ,DEL,PNQ-DEL,AI,Air India,1,11947,INR,0,,07:40,7,09:55,9,False,135,135,0,Airbus A321,140.0,102.0
2026-10-09,2026-10-09 16:27,2026-10-30,21,PNQ,DEL,PNQ-DEL,AI,Air India,1,12036,INR,0,,22:00,22,00:15,0,True,135,135,0,Airbus A320neo,110.0,102.0
2026-10-09,2026-10-09 16:27,2026-10-30,21,PNQ,DEL,PNQ-DEL,AI,Air India,1,12152,INR,0,,08:45,8,11:10,11,False,145,145,0,Airbus A320neo,110.0,102.0
2026-10-09,2026-10-09 16:27,2026-10-30,21,PNQ,DEL,PNQ-DEL,IX,Air India Express,1,12250,INR,0,,13:45,13,16:10,16,False,145,145,0,Airbus A321,123.0,102.0
2026-10-09,2026-10-09 16:27,2026-10-30,21,PNQ,DEL,PNQ-DEL,AI,Air India,1,12351,INR,0,,15:50,15,18:10,18,False,140,140,0,Airbus A320neo,110.0,102.0
2026-10-09,2026-10-09 16:27,2026-10-30,21,PNQ,DEL,PNQ-DEL,SG,SpiceJet,1,14527,INR,0,,05:55,5,08:30,8,False,155,155,0,Boeing 737,110.0,102.0
2026-10-09,2026-10-09 16:27,2026-10-30,21,PNQ,DEL,PNQ-DEL,AI,Air India,1,15596,INR,0,,20:40,20,22:55,22,False,135,135,0,Airbus A320neo,110.0,102.0
2026-10-09,2026-10-09 16:27,2026-10-30,21,PNQ,DEL,PNQ-DEL,IX,Air India Express,1,17329,INR,0,,18:05,18,20:15,20,False,130,130,0,Airbus A320neo,108.0,102.0
2026-10-09,2026-10-09 16:27,2026-10-30,21,PNQ,DEL,PNQ-DEL,AI,Air India,1,18352,INR,0,,19:05,19,21:15,21,False,130,130,0,Airbus A320neo,110.0,102.0
2026-10-09,2026-10-09 16:27,2026-10-30,21,PNQ,DEL,PNQ-DEL,SG,SpiceJet,1,18863,INR,0,,22:50,22,01:10,1,True,140,140,0,Boeing 737,131.0,102.0
2026-10-09,2026-10-09 16:27,2026-10-30,21,PNQ,DEL,PNQ-DEL,SG,SpiceJet,1,20188,INR,0,,17:50,17,20:05,20,False,135,135,0,Boeing 737,110.0,102.0
2026-10-09,2026-10-09 16:27,2026-11-08,30,PNQ,DEL,PNQ-DEL,AI,Air India,1,10782,INR,0,,19:05,19,21:15,21,False,130,130,0,Airbus A320neo,108.0,102.0
2026-10-09,2026-10-09 16:27,2026-11-08,30,PNQ,DEL,PNQ-DEL,AI,Air India,1,10782,INR,0,,20:40,20,22:55,22,False,135,135,0,Airbus A320neo,108.0,102.0
2026-10-09,2026-10-09 16:27,2026-11-08,30,PNQ,DEL,PNQ-DEL,SG,SpiceJet,1,11403,INR,0,,22:50,22,01:10,1,True,140,140,0,Boeing 737,128.0,102.0
2026-10-09,2026-10-09 16:27,2026-11-08,30,PNQ,DEL,PNQ-DEL,SG,SpiceJet,1,12090,INR,0,,17:50,17,20:05,20,False,135,135,0,Boeing 737,107.0,102.0
2026-10-09,2026-10-09 16:27,2026-11-08,30,PNQ,DEL,PNQ-DEL,AI,Air India,1,12414,INR,0,,15:50,15,18:10,18,False,140,140,0,Airbus A320neo,108.0,102.0
2026-10-09,2026-10-09 16:27,2026-11-08,30,PNQ,DEL,PNQ-DEL,AI,Air India,1,13916,INR,0,,00:35,0,02:50,2,False,135,135,0,Airbus A320neo,108.0,102.0
2026-10-09,2026-10-09 16:27,2026-11-08,30,PNQ,DEL,PNQ-DEL,AI,Air India,1,13916,INR,0,,07:40,7,09:55,9,False,135,135,0,Airbus A320neo,108.0,102.0
2026-10-09,2026-10-09 16:27,2026-11-08,30,PNQ,DEL,PNQ-DEL,QP,Akasa Air,1,14793,INR,0,,08:50,8,11:15,11,False,145,145,0,Boeing 737MAX 8 Passenger,93.0,102.0
2026-10-09,2026-10-09 16:27,2026-11-08,30,PNQ,DEL,PNQ-DEL,AI,Air India,1,17565,INR,0,,05:10,5,07:30,7,False,140,140,0,Airbus A320neo,108.0,102.0
2026-10-09,2026-10-09 16:27,2026-11-08,30,PNQ,DEL,PNQ-DEL,AI,Air India,1,17565,INR,0,,08:45,8,11:10,11,False,145,145,0,Airbus A320neo,108.0,102.0
2026-10-09,2026-10-09 16:27,2026-11-08,30,PNQ,DEL,PNQ-DEL,IX,Air India Express,1,21117,INR,0,,01:20,1,03:45,3,False,145,145,0,Airbus A320neo,104.0,102.0
2026-10-09,2026-10-09 16:27,2026-11-08,30,PNQ,DEL,PNQ-DEL,IX,Air India Express,1,21117,INR,0,,13:45,13,16:10,16,False,145,145,0,Airbus A321,119.0,102.0
2026-10-09,2026-10-09 16:27,2026-11-08,30,PNQ,DEL,PNQ-DEL,SG,SpiceJet,1,28694,INR,0,,05:55,5,08:30,8,False,155,155,0,Boeing 737,107.0,102.0
2026-10-09,2026-10-09 16:27,2026-11-23,45,PNQ,DEL,PNQ-DEL,6E,IndiGo,1,8800,INR,1,JAI,02:00,2,09:35,9,False,455,170,285,Airbus A320neo | Airbus A321neo,112.0,102.0
2026-10-09,2026-10-09 16:27,2026-11-23,45,PNQ,DEL,PNQ-DEL,SG,SpiceJet,1,8805,INR,0,,05:55,5,08:30,8,False,155,155,0,Boeing 737,107.0,102.0
2026-10-09,2026-10-09 16:27,2026-11-23,45,PNQ,DEL,PNQ-DEL,SG,SpiceJet,1,8805,INR,0,,17:50,17,20:05,20,False,135,135,0,Boeing 737,107.0,102.0
2026-10-09,2026-10-09 16:27,2026-11-23,45,PNQ,DEL,PNQ-DEL,AI,Air India,1,9863,INR,0,,08:45,8,11:10,11,False,145,145,0,Airbus A320neo,108.0,102.0
2026-10-09,2026-10-09 16:27,2026-11-23,45,PNQ,DEL,PNQ-DEL,IX,Air India Express,1,9899,INR,0,,01:20,1,03:45,3,False,145,145,0,Airbus A320neo,104.0,102.0
2026-10-09,2026-10-09 16:27,2026-11-23,45,PNQ,DEL,PNQ-DEL,IX,Air India Express,1,9899,INR,0,,18:05,18,20:15,20,False,130,130,0,Airbus A320neo,104.0,102.0
2026-10-09,2026-10-09 16:27,2026-11-23,45,PNQ,DEL,PNQ-DEL,AI,Air India,1,9942,INR,0,,07:40,7,09:55,9,False,135,135,0,Airbus A321,137.0,102.0
2026-10-09,2026-10-09 16:27,2026-11-23,45,PNQ,DEL,PNQ-DEL,QP,Akasa Air,1,10025,INR,0,,08:50,8,11:15,11,False,145,145,0,Boeing 737MAX 8 Passenger,93.0,102.0
2026-10-09,2026-10-09 16:27,2026-11-23,45,PNQ,DEL,PNQ-DEL,AI,Air India,1,10099,INR,0,,19:05,19,21:15,21,False,130,130,0,Airbus A320neo,108.0,102.0
2026-10-09,2026-10-09 16:27,2026-11-23,45,PNQ,DEL,PNQ-DEL,AI,Air India,1,10519,INR,0,,00:35,0,02:50,2,False,135,135,0,Airbus A320neo,108.0,102.0
2026-10-09,2026-10-09 16:27,2026-11-23,45,PNQ,DEL,PNQ-DEL,AI,Air India,1,10519,INR,0,,05:10,5,07:30,7,False,140,140,0,Airbus A320neo,108.0,102.0
2026-10-09,2026-10-09 16:27,2026-11-23,45,PNQ,DEL,PNQ-DEL,AI,Air India,1,10519,INR,0,,22:00,22,00:15,0,True,135,135,0,Airbus A320neo,108.0,102.0
2026-10-09,2026-10-09 16:27,2026-11-23,45,PNQ,DEL,PNQ-DEL,AI,Air India,1,10782,INR,0,,20:40,20,22:55,22,False,135,135,0,Airbus A320neo,108.0,102.0
2026-10-09,2026-10-09 16:27,2026-11-23,45,PNQ,DEL,PNQ-DEL,IX,Air India Express,1,11356,INR,0,,13:45,13,16:10,16,False,145,145,0,Airbus A321,119.0,102.0
2026-10-09,2026-10-09 16:27,2026-11-23,45,PNQ,DEL,PNQ-DEL,AI,Air India,1,12315,INR,0,,15:50,15,18:10,18,False,140,140,0,Airbus A320neo,108.0,102.0
2026-10-09,2026-10-09 16:27,2026-12-08,60,PNQ,DEL,PNQ-DEL,IX,Air India Express,1,8727,INR,0,,01:20,1,03:45,3,False,145,145,0,Airbus A320neo,102.0,102.0
2026-10-09,2026-10-09 16:27,2026-12-08,60,PNQ,DEL,PNQ-DEL,IX,Air India Express,1,8727,INR,0,,13:45,13,16:10,16,False,145,145,0,Airbus A321,115.0,102.0
2026-10-09,2026-10-09 16:27,2026-12-08,60,PNQ,DEL,PNQ-DEL,6E,IndiGo,1,8800,INR,1,JAI,02:00,2,09:35,9,False,455,170,285,Airbus A320neo | Airbus A321neo,110.0,102.0
2026-10-09,2026-10-09 16:27,2026-12-08,60,PNQ,DEL,PNQ-DEL,SG,SpiceJet,1,8805,INR,0,,05:55,5,08:30,8,False,155,155,0,Boeing 737,106.0,102.0
2026-10-09,2026-10-09 16:27,2026-12-08,60,PNQ,DEL,PNQ-DEL,SG,SpiceJet,1,8805,INR,0,,22:50,22,01:10,1,True,140,140,0,Boeing 737,127.0,102.0
2026-10-09,2026-10-09 16:27,2026-12-08,60,PNQ,DEL,PNQ-DEL,SG,SpiceJet,1,8805,INR,0,,23:55,23,02:15,2,True,140,140,0,Boeing 737,127.0,102.0
2026-10-09,2026-10-09 16:27,2026-12-08,60,PNQ,DEL,PNQ-DEL,AI,Air India,1,9254,INR,0,,00:35,0,02:50,2,False,135,135,0,Airbus A320neo,105.0,102.0
2026-10-09,2026-10-09 16:27,2026-12-08,60,PNQ,DEL,PNQ-DEL,AI,Air India,1,9254,INR,0,,05:10,5,07:30,7,False,140,140,0,Airbus A320neo,105.0,102.0
2026-10-09,2026-10-09 16:27,2026-12-08,60,PNQ,DEL,PNQ-DEL,AI,Air India,1,9254,INR,0,,07:40,7,09:55,9,False,135,135,0,Airbus A321,133.0,102.0
2026-10-09,2026-10-09 16:27,2026-12-08,60,PNQ,DEL,PNQ-DEL,AI,Air India,1,9254,INR,0,,08:45,8,11:10,11,False,145,145,0,Airbus A320neo,105.0,102.0
2026-10-09,2026-10-09 16:27,2026-12-08,60,PNQ,DEL,PNQ-DEL,AI,Air India,1,9254,INR,0,,22:00,22,00:15,0,True,135,135,0,Airbus A320neo,105.0,102.0
2026-10-09,2026-10-09 16:27,2026-12-08,60,PNQ,DEL,PNQ-DEL,AI,Air India,1,9474,INR,0,,15:50,15,18:10,18,False,140,140,0,Airbus A320neo,105.0,102.0
2026-10-09,2026-10-09 16:27,2026-12-08,60,PNQ,DEL,PNQ-DEL,AI,Air India,1,9474,INR,0,,19:05,19,21:15,21,False,130,130,0,Airbus A320neo,105.0,102.0
2026-10-09,2026-10-09 16:27,2026-12-08,60,PNQ,DEL,PNQ-DEL,AI,Air India,1,9474,INR,0,,20:40,20,22:55,22,False,135,135,0,Airbus A320neo,105.0,102.0
2026-10-09,2026-10-09 16:27,2026-10-10,1,HYD,DEL,HYD-DEL,6E,IndiGo,1,14864,INR,1,AMD,06:20,6,11:35,11,False,315,215,100,Airbus A320neo | Airbus A321neo,142.0,108.0
2026-10-09,2026-10-09 16:27,2026-10-10,1,HYD,DEL,HYD-DEL,6E,IndiGo,1,14864,INR,1,AMD,18:15,18,23:30,23,False,315,210,105,Airbus A320neo | Airbus A321neo,142.0,108.0
2026-10-09,2026-10-09 16:27,2026-10-10,1,HYD,DEL,HYD-DEL,6E,IndiGo,1,14864,INR,1,IDR,20:25,20,00:45,0,True,260,175,85,Airbus A321neo | Airbus A320neo,121.0,108.0
2026-10-09,2026-10-09 16:27,2026-10-10,1,HYD,DEL,HYD-DEL,6E,IndiGo,1,15960,INR,1,AMD,08:50,8,14:10,14,False,320,220,100,Airbus A320neo | Airbus A321neo,142.0,108.0
2026-10-09,2026-10-09 16:27,2026-10-10,1,HYD,DEL,HYD-DEL,6E,IndiGo,1,15960,INR,1,AMD,21:15,21,02:00,2,True,285,220,65,Airbus A320neo | Airbus A320neo,146.0,108.0
2026-10-09,2026-10-09 16:27,2026-10-10,1,HYD,DEL,HYD-DEL,6E,IndiGo,1,17231,INR,1,JAI,19:30,19,23:25,23,False,235,175,60,Airbus A320neo | Airbus A321neo,122.0,108.0
2026-10-09,2026-10-09 16:27,2026-10-10,1,HYD,DEL,HYD-DEL,AI,Air India,1,17233,INR,0,,18:25,18,21:00,21,False,155,155,0,Airbus A320neo,112.0,108.0
2026-10-09,2026-10-09 16:27,2026-10-10,1,HYD,DEL,HYD-DEL,AI,Air India,1,17233,INR,0,,19:25,19,22:00,22,False,155,155,0,Airbus A350,110.0,108.0
2026-10-09,2026-10-09 16:27,2026-10-10,1,HYD,DEL,HYD-DEL,AI,Air India,1,17233,INR,0,,21:30,21,23:55,23,False,145,145,0,Airbus A320neo,112.0,108.0
2026-10-09,2026-10-09 16:27,2026-10-10,1,HYD,DEL,HYD-DEL,AI,Air India,1,17537,INR,0,,17:30,17,20:00,20,False,150,150,0,Airbus A320neo,112.0,108.0
2026-10-09,2026-10-09 16:27,2026-10-10,1,HYD,DEL,HYD-DEL,AI,Air India,1,17689,INR,0,,07:15,7,09:35,9,False,140,140,0,Airbus A320neo,112.0,108.0
2026-10-09,2026-10-09 16:27,2026-10-10,1,HYD,DEL,HYD-DEL,QP,Akasa Air,1,18504,INR,0,,17:30,17,20:00,20,False,150,150,0,Boeing 737MAX 8 Passenger,99.0,108.0
2026-10-09,2026-10-09 16:27,2026-10-10,1,HYD,DEL,HYD-DEL,AI,Air India,1,20083,INR,0,,08:35,8,10:55,10,False,140,140,0,Airbus A320neo,112.0,108.0
2026-10-09,2026-10-09 16:27,2026-10-10,1,HYD,DEL,HYD-DEL,AI,Air India,1,23018,INR,0,,12:45,12,15:05,15,False,140,140,0,Airbus A320neo,112.0,108.0
2026-10-09,2026-10-09 16:27,2026-10-10,1,HYD,DEL,HYD-DEL,AI,Air India,1,23018,INR,0,,13:30,13,16:05,16,False,155,155,0,Airbus A320neo,112.0,108.0
2026-10-09,2026-10-09 16:27,2026-10-12,3,HYD,DEL,HYD-DEL,AI,Air India,1,10812,INR,0,,23:30,23,02:00,2,True,150,150,0,Airbus A320neo,112.0,108.0
2026-10-09,2026-10-09 16:27,2026-10-12,3,HYD,DEL,HYD-DEL,AI,Air India,1,11605,INR,0,,21:30,21,23:55,23,False,145,145,0,Airbus A320neo,112.0,108.0
2026-10-09,2026-10-09 16:27,2026-10-12,3,HYD,DEL,HYD-DEL,6E,IndiGo,1,11880,INR,1,AMD,10:35,10,16:20,16,False,345,215,130,Airbus A321neo | Airbus A321neo,137.0,108.0
2026-10-09,2026-10-09 16:27,2026-10-12,3,HYD,DEL,HYD-DEL,AI,Air India,1,12208,INR,0,,18:25,18,21:00,21,False,155,155,0,Airbus A320neo,112.0,108.0
2026-10-09,2026-10-09 16:27,2026-10-12,3,HYD,DEL,HYD-DEL,AI,Air India,1,12859,INR,0,,12:45,12,15:05,15,False,140,140,0,Airbus A320neo,112.0,108.0
2026-10-09,2026-10-09 16:27,2026-10-12,3,HYD,DEL,HYD-DEL,AI,Air India,1,13542,INR,0,,05:30,5,07:55,7,False,145,145,0,Airbus A320neo,112.0,108.0
2026-10-09,2026-10-09 16:27,2026-10-12,3,HYD,DEL,HYD-DEL,AI,Air India,1,13773,INR,0,,10:35,10,13:05,13,False,150,150,0,Airbus A320neo,112.0,108.0
2026-10-09,2026-10-09 16:27,2026-10-12,3,HYD,DEL,HYD-DEL,AI,Air India,1,13773,INR,0,,17:30,17,20:00,20,False,150,150,0,Airbus A320neo,112.0,108.0
2026-10-09,2026-10-09 16:27,2026-10-12,3,HYD,DEL,HYD-DEL,6E,IndiGo,1,16086,INR,1,JAI,19:30,19,23:25,23,False,235,175,60,Airbus A320neo | Airbus A321neo,122.0,108.0
2026-10-09,2026-10-09 16:27,2026-10-12,3,HYD,DEL,HYD-DEL,AI,Air India,1,17994,INR,0,,08:35,8,10:55,10,False,140,140,0,Airbus A320neo,112.0,108.0
2026-10-09,2026-10-09 16:27,2026-10-12,3,HYD,DEL,HYD-DEL,AI,Air India,1,18146,INR,0,,07:15,7,09:35,9,False,140,140,0,Airbus A320neo,112.0,108.0
2026-10-09,2026-10-09 16:27,2026-10-16,7,HYD,DEL,HYD-DEL,6E,IndiGo,1,9915,INR,1,RPR,14:05,14,18:45,18,False,280,195,85,Airbus A321neo | Airbus A321neo,126.0,108.0
2026-10-09,2026-10-09 16:27,2026-10-16,7,HYD,DEL,HYD-DEL,AI,Air India,1,11605,INR,0,,23:30,23,02:00,2,True,150,150,0,Airbus A320neo,112.0,108.0
2026-10-09,2026-10-09 16:27,2026-10-16,7,HYD,DEL,HYD-DEL,AI,Air India,1,11794,INR,0,,08:35,8,10:55,10,False,140,140,0,Airbus A320neo,112.0,108.0
2026-10-09,2026-10-09 16:27,2026-10-16,7,HYD,DEL,HYD-DEL,AI,Air India,1,11893,INR,0,,19:25,19,22:00,22,False,155,155,0,Airbus A350,110.0,108.0
2026-10-09,2026-10-09 16:27,2026-10-16,7,HYD,DEL,HYD-DEL,AI,Air India,1,12208,INR,0,,05:30,5,07:55,7,False,145,145,0,Airbus A320neo,112.0,108.0
2026-10-09,2026-10-09 16:27,2026-10-16,7,HYD,DEL,HYD-DEL,AI,Air India,1,12277,INR,0,,17:30,17,20:00,20,False,150,150,0,Airbus A320neo,112.0,108.0
2026-10-09,2026-10-09 16:27,2026-10-16,7,HYD,DEL,HYD-DEL,AI,Air India,1,13185,INR,0,,21:30,21,23:55,23,False,145,145,0,Airbus A320neo,112.0,108.0
2026-10-09,2026-10-09 16:27,2026-10-16,7,HYD,DEL,HYD-DEL,AI,Air India,1,13542,INR,0,,13:30,13,16:05,16,False,155,155,0,Airbus A320neo,112.0,108.0
2026-10-09,2026-10-09 16:27,2026-10-16,7,HYD,DEL,HYD-DEL,AI,Air India,1,13773,INR,0,,10:35,10,13:05,13,False,150,150,0,Airbus A320neo,112.0,108.0
2026-10-09,2026-10-09 16:27,2026-10-16,7,HYD,DEL,HYD-DEL,AI,Air India,1,14125,INR,0,,18:25,18,21:00,21,False,155,155,0,Airbus A320neo,112.0,108.0
2026-10-09,2026-10-09 16:27,2026-10-16,7,HYD,DEL,HYD-DEL,6E,IndiGo,1,16039,INR,1,JAI,19:30,19,23:25,23,False,235,175,60,Airbus A320neo | Airbus A321neo,122.0,108.0
2026-10-09,2026-10-09 16:27,2026-10-23,14,HYD,DEL,HYD-DEL,6E,IndiGo,1,9802,INR,1,RJA,08:00,8,13:10,13,False,310,210,100,Airbus A320neo | Airbus A320,167.0,108.0
2026-10-09,2026-10-09 16:27,2026-10-23,14,HYD,DEL,HYD-DEL,6E,IndiGo,1,9915,INR,1,AMD,06:20,6,11:35,11,False,315,215,100,Airbus A320neo | Airbus A321neo,142.0,108.0
2026-10-09,2026-10-09 16:27,2026-10-23,14,HYD,DEL,HYD-DEL,6E,IndiGo,1,9915,INR,1,AMD,08:50,8,14:10,14,False,320,225,95,Airbus A320neo | Airbus A321neo,142.0,108.0
2026-10-09,2026-10-09 16:27,2026-10-23,14,HYD,DEL,HYD-DEL,6E,IndiGo,1,9915,INR,1,AMD,10:35,10,16:20,16,False,345,215,130,Airbus A321neo | Airbus A321neo,137.0,108.0
2026-10-09,2026-10-09 16:27,2026-10-23,14,HYD,DEL,HYD-DEL,6E,IndiGo,1,9915,INR,1,RPR,14:05,14,18:45,18,False,280,195,85,Airbus A321neo | Airbus A321neo,126.0,108.0
2026-10-09,2026-10-09 16:27,2026-10-23,14,HYD,DEL,HYD-DEL,6E,IndiGo,1,9915,INR,1,AMD,21:15,21,02:00,2,True,285,220,65,Airbus A320neo | Airbus A321neo,142.0,108.0
2026-10-09,2026-10-09 16:27,2026-10-23,14,HYD,DEL,HYD-DEL,6E,IndiGo,1,9994,INR,1,LKO,09:05,9,14:10,14,False,305,185,120,Airbus A321neo | Airbus A321neo,128.0,108.0
2026-10-09,2026-10-09 16:27,2026-10-23,14,HYD,DEL,HYD-DEL,6E,IndiGo,1,9994,INR,1,JAI,19:30,19,23:25,23,False,235,175,60,Airbus A320neo | Airbus A321neo,122.0,108.0
2026-10-09,2026-10-09 16:27,2026-10-23,14,HYD,DEL,HYD-DEL,AI,Air India,1,10481,INR,0,,19:25,19,22:00,22,False,155,155,0,Airbus A350,110.0,108.0
2026-10-09,2026-10-09 16:27,2026-10-23,14,HYD,DEL,HYD-DEL,AI,Air India,1,10481,INR,0,,21:30,21,23:55,23,False,145,145,0,Airbus A320neo,112.0,108.0
2026-10-09,2026-10-09 16:27,2026-10-23,14,HYD,DEL,HYD-DEL,AI,Air India,1,10644,INR,0,,18:25,18,21:00,21,False,155,155,0,Airbus A320neo,112.0,108.0
2026-10-09,2026-10-09 16:27,2026-10-23,14,HYD,DEL,HYD-DEL,AI,Air India,1,10812,INR,0,,13:30,13,16:05,16,False,155,155,0,Airbus A320neo,112.0,108.0
2026-10-09,2026-10-09 16:27,2026-10-23,14,HYD,DEL,HYD-DEL,AI,Air India,1,10812,INR,0,,17:30,17,20:00,20,False,150,150,0,Airbus A320neo,112.0,108.0
2026-10-09,2026-10-09 16:27,2026-10-23,14,HYD,DEL,HYD-DEL,AI,Air India,1,11605,INR,0,,05:30,5,07:55,7,False,145,145,0,Airbus A320neo,112.0,108.0
2026-10-09,2026-10-09 16:27,2026-10-23,14,HYD,DEL,HYD-DEL,QP,Akasa Air,1,11794,INR,0,,06:00,6,08:15,8,False,135,135,0,Boeing 737MAX 8 Passenger,99.0,108.0
2026-10-09,2026-10-09 16:27,2026-10-23,14,HYD,DEL,HYD-DEL,AI,Air India,1,11794,INR,0,,08:35,8,10:55,10,False,140,140,0,Airbus A320neo,112.0,108.0
2026-10-09,2026-10-09 16:27,2026-10-23,14,HYD,DEL,HYD-DEL,AI,Air India,1,11893,INR,0,,07:15,7,09:35,9,False,140,140,0,Airbus A320neo,112.0,108.0
2026-10-09,2026-10-09 16:27,2026-10-30,21,HYD,DEL,HYD-DEL,6E,IndiGo,1,10577,INR,1,AMD,06:10,6,11:35,11,False,325,205,120,Airbus A320neo | Airbus A321neo,142.0,108.0
2026-10-09,2026-10-09 16:27,2026-10-30,21,HYD,DEL,HYD-DEL,6E,IndiGo,1,10577,INR,1,AMD,08:45,8,13:55,13,False,310,210,100,Airbus A321neo | Airbus A321neo,137.0,108.0
2026-10-09,2026-10-09 16:27,2026-10-30,21,HYD,DEL,HYD-DEL,6E,IndiGo,1,10577,INR,1,AMD,13:55,13,18:45,18,False,290,210,80,Airbus A321neo | Airbus A321neo,137.0,108.0
2026-10-09,2026-10-09 16:27,2026-10-30,21,HYD,DEL,HYD-DEL,6E,IndiGo,1,10577,INR,1,IDR,15:55,15,20:15,20,False,260,165,95,Airbus A320neo | Airbus A320neo,125.0,108.0
2026-10-09,2026-10-09 16:27,2026-10-30,21,HYD,DEL,HYD-DEL,6E,IndiGo,1,10577,INR,1,BDQ,16:55,16,22:35,22,False,340,200,140,Airbus A321neo | Airbus A321neo,135.0,108.0
2026-10-09,2026-10-09 16:27,2026-10-30,21,HYD,DEL,HYD-DEL,6E,IndiGo,1,10577,INR,1,AMD,19:15,19,00:05,0,True,290,205,85,Airbus A321neo | Airbus A321neo,137.0,108.0
2026-10-09,2026-10-09 16:27,2026-10-30,21,HYD,DEL,HYD-DEL,AI,Air India,1,10812,INR,0,,05:30,5,07:45,7,False,135,135,0,Airbus A320neo,112.0,108.0
2026-10-09,2026-10-09 16:27,2026-10-30,21,HYD,DEL,HYD-DEL,AI,Air India,1,10985,INR,0,,08:35,8,10:55,10,False,140,140,0,Airbus A320neo,112.0,108.0
2026-10-09,2026-10-09 16:27,2026-10-30,21,HYD,DEL,HYD-DEL,AI,Air India,1,10985,INR,0,,10:15,10,12:35,12,False,140,140,0,Airbus A320neo,112.0,108.0
2026-10-09,2026-10-09 16:27,2026-10-30,21,HYD,DEL,HYD-DEL,QP,Akasa Air,1,11248,INR,0,,17:25,17,19:55,19,False,150,150,0,Boeing 737MAX 8 Passenger,99.0,108.0
2026-10-09,2026-10-09 16:27,2026-10-30,21,HYD,DEL,HYD-DEL,AI,Air India,1,11253,INR,0,,17:45,17,20:00,20,False,135,135,0,Airbus A320neo,112.0,108.0
2026-10-09,2026-10-09 16:27,2026-10-30,21,HYD,DEL,HYD-DEL,AI,Air India,1,11893,INR,0,,19:25,19,21:45,21,False,140,140,0,Airbus A350,110.0,108.0
2026-10-09,2026-10-09 16:27,2026-10-30,21,HYD,DEL,HYD-DEL,AI,Air India,1,11893,INR,0,,21:30,21,23:45,23,False,135,135,0,Airbus A321,143.0,108.0
2026-10-09,2026-10-09 16:27,2026-10-30,21,HYD,DEL,HYD-DEL,AI,Air India,1,23018,INR,0,,22:30,22,00:45,0,True,135,135,0,Airbus A320neo,112.0,108.0
2026-10-09,2026-10-09 16:27,2026-11-08,30,HYD,DEL,HYD-DEL,AI,Air India,1,9452,INR,0,,19:25,19,21:45,21,False,140,140,0,Airbus A350,108.0,108.0
2026-10-09,2026-10-09 16:27,2026-11-08,30,HYD,DEL,HYD-DEL,AI,Air India,1,9452,INR,0,,21:30,21,23:45,23,False,135,135,0,Airbus A321,140.0,108.0
2026-10-09,2026-10-09 16:27,2026-11-08,30,HYD,DEL,HYD-DEL,AI,Air India,1,9599,INR,0,,17:45,17,20:00,20,False,135,135,0,Airbus A320neo,110.0,108.0
2026-10-09,2026-10-09 16:27,2026-11-08,30,HYD,DEL,HYD-DEL,AI,Air India,1,9746,INR,0,,12:45,12,15:05,15,False,140,140,0,Airbus A320neo,110.0,108.0
2026-10-09,2026-10-09 16:27,2026-11-08,30,HYD,DEL,HYD-DEL,6E,IndiGo,1,9915,INR,1,IDR,15:55,15,20:15,20,False,260,165,95,Airbus A320neo | Airbus A320neo,122.0,108.0
2026-10-09,2026-10-09 16:27,2026-11-08,30,HYD,DEL,HYD-DEL,QP,Akasa Air,1,10570,INR,0,,06:00,6,08:15,8,False,135,135,0,Boeing 737MAX 8 Passenger,96.0,108.0
2026-10-09,2026-10-09 16:27,2026-11-08,30,HYD,DEL,HYD-DEL,AI,Air India,1,11043,INR,0,,10:15,10,12:35,12,False,140,140,0,Airbus A320neo,110.0,108.0
2026-10-09,2026-10-09 16:27,2026-11-08,30,HYD,DEL,HYD-DEL,AI,Air India,1,11132,INR,0,,05:30,5,07:45,7,False,135,135,0,Airbus A320neo,110.0,108.0
2026-10-09,2026-10-09 16:27,2026-11-08,30,HYD,DEL,HYD-DEL,AI,Air India,1,11305,INR,0,,08:35,8,10:55,10,False,140,140,0,Airbus A320neo,110.0,108.0
2026-10-09,2026-10-09 16:27,2026-11-23,45,HYD,DEL,HYD-DEL,6E,IndiGo,1,9915,INR,1,JLR,15:40,15,20:25,20,False,285,170,115,Airbus A320neo | Airbus A320,133.0,108.0
2026-10-09,2026-10-09 16:27,2026-11-23,45,HYD,DEL,HYD-DEL,6E,IndiGo,1,9994,INR,1,JAI,05:00,5,09:35,9,False,275,180,95,Airbus A321neo | Airbus A321neo,114.0,108.0
2026-10-09,2026-10-09 16:27,2026-11-23,45,HYD,DEL,HYD-DEL,AI,Air India,1,10287,INR,0,,21:30,21,23:45,23,False,135,135,0,Airbus A321,140.0,108.0
2026-10-09,2026-10-09 16:27,2026-11-23,45,HYD,DEL,HYD-DEL,QP,Akasa Air,1,10570,INR,0,,06:00,6,08:15,8,False,135,135,0,Boeing 737MAX 8 Passenger,96.0,108.0
2026-10-09,2026-10-09 16:27,2026-11-23,45,HYD,DEL,HYD-DEL,AI,Air India,1,10864,INR,0,,14:55,14,17:15,17,False,140,140,0,Airbus A320neo,110.0,108.0
2026-10-09,2026-10-09 16:27,2026-11-23,45,HYD,DEL,HYD-DEL,AI,Air India,1,11043,INR,0,,10:15,10,12:35,12,False,140,140,0,Airbus A320neo,110.0,108.0
2026-10-09,2026-10-09 16:27,2026-11-23,45,HYD,DEL,HYD-DEL,AI,Air India,1,12261,INR,0,,05:30,5,07:45,7,False,135,135,0,Airbus A320neo,110.0,108.0
2026-10-09,2026-10-09 16:27,2026-11-23,45,HYD,DEL,HYD-DEL,AI,Air India,1,14177,INR,0,,08:35,8,10:55,10,False,140,140,0,Airbus A320neo,110.0,108.0
2026-10-09,2026-10-09 16:27,2026-12-08,60,HYD,DEL,HYD-DEL,AI,Air India,1,9746,INR,0,,17:45,17,20:00,20,False,135,135,0,Airbus A320neo,107.0,108.0
2026-10-09,2026-10-09 16:27,2026-12-08,60,HYD,DEL,HYD-DEL,6E,IndiGo,1,9915,INR,1,JLR,15:40,15,20:25,20,False,285,170,115,Airbus A320neo | Airbus A320,130.0,108.0
2026-10-09,2026-10-09 16:27,2026-12-08,60,HYD,DEL,HYD-DEL,6E,IndiGo,1,9994,INR,1,JAI,05:00,5,09:35,9,False,275,180,95,Airbus A321neo | Airbus A321neo,112.0,108.0
2026-10-09,2026-10-09 16:27,2026-12-08,60,HYD,DEL,HYD-DEL,AI,Air India,1,10287,INR,0,,21:30,21,23:45,23,False,135,135,0,Airbus A321,136.0,108.0
2026-10-09,2026-10-09 16:27,2026-12-08,60,HYD,DEL,HYD-DEL,AI,Air India,1,10287,INR,0,,22:30,22,00:45,0,True,135,135,0,Airbus A320neo,107.0,108.0
2026-10-09,2026-10-09 16:27,2026-12-08,60,HYD,DEL,HYD-DEL,AI,Air India,1,10450,INR,0,,08:35,8,10:55,10,False,140,140,0,Airbus A320neo,107.0,108.0
2026-10-09,2026-10-09 16:27,2026-12-08,60,HYD,DEL,HYD-DEL,AI,Air India,1,10864,INR,0,,05:30,5,07:45,7,False,135,135,0,Airbus A320neo,107.0,108.0
2026-10-09,2026-10-09 16:27,2026-12-08,60,HYD,DEL,HYD-DEL,AI,Air India,1,10864,INR,0,,14:55,14,17:15,17,False,140,140,0,Airbus A320neo,107.0,108.0
2026-10-09,2026-10-09 16:27,2026-12-08,60,HYD,DEL,HYD-DEL,AI,Air India,1,10864,INR,0,,19:25,19,21:45,21,False,140,140,0,Airbus A350,104.0,108.0
2026-10-09,2026-10-09 16:27,2026-12-08,60,HYD,DEL,HYD-DEL,AI,Air India,1,11043,INR,0,,10:15,10,12:35,12,False,140,140,0,Airbus A320neo,107.0,108.0
