scraped_on,scraped_at,flight_date,days_left,origin,destination,route,airline_code,airlines,num_airlines,price,currency,num_stops,layover_airports,dep_time,dep_hour,arr_time,arr_hour,arrives_next_day,total_duration_min,flying_min,layover_min,plane_types,carbon_kg,carbon_typical_kg
2026-10-06,2026-10-06 16:20,2026-10-07,1,DEL,BOM,DEL-BOM,IX,Air India Express,1,6610,INR,0,,23:25,23,01:50,1,True,145,145,0,Boeing 737MAX 8 Passenger,103.0,100.0
2026-10-06,2026-10-06 16:20,2026-10-07,1,DEL,BOM,DEL-BOM,AI,Air India,1,6677,INR,0,,22:55,22,01:25,1,True,150,150,0,Airbus A320neo,102.0,100.0
2026-10-06,2026-10-06 16:20,2026-10-07,1,DEL,BOM,DEL-BOM,AI,Air India,1,6687,INR,0,,11:00,11,13:25,13,False,145,145,0,Boeing 787,103.0,100.0
2026-10-06,2026-10-06 16:20,2026-10-07,1,DEL,BOM,DEL-BOM,AI,Air India,1,6687,INR,0,,13:30,13,15:50,15,False,140,140,0,Airbus A320neo,102.0,100.0
2026-10-06,2026-10-06 16:20,2026-10-07,1,DEL,BOM,DEL-BOM,AI,Air India,1,6687,INR,0,,14:10,14,16:35,16,False,145,145,0,Airbus A320neo,102.0,100.0
2026-10-06,2026-10-06 16:20,2026-10-07,1,DEL,BOM,DEL-BOM,AI,Air India,1,6687,INR,0,,21:55,21,00:20,0,True,145,145,0,Airbus A321,130.0,100.0
2026-10-06,2026-10-06 16:20,2026-10-07,1,DEL,BOM,DEL-BOM,AI,Air India,1,6692,INR,0,,12:00,12,14:25,14,False,145,145,0,Airbus A320neo,102.0,100.0
2026-10-06,2026-10-06 16:20,2026-10-07,1,DEL,BOM,DEL-BOM,AI,Air India,1,6692,INR,0,,16:00,16,18:25,18,False,145,145,0,Airbus A320neo,102.0,100.0
2026-10-06,2026-10-06 16:20,2026-10-07,1,DEL,BOM,DEL-BOM,6E,IndiGo,1,6789,INR,0,,03:00,3,05:20,5,False,140,140,0,Airbus A321neo,87.0,100.0
2026-10-06,2026-10-06 16:20,2026-10-07,1,DEL,BOM,DEL-BOM,6E,IndiGo,1,6789,INR,0,,05:00,5,07:15,7,False,135,135,0,Airbus A321neo,87.0,100.0
2026-10-06,2026-10-06 16:20,2026-10-07,1,DEL,BOM,DEL-BOM,6E,IndiGo,1,6789,INR,0,,12:00,12,14:15,14,False,135,135,0,Airbus A321neo,87.0,100.0
2026-10-06,2026-10-06 16:20,2026-10-07,1,DEL,BOM,DEL-BOM,6E,IndiGo,1,6789,INR,0,,14:00,14,16:25,16,False,145,145,0,Airbus A321neo,87.0,100.0
2026-10-06,2026-10-06 16:20,2026-10-07,1,DEL,BOM,DEL-BOM,6E,IndiGo,1,6789,INR,0,,14:45,14,17:00,17,False,135,135,0,Airbus A321neo,87.0,100.0
2026-10-06,2026-10-06 16:20,2026-10-07,1,DEL,BOM,DEL-BOM,6E,IndiGo,1,6789,INR,0,,15:30,15,17:45,17,False,135,135,0,Airbus A321neo,87.0,100.0
2026-10-06,2026-10-06 16:20,2026-10-07,1,DEL,BOM,DEL-BOM,6E,IndiGo,1,6789,INR,0,,16:15,16,18:35,18,False,140,140,0,Airbus A321neo,87.0,100.0
2026-10-06,2026-10-06 16:20,2026-10-07,1,DEL,BOM,DEL-BOM,6E,IndiGo,1,6789,INR,0,,22:45,22,01:05,1,True,140,140,0,Airbus A321neo,87.0,100.0
2026-10-06,2026-10-06 16:20,2026-10-07,1,DEL,BOM,DEL-BOM,6E,IndiGo,1,6789,INR,0,,23:30,23,01:45,1,True,135,135,0,Airbus A321neo,87.0,100.0
2026-10-06,2026-10-06 16:20,2026-10-07,1,DEL,BOM,DEL-BOM,AI,Air India,1,6850,INR,0,,21:30,21,23:55,23,False,145,145,0,Airbus A320neo,102.0,100.0
2026-10-06,2026-10-06 16:20,2026-10-07,1,DEL,BOM,DEL-BOM,AI,Air India,1,6897,INR,0,,17:00,17,19:25,19,False,145,145,0,Boeing 777,115.0,100.0
2026-10-06,2026-10-06 16:20,2026-10-07,1,DEL,BOM,DEL-BOM,6E,IndiGo,1,6947,INR,0,,21:45,21,00:05,0,True,140,140,0,Airbus A321neo,87.0,100.0
2026-10-06,2026-10-06 16:20,2026-10-07,1,DEL,BOM,DEL-BOM,SG,SpiceJet,1,7091,INR,0,,22:30,22,01:10,1,True,160,160,0,De Havilland-Bombardier Dash-8,118.0,100.0
2026-10-06,2026-10-06 16:20,2026-10-07,1,DEL,BOM,DEL-BOM,6E,IndiGo,1,7157,INR,0,,17:00,17,19:15,19,False,135,135,0,Airbus A321neo,87.0,100.0
2026-10-06,2026-10-06 16:20,2026-10-07,1,DEL,BOM,DEL-BOM,6E,IndiGo,1,7419,INR,0,,11:00,11,13:15,13,False,135,135,0,Airbus A321neo,87.0,100.0
2026-10-06,2026-10-06 16:20,2026-10-07,1,DEL,BOM,DEL-BOM,AI,Air India,1,7475,INR,0,,16:30,16,18:50,18,False,140,140,0,Airbus A320neo,102.0,100.0
2026-10-06,2026-10-06 16:20,2026-10-07,1,DEL,BOM,DEL-BOM,QP,Akasa Air,1,7716,INR,0,,17:30,17,19:50,19,False,140,140,0,Boeing 737MAX 8 Passenger,89.0,100.0
2026-10-06,2026-10-06 16:20,2026-10-07,1,DEL,BOM,DEL-BOM,SG,SpiceJet,1,7735,INR,0,,19:55,19,22:40,22,False,165,165,0,Boeing 737,122.0,100.0
2026-10-06,2026-10-06 16:20,2026-10-07,1,DEL,BOM,DEL-BOM,AI,Air India,1,7790,INR,0,,05:00,5,07:25,7,False,145,145,0,Airbus A320neo,102.0,100.0
2026-10-06,2026-10-06 16:20,2026-10-07,1,DEL,BOM,DEL-BOM,AI,Air India,1,7790,INR,0,,10:00,10,12:25,12,False,145,145,0,Airbus A320neo,102.0,100.0
2026-10-06,2026-10-06 16:20,2026-10-07,1,DEL,BOM,DEL-BOM,6E,IndiGo,1,8049,INR,0,,06:00,6,08:20,8,False,140,140,0,Airbus A321neo,87.0,100.0
2026-10-06,2026-10-06 16:20,2026-10-07,1,DEL,BOM,DEL-BOM,6E,IndiGo,1,8049,INR,0,,10:15,10,12:35,12,False,140,140,0,Airbus A321neo,87.0,100.0
2026-10-06,2026-10-06 16:20,2026-10-07,1,DEL,BOM,DEL-BOM,6E,IndiGo,1,8049,INR,0,,20:45,20,23:00,23,False,135,135,0,Airbus A321neo,87.0,100.0
2026-10-06,2026-10-06 16:20,2026-10-07,1,DEL,BOM,DEL-BOM,QP,Akasa Air,1,8129,INR,0,,10:00,10,12:20,12,False,140,140,0,Boeing 737MAX 8 Passenger,86.0,100.0
2026-10-06,2026-10-06 16:20,2026-10-07,1,DEL,BOM,DEL-BOM,AI,Air India,1,8225,INR,0,,18:00,18,20:25,20,False,145,145,0,Airbus A320neo,102.0,100.0
2026-10-06,2026-10-06 16:20,2026-10-07,1,DEL,BOM,DEL-BOM,QP,Akasa Air,1,8272,INR,0,,19:55,19,22:20,22,False,145,145,0,Boeing 737MAX 8 Passenger,89.0,100.0
2026-10-06,2026-10-06 16:20,2026-10-07,1,DEL,BOM,DEL-BOM,6E,IndiGo,1,8417,INR,0,,08:45,8,11:00,11,False,135,135,0,Airbus A321neo,87.0,100.0
2026-10-06,2026-10-06 16:20,2026-10-07,1,DEL,BOM,DEL-BOM,AI,Air India,1,8435,INR,0,,20:00,20,22:30,22,False,150,150,0,Airbus A320neo,102.0,100.0
2026-10-06,2026-10-06 16:20,2026-10-07,1,DEL,BOM,DEL-BOM,QP,Akasa Air,1,8567,INR,0,,08:40,8,11:05,11,False,145,145,0,Boeing 737MAX 8 Passenger,90.0,100.0
2026-10-06,2026-10-06 16:20,2026-10-07,1,DEL,BOM,DEL-BOM,AI,Air India,1,8577,INR,0,,19:00,19,21:25,21,False,145,145,0,Airbus A320neo,102.0,100.0
2026-10-06,2026-10-06 16:20,2026-10-07,1,DEL,BOM,DEL-BOM,QP,Akasa Air,1,9360,INR,0,,06:50,6,09:10,9,False,140,140,0,Boeing 737MAX 8 Passenger,90.0,100.0
2026-10-06,2026-10-06 16:20,2026-10-07,1,DEL,BOM,DEL-BOM,6E,IndiGo,1,9362,INR,0,,07:15,7,09:30,9,False,135,135,0,Airbus A321neo,87.0,100.0
2026-10-06,2026-10-06 16:20,2026-10-07,1,DEL,BOM,DEL-BOM,6E,IndiGo,1,9362,INR,0,,09:30,9,11:55,11,False,145,145,0,Airbus A321neo,87.0,100.0
2026-10-06,2026-10-06 16:20,2026-10-07,1,DEL,BOM,DEL-BOM,AI,Air India,1,9569,INR,0,,07:30,7,09:55,9,False,145,145,0,Airbus A350,100.0,100.0
2026-10-06,2026-10-06 16:20,2026-10-07,1,DEL,BOM,DEL-BOM,AI,Air India,1,9968,INR,0,,10:30,10,12:50,12,False,140,140,0,Airbus A320neo,102.0,100.0
2026-10-06,2026-10-06 16:20,2026-10-07,1,DEL,BOM,DEL-BOM,AI,Air India,1,9968,INR,0,,20:30,20,23:05,23,False,155,155,0,Airbus A320neo,102.0,100.0
2026-10-06,2026-10-06 16:20,2026-10-07,1,DEL,BOM,DEL-BOM,AI,Air India,1,9968,INR,0,,21:00,21,23:20,23,False,140,140,0,Airbus A320neo,102.0,100.0
2026-10-06,2026-10-06 16:20,2026-10-07,1,DEL,BOM,DEL-BOM,AI,Air India,1,10231,INR,0,,08:30,8,10:40,10,False,130,130,0,Airbus A320neo,102.0,100.0
2026-10-06,2026-10-06 16:20,2026-10-07,1,DEL,BOM,DEL-BOM,SG,SpiceJet,1,10635,INR,0,,04:00,4,06:30,6,False,150,150,0,Boeing 737,122.0,100.0
2026-10-06,2026-10-06 16:20,2026-10-07,1,DEL,BOM,DEL-BOM,6E,IndiGo,1,11567,INR,0,,19:00,19,21:25,21,False,145,145,0,Airbus A321neo,87.0,100.0
2026-10-06,2026-10-06 16:20,2026-10-07,1,DEL,BOM,DEL-BOM,6E,IndiGo,1,12617,INR,0,,08:00,8,10:20,10,False,140,140,0,Airbus A321neo,87.0,100.0
2026-10-06,2026-10-06 16:20,2026-10-07,1,DEL,BOM,DEL-BOM,6E,IndiGo,1,12617,INR,0,,20:00,20,22:10,22,False,130,130,0,Airbus A321neo,87.0,100.0
2026-10-06,2026-10-06 16:20,2026-10-07,1,DEL,BOM,DEL-BOM,AI,Air India,1,12887,INR,0,,06:30,6,08:50,8,False,140,140,0,Airbus A320neo,102.0,100.0
2026-10-06,2026-10-06 16:20,2026-10-07,1,DEL,BOM,DEL-BOM,AI,Air India,1,12887,INR,0,,07:00,7,09:25,9,False,145,145,0,Airbus A320neo,102.0,100.0
2026-10-06,2026-10-06 16:20,2026-10-07,1,DEL,BOM,DEL-BOM,AI,Air India,1,12887,INR,0,,19:30,19,21:55,21,False,145,145,0,Airbus A320neo,102.0,100.0
2026-10-06,2026-10-06 16:20,2026-10-07,1,DEL,BOM,DEL-BOM,AI,Air India,1,13239,INR,0,,09:00,9,11:15,11,False,135,135,0,Airbus A320neo,102.0,100.0
2026-10-06,2026-10-06 16:20,2026-10-07,1,DEL,BOM,DEL-BOM,6E,IndiGo,1,17447,INR,0,,18:00,18,20:15,20,False,135,135,0,Airbus A321neo,87.0,100.0
2026-10-06,2026-10-06 16:20,2026-10-09,3,DEL,BOM,DEL-BOM,AI,Air India,1,6640,INR,0,,05:00,5,07:25,7,False,145,145,0,Airbus A320neo,102.0,100.0
2026-10-06,2026-10-06 16:20,2026-10-09,3,DEL,BOM,DEL-BOM,AI,Air India,1,6687,INR,0,,06:30,6,08:50,8,False,140,140,0,Airbus A320neo,102.0,100.0
2026-10-06,2026-10-06 16:20,2026-10-09,3,DEL,BOM,DEL-BOM,AI,Air India,1,6687,INR,0,,07:00,7,09:25,9,False,145,145,0,Airbus A320neo,102.0,100.0
2026-10-06,2026-10-06 16:20,2026-10-09,3,DEL,BOM,DEL-BOM,AI,Air India,1,6687,INR,0,,07:30,7,09:55,9,False,145,145,0,Airbus A350,100.0,100.0
2026-10-06,2026-10-06 16:20,2026-10-09,3,DEL,BOM,DEL-BOM,AI,Air India,1,6692,INR,0,,16:00,16,18:25,18,False,145,145,0,Airbus A320neo,102.0,100.0
2026-10-06,2026-10-06 16:20,2026-10-09,3,DEL,BOM,DEL-BOM,6E,IndiGo,1,6789,INR,0,,03:00,3,05:20,5,False,140,140,0,Airbus A321neo,87.0,100.0
2026-10-06,2026-10-06 16:20,2026-10-09,3,DEL,BOM,DEL-BOM,6E,IndiGo,1,6789,INR,0,,05:00,5,07:15,7,False,135,135,0,Airbus A321neo,87.0,100.0
2026-10-06,2026-10-06 16:20,2026-10-09,3,DEL,BOM,DEL-BOM,6E,IndiGo,1,6789,INR,0,,06:00,6,08:20,8,False,140,140,0,Airbus A321neo,87.0,100.0
2026-10-06,2026-10-06 16:20,2026-10-09,3,DEL,BOM,DEL-BOM,6E,IndiGo,1,6789,INR,0,,07:15,7,09:30,9,False,135,135,0,Airbus A321neo,87.0,100.0
2026-10-06,2026-10-06 16:20,2026-10-09,3,DEL,BOM,DEL-BOM,6E,IndiGo,1,6789,INR,0,,08:00,8,10:20,10,False,140,140,0,Airbus A321neo,87.0,100.0
2026-10-06,2026-10-06 16:20,2026-10-09,3,DEL,BOM,DEL-BOM,6E,IndiGo,1,6789,INR,0,,08:45,8,11:00,11,False,135,135,0,Airbus A321neo,87.0,100.0
2026-10-06,2026-10-06 16:20,2026-10-09,3,DEL,BOM,DEL-BOM,6E,IndiGo,1,6789,INR,0,,09:30,9,11:55,11,False,145,145,0,Airbus A321neo,87.0,100.0
2026-10-06,2026-10-06 16:20,2026-10-09,3,DEL,BOM,DEL-BOM,6E,IndiGo,1,6789,INR,0,,10:15,10,12:35,12,False,140,140,0,Airbus A321neo,87.0,100.0
2026-10-06,2026-10-06 16:20,2026-10-09,3,DEL,BOM,DEL-BOM,6E,IndiGo,1,6789,INR,0,,14:00,14,16:25,16,False,145,145,0,Airbus A321neo,87.0,100.0
2026-10-06,2026-10-06 16:20,2026-10-09,3,DEL,BOM,DEL-BOM,6E,IndiGo,1,6789,INR,0,,15:30,15,17:45,17,False,135,135,0,Airbus A321neo,87.0,100.0
2026-10-06,2026-10-06 16:20,2026-10-09,3,DEL,BOM,DEL-BOM,6E,IndiGo,1,6789,INR,0,,23:30,23,01:45,1,True,135,135,0,Airbus A321neo,87.0,100.0
2026-10-06,2026-10-06 16:20,2026-10-09,3,DEL,BOM,DEL-BOM,AI,Air India,1,6897,INR,0,,13:30,13,15:50,15,False,140,140,0,Airbus A320neo,102.0,100.0
2026-10-06,2026-10-06 16:20,2026-10-09,3,DEL,BOM,DEL-BOM,AI,Air India,1,6897,INR,0,,14:10,14,16:35,16,False,145,145,0,Airbus A320neo,102.0,100.0
2026-10-06,2026-10-06 16:20,2026-10-09,3,DEL,BOM,DEL-BOM,6E,IndiGo,1,6947,INR,0,,11:00,11,13:15,13,False,135,135,0,Airbus A321neo,87.0,100.0
2026-10-06,2026-10-06 16:20,2026-10-09,3,DEL,BOM,DEL-BOM,6E,IndiGo,1,6947,INR,0,,16:15,16,18:35,18,False,140,140,0,Airbus A321neo,87.0,100.0
2026-10-06,2026-10-06 16:20,2026-10-09,3,DEL,BOM,DEL-BOM,6E,IndiGo,1,6947,INR,0,,22:45,22,01:05,1,True,140,140,0,Airbus A321neo,87.0,100.0
2026-10-06,2026-10-06 16:20,2026-10-09,3,DEL,BOM,DEL-BOM,QP,Akasa Air,1,7079,INR,0,,06:50,6,09:10,9,False,140,140,0,Boeing 737MAX 8 Passenger,90.0,100.0
2026-10-06,2026-10-06 16:20,2026-10-09,3,DEL,BOM,DEL-BOM,QP,Akasa Air,1,7079,INR,0,,08:40,8,11:05,11,False,145,145,0,Boeing 737MAX 8 Passenger,90.0,100.0
2026-10-06,2026-10-06 16:20,2026-10-09,3,DEL,BOM,DEL-BOM,QP,Akasa Air,1,7079,INR,0,,10:00,10,12:20,12,False,140,140,0,Boeing 737MAX 8 Passenger,86.0,100.0
2026-10-06,2026-10-06 16:20,2026-10-09,3,DEL,BOM,DEL-BOM,6E,IndiGo,1,7157,INR,0,,12:00,12,14:15,14,False,135,135,0,Airbus A321neo,87.0,100.0
2026-10-06,2026-10-06 16:20,2026-10-09,3,DEL,BOM,DEL-BOM,6E,IndiGo,1,7157,INR,0,,17:00,17,19:15,19,False,135,135,0,Airbus A321neo,87.0,100.0
2026-10-06,2026-10-06 16:20,2026-10-09,3,DEL,BOM,DEL-BOM,AI,Air India,1,7160,INR,0,,09:30,9,12:00,12,False,150,150,0,Airbus A320neo,102.0,100.0
2026-10-06,2026-10-06 16:20,2026-10-09,3,DEL,BOM,DEL-BOM,AI,Air India,1,7160,INR,0,,10:00,10,12:25,12,False,145,145,0,Airbus A320neo,102.0,100.0
2026-10-06,2026-10-06 16:20,2026-10-09,3,DEL,BOM,DEL-BOM,AI,Air India,1,7160,INR,0,,10:30,10,12:50,12,False,140,140,0,Airbus A320neo,102.0,100.0
2026-10-06,2026-10-06 16:20,2026-10-09,3,DEL,BOM,DEL-BOM,AI,Air India,1,7160,INR,0,,17:00,17,19:25,19,False,145,145,0,Boeing 777,115.0,100.0
2026-10-06,2026-10-06 16:20,2026-10-09,3,DEL,BOM,DEL-BOM,SG,SpiceJet,1,7387,INR,0,,22:30,22,01:10,1,True,160,160,0,De Havilland-Bombardier Dash-8,118.0,100.0
2026-10-06,2026-10-06 16:20,2026-10-09,3,DEL,BOM,DEL-BOM,AI,Air India,1,7475,INR,0,,12:00,12,14:25,14,False,145,145,0,Airbus A320neo,102.0,100.0
2026-10-06,2026-10-06 16:20,2026-10-09,3,DEL,BOM,DEL-BOM,QP,Akasa Air,1,7583,INR,0,,17:30,17,19:50,19,False,140,140,0,Boeing 737MAX 8 Passenger,86.0,100.0
2026-10-06,2026-10-06 16:20,2026-10-09,3,DEL,BOM,DEL-BOM,6E,IndiGo,1,7734,INR,0,,13:00,13,15:10,15,False,130,130,0,Airbus A321neo,87.0,100.0
2026-10-06,2026-10-06 16:20,2026-10-09,3,DEL,BOM,DEL-BOM,6E,IndiGo,1,8049,INR,0,,18:00,18,20:15,20,False,135,135,0,Airbus A321neo,87.0,100.0
2026-10-06,2026-10-06 16:20,2026-10-09,3,DEL,BOM,DEL-BOM,AI,Air India,1,8157,INR,0,,08:30,8,10:40,10,False,130,130,0,Airbus A320neo,102.0,100.0
2026-10-06,2026-10-06 16:20,2026-10-09,3,DEL,BOM,DEL-BOM,AI,Air India,1,8157,INR,0,,11:00,11,13:25,13,False,145,145,0,Airbus A320neo,102.0,100.0
2026-10-06,2026-10-06 16:20,2026-10-09,3,DEL,BOM,DEL-BOM,IX,Air India Express,1,8528,INR,0,,17:50,17,20:10,20,False,140,140,0,Airbus A320,116.0,100.0
2026-10-06,2026-10-06 16:20,2026-10-09,3,DEL,BOM,DEL-BOM,IX,Air India Express,1,8528,INR,0,,23:25,23,01:50,1,True,145,145,0,Boeing 737MAX 8 Passenger,103.0,100.0
2026-10-06,2026-10-06 16:20,2026-10-09,3,DEL,BOM,DEL-BOM,SG,SpiceJet,1,9005,INR,0,,19:55,19,22:40,22,False,165,165,0,Boeing 737,122.0,100.0
2026-10-06,2026-10-06 16:20,2026-10-09,3,DEL,BOM,DEL-BOM,AI,Air India,1,9569,INR,0,,22:55,22,01:25,1,True,150,150,0,Airbus A320neo,102.0,100.0
2026-10-06,2026-10-06 16:20,2026-10-09,3,DEL,BOM,DEL-BOM,6E,IndiGo,1,10727,INR,0,,19:00,19,21:25,21,False,145,145,0,Airbus A321neo,87.0,100.0
2026-10-06,2026-10-06 16:20,2026-10-09,3,DEL,BOM,DEL-BOM,AI,Air India,1,11108,INR,0,,18:00,18,20:25,20,False,145,145,0,Airbus A320neo,102.0,100.0
2026-10-06,2026-10-06 16:20,2026-10-09,3,DEL,BOM,DEL-BOM,6E,IndiGo,1,11567,INR,0,,20:45,20,23:00,23,False,135,135,0,Airbus A321neo,87.0,100.0
2026-10-06,2026-10-06 16:20,2026-10-09,3,DEL,BOM,DEL-BOM,6E,IndiGo,1,11567,INR,0,,21:45,21,00:05,0,True,140,140,0,Airbus A321neo,87.0,100.0
2026-10-06,2026-10-06 16:20,2026-10-09,3,DEL,BOM,DEL-BOM,QP,Akasa Air,1,11614,INR,0,,19:55,19,22:20,22,False,145,145,0,Boeing 737MAX 8 Passenger,89.0,100.0
2026-10-06,2026-10-06 16:20,2026-10-09,3,DEL,BOM,DEL-BOM,6E,IndiGo,1,12617,INR,0,,20:00,20,22:10,22,False,130,130,0,Airbus A321neo,87.0,100.0
2026-10-06,2026-10-06 16:20,2026-10-09,3,DEL,BOM,DEL-BOM,AI,Air India,1,12887,INR,0,,20:30,20,23:05,23,False,155,155,0,Airbus A320neo,102.0,100.0
2026-10-06,2026-10-06 16:20,2026-10-09,3,DEL,BOM,DEL-BOM,AI,Air India,1,12887,INR,0,,21:00,21,23:20,23,False,140,140,0,Airbus A320neo,102.0,100.0
2026-10-06,2026-10-06 16:20,2026-10-09,3,DEL,BOM,DEL-BOM,AI,Air India,1,13355,INR,0,,19:30,19,21:55,21,False,145,145,0,Airbus A320neo,102.0,100.0
2026-10-06,2026-10-06 16:20,2026-10-09,3,DEL,BOM,DEL-BOM,AI,Air India,1,13355,INR,0,,20:00,20,22:30,22,False,150,150,0,Boeing 787,100.0,100.0
2026-10-06,2026-10-06 16:20,2026-10-09,3,DEL,BOM,DEL-BOM,AI,Air India,1,16583,INR,0,,21:30,21,23:55,23,False,145,145,0,Airbus A320neo,102.0,100.0
2026-10-06,2026-10-06 16:20,2026-10-09,3,DEL,BOM,DEL-BOM,AI,Air India,1,17350,INR,0,,19:00,19,21:25,21,False,145,145,0,Airbus A320neo,102.0,100.0
2026-10-06,2026-10-06 16:20,2026-10-13,7,DEL,BOM,DEL-BOM,AI,Air India,1,6530,INR,0,,05:00,5,07:25,7,False,145,145,0,Airbus A320neo,102.0,100.0
2026-10-06,2026-10-06 16:20,2026-10-13,7,DEL,BOM,DEL-BOM,AI,Air India,1,6530,INR,0,,06:30,6,08:50,8,False,140,140,0,Airbus A320neo,102.0,100.0
2026-10-06,2026-10-06 16:20,2026-10-13,7,DEL,BOM,DEL-BOM,AI,Air India,1,6530,INR,0,,07:00,7,09:25,9,False,145,145,0,Airbus A320neo,102.0,100.0
2026-10-06,2026-10-06 16:20,2026-10-13,7,DEL,BOM,DEL-BOM,AI,Air India,1,6530,INR,0,,07:30,7,09:55,9,False,145,145,0,Airbus A350,100.0,100.0
2026-10-06,2026-10-06 16:20,2026-10-13,7,DEL,BOM,DEL-BOM,AI,Air India,1,6530,INR,0,,10:00,10,12:25,12,False,145,145,0,Airbus A320neo,102.0,100.0
2026-10-06,2026-10-06 16:20,2026-10-13,7,DEL,BOM,DEL-BOM,AI,Air India,1,6530,INR,0,,11:00,11,13:25,13,False,145,145,0,Airbus A320neo,102.0,100.0
2026-10-06,2026-10-06 16:20,2026-10-13,7,DEL,BOM,DEL-BOM,AI,Air India,1,6530,INR,0,,15:30,15,17:55,17,False,145,145,0,Airbus A320neo,102.0,100.0
2026-10-06,2026-10-06 16:20,2026-10-13,7,DEL,BOM,DEL-BOM,AI,Air India,1,6530,INR,0,,17:00,17,19:25,19,False,145,145,0,Boeing 777,115.0,100.0
2026-10-06,2026-10-06 16:20,2026-10-13,7,DEL,BOM,DEL-BOM,AI,Air India,1,6530,INR,0,,20:30,20,23:05,23,False,155,155,0,Airbus A320neo,102.0,100.0
2026-10-06,2026-10-06 16:20,2026-10-13,7,DEL,BOM,DEL-BOM,AI,Air India,1,6530,INR,0,,21:00,21,23:20,23,False,140,140,0,Airbus A320neo,102.0,100.0
2026-10-06,2026-10-06 16:20,2026-10-13,7,DEL,BOM,DEL-BOM,AI,Air India,1,6530,INR,0,,21:55,21,00:20,0,True,145,145,0,Airbus A321,130.0,100.0
2026-10-06,2026-10-06 16:20,2026-10-13,7,DEL,BOM,DEL-BOM,IX,Air India Express,1,6610,INR,0,,23:25,23,01:50,1,True,145,145,0,Boeing 737MAX 8 Passenger,103.0,100.0
2026-10-06,2026-10-06 16:20,2026-10-13,7,DEL,BOM,DEL-BOM,AI,Air India,1,6687,INR,0,,08:30,8,10:40,10,False,130,130,0,Airbus A320neo,102.0,100.0
2026-10-06,2026-10-06 16:20,2026-10-13,7,DEL,BOM,DEL-BOM,AI,Air India,1,6692,INR,0,,12:00,12,14:25,14,False,145,145,0,Airbus A320neo,102.0,100.0
2026-10-06,2026-10-06 16:20,2026-10-13,7,DEL,BOM,DEL-BOM,AI,Air India,1,6692,INR,0,,16:00,16,18:25,18,False,145,145,0,Airbus A320neo,102.0,100.0
2026-10-06,2026-10-06 16:20,2026-10-13,7,DEL,BOM,DEL-BOM,AI,Air India,1,6692,INR,0,,19:00,19,21:25,21,False,145,145,0,Airbus A321,130.0,100.0
2026-10-06,2026-10-06 16:20,2026-10-13,7,DEL,BOM,DEL-BOM,AI,Air India,1,6692,INR,0,,21:30,21,23:55,23,False,145,145,0,Airbus A320neo,102.0,100.0
2026-10-06,2026-10-06 16:20,2026-10-13,7,DEL,BOM,DEL-BOM,6E,IndiGo,1,6789,INR,0,,03:00,3,05:20,5,False,140,140,0,Airbus A321neo,87.0,100.0
2026-10-06,2026-10-06 16:20,2026-10-13,7,DEL,BOM,DEL-BOM,6E,IndiGo,1,6789,INR,0,,05:00,5,07:15,7,False,135,135,0,Airbus A321neo,87.0,100.0
2026-10-06,2026-10-06 16:20,2026-10-13,7,DEL,BOM,DEL-BOM,6E,IndiGo,1,6789,INR,0,,06:00,6,08:20,8,False,140,140,0,Airbus A321neo,87.0,100.0
2026-10-06,2026-10-06 16:20,2026-10-13,7,DEL,BOM,DEL-BOM,6E,IndiGo,1,6789,INR,0,,07:15,7,09:30,9,False,135,135,0,Airbus A321neo,87.0,100.0
2026-10-06,2026-10-06 16:20,2026-10-13,7,DEL,BOM,DEL-BOM,6E,IndiGo,1,6789,INR,0,,08:00,8,10:20,10,False,140,140,0,Airbus A321neo,87.0,100.0
2026-10-06,2026-10-06 16:20,2026-10-13,7,DEL,BOM,DEL-BOM,6E,IndiGo,1,6789,INR,0,,08:45,8,11:00,11,False,135,135,0,Airbus A321neo,87.0,100.0
2026-10-06,2026-10-06 16:20,2026-10-13,7,DEL,BOM,DEL-BOM,6E,IndiGo,1,6789,INR,0,,09:30,9,11:55,11,False,145,145,0,Airbus A321neo,87.0,100.0
2026-10-06,2026-10-06 16:20,2026-10-13,7,DEL,BOM,DEL-BOM,6E,IndiGo,1,6789,INR,0,,10:15,10,12:35,12,False,140,140,0,Airbus A321neo,87.0,100.0
2026-10-06,2026-10-06 16:20,2026-10-13,7,DEL,BOM,DEL-BOM,6E,IndiGo,1,6789,INR,0,,11:00,11,13:15,13,False,135,135,0,Airbus A321neo,87.0,100.0
2026-10-06,2026-10-06 16:20,2026-10-13,7,DEL,BOM,DEL-BOM,6E,IndiGo,1,6789,INR,0,,12:00,12,14:15,14,False,135,135,0,Airbus A321neo,87.0,100.0
2026-10-06,2026-10-06 16:20,2026-10-13,7,DEL,BOM,DEL-BOM,6E,IndiGo,1,6789,INR,0,,14:00,14,16:25,16,False,145,145,0,Airbus A321neo,87.0,100.0
2026-10-06,2026-10-06 16:20,2026-10-13,7,DEL,BOM,DEL-BOM,6E,IndiGo,1,6789,INR,0,,14:45,14,17:00,17,False,135,135,0,Airbus A321neo,87.0,100.0
2026-10-06,2026-10-06 16:20,2026-10-13,7,DEL,BOM,DEL-BOM,6E,IndiGo,1,6789,INR,0,,15:30,15,17:45,17,False,135,135,0,Airbus A321neo,87.0,100.0
2026-10-06,2026-10-06 16:20,2026-10-13,7,DEL,BOM,DEL-BOM,6E,IndiGo,1,6789,INR,0,,16:15,16,18:35,18,False,140,140,0,Airbus A321neo,87.0,100.0
2026-10-06,2026-10-06 16:20,2026-10-13,7,DEL,BOM,DEL-BOM,6E,IndiGo,1,6789,INR,0,,17:00,17,19:15,19,False,135,135,0,Airbus A321neo,87.0,100.0
2026-10-06,2026-10-06 16:20,2026-10-13,7,DEL,BOM,DEL-BOM,6E,IndiGo,1,6789,INR,0,,18:00,18,20:15,20,False,135,135,0,Airbus A321neo,87.0,100.0
2026-10-06,2026-10-06 16:20,2026-10-13,7,DEL,BOM,DEL-BOM,6E,IndiGo,1,6789,INR,0,,19:00,19,21:25,21,False,145,145,0,Airbus A321neo,87.0,100.0
2026-10-06,2026-10-06 16:20,2026-10-13,7,DEL,BOM,DEL-BOM,6E,IndiGo,1,6789,INR,0,,20:00,20,22:10,22,False,130,130,0,Airbus A321neo,87.0,100.0
2026-10-06,2026-10-06 16:20,2026-10-13,7,DEL,BOM,DEL-BOM,6E,IndiGo,1,6789,INR,0,,20:45,20,23:00,23,False,135,135,0,Airbus A321neo,87.0,100.0
2026-10-06,2026-10-06 16:20,2026-10-13,7,DEL,BOM,DEL-BOM,6E,IndiGo,1,6789,INR,0,,21:45,21,00:05,0,True,140,140,0,Airbus A321neo,87.0,100.0
2026-10-06,2026-10-06 16:20,2026-10-13,7,DEL,BOM,DEL-BOM,6E,IndiGo,1,6789,INR,0,,22:45,22,01:05,1,True,140,140,0,Airbus A321neo,87.0,100.0
2026-10-06,2026-10-06 16:20,2026-10-13,7,DEL,BOM,DEL-BOM,6E,IndiGo,1,6789,INR,0,,23:30,23,01:45,1,True,135,135,0,Airbus A321neo,87.0,100.0
2026-10-06,2026-10-06 16:20,2026-10-13,7,DEL,BOM,DEL-BOM,AI,Air India,1,6797,INR,0,,22:55,22,01:25,1,True,150,150,0,Airbus A320neo,102.0,100.0
2026-10-06,2026-10-06 16:20,2026-10-13,7,DEL,BOM,DEL-BOM,QP,Akasa Air,1,6880,INR,0,,06:50,6,09:10,9,False,140,140,0,Boeing 737MAX 8 Passenger,90.0,100.0
2026-10-06,2026-10-06 16:20,2026-10-13,7,DEL,BOM,DEL-BOM,QP,Akasa Air,1,6880,INR,0,,17:30,17,19:50,19,False,140,140,0,Boeing 737MAX 8 Passenger,86.0,100.0
2026-10-06,2026-10-06 16:20,2026-10-13,7,DEL,BOM,DEL-BOM,QP,Akasa Air,1,6880,INR,0,,19:55,19,22:20,22,False,145,145,0,Boeing 737MAX 8 Passenger,86.0,100.0
2026-10-06,2026-10-06 16:20,2026-10-13,7,DEL,BOM,DEL-BOM,QP,Akasa Air,1,7079,INR,0,,08:40,8,11:05,11,False,145,145,0,Boeing 737MAX 8 Passenger,90.0,100.0
2026-10-06,2026-10-06 16:20,2026-10-13,7,DEL,BOM,DEL-BOM,QP,Akasa Air,1,7079,INR,0,,10:00,10,12:20,12,False,140,140,0,Boeing 737MAX 8 Passenger,86.0,100.0
2026-10-06,2026-10-06 16:20,2026-10-13,7,DEL,BOM,DEL-BOM,QP,Akasa Air,1,7079,INR,0,,13:40,13,15:55,15,False,135,135,0,Boeing 737MAX 8 Passenger,90.0,100.0
2026-10-06,2026-10-06 16:20,2026-10-13,7,DEL,BOM,DEL-BOM,AI,Air India,1,9569,INR,0,,14:10,14,16:35,16,False,145,145,0,Airbus A320neo,102.0,100.0
2026-10-06,2026-10-06 16:20,2026-10-13,7,DEL,BOM,DEL-BOM,AI,Air India,1,12887,INR,0,,09:00,9,11:15,11,False,135,135,0,Airbus A320neo,102.0,100.0
2026-10-06,2026-10-06 16:20,2026-10-20,14,DEL,BOM,DEL-BOM,6E,IndiGo,1,6789,INR,0,,03:00,3,05:20,5,False,140,140,0,Airbus A321neo,87.0,100.0
2026-10-06,2026-10-06 16:20,2026-10-20,14,DEL,BOM,DEL-BOM,6E,IndiGo,1,6789,INR,0,,05:00,5,07:15,7,False,135,135,0,Airbus A321neo,87.0,100.0
2026-10-06,2026-10-06 16:20,2026-10-20,14,DEL,BOM,DEL-BOM,6E,IndiGo,1,6789,INR,0,,06:00,6,08:20,8,False,140,140,0,Airbus A321neo,87.0,100.0
2026-10-06,2026-10-06 16:20,2026-10-20,14,DEL,BOM,DEL-BOM,6E,IndiGo,1,6789,INR,0,,07:15,7,09:30,9,False,135,135,0,Airbus A321neo,87.0,100.0
2026-10-06,2026-10-06 16:20,2026-10-20,14,DEL,BOM,DEL-BOM,6E,IndiGo,1,6789,INR,0,,08:00,8,10:20,10,False,140,140,0,Airbus A321neo,87.0,100.0
2026-10-06,2026-10-06 16:20,2026-10-20,14,DEL,BOM,DEL-BOM,6E,IndiGo,1,6789,INR,0,,08:45,8,11:00,11,False,135,135,0,Airbus A321neo,87.0,100.0
2026-10-06,2026-10-06 16:20,2026-10-20,14,DEL,BOM,DEL-BOM,6E,IndiGo,1,6789,INR,0,,09:30,9,11:55,11,False,145,145,0,Airbus A321neo,87.0,100.0
2026-10-06,2026-10-06 16:20,2026-10-20,14,DEL,BOM,DEL-BOM,6E,IndiGo,1,6789,INR,0,,10:15,10,12:35,12,False,140,140,0,Airbus A321neo,87.0,100.0
2026-10-06,2026-10-06 16:20,2026-10-20,14,DEL,BOM,DEL-BOM,6E,IndiGo,1,6789,INR,0,,11:00,11,13:15,13,False,135,135,0,Airbus A321neo,87.0,100.0
2026-10-06,2026-10-06 16:20,2026-10-20,14,DEL,BOM,DEL-BOM,6E,IndiGo,1,6789,INR,0,,12:00,12,14:15,14,False,135,135,0,Airbus A321neo,87.0,100.0
2026-10-06,2026-10-06 16:20,2026-10-20,14,DEL,BOM,DEL-BOM,6E,IndiGo,1,6789,INR,0,,14:00,14,16:25,16,False,145,145,0,Airbus A321neo,87.0,100.0
2026-10-06,2026-10-06 16:20,2026-10-20,14,DEL,BOM,DEL-BOM,6E,IndiGo,1,6789,INR,0,,14:45,14,17:00,17,False,135,135,0,Airbus A321neo,87.0,100.0
2026-10-06,2026-10-06 16:20,2026-10-20,14,DEL,BOM,DEL-BOM,6E,IndiGo,1,6789,INR,0,,15:30,15,17:45,17,False,135,135,0,Airbus A321neo,87.0,100.0
2026-10-06,2026-10-06 16:20,2026-10-20,14,DEL,BOM,DEL-BOM,6E,IndiGo,1,6789,INR,0,,16:15,16,18:35,18,False,140,140,0,Airbus A321neo,87.0,100.0
2026-10-06,2026-10-06 16:20,2026-10-20,14,DEL,BOM,DEL-BOM,6E,IndiGo,1,6789,INR,0,,19:00,19,21:25,21,False,145,145,0,Airbus A321neo,87.0,100.0
2026-10-06,2026-10-06 16:20,2026-10-20,14,DEL,BOM,DEL-BOM,6E,IndiGo,1,6789,INR,0,,20:00,20,22:10,22,False,130,130,0,Airbus A321neo,87.0,100.0
2026-10-06,2026-10-06 16:20,2026-10-20,14,DEL,BOM,DEL-BOM,6E,IndiGo,1,6789,INR,0,,20:45,20,23:00,23,False,135,135,0,Airbus A321neo,87.0,100.0
2026-10-06,2026-10-06 16:20,2026-10-20,14,DEL,BOM,DEL-BOM,6E,IndiGo,1,6789,INR,0,,21:45,21,00:05,0,True,140,140,0,Airbus A321neo,87.0,100.0
2026-10-06,2026-10-06 16:20,2026-10-20,14,DEL,BOM,DEL-BOM,6E,IndiGo,1,6789,INR,0,,22:45,22,01:05,1,True,140,140,0,Airbus A321neo,87.0,100.0
2026-10-06,2026-10-06 16:20,2026-10-20,14,DEL,BOM,DEL-BOM,6E,IndiGo,1,6789,INR,0,,23:30,23,01:45,1,True,135,135,0,Airbus A321neo,87.0,100.0
2026-10-06,2026-10-06 16:20,2026-10-20,14,DEL,BOM,DEL-BOM,IX,Air India Express,1,6831,INR,0,,23:25,23,01:50,1,True,145,145,0,Boeing 737MAX 8 Passenger,101.0,100.0
2026-10-06,2026-10-06 16:20,2026-10-20,14,DEL,BOM,DEL-BOM,6E,IndiGo,1,6947,INR,0,,17:00,17,19:15,19,False,135,135,0,Airbus A321neo,87.0,100.0
2026-10-06,2026-10-06 16:20,2026-10-20,14,DEL,BOM,DEL-BOM,AI,Air India,1,7023,INR,0,,05:00,5,07:25,7,False,145,145,0,Airbus A320neo,102.0,100.0
2026-10-06,2026-10-06 16:20,2026-10-20,14,DEL,BOM,DEL-BOM,AI,Air India,1,7023,INR,0,,06:30,6,08:50,8,False,140,140,0,Airbus A320neo,102.0,100.0
2026-10-06,2026-10-06 16:20,2026-10-20,14,DEL,BOM,DEL-BOM,AI,Air India,1,7023,INR,0,,07:00,7,09:25,9,False,145,145,0,Airbus A320neo,102.0,100.0
2026-10-06,2026-10-06 16:20,2026-10-20,14,DEL,BOM,DEL-BOM,AI,Air India,1,7023,INR,0,,08:30,8,10:40,10,False,130,130,0,Airbus A320neo,102.0,100.0
2026-10-06,2026-10-06 16:20,2026-10-20,14,DEL,BOM,DEL-BOM,AI,Air India,1,7023,INR,0,,09:00,9,11:15,11,False,135,135,0,Airbus A320neo,102.0,100.0
2026-10-06,2026-10-06 16:20,2026-10-20,14,DEL,BOM,DEL-BOM,AI,Air India,1,7023,INR,0,,09:30,9,12:00,12,False,150,150,0,Airbus A320neo,102.0,100.0
2026-10-06,2026-10-06 16:20,2026-10-20,14,DEL,BOM,DEL-BOM,AI,Air India,1,7023,INR,0,,10:00,10,12:25,12,False,145,145,0,Airbus A320neo,102.0,100.0
2026-10-06,2026-10-06 16:20,2026-10-20,14,DEL,BOM,DEL-BOM,AI,Air India,1,7023,INR,0,,10:30,10,12:50,12,False,140,140,0,Airbus A320neo,102.0,100.0
2026-10-06,2026-10-06 16:20,2026-10-20,14,DEL,BOM,DEL-BOM,AI,Air India,1,7023,INR,0,,11:00,11,13:25,13,False,145,145,0,Airbus A320neo,102.0,100.0
2026-10-06,2026-10-06 16:20,2026-10-20,14,DEL,BOM,DEL-BOM,AI,Air India,1,7023,INR,0,,14:10,14,16:35,16,False,145,145,0,Airbus A320neo,102.0,100.0
2026-10-06,2026-10-06 16:20,2026-10-20,14,DEL,BOM,DEL-BOM,AI,Air India,1,7023,INR,0,,15:30,15,17:55,17,False,145,145,0,Airbus A320neo,102.0,100.0
2026-10-06,2026-10-06 16:20,2026-10-20,14,DEL,BOM,DEL-BOM,AI,Air India,1,7023,INR,0,,17:00,17,19:25,19,False,145,145,0,Boeing 777,115.0,100.0
2026-10-06,2026-10-06 16:20,2026-10-20,14,DEL,BOM,DEL-BOM,AI,Air India,1,7023,INR,0,,20:30,20,23:05,23,False,155,155,0,Airbus A320neo,102.0,100.0
2026-10-06,2026-10-06 16:20,2026-10-20,14,DEL,BOM,DEL-BOM,AI,Air India,1,7023,INR,0,,21:00,21,23:20,23,False,140,140,0,Airbus A320neo,102.0,100.0
2026-10-06,2026-10-06 16:20,2026-10-20,14,DEL,BOM,DEL-BOM,QP,Akasa Air,1,7079,INR,0,,06:50,6,09:10,9,False,140,140,0,Boeing 737MAX 8 Passenger,91.0,100.0
2026-10-06,2026-10-06 16:20,2026-10-20,14,DEL,BOM,DEL-BOM,QP,Akasa Air,1,7079,INR,0,,08:40,8,11:05,11,False,145,145,0,Boeing 737MAX 8 Passenger,90.0,100.0
2026-10-06,2026-10-06 16:20,2026-10-20,14,DEL,BOM,DEL-BOM,QP,Akasa Air,1,7079,INR,0,,19:55,19,22:20,22,False,145,145,0,Boeing 737MAX 8 Passenger,86.0,100.0
2026-10-06,2026-10-06 16:20,2026-10-20,14,DEL,BOM,DEL-BOM,6E,IndiGo,1,7157,INR,0,,18:00,18,20:15,20,False,135,135,0,Airbus A321neo,87.0,100.0
2026-10-06,2026-10-06 16:20,2026-10-20,14,DEL,BOM,DEL-BOM,AI,Air India,1,7196,INR,0,,07:30,7,09:55,9,False,145,145,0,Airbus A350,100.0,100.0
2026-10-06,2026-10-06 16:20,2026-10-20,14,DEL,BOM,DEL-BOM,AI,Air India,1,7196,INR,0,,12:00,12,14:25,14,False,145,145,0,Airbus A320neo,102.0,100.0
2026-10-06,2026-10-06 16:20,2026-10-20,14,DEL,BOM,DEL-BOM,AI,Air India,1,7196,INR,0,,16:00,16,18:25,18,False,145,145,0,Airbus A320neo,102.0,100.0
2026-10-06,2026-10-06 16:20,2026-10-20,14,DEL,BOM,DEL-BOM,AI,Air India,1,7196,INR,0,,19:30,19,21:55,21,False,145,145,0,Airbus A320neo,102.0,100.0
2026-10-06,2026-10-06 16:20,2026-10-20,14,DEL,BOM,DEL-BOM,AI,Air India,1,7196,INR,0,,21:30,21,23:55,23,False,145,145,0,Airbus A320neo,102.0,100.0
2026-10-06,2026-10-06 16:20,2026-10-20,14,DEL,BOM,DEL-BOM,QP,Akasa Air,1,7201,INR,0,,13:40,13,15:55,15,False,135,135,0,Boeing 737MAX 8 Passenger,91.0,100.0
2026-10-06,2026-10-06 16:20,2026-10-20,14,DEL,BOM,DEL-BOM,AI,Air India,1,7312,INR,0,,22:55,22,01:25,1,True,150,150,0,Airbus A320neo,102.0,100.0
2026-10-06,2026-10-06 16:20,2026-10-20,14,DEL,BOM,DEL-BOM,AI,Air India,1,7469,INR,0,,13:30,13,15:50,15,False,140,140,0,Airbus A320neo,102.0,100.0
2026-10-06,2026-10-06 16:20,2026-10-20,14,DEL,BOM,DEL-BOM,AI,Air India,1,7469,INR,0,,21:55,21,00:20,0,True,145,145,0,Airbus A321,130.0,100.0
2026-10-06,2026-10-06 16:20,2026-10-20,14,DEL,BOM,DEL-BOM,AI,Air India,1,7485,INR,0,,19:00,19,21:25,21,False,145,145,0,Airbus A321,130.0,100.0
2026-10-06,2026-10-06 16:20,2026-10-20,14,DEL,BOM,DEL-BOM,QP,Akasa Air,1,8129,INR,0,,16:00,16,18:20,18,False,140,140,0,Boeing 737MAX 8 Passenger,90.0,100.0
2026-10-06,2026-10-06 16:20,2026-10-20,14,DEL,BOM,DEL-BOM,QP,Akasa Air,1,8567,INR,0,,17:30,17,19:50,19,False,140,140,0,Boeing 737MAX 8 Passenger,86.0,100.0
2026-10-06,2026-10-06 16:20,2026-10-27,21,DEL,BOM,DEL-BOM,QP,Akasa Air,1,6880,INR,0,,10:15,10,12:40,12,False,145,145,0,Boeing 737MAX 8 Passenger,86.0,100.0
2026-10-06,2026-10-06 16:20,2026-10-27,21,DEL,BOM,DEL-BOM,QP,Akasa Air,1,6880,INR,0,,18:10,18,20:40,20,False,150,150,0,Boeing 737MAX 8 Passenger,90.0,100.0
2026-10-06,2026-10-06 16:20,2026-10-27,21,DEL,BOM,DEL-BOM,QP,Akasa Air,1,6959,INR,0,,16:20,16,18:45,18,False,145,145,0,Boeing 737MAX 8 Passenger,90.0,100.0
2026-10-06,2026-10-06 16:20,2026-10-27,21,DEL,BOM,DEL-BOM,AI,Air India,1,7023,INR,0,,05:30,5,07:55,7,False,145,145,0,Airbus A321,130.0,100.0
2026-10-06,2026-10-06 16:20,2026-10-27,21,DEL,BOM,DEL-BOM,AI,Air India,1,7023,INR,0,,10:30,10,12:55,12,False,145,145,0,Airbus A320neo,102.0,100.0
2026-10-06,2026-10-06 16:20,2026-10-27,21,DEL,BOM,DEL-BOM,AI,Air India,1,7023,INR,0,,11:00,11,13:25,13,False,145,145,0,Airbus A320neo,102.0,100.0
2026-10-06,2026-10-06 16:20,2026-10-27,21,DEL,BOM,DEL-BOM,AI,Air India,1,7023,INR,0,,12:00,12,14:25,14,False,145,145,0,Airbus A321,130.0,100.0
2026-10-06,2026-10-06 16:20,2026-10-27,21,DEL,BOM,DEL-BOM,AI,Air India,1,7023,INR,0,,13:00,13,15:25,15,False,145,145,0,Airbus A320neo,102.0,100.0
2026-10-06,2026-10-06 16:20,2026-10-27,21,DEL,BOM,DEL-BOM,AI,Air India,1,7023,INR,0,,13:30,13,15:55,15,False,145,145,0,Airbus A320neo,102.0,100.0
2026-10-06,2026-10-06 16:20,2026-10-27,21,DEL,BOM,DEL-BOM,AI,Air India,1,7023,INR,0,,16:30,16,18:55,18,False,145,145,0,Airbus A320neo,102.0,100.0
2026-10-06,2026-10-06 16:20,2026-10-27,21,DEL,BOM,DEL-BOM,AI,Air India,1,7023,INR,0,,17:00,17,19:25,19,False,145,145,0,Boeing 777,115.0,100.0
2026-10-06,2026-10-06 16:20,2026-10-27,21,DEL,BOM,DEL-BOM,AI,Air India,1,7023,INR,0,,17:30,17,20:00,20,False,150,150,0,Boeing 787,102.0,100.0
2026-10-06,2026-10-06 16:20,2026-10-27,21,DEL,BOM,DEL-BOM,AI,Air India,1,7023,INR,0,,20:00,20,22:25,22,False,145,145,0,Airbus A321,130.0,100.0
2026-10-06,2026-10-06 16:20,2026-10-27,21,DEL,BOM,DEL-BOM,AI,Air India,1,7023,INR,0,,20:30,20,22:55,22,False,145,145,0,Airbus A320neo,102.0,100.0
2026-10-06,2026-10-06 16:20,2026-10-27,21,DEL,BOM,DEL-BOM,AI,Air India,1,7023,INR,0,,21:00,21,23:25,23,False,145,145,0,Airbus A320neo,102.0,100.0
2026-10-06,2026-10-06 16:20,2026-10-27,21,DEL,BOM,DEL-BOM,AI,Air India,1,7023,INR,0,,22:00,22,00:25,0,True,145,145,0,Airbus A321,130.0,100.0
2026-10-06,2026-10-06 16:20,2026-10-27,21,DEL,BOM,DEL-BOM,AI,Air India,1,7023,INR,0,,22:30,22,00:55,0,True,145,145,0,Airbus A320neo,102.0,100.0
2026-10-06,2026-10-06 16:20,2026-10-27,21,DEL,BOM,DEL-BOM,AI,Air India,1,7196,INR,0,,07:30,7,09:45,9,False,135,135,0,Airbus A350,100.0,100.0
2026-10-06,2026-10-06 16:20,2026-10-27,21,DEL,BOM,DEL-BOM,AI,Air India,1,7196,INR,0,,19:30,19,21:55,21,False,145,145,0,Airbus A320neo,102.0,100.0
2026-10-06,2026-10-06 16:20,2026-10-27,21,DEL,BOM,DEL-BOM,AI,Air India,1,7196,INR,0,,21:30,21,23:50,23,False,140,140,0,Airbus A320neo,102.0,100.0
2026-10-06,2026-10-06 16:20,2026-10-27,21,DEL,BOM,DEL-BOM,QP,Akasa Air,1,7201,INR,0,,07:10,7,09:30,9,False,140,140,0,Boeing 737MAX 8 Passenger,86.0,100.0
2026-10-06,2026-10-06 16:20,2026-10-27,21,DEL,BOM,DEL-BOM,QP,Akasa Air,1,7201,INR,0,,19:55,19,22:25,22,False,150,150,0,Boeing 737MAX 8 Passenger,86.0,100.0
2026-10-06,2026-10-06 16:20,2026-10-27,21,DEL,BOM,DEL-BOM,6E,IndiGo,1,7278,INR,0,,03:30,3,05:55,5,False,145,145,0,Airbus A321neo,87.0,100.0
2026-10-06,2026-10-06 16:20,2026-10-27,21,DEL,BOM,DEL-BOM,6E,IndiGo,1,7278,INR,0,,05:00,5,07:25,7,False,145,145,0,Airbus A321neo,87.0,100.0
2026-10-06,2026-10-06 16:20,2026-10-27,21,DEL,BOM,DEL-BOM,6E,IndiGo,1,7278,INR,0,,06:05,6,08:25,8,False,140,140,0,Airbus A321neo,87.0,100.0
2026-10-06,2026-10-06 16:20,2026-10-27,21,DEL,BOM,DEL-BOM,6E,IndiGo,1,7278,INR,0,,07:00,7,09:25,9,False,145,145,0,Airbus A321neo,87.0,100.0
2026-10-06,2026-10-06 16:20,2026-10-27,21,DEL,BOM,DEL-BOM,6E,IndiGo,1,7278,INR,0,,08:00,8,10:15,10,False,135,135,0,Airbus A321neo,87.0,100.0
2026-10-06,2026-10-06 16:20,2026-10-27,21,DEL,BOM,DEL-BOM,6E,IndiGo,1,7278,INR,0,,08:45,8,11:10,11,False,145,145,0,Airbus A321neo,87.0,100.0
2026-10-06,2026-10-06 16:20,2026-10-27,21,DEL,BOM,DEL-BOM,6E,IndiGo,1,7278,INR,0,,09:30,9,12:05,12,False,155,155,0,Airbus A321neo,87.0,100.0
2026-10-06,2026-10-06 16:20,2026-10-27,21,DEL,BOM,DEL-BOM,6E,IndiGo,1,7278,INR,0,,10:15,10,12:40,12,False,145,145,0,Airbus A321neo,87.0,100.0
2026-10-06,2026-10-06 16:20,2026-10-27,21,DEL,BOM,DEL-BOM,6E,IndiGo,1,7278,INR,0,,11:00,11,13:25,13,False,145,145,0,Airbus A321neo,87.0,100.0
2026-10-06,2026-10-06 16:20,2026-10-27,21,DEL,BOM,DEL-BOM,6E,IndiGo,1,7278,INR,0,,11:45,11,14:10,14,False,145,145,0,Airbus A321neo,87.0,100.0
2026-10-06,2026-10-06 16:20,2026-10-27,21,DEL,BOM,DEL-BOM,6E,IndiGo,1,7278,INR,0,,12:30,12,14:55,14,False,145,145,0,Airbus A321neo,87.0,100.0
2026-10-06,2026-10-06 16:20,2026-10-27,21,DEL,BOM,DEL-BOM,6E,IndiGo,1,7278,INR,0,,13:15,13,15:45,15,False,150,150,0,Airbus A321neo,87.0,100.0
2026-10-06,2026-10-06 16:20,2026-10-27,21,DEL,BOM,DEL-BOM,6E,IndiGo,1,7278,INR,0,,14:45,14,17:20,17,False,155,155,0,Airbus A321neo,87.0,100.0
2026-10-06,2026-10-06 16:20,2026-10-27,21,DEL,BOM,DEL-BOM,6E,IndiGo,1,7278,INR,0,,15:30,15,18:00,18,False,150,150,0,Airbus A321neo,87.0,100.0
2026-10-06,2026-10-06 16:20,2026-10-27,21,DEL,BOM,DEL-BOM,6E,IndiGo,1,7278,INR,0,,17:00,17,19:25,19,False,145,145,0,Airbus A321neo,87.0,100.0
2026-10-06,2026-10-06 16:20,2026-10-27,21,DEL,BOM,DEL-BOM,6E,IndiGo,1,7278,INR,0,,18:30,18,21:10,21,False,160,160,0,Airbus A321neo,87.0,100.0
2026-10-06,2026-10-06 16:20,2026-10-27,21,DEL,BOM,DEL-BOM,6E,IndiGo,1,7278,INR,0,,19:15,19,21:40,21,False,145,145,0,Airbus A321neo,87.0,100.0
2026-10-06,2026-10-06 16:20,2026-10-27,21,DEL,BOM,DEL-BOM,6E,IndiGo,1,7278,INR,0,,20:00,20,22:25,22,False,145,145,0,Airbus A321neo,87.0,100.0
2026-10-06,2026-10-06 16:20,2026-10-27,21,DEL,BOM,DEL-BOM,6E,IndiGo,1,7278,INR,0,,21:00,21,23:25,23,False,145,145,0,Airbus A321neo,87.0,100.0
2026-10-06,2026-10-06 16:20,2026-10-27,21,DEL,BOM,DEL-BOM,6E,IndiGo,1,7278,INR,0,,22:00,22,00:25,0,True,145,145,0,Airbus A321neo,87.0,100.0
2026-10-06,2026-10-06 16:20,2026-10-27,21,DEL,BOM,DEL-BOM,6E,IndiGo,1,7278,INR,0,,23:00,23,01:25,1,True,145,145,0,Airbus A321neo,87.0,100.0
2026-10-06,2026-10-06 16:20,2026-10-27,21,DEL,BOM,DEL-BOM,AI,Air India,1,7312,INR,0,,23:00,23,01:25,1,True,145,145,0,Airbus A320neo,102.0,100.0
2026-10-06,2026-10-06 16:20,2026-10-27,21,DEL,BOM,DEL-BOM,QP,Akasa Air,1,7350,INR,0,,21:45,21,00:10,0,True,145,145,0,Boeing 737MAX 8 Passenger,85.0,100.0
2026-10-06,2026-10-06 16:20,2026-10-27,21,DEL,BOM,DEL-BOM,6E,IndiGo,1,7428,INR,0,,16:15,16,18:40,18,False,145,145,0,Airbus A321neo,87.0,100.0
2026-10-06,2026-10-06 16:20,2026-10-27,21,DEL,BOM,DEL-BOM,AI,Air India,1,7469,INR,0,,06:30,6,08:55,8,False,145,145,0,Airbus A320neo,102.0,100.0
2026-10-06,2026-10-06 16:20,2026-10-27,21,DEL,BOM,DEL-BOM,AI,Air India,1,7469,INR,0,,07:00,7,09:25,9,False,145,145,0,Airbus A320neo,102.0,100.0
2026-10-06,2026-10-06 16:20,2026-10-27,21,DEL,BOM,DEL-BOM,AI,Air India,1,7469,INR,0,,08:30,8,10:45,10,False,135,135,0,Airbus A320neo,102.0,100.0
2026-10-06,2026-10-06 16:20,2026-10-27,21,DEL,BOM,DEL-BOM,AI,Air India,1,7469,INR,0,,09:00,9,11:15,11,False,135,135,0,Airbus A320neo,102.0,100.0
2026-10-06,2026-10-06 16:20,2026-10-27,21,DEL,BOM,DEL-BOM,AI,Air India,1,7469,INR,0,,09:30,9,11:55,11,False,145,145,0,Airbus A320neo,102.0,100.0
2026-10-06,2026-10-06 16:20,2026-10-27,21,DEL,BOM,DEL-BOM,AI,Air India,1,7485,INR,0,,18:00,18,20:25,20,False,145,145,0,Airbus A320neo,102.0,100.0
2026-10-06,2026-10-06 16:20,2026-10-27,21,DEL,BOM,DEL-BOM,AI,Air India,1,7485,INR,0,,21:30,21,23:55,23,False,145,145,0,Boeing 787,130.0,100.0
2026-10-06,2026-10-06 16:20,2026-10-27,21,DEL,BOM,DEL-BOM,6E,IndiGo,1,7728,INR,0,,17:45,17,20:10,20,False,145,145,0,Airbus A321neo,87.0,100.0
2026-10-06,2026-10-06 16:20,2026-10-27,21,DEL,BOM,DEL-BOM,IX,Air India Express,1,8528,INR,0,,08:50,8,11:15,11,False,145,145,0,Boeing 737MAX 8 Passenger,101.0,100.0
2026-10-06,2026-10-06 16:20,2026-10-27,21,DEL,BOM,DEL-BOM,SG,SpiceJet,1,10688,INR,0,,06:30,6,08:45,8,False,135,135,0,Boeing 737,102.0,100.0
2026-10-06,2026-10-06 16:20,2026-10-27,21,DEL,BOM,DEL-BOM,SG,SpiceJet,1,11429,INR,0,,19:00,19,21:10,21,False,130,130,0,Boeing 737,102.0,100.0
2026-10-06,2026-10-06 16:20,2026-10-27,21,DEL,BOM,DEL-BOM,SG,SpiceJet,1,12239,INR,0,,05:45,5,08:05,8,False,140,140,0,Boeing 737,122.0,100.0
2026-10-06,2026-10-06 16:20,2026-11-05,30,DEL,BOM,DEL-BOM,IX,Air India Express,1,7041,INR,0,,20:40,20,23:10,23,False,150,150,0,Boeing 737MAX 8 Passenger,98.0,100.0
2026-10-06,2026-10-06 16:20,2026-11-05,30,DEL,BOM,DEL-BOM,AI,Air India,1,7070,INR,0,,05:30,5,07:55,7,False,145,145,0,Airbus A321,127.0,100.0
2026-10-06,2026-10-06 16:20,2026-11-05,30,DEL,BOM,DEL-BOM,AI,Air India,1,7070,INR,0,,06:30,6,08:55,8,False,145,145,0,Airbus A320neo,100.0,100.0
2026-10-06,2026-10-06 16:20,2026-11-05,30,DEL,BOM,DEL-BOM,AI,Air India,1,7070,INR,0,,09:00,9,11:15,11,False,135,135,0,Airbus A320neo,100.0,100.0
2026-10-06,2026-10-06 16:20,2026-11-05,30,DEL,BOM,DEL-BOM,AI,Air India,1,7070,INR,0,,09:30,9,11:55,11,False,145,145,0,Airbus A320neo,100.0,100.0
2026-10-06,2026-10-06 16:20,2026-11-05,30,DEL,BOM,DEL-BOM,AI,Air India,1,7070,INR,0,,11:00,11,13:25,13,False,145,145,0,Airbus A320neo,100.0,100.0
2026-10-06,2026-10-06 16:20,2026-11-05,30,DEL,BOM,DEL-BOM,AI,Air India,1,7070,INR,0,,17:00,17,19:25,19,False,145,145,0,Boeing 777,113.0,100.0
2026-10-06,2026-10-06 16:20,2026-11-05,30,DEL,BOM,DEL-BOM,AI,Air India,1,7070,INR,0,,17:30,17,20:00,20,False,150,150,0,Airbus A321,127.0,100.0
2026-10-06,2026-10-06 16:20,2026-11-05,30,DEL,BOM,DEL-BOM,AI,Air India,1,7070,INR,0,,22:00,22,00:25,0,True,145,145,0,Airbus A321,127.0,100.0
2026-10-06,2026-10-06 16:20,2026-11-05,30,DEL,BOM,DEL-BOM,AI,Air India,1,7186,INR,0,,08:30,8,10:45,10,False,135,135,0,Airbus A320neo,100.0,100.0
2026-10-06,2026-10-06 16:20,2026-11-05,30,DEL,BOM,DEL-BOM,AI,Air India,1,7186,INR,0,,20:30,20,22:55,22,False,145,145,0,Airbus A320neo,100.0,100.0
2026-10-06,2026-10-06 16:20,2026-11-05,30,DEL,BOM,DEL-BOM,AI,Air India,1,7223,INR,0,,12:00,12,14:25,14,False,145,145,0,Airbus A321,127.0,100.0
2026-10-06,2026-10-06 16:20,2026-11-05,30,DEL,BOM,DEL-BOM,AI,Air India,1,7223,INR,0,,13:00,13,15:25,15,False,145,145,0,Airbus A320neo,100.0,100.0
2026-10-06,2026-10-06 16:20,2026-11-05,30,DEL,BOM,DEL-BOM,AI,Air India,1,7223,INR,0,,13:30,13,15:55,15,False,145,145,0,Airbus A320neo,100.0,100.0
2026-10-06,2026-10-06 16:20,2026-11-05,30,DEL,BOM,DEL-BOM,AI,Air India,1,7223,INR,0,,21:00,21,23:25,23,False,145,145,0,Airbus A320neo,100.0,100.0
2026-10-06,2026-10-06 16:20,2026-11-05,30,DEL,BOM,DEL-BOM,AI,Air India,1,7249,INR,0,,07:30,7,09:45,9,False,135,135,0,Airbus A350,98.0,100.0
2026-10-06,2026-10-06 16:20,2026-11-05,30,DEL,BOM,DEL-BOM,AI,Air India,1,7249,INR,0,,19:30,19,21:55,21,False,145,145,0,Airbus A320neo,100.0,100.0
2026-10-06,2026-10-06 16:20,2026-11-05,30,DEL,BOM,DEL-BOM,6E,IndiGo,1,7278,INR,0,,03:30,3,05:55,5,False,145,145,0,Airbus A321neo,85.0,100.0
2026-10-06,2026-10-06 16:20,2026-11-05,30,DEL,BOM,DEL-BOM,6E,IndiGo,1,7278,INR,0,,05:00,5,07:25,7,False,145,145,0,Airbus A321neo,85.0,100.0
2026-10-06,2026-10-06 16:20,2026-11-05,30,DEL,BOM,DEL-BOM,6E,IndiGo,1,7278,INR,0,,06:05,6,08:25,8,False,140,140,0,Airbus A321neo,85.0,100.0
2026-10-06,2026-10-06 16:20,2026-11-05,30,DEL,BOM,DEL-BOM,6E,IndiGo,1,7278,INR,0,,08:00,8,10:15,10,False,135,135,0,Airbus A321neo,85.0,100.0
2026-10-06,2026-10-06 16:20,2026-11-05,30,DEL,BOM,DEL-BOM,6E,IndiGo,1,7278,INR,0,,08:45,8,11:10,11,False,145,145,0,Airbus A321neo,85.0,100.0
2026-10-06,2026-10-06 16:20,2026-11-05,30,DEL,BOM,DEL-BOM,6E,IndiGo,1,7278,INR,0,,09:30,9,12:05,12,False,155,155,0,Airbus A321neo,85.0,100.0
2026-10-06,2026-10-06 16:20,2026-11-05,30,DEL,BOM,DEL-BOM,6E,IndiGo,1,7278,INR,0,,10:15,10,12:40,12,False,145,145,0,Airbus A321neo,85.0,100.0
2026-10-06,2026-10-06 16:20,2026-11-05,30,DEL,BOM,DEL-BOM,6E,IndiGo,1,7278,INR,0,,11:00,11,13:25,13,False,145,145,0,Airbus A321neo,85.0,100.0
2026-10-06,2026-10-06 16:20,2026-11-05,30,DEL,BOM,DEL-BOM,6E,IndiGo,1,7278,INR,0,,11:45,11,14:10,14,False,145,145,0,Airbus A321neo,85.0,100.0
2026-10-06,2026-10-06 16:20,2026-11-05,30,DEL,BOM,DEL-BOM,6E,IndiGo,1,7278,INR,0,,13:15,13,15:45,15,False,150,150,0,Airbus A321neo,85.0,100.0
2026-10-06,2026-10-06 16:20,2026-11-05,30,DEL,BOM,DEL-BOM,6E,IndiGo,1,7278,INR,0,,14:45,14,17:20,17,False,155,155,0,Airbus A321neo,85.0,100.0
2026-10-06,2026-10-06 16:20,2026-11-05,30,DEL,BOM,DEL-BOM,6E,IndiGo,1,7278,INR,0,,15:30,15,17:55,17,False,145,145,0,Airbus A321neo,85.0,100.0
2026-10-06,2026-10-06 16:20,2026-11-05,30,DEL,BOM,DEL-BOM,6E,IndiGo,1,7278,INR,0,,16:15,16,18:40,18,False,145,145,0,Airbus A321neo,85.0,100.0
2026-10-06,2026-10-06 16:20,2026-11-05,30,DEL,BOM,DEL-BOM,6E,IndiGo,1,7278,INR,0,,17:00,17,19:25,19,False,145,145,0,Airbus A321neo,85.0,100.0
2026-10-06,2026-10-06 16:20,2026-11-05,30,DEL,BOM,DEL-BOM,6E,IndiGo,1,7278,INR,0,,22:00,22,00:25,0,True,145,145,0,Airbus A321neo,85.0,100.0
2026-10-06,2026-10-06 16:20,2026-11-05,30,DEL,BOM,DEL-BOM,QP,Akasa Air,1,7350,INR,0,,07:10,7,09:30,9,False,140,140,0,Boeing 737MAX 8 Passenger,84.0,100.0
2026-10-06,2026-10-06 16:20,2026-11-05,30,DEL,BOM,DEL-BOM,QP,Akasa Air,1,7350,INR,0,,10:15,10,12:40,12,False,145,145,0,Boeing 737MAX 8 Passenger,84.0,100.0
2026-10-06,2026-10-06 16:20,2026-11-05,30,DEL,BOM,DEL-BOM,AI,Air India,1,7422,INR,0,,19:00,19,21:25,21,False,145,145,0,Airbus A321,127.0,100.0
2026-10-06,2026-10-06 16:20,2026-11-05,30,DEL,BOM,DEL-BOM,AI,Air India,1,7422,INR,0,,21:30,21,23:50,23,False,140,140,0,Airbus A320neo,100.0,100.0
2026-10-06,2026-10-06 16:20,2026-11-05,30,DEL,BOM,DEL-BOM,6E,IndiGo,1,7428,INR,0,,17:45,17,20:10,20,False,145,145,0,Airbus A321neo,85.0,100.0
2026-10-06,2026-10-06 16:20,2026-11-05,30,DEL,BOM,DEL-BOM,6E,IndiGo,1,7428,INR,0,,19:15,19,21:40,21,False,145,145,0,Airbus A321neo,85.0,100.0
2026-10-06,2026-10-06 16:20,2026-11-05,30,DEL,BOM,DEL-BOM,6E,IndiGo,1,7428,INR,0,,20:00,20,22:25,22,False,145,145,0,Airbus A321neo,85.0,100.0
2026-10-06,2026-10-06 16:20,2026-11-05,30,DEL,BOM,DEL-BOM,6E,IndiGo,1,7428,INR,0,,21:00,21,23:25,23,False,145,145,0,Airbus A321neo,85.0,100.0
2026-10-06,2026-10-06 16:20,2026-11-05,30,DEL,BOM,DEL-BOM,6E,IndiGo,1,7428,INR,0,,23:00,23,01:25,1,True,145,145,0,Airbus A321neo,85.0,100.0
2026-10-06,2026-10-06 16:20,2026-11-05,30,DEL,BOM,DEL-BOM,AI,Air India,1,7522,INR,0,,15:30,15,17:45,17,False,135,135,0,Airbus A320neo,100.0,100.0
2026-10-06,2026-10-06 16:20,2026-11-05,30,DEL,BOM,DEL-BOM,AI,Air India,1,7522,INR,0,,20:00,20,22:25,22,False,145,145,0,Airbus A321,127.0,100.0
2026-10-06,2026-10-06 16:20,2026-11-05,30,DEL,BOM,DEL-BOM,QP,Akasa Air,1,7583,INR,0,,19:55,19,22:25,22,False,150,150,0,Boeing 737MAX 8 Passenger,84.0,100.0
2026-10-06,2026-10-06 16:20,2026-11-05,30,DEL,BOM,DEL-BOM,QP,Akasa Air,1,7583,INR,0,,21:45,21,00:10,0,True,145,145,0,Boeing 737MAX 8 Passenger,83.0,100.0
2026-10-06,2026-10-06 16:20,2026-11-05,30,DEL,BOM,DEL-BOM,AI,Air India,1,7700,INR,0,,18:00,18,20:25,20,False,145,145,0,Airbus A320neo,100.0,100.0
2026-10-06,2026-10-06 16:20,2026-11-05,30,DEL,BOM,DEL-BOM,QP,Akasa Air,1,7716,INR,0,,18:10,18,20:40,20,False,150,150,0,Boeing 737MAX 8 Passenger,88.0,100.0
2026-10-06,2026-10-06 16:20,2026-11-05,30,DEL,BOM,DEL-BOM,6E,IndiGo,1,7728,INR,0,,07:00,7,09:25,9,False,145,145,0,Airbus A321neo,85.0,100.0
2026-10-06,2026-10-06 16:20,2026-11-05,30,DEL,BOM,DEL-BOM,6E,IndiGo,1,7728,INR,0,,18:30,18,21:10,21,False,160,160,0,Airbus A321neo,85.0,100.0
2026-10-06,2026-10-06 16:20,2026-11-05,30,DEL,BOM,DEL-BOM,AI,Air India,1,7837,INR,0,,07:00,7,09:25,9,False,145,145,0,Airbus A320neo,100.0,100.0
2026-10-06,2026-10-06 16:20,2026-11-05,30,DEL,BOM,DEL-BOM,AI,Air India,1,8015,INR,0,,23:00,23,01:25,1,True,145,145,0,Airbus A320neo,100.0,100.0
2026-10-06,2026-10-06 16:20,2026-11-05,30,DEL,BOM,DEL-BOM,SG,SpiceJet,1,10013,INR,0,,05:45,5,08:05,8,False,140,140,0,Boeing 737,119.0,100.0
2026-10-06,2026-10-06 16:20,2026-11-05,30,DEL,BOM,DEL-BOM,SG,SpiceJet,1,10013,INR,0,,06:30,6,08:45,8,False,135,135,0,Boeing 737,99.0,100.0
2026-10-06,2026-10-06 16:20,2026-11-05,30,DEL,BOM,DEL-BOM,SG,SpiceJet,1,10013,INR,0,,19:00,19,21:10,21,False,130,130,0,Boeing 737,99.0,100.0
2026-10-06,2026-10-06 16:20,2026-11-20,45,DEL,BOM,DEL-BOM,AI,Air India,1,7070,INR,0,,05:30,5,07:55,7,False,145,145,0,Airbus A321,127.0,100.0
2026-10-06,2026-10-06 16:20,2026-11-20,45,DEL,BOM,DEL-BOM,AI,Air India,1,7070,INR,0,,22:00,22,00:25,0,True,145,145,0,Airbus A321,127.0,100.0
2026-10-06,2026-10-06 16:20,2026-11-20,45,DEL,BOM,DEL-BOM,AI,Air India,1,7070,INR,0,,22:30,22,00:55,0,True,145,145,0,Airbus A320neo,100.0,100.0
2026-10-06,2026-10-06 16:20,2026-11-20,45,DEL,BOM,DEL-BOM,AI,Air India,1,7223,INR,0,,17:30,17,19:55,19,False,145,145,0,Airbus A320neo,100.0,100.0
2026-10-06,2026-10-06 16:20,2026-11-20,45,DEL,BOM,DEL-BOM,6E,IndiGo,1,7278,INR,0,,03:30,3,05:55,5,False,145,145,0,Airbus A321neo,85.0,100.0
2026-10-06,2026-10-06 16:20,2026-11-20,45,DEL,BOM,DEL-BOM,6E,IndiGo,1,7278,INR,0,,14:45,14,17:20,17,False,155,155,0,Airbus A321neo,85.0,100.0
2026-10-06,2026-10-06 16:20,2026-11-20,45,DEL,BOM,DEL-BOM,AI,Air India,1,7364,INR,0,,17:00,17,19:25,19,False,145,145,0,Boeing 777,113.0,100.0
2026-10-06,2026-10-06 16:20,2026-11-20,45,DEL,BOM,DEL-BOM,AI,Air India,1,7422,INR,0,,21:30,21,23:50,23,False,140,140,0,Airbus A320neo,100.0,100.0
2026-10-06,2026-10-06 16:20,2026-11-20,45,DEL,BOM,DEL-BOM,6E,IndiGo,1,7428,INR,0,,05:00,5,07:25,7,False,145,145,0,Airbus A321neo,85.0,100.0
2026-10-06,2026-10-06 16:20,2026-11-20,45,DEL,BOM,DEL-BOM,6E,IndiGo,1,7428,INR,0,,06:05,6,08:25,8,False,140,140,0,Airbus A321neo,85.0,100.0
2026-10-06,2026-10-06 16:20,2026-11-20,45,DEL,BOM,DEL-BOM,6E,IndiGo,1,7428,INR,0,,12:30,12,14:55,14,False,145,145,0,Airbus A321neo,85.0,100.0
2026-10-06,2026-10-06 16:20,2026-11-20,45,DEL,BOM,DEL-BOM,6E,IndiGo,1,7428,INR,0,,14:10,14,16:25,16,False,135,135,0,Airbus A321neo,85.0,100.0
2026-10-06,2026-10-06 16:20,2026-11-20,45,DEL,BOM,DEL-BOM,6E,IndiGo,1,7428,INR,0,,16:15,16,18:40,18,False,145,145,0,Airbus A321neo,85.0,100.0
2026-10-06,2026-10-06 16:20,2026-11-20,45,DEL,BOM,DEL-BOM,6E,IndiGo,1,7428,INR,0,,17:00,17,19:25,19,False,145,145,0,Airbus A321neo,85.0,100.0
2026-10-06,2026-10-06 16:20,2026-11-20,45,DEL,BOM,DEL-BOM,AI,Air India,1,7522,INR,0,,06:30,6,08:55,8,False,145,145,0,Airbus A320neo,100.0,100.0
2026-10-06,2026-10-06 16:20,2026-11-20,45,DEL,BOM,DEL-BOM,AI,Air India,1,7522,INR,0,,09:30,9,11:55,11,False,145,145,0,Airbus A320neo,100.0,100.0
2026-10-06,2026-10-06 16:20,2026-11-20,45,DEL,BOM,DEL-BOM,AI,Air India,1,7522,INR,0,,11:00,11,13:25,13,False,145,145,0,Airbus A320neo,100.0,100.0
2026-10-06,2026-10-06 16:20,2026-11-20,45,DEL,BOM,DEL-BOM,AI,Air India,1,7522,INR,0,,13:30,13,15:55,15,False,145,145,0,Airbus A320neo,100.0,100.0
2026-10-06,2026-10-06 16:20,2026-11-20,45,DEL,BOM,DEL-BOM,AI,Air India,1,7522,INR,0,,23:00,23,01:25,1,True,145,145,0,Airbus A320neo,100.0,100.0
2026-10-06,2026-10-06 16:20,2026-11-20,45,DEL,BOM,DEL-BOM,QP,Akasa Air,1,7583,INR,0,,16:20,16,18:45,18,False,145,145,0,Boeing 737MAX 8 Passenger,88.0,100.0
2026-10-06,2026-10-06 16:20,2026-11-20,45,DEL,BOM,DEL-BOM,QP,Akasa Air,1,7583,INR,0,,18:10,18,20:40,20,False,150,150,0,Boeing 737MAX 8 Passenger,88.0,100.0
2026-10-06,2026-10-06 16:20,2026-11-20,45,DEL,BOM,DEL-BOM,AI,Air India,1,7700,INR,0,,09:00,9,11:15,11,False,135,135,0,Airbus A320neo,100.0,100.0
2026-10-06,2026-10-06 16:20,2026-11-20,45,DEL,BOM,DEL-BOM,AI,Air India,1,7711,INR,0,,07:30,7,09:45,9,False,135,135,0,Airbus A350,98.0,100.0
2026-10-06,2026-10-06 16:20,2026-11-20,45,DEL,BOM,DEL-BOM,QP,Akasa Air,1,7716,INR,0,,21:45,21,00:10,0,True,145,145,0,Boeing 737MAX 8 Passenger,83.0,100.0
2026-10-06,2026-10-06 16:20,2026-11-20,45,DEL,BOM,DEL-BOM,6E,IndiGo,1,7728,INR,0,,08:00,8,10:15,10,False,135,135,0,Airbus A321neo,85.0,100.0
2026-10-06,2026-10-06 16:20,2026-11-20,45,DEL,BOM,DEL-BOM,6E,IndiGo,1,7728,INR,0,,08:45,8,11:10,11,False,145,145,0,Airbus A321neo,85.0,100.0
2026-10-06,2026-10-06 16:20,2026-11-20,45,DEL,BOM,DEL-BOM,6E,IndiGo,1,7728,INR,0,,09:30,9,12:05,12,False,155,155,0,Airbus A321neo,85.0,100.0
2026-10-06,2026-10-06 16:20,2026-11-20,45,DEL,BOM,DEL-BOM,6E,IndiGo,1,7728,INR,0,,11:00,11,13:25,13,False,145,145,0,Airbus A321neo,85.0,100.0
2026-10-06,2026-10-06 16:20,2026-11-20,45,DEL,BOM,DEL-BOM,6E,IndiGo,1,7728,INR,0,,15:30,15,17:55,17,False,145,145,0,Airbus A321neo,85.0,100.0
2026-10-06,2026-10-06 16:20,2026-11-20,45,DEL,BOM,DEL-BOM,6E,IndiGo,1,7728,INR,0,,17:45,17,20:10,20,False,145,145,0,Airbus A321neo,85.0,100.0
2026-10-06,2026-10-06 16:20,2026-11-20,45,DEL,BOM,DEL-BOM,6E,IndiGo,1,7728,INR,0,,18:30,18,21:10,21,False,160,160,0,Airbus A321neo,85.0,100.0
2026-10-06,2026-10-06 16:20,2026-11-20,45,DEL,BOM,DEL-BOM,6E,IndiGo,1,7728,INR,0,,20:00,20,22:25,22,False,145,145,0,Airbus A321neo,85.0,100.0
2026-10-06,2026-10-06 16:20,2026-11-20,45,DEL,BOM,DEL-BOM,6E,IndiGo,1,7728,INR,0,,21:00,21,23:25,23,False,145,145,0,Airbus A321neo,85.0,100.0
2026-10-06,2026-10-06 16:20,2026-11-20,45,DEL,BOM,DEL-BOM,6E,IndiGo,1,7728,INR,0,,22:00,22,00:25,0,True,145,145,0,Airbus A321neo,85.0,100.0
2026-10-06,2026-10-06 16:20,2026-11-20,45,DEL,BOM,DEL-BOM,6E,IndiGo,1,7728,INR,0,,23:00,23,01:25,1,True,145,145,0,Airbus A321neo,85.0,100.0
2026-10-06,2026-10-06 16:20,2026-11-20,45,DEL,BOM,DEL-BOM,QP,Akasa Air,1,7851,INR,0,,19:55,19,22:25,22,False,150,150,0,Boeing 737MAX 8 Passenger,84.0,100.0
2026-10-06,2026-10-06 16:20,2026-11-20,45,DEL,BOM,DEL-BOM,AI,Air India,1,7900,INR,0,,21:00,21,23:25,23,False,145,145,0,Airbus A320neo,100.0,100.0
2026-10-06,2026-10-06 16:20,2026-11-20,45,DEL,BOM,DEL-BOM,AI,Air India,1,8026,INR,0,,18:00,18,20:25,20,False,145,145,0,Airbus A320neo,100.0,100.0
2026-10-06,2026-10-06 16:20,2026-11-20,45,DEL,BOM,DEL-BOM,6E,IndiGo,1,8028,INR,0,,10:15,10,12:40,12,False,145,145,0,Airbus A321neo,85.0,100.0
2026-10-06,2026-10-06 16:20,2026-11-20,45,DEL,BOM,DEL-BOM,6E,IndiGo,1,8028,INR,0,,11:45,11,14:10,14,False,145,145,0,Airbus A321neo,85.0,100.0
2026-10-06,2026-10-06 16:20,2026-11-20,45,DEL,BOM,DEL-BOM,QP,Akasa Air,1,8129,INR,0,,10:15,10,12:40,12,False,145,145,0,Boeing 737MAX 8 Passenger,84.0,100.0
2026-10-06,2026-10-06 16:20,2026-11-20,45,DEL,BOM,DEL-BOM,AI,Air India,1,8315,INR,0,,07:00,7,09:25,9,False,145,145,0,Airbus A320neo,100.0,100.0
2026-10-06,2026-10-06 16:20,2026-11-20,45,DEL,BOM,DEL-BOM,AI,Air India,1,8315,INR,0,,10:30,10,12:55,12,False,145,145,0,Airbus A320neo,100.0,100.0
2026-10-06,2026-10-06 16:20,2026-11-20,45,DEL,BOM,DEL-BOM,6E,IndiGo,1,8328,INR,0,,19:15,19,21:40,21,False,145,145,0,Airbus A321neo,85.0,100.0
2026-10-06,2026-10-06 16:20,2026-11-20,45,DEL,BOM,DEL-BOM,AI,Air India,1,8351,INR,0,,16:30,16,18:55,18,False,145,145,0,Airbus A320neo,100.0,100.0
2026-10-06,2026-10-06 16:20,2026-11-20,45,DEL,BOM,DEL-BOM,AI,Air India,1,8351,INR,0,,20:30,20,22:55,22,False,145,145,0,Airbus A320neo,100.0,100.0
2026-10-06,2026-10-06 16:20,2026-11-20,45,DEL,BOM,DEL-BOM,IX,Air India Express,1,8528,INR,0,,08:50,8,11:15,11,False,145,145,0,Boeing 737MAX 8 Passenger,98.0,100.0
2026-10-06,2026-10-06 16:20,2026-11-20,45,DEL,BOM,DEL-BOM,IX,Air India Express,1,8528,INR,0,,20:40,20,23:10,23,False,150,150,0,Boeing 737MAX 8 Passenger,98.0,100.0
2026-10-06,2026-10-06 16:20,2026-11-20,45,DEL,BOM,DEL-BOM,6E,IndiGo,1,8643,INR,0,,07:00,7,09:25,9,False,145,145,0,Airbus A321neo,85.0,100.0
2026-10-06,2026-10-06 16:20,2026-11-20,45,DEL,BOM,DEL-BOM,AI,Air India,1,9244,INR,0,,19:30,19,21:55,21,False,145,145,0,Airbus A320neo,100.0,100.0
2026-10-06,2026-10-06 16:20,2026-11-20,45,DEL,BOM,DEL-BOM,AI,Air India,1,9968,INR,0,,15:30,15,17:45,17,False,135,135,0,Airbus A320neo,100.0,100.0
2026-10-06,2026-10-06 16:20,2026-11-20,45,DEL,BOM,DEL-BOM,SG,SpiceJet,1,10013,INR,0,,05:45,5,08:05,8,False,140,140,0,Boeing 737,99.0,100.0
2026-10-06,2026-10-06 16:20,2026-11-20,45,DEL,BOM,DEL-BOM,SG,SpiceJet,1,10013,INR,0,,06:30,6,08:45,8,False,135,135,0,Boeing 737,99.0,100.0
2026-10-06,2026-10-06 16:20,2026-11-20,45,DEL,BOM,DEL-BOM,SG,SpiceJet,1,10013,INR,0,,07:00,7,09:15,9,False,135,135,0,Boeing 737,99.0,100.0
2026-10-06,2026-10-06 16:20,2026-11-20,45,DEL,BOM,DEL-BOM,SG,SpiceJet,1,10013,INR,0,,09:30,9,11:50,11,False,140,140,0,Boeing 737,99.0,100.0
2026-10-06,2026-10-06 16:20,2026-11-20,45,DEL,BOM,DEL-BOM,SG,SpiceJet,1,10013,INR,0,,17:10,17,19:25,19,False,135,135,0,Boeing 737,99.0,100.0
2026-10-06,2026-10-06 16:20,2026-11-20,45,DEL,BOM,DEL-BOM,SG,SpiceJet,1,10013,INR,0,,19:00,19,21:10,21,False,130,130,0,Boeing 737,99.0,100.0
2026-10-06,2026-10-06 16:20,2026-12-05,60,DEL,BOM,DEL-BOM,AI,Air India,1,7070,INR,0,,05:30,5,07:55,7,False,145,145,0,Airbus A321,123.0,100.0
2026-10-06,2026-10-06 16:20,2026-12-05,60,DEL,BOM,DEL-BOM,AI,Air India,1,7070,INR,0,,06:30,6,08:55,8,False,145,145,0,Airbus A320neo,97.0,100.0
2026-10-06,2026-10-06 16:20,2026-12-05,60,DEL,BOM,DEL-BOM,AI,Air India,1,7070,INR,0,,11:00,11,13:25,13,False,145,145,0,Airbus A320neo,97.0,100.0
2026-10-06,2026-10-06 16:20,2026-12-05,60,DEL,BOM,DEL-BOM,AI,Air India,1,7070,INR,0,,12:00,12,14:25,14,False,145,145,0,Airbus A321,123.0,100.0
2026-10-06,2026-10-06 16:20,2026-12-05,60,DEL,BOM,DEL-BOM,AI,Air India,1,7070,INR,0,,21:00,21,23:25,23,False,145,145,0,Airbus A320neo,97.0,100.0
2026-10-06,2026-10-06 16:20,2026-12-05,60,DEL,BOM,DEL-BOM,AI,Air India,1,7070,INR,0,,22:00,22,00:25,0,True,145,145,0,Airbus A321,123.0,100.0
2026-10-06,2026-10-06 16:20,2026-12-05,60,DEL,BOM,DEL-BOM,QP,Akasa Air,1,7201,INR,0,,07:10,7,09:30,9,False,140,140,0,Boeing 737MAX 8 Passenger,83.0,100.0
2026-10-06,2026-10-06 16:20,2026-12-05,60,DEL,BOM,DEL-BOM,QP,Akasa Air,1,7201,INR,0,,19:55,19,22:25,22,False,150,150,0,Boeing 737MAX 8 Passenger,83.0,100.0
2026-10-06,2026-10-06 16:20,2026-12-05,60,DEL,BOM,DEL-BOM,AI,Air India,1,7223,INR,0,,13:00,13,15:25,15,False,145,145,0,Airbus A320neo,97.0,100.0
2026-10-06,2026-10-06 16:20,2026-12-05,60,DEL,BOM,DEL-BOM,AI,Air India,1,7223,INR,0,,16:30,16,18:55,18,False,145,145,0,Airbus A320neo,97.0,100.0
2026-10-06,2026-10-06 16:20,2026-12-05,60,DEL,BOM,DEL-BOM,AI,Air India,1,7223,INR,0,,17:30,17,19:55,19,False,145,145,0,Airbus A320neo,97.0,100.0
2026-10-06,2026-10-06 16:20,2026-12-05,60,DEL,BOM,DEL-BOM,AI,Air India,1,7223,INR,0,,22:30,22,00:55,0,True,145,145,0,Airbus A320neo,97.0,100.0
2026-10-06,2026-10-06 16:20,2026-12-05,60,DEL,BOM,DEL-BOM,AI,Air India,1,7249,INR,0,,07:30,7,09:45,9,False,135,135,0,Airbus A350,95.0,100.0
2026-10-06,2026-10-06 16:20,2026-12-05,60,DEL,BOM,DEL-BOM,AI,Air India,1,7249,INR,0,,19:30,19,21:55,21,False,145,145,0,Airbus A321,123.0,100.0
2026-10-06,2026-10-06 16:20,2026-12-05,60,DEL,BOM,DEL-BOM,AI,Air India,1,7249,INR,0,,21:30,21,23:50,23,False,140,140,0,Airbus A320neo,97.0,100.0
2026-10-06,2026-10-06 16:20,2026-12-05,60,DEL,BOM,DEL-BOM,6E,IndiGo,1,7278,INR,0,,03:30,3,05:55,5,False,145,145,0,Airbus A321neo,83.0,100.0
2026-10-06,2026-10-06 16:20,2026-12-05,60,DEL,BOM,DEL-BOM,6E,IndiGo,1,7278,INR,0,,05:00,5,07:25,7,False,145,145,0,Airbus A321neo,83.0,100.0
2026-10-06,2026-10-06 16:20,2026-12-05,60,DEL,BOM,DEL-BOM,6E,IndiGo,1,7278,INR,0,,12:30,12,14:55,14,False,145,145,0,Airbus A321neo,83.0,100.0
2026-10-06,2026-10-06 16:20,2026-12-05,60,DEL,BOM,DEL-BOM,6E,IndiGo,1,7278,INR,0,,13:15,13,15:45,15,False,150,150,0,Airbus A321neo,83.0,100.0
2026-10-06,2026-10-06 16:20,2026-12-05,60,DEL,BOM,DEL-BOM,6E,IndiGo,1,7278,INR,0,,15:30,15,18:00,18,False,150,150,0,Airbus A321neo,83.0,100.0
2026-10-06,2026-10-06 16:20,2026-12-05,60,DEL,BOM,DEL-BOM,QP,Akasa Air,1,7350,INR,0,,16:20,16,18:45,18,False,145,145,0,Boeing 737MAX 8 Passenger,86.0,100.0
2026-10-06,2026-10-06 16:20,2026-12-05,60,DEL,BOM,DEL-BOM,QP,Akasa Air,1,7350,INR,0,,21:45,21,00:10,0,True,145,145,0,Boeing 737MAX 8 Passenger,81.0,100.0
2026-10-06,2026-10-06 16:20,2026-12-05,60,DEL,BOM,DEL-BOM,AI,Air India,1,7422,INR,0,,18:00,18,20:25,20,False,145,145,0,Airbus A320neo,97.0,100.0
2026-10-06,2026-10-06 16:20,2026-12-05,60,DEL,BOM,DEL-BOM,AI,Air India,1,7422,INR,0,,19:00,19,21:25,21,False,145,145,0,Airbus A321,123.0,100.0
2026-10-06,2026-10-06 16:20,2026-12-05,60,DEL,BOM,DEL-BOM,6E,IndiGo,1,7428,INR,0,,06:05,6,08:25,8,False,140,140,0,Airbus A321neo,83.0,100.0
2026-10-06,2026-10-06 16:20,2026-12-05,60,DEL,BOM,DEL-BOM,6E,IndiGo,1,7428,INR,0,,07:00,7,09:25,9,False,145,145,0,Airbus A321neo,83.0,100.0
2026-10-06,2026-10-06 16:20,2026-12-05,60,DEL,BOM,DEL-BOM,6E,IndiGo,1,7428,INR,0,,08:00,8,10:15,10,False,135,135,0,Airbus A321neo,83.0,100.0
2026-10-06,2026-10-06 16:20,2026-12-05,60,DEL,BOM,DEL-BOM,6E,IndiGo,1,7428,INR,0,,08:45,8,11:10,11,False,145,145,0,Airbus A321neo,83.0,100.0
2026-10-06,2026-10-06 16:20,2026-12-05,60,DEL,BOM,DEL-BOM,6E,IndiGo,1,7428,INR,0,,09:30,9,12:05,12,False,155,155,0,Airbus A321neo,83.0,100.0
2026-10-06,2026-10-06 16:20,2026-12-05,60,DEL,BOM,DEL-BOM,6E,IndiGo,1,7428,INR,0,,10:15,10,12:40,12,False,145,145,0,Airbus A321neo,83.0,100.0
2026-10-06,2026-10-06 16:20,2026-12-05,60,DEL,BOM,DEL-BOM,6E,IndiGo,1,7428,INR,0,,11:00,11,13:25,13,False,145,145,0,Airbus A321neo,83.0,100.0
2026-10-06,2026-10-06 16:20,2026-12-05,60,DEL,BOM,DEL-BOM,6E,IndiGo,1,7428,INR,0,,11:45,11,14:10,14,False,145,145,0,Airbus A321neo,83.0,100.0
2026-10-06,2026-10-06 16:20,2026-12-05,60,DEL,BOM,DEL-BOM,6E,IndiGo,1,7428,INR,0,,14:45,14,17:20,17,False,155,155,0,Airbus A321neo,83.0,100.0
2026-10-06,2026-10-06 16:20,2026-12-05,60,DEL,BOM,DEL-BOM,6E,IndiGo,1,7428,INR,0,,16:15,16,18:40,18,False,145,145,0,Airbus A321neo,83.0,100.0
2026-10-06,2026-10-06 16:20,2026-12-05,60,DEL,BOM,DEL-BOM,6E,IndiGo,1,7428,INR,0,,17:45,17,20:10,20,False,145,145,0,Airbus A321neo,83.0,100.0
2026-10-06,2026-10-06 16:20,2026-12-05,60,DEL,BOM,DEL-BOM,6E,IndiGo,1,7428,INR,0,,18:30,18,21:10,21,False,160,160,0,Airbus A321neo,83.0,100.0
2026-10-06,2026-10-06 16:20,2026-12-05,60,DEL,BOM,DEL-BOM,6E,IndiGo,1,7428,INR,0,,19:15,19,21:40,21,False,145,145,0,Airbus A321neo,83.0,100.0
2026-10-06,2026-10-06 16:20,2026-12-05,60,DEL,BOM,DEL-BOM,6E,IndiGo,1,7428,INR,0,,21:00,21,23:25,23,False,145,145,0,Airbus A321neo,83.0,100.0
2026-10-06,2026-10-06 16:20,2026-12-05,60,DEL,BOM,DEL-BOM,6E,IndiGo,1,7428,INR,0,,22:00,22,00:25,0,True,145,145,0,Airbus A321neo,83.0,100.0
2026-10-06,2026-10-06 16:20,2026-12-05,60,DEL,BOM,DEL-BOM,6E,IndiGo,1,7428,INR,0,,23:00,23,01:25,1,True,145,145,0,Airbus A321neo,83.0,100.0
2026-10-06,2026-10-06 16:20,2026-12-05,60,DEL,BOM,DEL-BOM,QP,Akasa Air,1,7453,INR,0,,18:10,18,20:40,20,False,150,150,0,Boeing 737MAX 8 Passenger,86.0,100.0
2026-10-06,2026-10-06 16:20,2026-12-05,60,DEL,BOM,DEL-BOM,AI,Air India,1,7522,INR,0,,09:00,9,11:15,11,False,135,135,0,Airbus A320neo,97.0,100.0
2026-10-06,2026-10-06 16:20,2026-12-05,60,DEL,BOM,DEL-BOM,AI,Air India,1,7522,INR,0,,17:00,17,19:25,19,False,145,145,0,Boeing 777,109.0,100.0
2026-10-06,2026-10-06 16:20,2026-12-05,60,DEL,BOM,DEL-BOM,AI,Air India,1,7700,INR,0,,20:30,20,22:55,22,False,145,145,0,Airbus A320neo,97.0,100.0
2026-10-06,2026-10-06 16:20,2026-12-05,60,DEL,BOM,DEL-BOM,6E,IndiGo,1,7728,INR,0,,17:00,17,19:25,19,False,145,145,0,Airbus A321neo,83.0,100.0
2026-10-06,2026-10-06 16:20,2026-12-05,60,DEL,BOM,DEL-BOM,6E,IndiGo,1,8028,INR,0,,20:00,20,22:25,22,False,145,145,0,Airbus A321neo,83.0,100.0
2026-10-06,2026-10-06 16:20,2026-12-05,60,DEL,BOM,DEL-BOM,AI,Air India,1,8525,INR,0,,13:30,13,15:55,15,False,145,145,0,Airbus A320neo,97.0,100.0
2026-10-06,2026-10-06 16:20,2026-12-05,60,DEL,BOM,DEL-BOM,IX,Air India Express,1,8669,INR,0,,20:40,20,23:10,23,False,150,150,0,Boeing 737MAX 8 Passenger,95.0,100.0
2026-10-06,2026-10-06 16:20,2026-12-05,60,DEL,BOM,DEL-BOM,AI,Air India,1,9013,INR,0,,15:30,15,17:45,17,False,135,135,0,Airbus A320neo,97.0,100.0
2026-10-06,2026-10-06 16:20,2026-12-05,60,DEL,BOM,DEL-BOM,AI,Air India,1,9968,INR,0,,23:00,23,01:25,1,True,145,145,0,Airbus A320neo,97.0,100.0
2026-10-06,2026-10-06 16:20,2026-12-05,60,DEL,BOM,DEL-BOM,SG,SpiceJet,1,11429,INR,0,,05:45,5,08:05,8,False,140,140,0,Boeing 737,98.0,100.0
2026-10-06,2026-10-06 16:20,2026-12-05,60,DEL,BOM,DEL-BOM,SG,SpiceJet,1,11429,INR,0,,06:30,6,08:45,8,False,135,135,0,Boeing 737,98.0,100.0
2026-10-06,2026-10-06 16:20,2026-12-05,60,DEL,BOM,DEL-BOM,SG,SpiceJet,1,11429,INR,0,,07:00,7,09:15,9,False,135,135,0,Boeing 737,98.0,100.0
2026-10-06,2026-10-06 16:20,2026-12-05,60,DEL,BOM,DEL-BOM,SG,SpiceJet,1,11429,INR,0,,09:30,9,11:50,11,False,140,140,0,Boeing 737,98.0,100.0
2026-10-06,2026-10-06 16:20,2026-12-05,60,DEL,BOM,DEL-BOM,SG,SpiceJet,1,11429,INR,0,,09:50,9,12:05,12,False,135,135,0,Boeing 737,98.0,100.0
2026-10-06,2026-10-06 16:20,2026-12-05,60,DEL,BOM,DEL-BOM,SG,SpiceJet,1,11429,INR,0,,17:10,17,19:25,19,False,135,135,0,Boeing 737,98.0,100.0
2026-10-06,2026-10-06 16:20,2026-12-05,60,DEL,BOM,DEL-BOM,SG,SpiceJet,1,11429,INR,0,,19:00,19,21:10,21,False,130,130,0,Boeing 737,98.0,100.0
2026-10-06,2026-10-06 16:20,2026-10-07,1,BOM,DEL,BOM-DEL,AI,Air India,1,6562,INR,0,,11:25,11,13:50,13,False,145,145,0,Airbus A350,103.0,103.0
2026-10-06,2026-10-06 16:20,2026-10-07,1,BOM,DEL,BOM-DEL,AI,Air India,1,6562,INR,0,,14:35,14,16:55,16,False,140,140,0,Airbus A320neo,105.0,103.0
2026-10-06,2026-10-06 16:20,2026-10-07,1,BOM,DEL,BOM-DEL,AI,Air India,1,6562,INR,0,,15:00,15,17:20,17,False,140,140,0,Airbus A320neo,105.0,103.0
2026-10-06,2026-10-06 16:20,2026-10-07,1,BOM,DEL,BOM-DEL,AI,Air India,1,6672,INR,0,,22:35,22,01:00,1,True,145,145,0,Airbus A320neo,105.0,103.0
2026-10-06,2026-10-06 16:20,2026-10-07,1,BOM,DEL,BOM-DEL,AI,Air India,1,6719,INR,0,,13:00,13,15:15,15,False,135,135,0,Airbus A320neo,105.0,103.0
2026-10-06,2026-10-06 16:20,2026-10-07,1,BOM,DEL,BOM-DEL,AI,Air India,1,6719,INR,0,,15:30,15,17:50,17,False,140,140,0,Airbus A320neo,105.0,103.0
2026-10-06,2026-10-06 16:20,2026-10-07,1,BOM,DEL,BOM-DEL,AI,Air India,1,6719,INR,0,,21:00,21,23:15,23,False,135,135,0,Boeing 777,118.0,103.0
2026-10-06,2026-10-06 16:20,2026-10-07,1,BOM,DEL,BOM-DEL,6E,IndiGo,1,6782,INR,0,,11:30,11,13:45,13,False,135,135,0,Airbus A321neo,90.0,103.0
2026-10-06,2026-10-06 16:20,2026-10-07,1,BOM,DEL,BOM-DEL,6E,IndiGo,1,6782,INR,0,,13:00,13,15:15,15,False,135,135,0,Airbus A321neo,90.0,103.0
2026-10-06,2026-10-06 16:20,2026-10-07,1,BOM,DEL,BOM-DEL,6E,IndiGo,1,6782,INR,0,,14:00,14,16:15,16,False,135,135,0,Airbus A321neo,90.0,103.0
2026-10-06,2026-10-06 16:20,2026-10-07,1,BOM,DEL,BOM-DEL,6E,IndiGo,1,6782,INR,0,,15:00,15,17:15,17,False,135,135,0,Airbus A321neo,90.0,103.0
2026-10-06,2026-10-06 16:20,2026-10-07,1,BOM,DEL,BOM-DEL,6E,IndiGo,1,6782,INR,0,,16:00,16,18:15,18,False,135,135,0,Airbus A321neo,90.0,103.0
2026-10-06,2026-10-06 16:20,2026-10-07,1,BOM,DEL,BOM-DEL,6E,IndiGo,1,6782,INR,0,,16:45,16,18:55,18,False,130,130,0,Airbus A321neo,90.0,103.0
2026-10-06,2026-10-06 16:20,2026-10-07,1,BOM,DEL,BOM-DEL,6E,IndiGo,1,6782,INR,0,,17:20,17,19:45,19,False,145,145,0,Airbus A321neo,90.0,103.0
2026-10-06,2026-10-06 16:20,2026-10-07,1,BOM,DEL,BOM-DEL,6E,IndiGo,1,6782,INR,0,,18:15,18,20:30,20,False,135,135,0,Airbus A321neo,90.0,103.0
2026-10-06,2026-10-06 16:20,2026-10-07,1,BOM,DEL,BOM-DEL,6E,IndiGo,1,6782,INR,0,,22:15,22,00:30,0,True,135,135,0,Airbus A321neo,90.0,103.0
2026-10-06,2026-10-06 16:20,2026-10-07,1,BOM,DEL,BOM-DEL,6E,IndiGo,1,6782,INR,0,,23:45,23,02:00,2,True,135,135,0,Airbus A321neo,90.0,103.0
2026-10-06,2026-10-06 16:20,2026-10-07,1,BOM,DEL,BOM-DEL,QP,Akasa Air,1,6873,INR,0,,14:30,14,16:50,16,False,140,140,0,Boeing 737MAX 8 Passenger,91.0,103.0
2026-10-06,2026-10-06 16:20,2026-10-07,1,BOM,DEL,BOM-DEL,QP,Akasa Air,1,6873,INR,0,,16:55,16,19:15,19,False,140,140,0,Boeing 737MAX 8 Passenger,91.0,103.0
2026-10-06,2026-10-06 16:20,2026-10-07,1,BOM,DEL,BOM-DEL,AI,Air India,1,6929,INR,0,,21:30,21,23:45,23,False,135,135,0,Airbus A320neo,105.0,103.0
2026-10-06,2026-10-06 16:20,2026-10-07,1,BOM,DEL,BOM-DEL,SG,SpiceJet,1,6960,INR,0,,01:50,1,04:30,4,False,160,160,0,De Havilland-Bombardier Dash-8,122.0,103.0
2026-10-06,2026-10-06 16:20,2026-10-07,1,BOM,DEL,BOM-DEL,6E,IndiGo,1,6979,INR,0,,21:15,21,23:30,23,False,135,135,0,Airbus A321neo,90.0,103.0
2026-10-06,2026-10-06 16:20,2026-10-07,1,BOM,DEL,BOM-DEL,QP,Akasa Air,1,7382,INR,0,,19:00,19,21:15,21,False,135,135,0,Boeing 737MAX 8 Passenger,93.0,103.0
2026-10-06,2026-10-06 16:20,2026-10-07,1,BOM,DEL,BOM-DEL,6E,IndiGo,1,7451,INR,0,,03:00,3,05:10,5,False,130,130,0,Airbus A321neo,90.0,103.0
2026-10-06,2026-10-06 16:20,2026-10-07,1,BOM,DEL,BOM-DEL,6E,IndiGo,1,7451,INR,0,,19:00,19,21:15,21,False,135,135,0,Airbus A321neo,90.0,103.0
2026-10-06,2026-10-06 16:20,2026-10-07,1,BOM,DEL,BOM-DEL,6E,IndiGo,1,7451,INR,0,,20:20,20,22:45,22,False,145,145,0,Airbus A321neo,90.0,103.0
2026-10-06,2026-10-06 16:20,2026-10-07,1,BOM,DEL,BOM-DEL,6E,IndiGo,1,7766,INR,0,,19:45,19,21:55,21,False,130,130,0,Airbus A321neo,90.0,103.0
2026-10-06,2026-10-06 16:20,2026-10-07,1,BOM,DEL,BOM-DEL,6E,IndiGo,1,8081,INR,0,,05:00,5,07:10,7,False,130,130,0,Airbus A321neo,90.0,103.0
2026-10-06,2026-10-06 16:20,2026-10-07,1,BOM,DEL,BOM-DEL,AI,Air India,1,8189,INR,0,,20:30,20,22:50,22,False,140,140,0,Airbus A320neo,105.0,103.0
2026-10-06,2026-10-06 16:20,2026-10-07,1,BOM,DEL,BOM-DEL,6E,IndiGo,1,8449,INR,0,,10:35,10,13:00,13,False,145,145,0,Airbus A321neo,90.0,103.0
2026-10-06,2026-10-06 16:20,2026-10-07,1,BOM,DEL,BOM-DEL,AI,Air India,1,9097,INR,0,,16:30,16,19:00,19,False,150,150,0,Airbus A320neo,105.0,103.0
2026-10-06,2026-10-06 16:20,2026-10-07,1,BOM,DEL,BOM-DEL,QP,Akasa Air,1,9392,INR,0,,10:25,10,12:45,12,False,140,140,0,Boeing 737MAX 8 Passenger,93.0,103.0
2026-10-06,2026-10-06 16:20,2026-10-07,1,BOM,DEL,BOM-DEL,IX,Air India Express,1,9857,INR,0,,14:45,14,17:00,17,False,135,135,0,Airbus A320,120.0,103.0
2026-10-06,2026-10-06 16:20,2026-10-07,1,BOM,DEL,BOM-DEL,AI,Air India,1,10000,INR,0,,10:00,10,12:20,12,False,140,140,0,Airbus A320neo,105.0,103.0
2026-10-06,2026-10-06 16:20,2026-10-07,1,BOM,DEL,BOM-DEL,AI,Air India,1,10000,INR,0,,17:30,17,19:50,19,False,140,140,0,Airbus A321,133.0,103.0
2026-10-06,2026-10-06 16:20,2026-10-07,1,BOM,DEL,BOM-DEL,AI,Air India,1,10263,INR,0,,20:00,20,22:20,22,False,140,140,0,Airbus A320neo,105.0,103.0
2026-10-06,2026-10-06 16:20,2026-10-07,1,BOM,DEL,BOM-DEL,AI,Air India,1,10352,INR,0,,18:00,18,20:20,20,False,140,140,0,Airbus A320neo,105.0,103.0
2026-10-06,2026-10-06 16:20,2026-10-07,1,BOM,DEL,BOM-DEL,IX,Air India Express,1,10591,INR,0,,16:45,16,19:05,19,False,140,140,0,Boeing 737MAX 8 Passenger,104.0,103.0
2026-10-06,2026-10-06 16:20,2026-10-07,1,BOM,DEL,BOM-DEL,AI,Air India,1,12919,INR,0,,18:30,18,20:50,20,False,140,140,0,Airbus A320neo,105.0,103.0
2026-10-06,2026-10-06 16:20,2026-10-07,1,BOM,DEL,BOM-DEL,AI,Air India,1,12919,INR,0,,19:30,19,21:45,21,False,135,135,0,Airbus A320neo,105.0,103.0
2026-10-06,2026-10-06 16:20,2026-10-07,1,BOM,DEL,BOM-DEL,AI,Air India,1,13271,INR,0,,06:30,6,08:40,8,False,130,130,0,Airbus A320neo,105.0,103.0
2026-10-06,2026-10-06 16:20,2026-10-07,1,BOM,DEL,BOM-DEL,AI,Air India,1,13271,INR,0,,09:30,9,11:50,11,False,140,140,0,Airbus A320neo,105.0,103.0
2026-10-06,2026-10-06 16:20,2026-10-07,1,BOM,DEL,BOM-DEL,AI,Air India,1,16615,INR,0,,07:30,7,09:45,9,False,135,135,0,Airbus A320neo,105.0,103.0
2026-10-06,2026-10-06 16:20,2026-10-07,1,BOM,DEL,BOM-DEL,AI,Air India,1,17077,INR,0,,08:30,8,10:50,10,False,140,140,0,Airbus A320neo,105.0,103.0
2026-10-06,2026-10-06 16:20,2026-10-07,1,BOM,DEL,BOM-DEL,AI,Air India,1,17230,INR,0,,07:00,7,09:15,9,False,135,135,0,Airbus A320neo,105.0,103.0
2026-10-06,2026-10-06 16:20,2026-10-07,1,BOM,DEL,BOM-DEL,QP,Akasa Air,1,17689,INR,0,,07:00,7,09:20,9,False,140,140,0,Boeing 737MAX 8 Passenger,89.0,103.0
2026-10-06,2026-10-06 16:20,2026-10-07,1,BOM,DEL,BOM-DEL,6E,IndiGo,1,19894,INR,0,,10:00,10,12:30,12,False,150,150,0,Airbus A321neo,90.0,103.0
2026-10-06,2026-10-06 16:20,2026-10-07,1,BOM,DEL,BOM-DEL,6E,IndiGo,1,23044,INR,0,,06:00,6,08:05,8,False,125,125,0,Airbus A321neo,90.0,103.0
2026-10-06,2026-10-06 16:20,2026-10-07,1,BOM,DEL,BOM-DEL,6E,IndiGo,1,23044,INR,0,,07:00,7,09:10,9,False,130,130,0,Airbus A321neo,90.0,103.0
2026-10-06,2026-10-06 16:20,2026-10-07,1,BOM,DEL,BOM-DEL,6E,IndiGo,1,23044,INR,0,,08:00,8,10:10,10,False,130,130,0,Airbus A321neo,90.0,103.0
2026-10-06,2026-10-06 16:20,2026-10-07,1,BOM,DEL,BOM-DEL,6E,IndiGo,1,23044,INR,0,,09:00,9,11:15,11,False,135,135,0,Airbus A321neo,90.0,103.0
2026-10-06,2026-10-06 16:20,2026-10-09,3,BOM,DEL,BOM-DEL,AI,Air India,1,6409,INR,0,,03:05,3,05:25,5,False,140,140,0,Airbus A320neo,105.0,103.0
2026-10-06,2026-10-06 16:20,2026-10-09,3,BOM,DEL,BOM-DEL,AI,Air India,1,6562,INR,0,,10:00,10,12:20,12,False,140,140,0,Airbus A320neo,105.0,103.0
2026-10-06,2026-10-06 16:20,2026-10-09,3,BOM,DEL,BOM-DEL,AI,Air India,1,6562,INR,0,,11:25,11,13:50,13,False,145,145,0,Airbus A350,103.0,103.0
2026-10-06,2026-10-06 16:20,2026-10-09,3,BOM,DEL,BOM-DEL,AI,Air India,1,6562,INR,0,,13:00,13,15:15,15,False,135,135,0,Airbus A320neo,105.0,103.0
2026-10-06,2026-10-06 16:20,2026-10-09,3,BOM,DEL,BOM-DEL,AI,Air India,1,6562,INR,0,,14:35,14,16:55,16,False,140,140,0,Airbus A320neo,105.0,103.0
2026-10-06,2026-10-06 16:20,2026-10-09,3,BOM,DEL,BOM-DEL,AI,Air India,1,6562,INR,0,,15:00,15,17:20,17,False,140,140,0,Airbus A320neo,105.0,103.0
2026-10-06,2026-10-06 16:20,2026-10-09,3,BOM,DEL,BOM-DEL,IX,Air India Express,1,6603,INR,0,,16:45,16,19:05,19,False,140,140,0,Boeing 737MAX 8 Passenger,104.0,103.0
2026-10-06,2026-10-06 16:20,2026-10-09,3,BOM,DEL,BOM-DEL,AI,Air India,1,6719,INR,0,,09:30,9,11:50,11,False,140,140,0,Airbus A320neo,105.0,103.0
2026-10-06,2026-10-06 16:20,2026-10-09,3,BOM,DEL,BOM-DEL,AI,Air India,1,6719,INR,0,,15:30,15,17:50,17,False,140,140,0,Airbus A320neo,105.0,103.0
2026-10-06,2026-10-06 16:20,2026-10-09,3,BOM,DEL,BOM-DEL,6E,IndiGo,1,6782,INR,0,,03:00,3,05:10,5,False,130,130,0,Airbus A321neo,90.0,103.0
2026-10-06,2026-10-06 16:20,2026-10-09,3,BOM,DEL,BOM-DEL,6E,IndiGo,1,6782,INR,0,,05:00,5,07:10,7,False,130,130,0,Airbus A321neo,90.0,103.0
2026-10-06,2026-10-06 16:20,2026-10-09,3,BOM,DEL,BOM-DEL,6E,IndiGo,1,6782,INR,0,,06:00,6,08:05,8,False,125,125,0,Airbus A321neo,90.0,103.0
2026-10-06,2026-10-06 16:20,2026-10-09,3,BOM,DEL,BOM-DEL,6E,IndiGo,1,6782,INR,0,,10:00,10,12:30,12,False,150,150,0,Airbus A321neo,90.0,103.0
2026-10-06,2026-10-06 16:20,2026-10-09,3,BOM,DEL,BOM-DEL,6E,IndiGo,1,6782,INR,0,,10:35,10,13:00,13,False,145,145,0,Airbus A321neo,90.0,103.0
2026-10-06,2026-10-06 16:20,2026-10-09,3,BOM,DEL,BOM-DEL,6E,IndiGo,1,6782,INR,0,,11:30,11,13:45,13,False,135,135,0,Airbus A321neo,90.0,103.0
2026-10-06,2026-10-06 16:20,2026-10-09,3,BOM,DEL,BOM-DEL,6E,IndiGo,1,6782,INR,0,,12:15,12,14:25,14,False,130,130,0,Airbus A321neo,90.0,103.0
2026-10-06,2026-10-06 16:20,2026-10-09,3,BOM,DEL,BOM-DEL,6E,IndiGo,1,6782,INR,0,,13:00,13,15:15,15,False,135,135,0,Airbus A321neo,90.0,103.0
2026-10-06,2026-10-06 16:20,2026-10-09,3,BOM,DEL,BOM-DEL,6E,IndiGo,1,6782,INR,0,,14:00,14,16:15,16,False,135,135,0,Airbus A321neo,90.0,103.0
2026-10-06,2026-10-06 16:20,2026-10-09,3,BOM,DEL,BOM-DEL,6E,IndiGo,1,6782,INR,0,,15:00,15,17:15,17,False,135,135,0,Airbus A321neo,90.0,103.0
2026-10-06,2026-10-06 16:20,2026-10-09,3,BOM,DEL,BOM-DEL,6E,IndiGo,1,6782,INR,0,,16:00,16,18:15,18,False,135,135,0,Airbus A321neo,90.0,103.0
2026-10-06,2026-10-06 16:20,2026-10-09,3,BOM,DEL,BOM-DEL,AI,Air India,1,6882,INR,0,,08:30,8,10:50,10,False,140,140,0,Airbus A320neo,105.0,103.0
2026-10-06,2026-10-06 16:20,2026-10-09,3,BOM,DEL,BOM-DEL,AI,Air India,1,6929,INR,0,,07:00,7,09:15,9,False,135,135,0,Airbus A320neo,105.0,103.0
2026-10-06,2026-10-06 16:20,2026-10-09,3,BOM,DEL,BOM-DEL,AI,Air India,1,6929,INR,0,,07:30,7,09:45,9,False,135,135,0,Airbus A320neo,105.0,103.0
2026-10-06,2026-10-06 16:20,2026-10-09,3,BOM,DEL,BOM-DEL,AI,Air India,1,6929,INR,0,,08:00,8,10:20,10,False,140,140,0,Airbus A320neo,105.0,103.0
2026-10-06,2026-10-06 16:20,2026-10-09,3,BOM,DEL,BOM-DEL,6E,IndiGo,1,6979,INR,0,,07:00,7,09:10,9,False,130,130,0,Airbus A321neo,90.0,103.0
2026-10-06,2026-10-06 16:20,2026-10-09,3,BOM,DEL,BOM-DEL,6E,IndiGo,1,6979,INR,0,,08:00,8,10:10,10,False,130,130,0,Airbus A321neo,90.0,103.0
2026-10-06,2026-10-06 16:20,2026-10-09,3,BOM,DEL,BOM-DEL,6E,IndiGo,1,6979,INR,0,,23:45,23,02:00,2,True,135,135,0,Airbus A321neo,90.0,103.0
2026-10-06,2026-10-06 16:20,2026-10-09,3,BOM,DEL,BOM-DEL,QP,Akasa Air,1,7111,INR,0,,10:25,10,12:45,12,False,140,140,0,Boeing 737MAX 8 Passenger,93.0,103.0
2026-10-06,2026-10-06 16:20,2026-10-09,3,BOM,DEL,BOM-DEL,QP,Akasa Air,1,7111,INR,0,,13:00,13,15:20,15,False,140,140,0,Boeing 737MAX 8 Passenger,93.0,103.0
2026-10-06,2026-10-06 16:20,2026-10-09,3,BOM,DEL,BOM-DEL,6E,IndiGo,1,7189,INR,0,,16:45,16,18:55,18,False,130,130,0,Airbus A321neo,90.0,103.0
2026-10-06,2026-10-06 16:20,2026-10-09,3,BOM,DEL,BOM-DEL,QP,Akasa Air,1,7233,INR,0,,16:55,16,19:15,19,False,140,140,0,Boeing 737MAX 8 Passenger,91.0,103.0
2026-10-06,2026-10-06 16:20,2026-10-09,3,BOM,DEL,BOM-DEL,SG,SpiceJet,1,7254,INR,0,,23:25,23,01:50,1,True,145,145,0,Boeing 737,125.0,103.0
2026-10-06,2026-10-06 16:20,2026-10-09,3,BOM,DEL,BOM-DEL,QP,Akasa Air,1,7382,INR,0,,07:00,7,09:20,9,False,140,140,0,Boeing 737MAX 8 Passenger,89.0,103.0
2026-10-06,2026-10-06 16:20,2026-10-09,3,BOM,DEL,BOM-DEL,SG,SpiceJet,1,7600,INR,0,,01:50,1,04:30,4,False,160,160,0,De Havilland-Bombardier Dash-8,122.0,103.0
2026-10-06,2026-10-06 16:20,2026-10-09,3,BOM,DEL,BOM-DEL,6E,IndiGo,1,8449,INR,0,,17:20,17,19:45,19,False,145,145,0,Airbus A321neo,90.0,103.0
2026-10-06,2026-10-06 16:20,2026-10-09,3,BOM,DEL,BOM-DEL,AI,Air India,1,8872,INR,0,,22:35,22,01:00,1,True,145,145,0,Airbus A320neo,105.0,103.0
2026-10-06,2026-10-06 16:20,2026-10-09,3,BOM,DEL,BOM-DEL,6E,IndiGo,1,9394,INR,0,,22:15,22,00:30,0,True,135,135,0,Airbus A321neo,90.0,103.0
2026-10-06,2026-10-06 16:20,2026-10-09,3,BOM,DEL,BOM-DEL,AI,Air India,1,10000,INR,0,,06:30,6,08:40,8,False,130,130,0,Airbus A320neo,105.0,103.0
2026-10-06,2026-10-06 16:20,2026-10-09,3,BOM,DEL,BOM-DEL,AI,Air India,1,10263,INR,0,,16:30,16,19:00,19,False,150,150,0,Boeing 787,103.0,103.0
2026-10-06,2026-10-06 16:20,2026-10-09,3,BOM,DEL,BOM-DEL,AI,Air India,1,10263,INR,0,,21:00,21,23:15,23,False,135,135,0,Boeing 777,118.0,103.0
2026-10-06,2026-10-06 16:20,2026-10-09,3,BOM,DEL,BOM-DEL,AI,Air India,1,10263,INR,0,,23:55,23,02:15,2,True,140,140,0,Airbus A320neo,105.0,103.0
2026-10-06,2026-10-06 16:20,2026-10-09,3,BOM,DEL,BOM-DEL,6E,IndiGo,1,11599,INR,0,,21:15,21,23:30,23,False,135,135,0,Airbus A321neo,90.0,103.0
2026-10-06,2026-10-06 16:20,2026-10-09,3,BOM,DEL,BOM-DEL,QP,Akasa Air,1,12525,INR,0,,19:00,19,21:15,21,False,135,135,0,Boeing 737MAX 8 Passenger,93.0,103.0
2026-10-06,2026-10-06 16:20,2026-10-09,3,BOM,DEL,BOM-DEL,AI,Air India,1,12919,INR,0,,21:30,21,23:45,23,False,135,135,0,Airbus A320neo,105.0,103.0
2026-10-06,2026-10-06 16:20,2026-10-09,3,BOM,DEL,BOM-DEL,6E,IndiGo,1,13909,INR,0,,18:15,18,20:30,20,False,135,135,0,Airbus A321neo,90.0,103.0
2026-10-06,2026-10-06 16:20,2026-10-09,3,BOM,DEL,BOM-DEL,6E,IndiGo,1,13909,INR,0,,19:00,19,21:15,21,False,135,135,0,Airbus A321neo,90.0,103.0
2026-10-06,2026-10-06 16:20,2026-10-09,3,BOM,DEL,BOM-DEL,6E,IndiGo,1,13909,INR,0,,19:45,19,21:55,21,False,130,130,0,Airbus A321neo,90.0,103.0
2026-10-06,2026-10-06 16:20,2026-10-09,3,BOM,DEL,BOM-DEL,6E,IndiGo,1,15484,INR,0,,20:20,20,22:45,22,False,145,145,0,Airbus A321neo,90.0,103.0
2026-10-06,2026-10-06 16:20,2026-10-09,3,BOM,DEL,BOM-DEL,AI,Air India,1,17077,INR,0,,20:30,20,22:50,22,False,140,140,0,Airbus A320neo,105.0,103.0
2026-10-06,2026-10-06 16:20,2026-10-09,3,BOM,DEL,BOM-DEL,AI,Air India,1,17230,INR,0,,18:00,18,20:20,20,False,140,140,0,Airbus A320neo,105.0,103.0
2026-10-06,2026-10-06 16:20,2026-10-09,3,BOM,DEL,BOM-DEL,AI,Air India,1,21466,INR,0,,19:30,19,21:45,21,False,135,135,0,Airbus A320neo,105.0,103.0
2026-10-06,2026-10-06 16:20,2026-10-09,3,BOM,DEL,BOM-DEL,AI,Air India,1,23876,INR,0,,18:30,18,20:50,20,False,140,140,0,Airbus A320neo,105.0,103.0
2026-10-06,2026-10-06 16:20,2026-10-09,3,BOM,DEL,BOM-DEL,AI,Air India,1,24553,INR,0,,20:00,20,22:20,22,False,140,140,0,Airbus A320neo,105.0,103.0
2026-10-06,2026-10-06 16:20,2026-10-13,7,BOM,DEL,BOM-DEL,AI,Air India,1,6562,INR,0,,11:25,11,13:50,13,False,145,145,0,Airbus A350,103.0,103.0
2026-10-06,2026-10-06 16:20,2026-10-13,7,BOM,DEL,BOM-DEL,AI,Air India,1,6562,INR,0,,13:00,13,15:15,15,False,135,135,0,Airbus A320neo,105.0,103.0
2026-10-06,2026-10-06 16:20,2026-10-13,7,BOM,DEL,BOM-DEL,AI,Air India,1,6562,INR,0,,14:35,14,16:55,16,False,140,140,0,Airbus A320neo,105.0,103.0
2026-10-06,2026-10-06 16:20,2026-10-13,7,BOM,DEL,BOM-DEL,AI,Air India,1,6562,INR,0,,15:30,15,17:50,17,False,140,140,0,Airbus A320neo,105.0,103.0
2026-10-06,2026-10-06 16:20,2026-10-13,7,BOM,DEL,BOM-DEL,AI,Air India,1,6562,INR,0,,16:30,16,19:00,19,False,150,150,0,Boeing 787,106.0,103.0
2026-10-06,2026-10-06 16:20,2026-10-13,7,BOM,DEL,BOM-DEL,AI,Air India,1,6562,INR,0,,17:30,17,19:50,19,False,140,140,0,Airbus A321,133.0,103.0
2026-10-06,2026-10-06 16:20,2026-10-13,7,BOM,DEL,BOM-DEL,AI,Air India,1,6562,INR,0,,18:00,18,20:20,20,False,140,140,0,Airbus A320neo,105.0,103.0
2026-10-06,2026-10-06 16:20,2026-10-13,7,BOM,DEL,BOM-DEL,AI,Air India,1,6562,INR,0,,21:00,21,23:15,23,False,135,135,0,Boeing 777,118.0,103.0
2026-10-06,2026-10-06 16:20,2026-10-13,7,BOM,DEL,BOM-DEL,AI,Air India,1,6562,INR,0,,21:30,21,23:45,23,False,135,135,0,Airbus A320neo,105.0,103.0
2026-10-06,2026-10-06 16:20,2026-10-13,7,BOM,DEL,BOM-DEL,AI,Air India,1,6562,INR,0,,22:35,22,01:00,1,True,145,145,0,Airbus A320neo,105.0,103.0
2026-10-06,2026-10-06 16:20,2026-10-13,7,BOM,DEL,BOM-DEL,AI,Air India,1,6562,INR,0,,23:55,23,02:15,2,True,140,140,0,Airbus A320neo,105.0,103.0
2026-10-06,2026-10-06 16:20,2026-10-13,7,BOM,DEL,BOM-DEL,IX,Air India Express,1,6603,INR,0,,16:45,16,19:05,19,False,140,140,0,Boeing 737MAX 8 Passenger,104.0,103.0
2026-10-06,2026-10-06 16:20,2026-10-13,7,BOM,DEL,BOM-DEL,AI,Air India,1,6719,INR,0,,19:30,19,21:45,21,False,135,135,0,Airbus A320neo,105.0,103.0
2026-10-06,2026-10-06 16:20,2026-10-13,7,BOM,DEL,BOM-DEL,AI,Air India,1,6719,INR,0,,20:30,20,22:50,22,False,140,140,0,Airbus A320neo,105.0,103.0
2026-10-06,2026-10-06 16:20,2026-10-13,7,BOM,DEL,BOM-DEL,AI,Air India,1,6724,INR,0,,18:30,18,20:50,20,False,140,140,0,Airbus A320neo,105.0,103.0
2026-10-06,2026-10-06 16:20,2026-10-13,7,BOM,DEL,BOM-DEL,6E,IndiGo,1,6782,INR,0,,05:00,5,07:10,7,False,130,130,0,Airbus A321neo,90.0,103.0
2026-10-06,2026-10-06 16:20,2026-10-13,7,BOM,DEL,BOM-DEL,6E,IndiGo,1,6782,INR,0,,10:00,10,12:30,12,False,150,150,0,Airbus A321neo,90.0,103.0
2026-10-06,2026-10-06 16:20,2026-10-13,7,BOM,DEL,BOM-DEL,6E,IndiGo,1,6782,INR,0,,10:35,10,13:00,13,False,145,145,0,Airbus A321neo,90.0,103.0
2026-10-06,2026-10-06 16:20,2026-10-13,7,BOM,DEL,BOM-DEL,6E,IndiGo,1,6782,INR,0,,11:30,11,13:45,13,False,135,135,0,Airbus A321neo,90.0,103.0
2026-10-06,2026-10-06 16:20,2026-10-13,7,BOM,DEL,BOM-DEL,6E,IndiGo,1,6782,INR,0,,12:15,12,14:25,14,False,130,130,0,Airbus A321neo,90.0,103.0
2026-10-06,2026-10-06 16:20,2026-10-13,7,BOM,DEL,BOM-DEL,6E,IndiGo,1,6782,INR,0,,13:00,13,15:15,15,False,135,135,0,Airbus A321neo,90.0,103.0
2026-10-06,2026-10-06 16:20,2026-10-13,7,BOM,DEL,BOM-DEL,6E,IndiGo,1,6782,INR,0,,14:00,14,16:15,16,False,135,135,0,Airbus A321neo,90.0,103.0
2026-10-06,2026-10-06 16:20,2026-10-13,7,BOM,DEL,BOM-DEL,6E,IndiGo,1,6782,INR,0,,15:00,15,17:15,17,False,135,135,0,Airbus A321neo,90.0,103.0
2026-10-06,2026-10-06 16:20,2026-10-13,7,BOM,DEL,BOM-DEL,6E,IndiGo,1,6782,INR,0,,16:00,16,18:15,18,False,135,135,0,Airbus A321neo,90.0,103.0
2026-10-06,2026-10-06 16:20,2026-10-13,7,BOM,DEL,BOM-DEL,6E,IndiGo,1,6782,INR,0,,16:45,16,18:55,18,False,130,130,0,Airbus A321neo,90.0,103.0
2026-10-06,2026-10-06 16:20,2026-10-13,7,BOM,DEL,BOM-DEL,6E,IndiGo,1,6782,INR,0,,17:20,17,19:45,19,False,145,145,0,Airbus A321neo,90.0,103.0
2026-10-06,2026-10-06 16:20,2026-10-13,7,BOM,DEL,BOM-DEL,6E,IndiGo,1,6782,INR,0,,18:15,18,20:30,20,False,135,135,0,Airbus A321neo,90.0,103.0
2026-10-06,2026-10-06 16:20,2026-10-13,7,BOM,DEL,BOM-DEL,6E,IndiGo,1,6782,INR,0,,19:00,19,21:15,21,False,135,135,0,Airbus A321neo,90.0,103.0
2026-10-06,2026-10-06 16:20,2026-10-13,7,BOM,DEL,BOM-DEL,6E,IndiGo,1,6782,INR,0,,19:45,19,21:55,21,False,130,130,0,Airbus A321neo,90.0,103.0
2026-10-06,2026-10-06 16:20,2026-10-13,7,BOM,DEL,BOM-DEL,6E,IndiGo,1,6782,INR,0,,20:20,20,22:45,22,False,145,145,0,Airbus A321neo,90.0,103.0
2026-10-06,2026-10-06 16:20,2026-10-13,7,BOM,DEL,BOM-DEL,6E,IndiGo,1,6782,INR,0,,21:15,21,23:30,23,False,135,135,0,Airbus A321neo,90.0,103.0
2026-10-06,2026-10-06 16:20,2026-10-13,7,BOM,DEL,BOM-DEL,6E,IndiGo,1,6782,INR,0,,22:15,22,00:30,0,True,135,135,0,Airbus A321neo,90.0,103.0
2026-10-06,2026-10-06 16:20,2026-10-13,7,BOM,DEL,BOM-DEL,6E,IndiGo,1,6782,INR,0,,23:45,23,02:00,2,True,135,135,0,Airbus A321neo,90.0,103.0
2026-10-06,2026-10-06 16:20,2026-10-13,7,BOM,DEL,BOM-DEL,QP,Akasa Air,1,6873,INR,0,,13:00,13,15:20,15,False,140,140,0,Boeing 737MAX 8 Passenger,93.0,103.0
2026-10-06,2026-10-06 16:20,2026-10-13,7,BOM,DEL,BOM-DEL,QP,Akasa Air,1,6873,INR,0,,16:50,16,19:20,19,False,150,150,0,Boeing 737MAX 8 Passenger,93.0,103.0
2026-10-06,2026-10-06 16:20,2026-10-13,7,BOM,DEL,BOM-DEL,QP,Akasa Air,1,6873,INR,0,,19:00,19,21:15,21,False,135,135,0,Boeing 737MAX 8 Passenger,93.0,103.0
2026-10-06,2026-10-06 16:20,2026-10-13,7,BOM,DEL,BOM-DEL,AI,Air India,1,6929,INR,0,,20:00,20,22:20,22,False,140,140,0,Airbus A321,133.0,103.0
2026-10-06,2026-10-06 16:20,2026-10-13,7,BOM,DEL,BOM-DEL,SG,SpiceJet,1,6960,INR,0,,18:00,18,20:30,20,False,150,150,0,Boeing 737,105.0,103.0
2026-10-06,2026-10-06 16:20,2026-10-13,7,BOM,DEL,BOM-DEL,6E,IndiGo,1,6979,INR,0,,06:00,6,08:05,8,False,125,125,0,Airbus A321neo,90.0,103.0
2026-10-06,2026-10-06 16:20,2026-10-13,7,BOM,DEL,BOM-DEL,6E,IndiGo,1,6979,INR,0,,07:00,7,09:10,9,False,130,130,0,Airbus A321neo,90.0,103.0
2026-10-06,2026-10-06 16:20,2026-10-13,7,BOM,DEL,BOM-DEL,AI,Air India,1,7102,INR,0,,06:30,6,08:40,8,False,130,130,0,Airbus A320neo,105.0,103.0
2026-10-06,2026-10-06 16:20,2026-10-13,7,BOM,DEL,BOM-DEL,QP,Akasa Air,1,7111,INR,0,,14:30,14,16:50,16,False,140,140,0,Boeing 737MAX 8 Passenger,89.0,103.0
2026-10-06,2026-10-06 16:20,2026-10-13,7,BOM,DEL,BOM-DEL,QP,Akasa Air,1,7111,INR,0,,16:55,16,19:15,19,False,140,140,0,Boeing 737MAX 8 Passenger,89.0,103.0
2026-10-06,2026-10-06 16:20,2026-10-13,7,BOM,DEL,BOM-DEL,AI,Air India,1,7155,INR,0,,07:00,7,09:15,9,False,135,135,0,Airbus A320neo,105.0,103.0
2026-10-06,2026-10-06 16:20,2026-10-13,7,BOM,DEL,BOM-DEL,6E,IndiGo,1,7189,INR,0,,03:00,3,05:10,5,False,130,130,0,Airbus A321neo,90.0,103.0
2026-10-06,2026-10-06 16:20,2026-10-13,7,BOM,DEL,BOM-DEL,6E,IndiGo,1,7189,INR,0,,08:00,8,10:10,10,False,130,130,0,Airbus A321neo,90.0,103.0
2026-10-06,2026-10-06 16:20,2026-10-13,7,BOM,DEL,BOM-DEL,AI,Air India,1,7192,INR,0,,01:00,1,03:20,3,False,140,140,0,Airbus A320neo,105.0,103.0
2026-10-06,2026-10-06 16:20,2026-10-13,7,BOM,DEL,BOM-DEL,QP,Akasa Air,1,7382,INR,0,,07:00,7,09:20,9,False,140,140,0,Boeing 737MAX 8 Passenger,89.0,103.0
2026-10-06,2026-10-06 16:20,2026-10-13,7,BOM,DEL,BOM-DEL,AI,Air India,1,8016,INR,0,,09:30,9,11:50,11,False,140,140,0,Airbus A320neo,105.0,103.0
2026-10-06,2026-10-06 16:20,2026-10-13,7,BOM,DEL,BOM-DEL,AI,Air India,1,10263,INR,0,,08:30,8,10:50,10,False,140,140,0,Airbus A320neo,105.0,103.0
2026-10-06,2026-10-06 16:20,2026-10-27,21,BOM,DEL,BOM-DEL,AI,Air India,1,7055,INR,0,,11:15,11,13:35,13,False,140,140,0,Airbus A350,103.0,103.0
2026-10-06,2026-10-06 16:20,2026-10-27,21,BOM,DEL,BOM-DEL,AI,Air India,1,7055,INR,0,,13:30,13,15:45,15,False,135,135,0,Boeing 787,105.0,103.0
2026-10-06,2026-10-06 16:20,2026-10-27,21,BOM,DEL,BOM-DEL,AI,Air India,1,7055,INR,0,,15:00,15,17:15,17,False,135,135,0,Airbus A320neo,105.0,103.0
2026-10-06,2026-10-06 16:20,2026-10-27,21,BOM,DEL,BOM-DEL,AI,Air India,1,7055,INR,0,,15:30,15,17:45,17,False,135,135,0,Boeing 787,133.0,103.0
2026-10-06,2026-10-06 16:20,2026-10-27,21,BOM,DEL,BOM-DEL,AI,Air India,1,7055,INR,0,,16:30,16,18:50,18,False,140,140,0,Airbus A321,133.0,103.0
2026-10-06,2026-10-06 16:20,2026-10-27,21,BOM,DEL,BOM-DEL,AI,Air India,1,7055,INR,0,,18:00,18,20:15,20,False,135,135,0,Airbus A320neo,105.0,103.0
2026-10-06,2026-10-06 16:20,2026-10-27,21,BOM,DEL,BOM-DEL,AI,Air India,1,7055,INR,0,,19:00,19,21:15,21,False,135,135,0,Airbus A320neo,105.0,103.0
2026-10-06,2026-10-06 16:20,2026-10-27,21,BOM,DEL,BOM-DEL,AI,Air India,1,7055,INR,0,,19:30,19,21:50,21,False,140,140,0,Airbus A320neo,105.0,103.0
2026-10-06,2026-10-06 16:20,2026-10-27,21,BOM,DEL,BOM-DEL,AI,Air India,1,7055,INR,0,,20:30,20,22:45,22,False,135,135,0,Airbus A320neo,105.0,103.0
2026-10-06,2026-10-06 16:20,2026-10-27,21,BOM,DEL,BOM-DEL,AI,Air India,1,7055,INR,0,,21:00,21,23:15,23,False,135,135,0,Boeing 777,118.0,103.0
2026-10-06,2026-10-06 16:20,2026-10-27,21,BOM,DEL,BOM-DEL,AI,Air India,1,7055,INR,0,,21:30,21,23:50,23,False,140,140,0,Airbus A320neo,105.0,103.0
2026-10-06,2026-10-06 16:20,2026-10-27,21,BOM,DEL,BOM-DEL,AI,Air India,1,7055,INR,0,,22:35,22,00:55,0,True,140,140,0,Airbus A321,133.0,103.0
2026-10-06,2026-10-06 16:20,2026-10-27,21,BOM,DEL,BOM-DEL,AI,Air India,1,7055,INR,0,,23:55,23,02:15,2,True,140,140,0,Airbus A320neo,105.0,103.0
2026-10-06,2026-10-06 16:20,2026-10-27,21,BOM,DEL,BOM-DEL,AI,Air India,1,7228,INR,0,,09:30,9,11:45,11,False,135,135,0,Airbus A320neo,105.0,103.0
2026-10-06,2026-10-06 16:20,2026-10-27,21,BOM,DEL,BOM-DEL,AI,Air India,1,7228,INR,0,,17:30,17,19:45,19,False,135,135,0,Airbus A320neo,105.0,103.0
2026-10-06,2026-10-06 16:20,2026-10-27,21,BOM,DEL,BOM-DEL,AI,Air India,1,7286,INR,0,,20:00,20,22:20,22,False,140,140,0,Airbus A320neo,105.0,103.0
2026-10-06,2026-10-06 16:20,2026-10-27,21,BOM,DEL,BOM-DEL,6E,IndiGo,1,7310,INR,0,,02:50,2,05:05,5,False,135,135,0,Airbus A321neo,90.0,103.0
2026-10-06,2026-10-06 16:20,2026-10-27,21,BOM,DEL,BOM-DEL,6E,IndiGo,1,7310,INR,0,,05:00,5,07:10,7,False,130,130,0,Airbus A321neo,90.0,103.0
2026-10-06,2026-10-06 16:20,2026-10-27,21,BOM,DEL,BOM-DEL,6E,IndiGo,1,7310,INR,0,,10:00,10,12:10,12,False,130,130,0,Airbus A321neo,90.0,103.0
2026-10-06,2026-10-06 16:20,2026-10-27,21,BOM,DEL,BOM-DEL,6E,IndiGo,1,7310,INR,0,,10:45,10,13:00,13,False,135,135,0,Airbus A321neo,90.0,103.0
2026-10-06,2026-10-06 16:20,2026-10-27,21,BOM,DEL,BOM-DEL,6E,IndiGo,1,7310,INR,0,,11:30,11,13:40,13,False,130,130,0,Airbus A321neo,90.0,103.0
2026-10-06,2026-10-06 16:20,2026-10-27,21,BOM,DEL,BOM-DEL,6E,IndiGo,1,7310,INR,0,,12:15,12,14:25,14,False,130,130,0,Airbus A321neo,90.0,103.0
2026-10-06,2026-10-06 16:20,2026-10-27,21,BOM,DEL,BOM-DEL,6E,IndiGo,1,7310,INR,0,,13:00,13,15:10,15,False,130,130,0,Airbus A321neo,90.0,103.0
2026-10-06,2026-10-06 16:20,2026-10-27,21,BOM,DEL,BOM-DEL,6E,IndiGo,1,7310,INR,0,,13:45,13,15:55,15,False,130,130,0,Airbus A321neo,90.0,103.0
2026-10-06,2026-10-06 16:20,2026-10-27,21,BOM,DEL,BOM-DEL,6E,IndiGo,1,7310,INR,0,,14:30,14,16:40,16,False,130,130,0,Airbus A321neo,90.0,103.0
2026-10-06,2026-10-06 16:20,2026-10-27,21,BOM,DEL,BOM-DEL,6E,IndiGo,1,7310,INR,0,,15:15,15,17:25,17,False,130,130,0,Airbus A321neo,90.0,103.0
2026-10-06,2026-10-06 16:20,2026-10-27,21,BOM,DEL,BOM-DEL,6E,IndiGo,1,7310,INR,0,,16:00,16,18:20,18,False,140,140,0,Airbus A321neo,90.0,103.0
2026-10-06,2026-10-06 16:20,2026-10-27,21,BOM,DEL,BOM-DEL,6E,IndiGo,1,7310,INR,0,,16:45,16,18:55,18,False,130,130,0,Airbus A321neo,90.0,103.0
2026-10-06,2026-10-06 16:20,2026-10-27,21,BOM,DEL,BOM-DEL,6E,IndiGo,1,7310,INR,0,,17:30,17,19:40,19,False,130,130,0,Airbus A321neo,90.0,103.0
2026-10-06,2026-10-06 16:20,2026-10-27,21,BOM,DEL,BOM-DEL,6E,IndiGo,1,7310,INR,0,,18:15,18,20:25,20,False,130,130,0,Airbus A321neo,90.0,103.0
2026-10-06,2026-10-06 16:20,2026-10-27,21,BOM,DEL,BOM-DEL,6E,IndiGo,1,7310,INR,0,,19:00,19,21:10,21,False,130,130,0,Airbus A321neo,90.0,103.0
2026-10-06,2026-10-06 16:20,2026-10-27,21,BOM,DEL,BOM-DEL,6E,IndiGo,1,7310,INR,0,,19:45,19,22:00,22,False,135,135,0,Airbus A321neo,90.0,103.0
2026-10-06,2026-10-06 16:20,2026-10-27,21,BOM,DEL,BOM-DEL,6E,IndiGo,1,7310,INR,0,,20:30,20,22:40,22,False,130,130,0,Airbus A321neo,90.0,103.0
2026-10-06,2026-10-06 16:20,2026-10-27,21,BOM,DEL,BOM-DEL,6E,IndiGo,1,7310,INR,0,,21:15,21,23:30,23,False,135,135,0,Airbus A321neo,90.0,103.0
2026-10-06,2026-10-06 16:20,2026-10-27,21,BOM,DEL,BOM-DEL,AI,Air India,1,7459,INR,0,,18:30,18,20:45,20,False,135,135,0,Airbus A321,133.0,103.0
2026-10-06,2026-10-06 16:20,2026-10-27,21,BOM,DEL,BOM-DEL,6E,IndiGo,1,7460,INR,0,,06:00,6,08:10,8,False,130,130,0,Airbus A321neo,90.0,103.0
2026-10-06,2026-10-06 16:20,2026-10-27,21,BOM,DEL,BOM-DEL,6E,IndiGo,1,7460,INR,0,,07:00,7,09:10,9,False,130,130,0,Airbus A321neo,90.0,103.0
2026-10-06,2026-10-06 16:20,2026-10-27,21,BOM,DEL,BOM-DEL,6E,IndiGo,1,7460,INR,0,,07:45,7,09:55,9,False,130,130,0,Airbus A321neo,90.0,103.0
2026-10-06,2026-10-06 16:20,2026-10-27,21,BOM,DEL,BOM-DEL,6E,IndiGo,1,7460,INR,0,,08:25,8,10:40,10,False,135,135,0,Airbus A321neo,90.0,103.0
2026-10-06,2026-10-06 16:20,2026-10-27,21,BOM,DEL,BOM-DEL,6E,IndiGo,1,7460,INR,0,,09:15,9,11:25,11,False,130,130,0,Airbus A321neo,90.0,103.0
2026-10-06,2026-10-06 16:20,2026-10-27,21,BOM,DEL,BOM-DEL,AI,Air India,1,7501,INR,0,,06:30,6,08:45,8,False,135,135,0,Airbus A320neo,105.0,103.0
2026-10-06,2026-10-06 16:20,2026-10-27,21,BOM,DEL,BOM-DEL,AI,Air India,1,7501,INR,0,,09:00,9,11:10,11,False,130,130,0,Airbus A321,133.0,103.0
2026-10-06,2026-10-06 16:20,2026-10-27,21,BOM,DEL,BOM-DEL,QP,Akasa Air,1,7615,INR,0,,10:10,10,12:40,12,False,150,150,0,Boeing 737MAX 8 Passenger,89.0,103.0
2026-10-06,2026-10-06 16:20,2026-10-27,21,BOM,DEL,BOM-DEL,QP,Akasa Air,1,7615,INR,0,,13:00,13,15:25,15,False,145,145,0,Boeing 737MAX 8 Passenger,93.0,103.0
2026-10-06,2026-10-06 16:20,2026-10-27,21,BOM,DEL,BOM-DEL,QP,Akasa Air,1,7615,INR,0,,15:05,15,17:25,17,False,140,140,0,Boeing 737MAX 8 Passenger,93.0,103.0
2026-10-06,2026-10-06 16:20,2026-10-27,21,BOM,DEL,BOM-DEL,QP,Akasa Air,1,7615,INR,0,,18:35,18,21:00,21,False,145,145,0,Boeing 737MAX 8 Passenger,87.0,103.0
2026-10-06,2026-10-06 16:20,2026-10-27,21,BOM,DEL,BOM-DEL,QP,Akasa Air,1,7615,INR,0,,20:55,20,23:15,23,False,140,140,0,Boeing 737MAX 8 Passenger,89.0,103.0
2026-10-06,2026-10-06 16:20,2026-10-27,21,BOM,DEL,BOM-DEL,AI,Air India,1,7690,INR,0,,08:00,8,10:15,10,False,135,135,0,Airbus A320neo,105.0,103.0
2026-10-06,2026-10-06 16:20,2026-10-27,21,BOM,DEL,BOM-DEL,AI,Air India,1,7690,INR,0,,08:30,8,10:45,10,False,135,135,0,Airbus A320neo,105.0,103.0
2026-10-06,2026-10-06 16:20,2026-10-27,21,BOM,DEL,BOM-DEL,QP,Akasa Air,1,7748,INR,0,,07:00,7,09:25,9,False,145,145,0,Boeing 737MAX 8 Passenger,89.0,103.0
2026-10-06,2026-10-06 16:20,2026-10-27,21,BOM,DEL,BOM-DEL,AI,Air India,1,7811,INR,0,,07:00,7,09:15,9,False,135,135,0,Airbus A320neo,105.0,103.0
2026-10-06,2026-10-06 16:20,2026-10-27,21,BOM,DEL,BOM-DEL,IX,Air India Express,1,8508,INR,0,,05:30,5,07:55,7,False,145,145,0,Boeing 737MAX 8 Passenger,104.0,103.0
2026-10-06,2026-10-06 16:20,2026-10-27,21,BOM,DEL,BOM-DEL,SG,SpiceJet,1,10715,INR,0,,08:45,8,11:05,11,False,140,140,0,Boeing 737,125.0,103.0
2026-10-06,2026-10-06 16:20,2026-10-27,21,BOM,DEL,BOM-DEL,SG,SpiceJet,1,11456,INR,0,,21:50,21,23:55,23,False,125,125,0,Boeing 737,105.0,103.0
2026-10-06,2026-10-06 16:20,2026-10-27,21,BOM,DEL,BOM-DEL,SG,SpiceJet,1,11456,INR,0,,22:30,22,00:40,0,True,130,130,0,Boeing 737,105.0,103.0
2026-10-06,2026-10-06 16:20,2026-11-05,30,BOM,DEL,BOM-DEL,6E,IndiGo,1,9956,INR,0,,05:00,5,07:10,7,False,130,130,0,Airbus A321neo,87.0,103.0
2026-10-06,2026-10-06 16:20,2026-11-05,30,BOM,DEL,BOM-DEL,6E,IndiGo,1,9956,INR,0,,06:00,6,08:10,8,False,130,130,0,Airbus A321neo,87.0,103.0
2026-10-06,2026-10-06 16:20,2026-11-05,30,BOM,DEL,BOM-DEL,6E,IndiGo,1,9956,INR,0,,07:00,7,09:10,9,False,130,130,0,Airbus A321neo,87.0,103.0
2026-10-06,2026-10-06 16:20,2026-11-05,30,BOM,DEL,BOM-DEL,6E,IndiGo,1,9956,INR,0,,10:45,10,13:00,13,False,135,135,0,Airbus A321neo,87.0,103.0
2026-10-06,2026-10-06 16:20,2026-11-05,30,BOM,DEL,BOM-DEL,QP,Akasa Air,1,10833,INR,0,,10:10,10,12:40,12,False,150,150,0,Boeing 737MAX 8 Passenger,87.0,103.0
2026-10-06,2026-10-06 16:20,2026-11-05,30,BOM,DEL,BOM-DEL,6E,IndiGo,1,11006,INR,0,,07:45,7,09:55,9,False,130,130,0,Airbus A321neo,87.0,103.0
2026-10-06,2026-10-06 16:20,2026-11-05,30,BOM,DEL,BOM-DEL,6E,IndiGo,1,11006,INR,0,,08:25,8,10:40,10,False,135,135,0,Airbus A321neo,87.0,103.0
2026-10-06,2026-10-06 16:20,2026-11-05,30,BOM,DEL,BOM-DEL,6E,IndiGo,1,11006,INR,0,,09:15,9,11:25,11,False,130,130,0,Airbus A321neo,87.0,103.0
2026-10-06,2026-10-06 16:20,2026-11-05,30,BOM,DEL,BOM-DEL,6E,IndiGo,1,11006,INR,0,,11:30,11,13:40,13,False,130,130,0,Airbus A321neo,87.0,103.0
2026-10-06,2026-10-06 16:20,2026-11-05,30,BOM,DEL,BOM-DEL,QP,Akasa Air,1,11232,INR,0,,15:05,15,17:25,17,False,140,140,0,Boeing 737MAX 8 Passenger,90.0,103.0
2026-10-06,2026-10-06 16:20,2026-11-05,30,BOM,DEL,BOM-DEL,IX,Air India Express,1,11325,INR,1,GOX,22:10,22,11:40,11,True,810,235,575,Boeing 737MAX 8 Passenger | Airbus A321,186.0,103.0
2026-10-06,2026-10-06 16:20,2026-11-05,30,BOM,DEL,BOM-DEL,6E,IndiGo,1,11636,INR,0,,15:15,15,17:25,17,False,130,130,0,Airbus A321neo,87.0,103.0
2026-10-06,2026-10-06 16:20,2026-11-05,30,BOM,DEL,BOM-DEL,6E,IndiGo,1,13211,INR,0,,02:50,2,05:05,5,False,135,135,0,Airbus A321neo,87.0,103.0
2026-10-06,2026-10-06 16:20,2026-11-05,30,BOM,DEL,BOM-DEL,6E,IndiGo,1,13211,INR,0,,16:00,16,18:20,18,False,140,140,0,Airbus A321neo,87.0,103.0
2026-10-06,2026-10-06 16:20,2026-11-05,30,BOM,DEL,BOM-DEL,6E,IndiGo,1,13211,INR,0,,16:45,16,18:55,18,False,130,130,0,Airbus A321neo,87.0,103.0
2026-10-06,2026-10-06 16:20,2026-11-05,30,BOM,DEL,BOM-DEL,6E,IndiGo,1,13211,INR,0,,17:30,17,19:40,19,False,130,130,0,Airbus A321neo,87.0,103.0
2026-10-06,2026-10-06 16:20,2026-11-05,30,BOM,DEL,BOM-DEL,6E,IndiGo,1,13211,INR,0,,18:15,18,20:25,20,False,130,130,0,Airbus A321neo,87.0,103.0
2026-10-06,2026-10-06 16:20,2026-11-05,30,BOM,DEL,BOM-DEL,6E,IndiGo,1,13211,INR,0,,19:00,19,21:10,21,False,130,130,0,Airbus A321neo,87.0,103.0
2026-10-06,2026-10-06 16:20,2026-11-05,30,BOM,DEL,BOM-DEL,6E,IndiGo,1,13211,INR,0,,19:45,19,22:00,22,False,135,135,0,Airbus A321neo,87.0,103.0
2026-10-06,2026-10-06 16:20,2026-11-05,30,BOM,DEL,BOM-DEL,AI,Air India,1,13502,INR,0,,06:30,6,08:45,8,False,135,135,0,Airbus A320neo,103.0,103.0
2026-10-06,2026-10-06 16:20,2026-11-05,30,BOM,DEL,BOM-DEL,AI,Air India,1,13502,INR,0,,08:30,8,10:45,10,False,135,135,0,Airbus A320neo,103.0,103.0
2026-10-06,2026-10-06 16:20,2026-11-05,30,BOM,DEL,BOM-DEL,AI,Air India,1,13502,INR,0,,09:00,9,11:10,11,False,130,130,0,Airbus A321,131.0,103.0
2026-10-06,2026-10-06 16:20,2026-11-05,30,BOM,DEL,BOM-DEL,AI,Air India,1,13502,INR,0,,11:15,11,13:35,13,False,140,140,0,Airbus A350,101.0,103.0
2026-10-06,2026-10-06 16:20,2026-11-05,30,BOM,DEL,BOM-DEL,AI,Air India,1,13502,INR,0,,20:30,20,22:45,22,False,135,135,0,Airbus A320neo,103.0,103.0
2026-10-06,2026-10-06 16:20,2026-11-05,30,BOM,DEL,BOM-DEL,AI,Air India,1,13502,INR,0,,21:00,21,23:15,23,False,135,135,0,Boeing 777,116.0,103.0
2026-10-06,2026-10-06 16:20,2026-11-05,30,BOM,DEL,BOM-DEL,AI,Air India,1,13502,INR,0,,22:35,22,00:55,0,True,140,140,0,Airbus A321,131.0,103.0
2026-10-06,2026-10-06 16:20,2026-11-05,30,BOM,DEL,BOM-DEL,QP,Akasa Air,1,13576,INR,0,,07:00,7,09:25,9,False,145,145,0,Boeing 737MAX 8 Passenger,87.0,103.0
2026-10-06,2026-10-06 16:20,2026-11-05,30,BOM,DEL,BOM-DEL,QP,Akasa Air,1,13576,INR,0,,18:35,18,21:00,21,False,145,145,0,Boeing 737MAX 8 Passenger,85.0,103.0
2026-10-06,2026-10-06 16:20,2026-11-05,30,BOM,DEL,BOM-DEL,AI,Air India,1,13854,INR,0,,07:30,7,09:50,9,False,140,140,0,Airbus A320neo,103.0,103.0
2026-10-06,2026-10-06 16:20,2026-11-05,30,BOM,DEL,BOM-DEL,AI,Air India,1,13854,INR,0,,08:00,8,10:15,10,False,135,135,0,Airbus A320neo,103.0,103.0
2026-10-06,2026-10-06 16:20,2026-11-05,30,BOM,DEL,BOM-DEL,AI,Air India,1,13854,INR,0,,09:30,9,11:45,11,False,135,135,0,Airbus A320neo,103.0,103.0
2026-10-06,2026-10-06 16:20,2026-11-05,30,BOM,DEL,BOM-DEL,AI,Air India,1,13854,INR,0,,19:30,19,21:50,21,False,140,140,0,Airbus A320neo,103.0,103.0
2026-10-06,2026-10-06 16:20,2026-11-05,30,BOM,DEL,BOM-DEL,AI,Air India,1,13969,INR,0,,19:30,19,21:45,21,False,135,135,0,Boeing 787,103.0,103.0
2026-10-06,2026-10-06 16:20,2026-11-05,30,BOM,DEL,BOM-DEL,AI,Air India,1,14085,INR,0,,07:00,7,09:15,9,False,135,135,0,Airbus A320neo,103.0,103.0
2026-10-06,2026-10-06 16:20,2026-11-05,30,BOM,DEL,BOM-DEL,6E,IndiGo,1,14156,INR,0,,20:30,20,22:40,22,False,130,130,0,Airbus A321neo,87.0,103.0
2026-10-06,2026-10-06 16:20,2026-11-05,30,BOM,DEL,BOM-DEL,6E,IndiGo,1,14156,INR,0,,21:15,21,23:30,23,False,135,135,0,Airbus A321neo,87.0,103.0
2026-10-06,2026-10-06 16:20,2026-11-05,30,BOM,DEL,BOM-DEL,6E,IndiGo,1,14156,INR,0,,22:30,22,00:35,0,True,125,125,0,Airbus A321neo,87.0,103.0
2026-10-06,2026-10-06 16:20,2026-11-05,30,BOM,DEL,BOM-DEL,QP,Akasa Air,1,14819,INR,0,,20:55,20,23:15,23,False,140,140,0,Boeing 737MAX 8 Passenger,87.0,103.0
2026-10-06,2026-10-06 16:20,2026-11-05,30,BOM,DEL,BOM-DEL,AI,Air India,1,17382,INR,0,,21:30,21,23:50,23,False,140,140,0,Airbus A321,131.0,103.0
2026-10-06,2026-10-06 16:20,2026-11-05,30,BOM,DEL,BOM-DEL,IX,Air India Express,1,17716,INR,0,,05:30,5,07:55,7,False,145,145,0,Boeing 737MAX 8 Passenger,101.0,103.0
2026-10-06,2026-10-06 16:20,2026-11-05,30,BOM,DEL,BOM-DEL,IX,Air India Express,1,17716,INR,0,,17:20,17,19:35,19,False,135,135,0,Boeing 737MAX 8 Passenger,101.0,103.0
2026-10-06,2026-10-06 16:20,2026-11-05,30,BOM,DEL,BOM-DEL,AI,Air India,1,21661,INR,0,,13:00,13,15:15,15,False,135,135,0,Airbus A320neo,103.0,103.0
2026-10-06,2026-10-06 16:20,2026-11-05,30,BOM,DEL,BOM-DEL,AI,Air India,1,21661,INR,0,,20:00,20,22:20,22,False,140,140,0,Airbus A320neo,103.0,103.0
2026-10-06,2026-10-06 16:20,2026-11-05,30,BOM,DEL,BOM-DEL,AI,Air India,1,21661,INR,0,,23:55,23,02:15,2,True,140,140,0,Airbus A320neo,103.0,103.0
2026-10-06,2026-10-06 16:20,2026-11-05,30,BOM,DEL,BOM-DEL,AI,Air India,1,25005,INR,0,,15:30,15,17:45,17,False,135,135,0,Boeing 787,131.0,103.0
2026-10-06,2026-10-06 16:20,2026-11-05,30,BOM,DEL,BOM-DEL,AI,Air India,1,25005,INR,0,,16:30,16,18:50,18,False,140,140,0,Airbus A321,131.0,103.0
2026-10-06,2026-10-06 16:20,2026-11-05,30,BOM,DEL,BOM-DEL,AI,Air India,1,25682,INR,0,,17:30,17,19:45,19,False,135,135,0,Airbus A320neo,103.0,103.0
2026-10-06,2026-10-06 16:20,2026-11-05,30,BOM,DEL,BOM-DEL,AI,Air India,1,25908,INR,0,,18:30,18,20:45,20,False,135,135,0,Airbus A321,131.0,103.0
2026-10-06,2026-10-06 16:20,2026-11-05,30,BOM,DEL,BOM-DEL,SG,SpiceJet,1,30638,INR,0,,08:45,8,11:05,11,False,140,140,0,Boeing 737,122.0,103.0
2026-10-06,2026-10-06 16:20,2026-11-05,30,BOM,DEL,BOM-DEL,SG,SpiceJet,1,30638,INR,0,,21:50,21,23:55,23,False,125,125,0,Boeing 737,102.0,103.0
2026-10-06,2026-10-06 16:20,2026-11-05,30,BOM,DEL,BOM-DEL,SG,SpiceJet,1,30638,INR,0,,22:30,22,00:40,0,True,130,130,0,Boeing 737,102.0,103.0
2026-10-06,2026-10-06 16:20,2026-11-20,45,BOM,DEL,BOM-DEL,AI,Air India,1,7255,INR,0,,11:15,11,13:35,13,False,140,140,0,Airbus A350,101.0,103.0
2026-10-06,2026-10-06 16:20,2026-11-20,45,BOM,DEL,BOM-DEL,AI,Air India,1,7255,INR,0,,15:30,15,17:45,17,False,135,135,0,Boeing 787,131.0,103.0
2026-10-06,2026-10-06 16:20,2026-11-20,45,BOM,DEL,BOM-DEL,AI,Air India,1,7255,INR,0,,23:55,23,02:15,2,True,140,140,0,Airbus A320neo,103.0,103.0
2026-10-06,2026-10-06 16:20,2026-11-20,45,BOM,DEL,BOM-DEL,6E,IndiGo,1,7460,INR,0,,02:50,2,05:05,5,False,135,135,0,Airbus A321neo,87.0,103.0
2026-10-06,2026-10-06 16:20,2026-11-20,45,BOM,DEL,BOM-DEL,6E,IndiGo,1,7460,INR,0,,11:30,11,13:40,13,False,130,130,0,Airbus A321neo,87.0,103.0
2026-10-06,2026-10-06 16:20,2026-11-20,45,BOM,DEL,BOM-DEL,6E,IndiGo,1,7460,INR,0,,13:00,13,15:10,15,False,130,130,0,Airbus A321neo,87.0,103.0
2026-10-06,2026-10-06 16:20,2026-11-20,45,BOM,DEL,BOM-DEL,6E,IndiGo,1,7460,INR,0,,14:30,14,16:40,16,False,130,130,0,Airbus A321neo,87.0,103.0
2026-10-06,2026-10-06 16:20,2026-11-20,45,BOM,DEL,BOM-DEL,6E,IndiGo,1,7460,INR,0,,15:15,15,17:25,17,False,130,130,0,Airbus A321neo,87.0,103.0
2026-10-06,2026-10-06 16:20,2026-11-20,45,BOM,DEL,BOM-DEL,6E,IndiGo,1,7460,INR,0,,16:00,16,18:20,18,False,140,140,0,Airbus A321neo,87.0,103.0
2026-10-06,2026-10-06 16:20,2026-11-20,45,BOM,DEL,BOM-DEL,6E,IndiGo,1,7460,INR,0,,16:45,16,18:55,18,False,130,130,0,Airbus A321neo,87.0,103.0
2026-10-06,2026-10-06 16:20,2026-11-20,45,BOM,DEL,BOM-DEL,6E,IndiGo,1,7460,INR,0,,22:30,22,00:35,0,True,125,125,0,Airbus A321neo,87.0,103.0
2026-10-06,2026-10-06 16:20,2026-11-20,45,BOM,DEL,BOM-DEL,AI,Air India,1,7554,INR,0,,22:35,22,00:55,0,True,140,140,0,Airbus A321,131.0,103.0
2026-10-06,2026-10-06 16:20,2026-11-20,45,BOM,DEL,BOM-DEL,AI,Air India,1,7575,INR,0,,15:00,15,17:15,17,False,135,135,0,Airbus A320neo,103.0,103.0
2026-10-06,2026-10-06 16:20,2026-11-20,45,BOM,DEL,BOM-DEL,AI,Air India,1,7575,INR,0,,21:00,21,23:15,23,False,135,135,0,Boeing 777,116.0,103.0
2026-10-06,2026-10-06 16:20,2026-11-20,45,BOM,DEL,BOM-DEL,QP,Akasa Air,1,7615,INR,0,,10:10,10,12:40,12,False,150,150,0,Boeing 737MAX 8 Passenger,87.0,103.0
2026-10-06,2026-10-06 16:20,2026-11-20,45,BOM,DEL,BOM-DEL,QP,Akasa Air,1,7615,INR,0,,13:00,13,15:25,15,False,145,145,0,Boeing 737MAX 8 Passenger,90.0,103.0
2026-10-06,2026-10-06 16:20,2026-11-20,45,BOM,DEL,BOM-DEL,IX,Air India Express,1,7636,INR,0,,17:20,17,19:35,19,False,135,135,0,Boeing 737MAX 8 Passenger,101.0,103.0
2026-10-06,2026-10-06 16:20,2026-11-20,45,BOM,DEL,BOM-DEL,QP,Akasa Air,1,7748,INR,0,,20:55,20,23:15,23,False,140,140,0,Boeing 737MAX 8 Passenger,87.0,103.0
2026-10-06,2026-10-06 16:20,2026-11-20,45,BOM,DEL,BOM-DEL,6E,IndiGo,1,7760,INR,0,,07:45,7,09:55,9,False,130,130,0,Airbus A321neo,87.0,103.0
2026-10-06,2026-10-06 16:20,2026-11-20,45,BOM,DEL,BOM-DEL,6E,IndiGo,1,7760,INR,0,,09:15,9,11:25,11,False,130,130,0,Airbus A321neo,87.0,103.0
2026-10-06,2026-10-06 16:20,2026-11-20,45,BOM,DEL,BOM-DEL,6E,IndiGo,1,7760,INR,0,,17:30,17,19:40,19,False,130,130,0,Airbus A321neo,87.0,103.0
2026-10-06,2026-10-06 16:20,2026-11-20,45,BOM,DEL,BOM-DEL,6E,IndiGo,1,7760,INR,0,,18:15,18,20:25,20,False,130,130,0,Airbus A321neo,87.0,103.0
2026-10-06,2026-10-06 16:20,2026-11-20,45,BOM,DEL,BOM-DEL,6E,IndiGo,1,7760,INR,0,,19:00,19,21:10,21,False,130,130,0,Airbus A321neo,87.0,103.0
2026-10-06,2026-10-06 16:20,2026-11-20,45,BOM,DEL,BOM-DEL,6E,IndiGo,1,7760,INR,0,,19:45,19,22:00,22,False,135,135,0,Airbus A321neo,87.0,103.0
2026-10-06,2026-10-06 16:20,2026-11-20,45,BOM,DEL,BOM-DEL,6E,IndiGo,1,7760,INR,0,,20:30,20,22:40,22,False,130,130,0,Airbus A321neo,87.0,103.0
2026-10-06,2026-10-06 16:20,2026-11-20,45,BOM,DEL,BOM-DEL,6E,IndiGo,1,7760,INR,0,,21:15,21,23:30,23,False,135,135,0,Airbus A321neo,87.0,103.0
2026-10-06,2026-10-06 16:20,2026-11-20,45,BOM,DEL,BOM-DEL,AI,Air India,1,7827,INR,0,,18:30,18,20:45,20,False,135,135,0,Airbus A321,131.0,103.0
2026-10-06,2026-10-06 16:20,2026-11-20,45,BOM,DEL,BOM-DEL,QP,Akasa Air,1,7883,INR,0,,18:35,18,21:00,21,False,145,145,0,Boeing 737MAX 8 Passenger,85.0,103.0
2026-10-06,2026-10-06 16:20,2026-11-20,45,BOM,DEL,BOM-DEL,AI,Air India,1,7890,INR,0,,20:30,20,22:45,22,False,135,135,0,Airbus A320neo,103.0,103.0
2026-10-06,2026-10-06 16:20,2026-11-20,45,BOM,DEL,BOM-DEL,AI,Air India,1,7953,INR,0,,17:30,17,19:45,19,False,135,135,0,Airbus A320neo,103.0,103.0
2026-10-06,2026-10-06 16:20,2026-11-20,45,BOM,DEL,BOM-DEL,AI,Air India,1,7953,INR,0,,21:30,21,23:50,23,False,140,140,0,Airbus A320neo,103.0,103.0
2026-10-06,2026-10-06 16:20,2026-11-20,45,BOM,DEL,BOM-DEL,6E,IndiGo,1,8060,INR,0,,10:00,10,12:10,12,False,130,130,0,Airbus A321neo,87.0,103.0
2026-10-06,2026-10-06 16:20,2026-11-20,45,BOM,DEL,BOM-DEL,6E,IndiGo,1,8060,INR,0,,10:45,10,13:00,13,False,135,135,0,Airbus A321neo,87.0,103.0
2026-10-06,2026-10-06 16:20,2026-11-20,45,BOM,DEL,BOM-DEL,AI,Air India,1,8152,INR,0,,07:30,7,09:50,9,False,140,140,0,Airbus A320neo,103.0,103.0
2026-10-06,2026-10-06 16:20,2026-11-20,45,BOM,DEL,BOM-DEL,QP,Akasa Air,1,8161,INR,0,,07:00,7,09:25,9,False,145,145,0,Boeing 737MAX 8 Passenger,87.0,103.0
2026-10-06,2026-10-06 16:20,2026-11-20,45,BOM,DEL,BOM-DEL,AI,Air India,1,8347,INR,0,,03:05,3,05:15,5,False,130,130,0,Airbus A320neo,103.0,103.0
2026-10-06,2026-10-06 16:20,2026-11-20,45,BOM,DEL,BOM-DEL,AI,Air India,1,8347,INR,0,,08:30,8,10:45,10,False,135,135,0,Airbus A320neo,103.0,103.0
2026-10-06,2026-10-06 16:20,2026-11-20,45,BOM,DEL,BOM-DEL,AI,Air India,1,8347,INR,0,,20:00,20,22:20,22,False,140,140,0,Airbus A320neo,103.0,103.0
2026-10-06,2026-10-06 16:20,2026-11-20,45,BOM,DEL,BOM-DEL,6E,IndiGo,1,8360,INR,0,,06:00,6,08:10,8,False,130,130,0,Airbus A321neo,87.0,103.0
2026-10-06,2026-10-06 16:20,2026-11-20,45,BOM,DEL,BOM-DEL,6E,IndiGo,1,8360,INR,0,,07:00,7,09:10,9,False,130,130,0,Airbus A321neo,87.0,103.0
2026-10-06,2026-10-06 16:20,2026-11-20,45,BOM,DEL,BOM-DEL,6E,IndiGo,1,8360,INR,0,,08:25,8,10:40,10,False,135,135,0,Airbus A321neo,87.0,103.0
2026-10-06,2026-10-06 16:20,2026-11-20,45,BOM,DEL,BOM-DEL,6E,IndiGo,1,8360,INR,0,,12:15,12,14:25,14,False,130,130,0,Airbus A321neo,87.0,103.0
2026-10-06,2026-10-06 16:20,2026-11-20,45,BOM,DEL,BOM-DEL,AI,Air India,1,8646,INR,0,,12:15,12,14:35,14,False,140,140,0,Airbus A320neo,103.0,103.0
2026-10-06,2026-10-06 16:20,2026-11-20,45,BOM,DEL,BOM-DEL,6E,IndiGo,1,8675,INR,0,,05:00,5,07:10,7,False,130,130,0,Airbus A321neo,87.0,103.0
2026-10-06,2026-10-06 16:20,2026-11-20,45,BOM,DEL,BOM-DEL,AI,Air India,1,8704,INR,0,,07:00,7,09:15,9,False,135,135,0,Airbus A320neo,103.0,103.0
2026-10-06,2026-10-06 16:20,2026-11-20,45,BOM,DEL,BOM-DEL,AI,Air India,1,9045,INR,0,,09:00,9,11:10,11,False,130,130,0,Airbus A321,131.0,103.0
2026-10-06,2026-10-06 16:20,2026-11-20,45,BOM,DEL,BOM-DEL,AI,Air India,1,9045,INR,0,,13:00,13,15:15,15,False,135,135,0,Airbus A320neo,103.0,103.0
2026-10-06,2026-10-06 16:20,2026-11-20,45,BOM,DEL,BOM-DEL,AI,Air India,1,9092,INR,0,,18:00,18,20:15,20,False,135,135,0,Airbus A320neo,103.0,103.0
2026-10-06,2026-10-06 16:20,2026-11-20,45,BOM,DEL,BOM-DEL,AI,Air India,1,9276,INR,0,,08:00,8,10:15,10,False,135,135,0,Airbus A320neo,103.0,103.0
2026-10-06,2026-10-06 16:20,2026-11-20,45,BOM,DEL,BOM-DEL,AI,Air India,1,9433,INR,0,,19:30,19,21:50,21,False,140,140,0,Airbus A320neo,103.0,103.0
2026-10-06,2026-10-06 16:20,2026-11-20,45,BOM,DEL,BOM-DEL,SG,SpiceJet,1,10040,INR,0,,06:25,6,08:45,8,False,140,140,0,Boeing 737,102.0,103.0
2026-10-06,2026-10-06 16:20,2026-11-20,45,BOM,DEL,BOM-DEL,SG,SpiceJet,1,10040,INR,0,,08:45,8,11:05,11,False,140,140,0,Boeing 737,102.0,103.0
2026-10-06,2026-10-06 16:20,2026-11-20,45,BOM,DEL,BOM-DEL,SG,SpiceJet,1,10040,INR,0,,20:30,20,22:45,22,False,135,135,0,Boeing 737,102.0,103.0
2026-10-06,2026-10-06 16:20,2026-11-20,45,BOM,DEL,BOM-DEL,SG,SpiceJet,1,10040,INR,0,,21:50,21,23:55,23,False,125,125,0,Boeing 737,102.0,103.0
2026-10-06,2026-10-06 16:20,2026-11-20,45,BOM,DEL,BOM-DEL,SG,SpiceJet,1,10040,INR,0,,22:00,22,00:45,0,True,165,165,0,Boeing 737,102.0,103.0
2026-10-06,2026-10-06 16:20,2026-11-20,45,BOM,DEL,BOM-DEL,SG,SpiceJet,1,10040,INR,0,,22:30,22,00:40,0,True,130,130,0,Boeing 737,102.0,103.0
2026-10-06,2026-10-06 16:20,2026-11-20,45,BOM,DEL,BOM-DEL,AI,Air India,1,10263,INR,0,,09:30,9,11:45,11,False,135,135,0,Airbus A320neo,103.0,103.0
2026-10-06,2026-10-06 16:20,2026-11-20,45,BOM,DEL,BOM-DEL,AI,Air India,1,12919,INR,0,,06:30,6,08:45,8,False,135,135,0,Airbus A320neo,103.0,103.0
2026-10-06,2026-10-06 16:20,2026-11-20,45,BOM,DEL,BOM-DEL,AI,Air India,1,33336,INR,0,,19:00,19,21:15,21,False,135,135,0,Airbus A320neo,103.0,103.0
2026-10-06,2026-10-06 16:20,2026-12-05,60,BOM,DEL,BOM-DEL,AI,Air India,1,7102,INR,0,,10:55,10,13:15,13,False,140,140,0,Airbus A350,98.0,103.0
2026-10-06,2026-10-06 16:20,2026-12-05,60,BOM,DEL,BOM-DEL,AI,Air India,1,7102,INR,0,,12:15,12,14:35,14,False,140,140,0,Airbus A320neo,100.0,103.0
2026-10-06,2026-10-06 16:20,2026-12-05,60,BOM,DEL,BOM-DEL,AI,Air India,1,7102,INR,0,,15:00,15,17:15,17,False,135,135,0,Airbus A320neo,100.0,103.0
2026-10-06,2026-10-06 16:20,2026-12-05,60,BOM,DEL,BOM-DEL,AI,Air India,1,7102,INR,0,,15:30,15,17:50,17,False,140,140,0,Airbus A321,127.0,103.0
2026-10-06,2026-10-06 16:20,2026-12-05,60,BOM,DEL,BOM-DEL,AI,Air India,1,7102,INR,0,,19:00,19,21:15,21,False,135,135,0,Airbus A320neo,100.0,103.0
2026-10-06,2026-10-06 16:20,2026-12-05,60,BOM,DEL,BOM-DEL,AI,Air India,1,7102,INR,0,,19:30,19,21:50,21,False,140,140,0,Airbus A320neo,100.0,103.0
2026-10-06,2026-10-06 16:20,2026-12-05,60,BOM,DEL,BOM-DEL,AI,Air India,1,7102,INR,0,,20:30,20,22:45,22,False,135,135,0,Airbus A320neo,100.0,103.0
2026-10-06,2026-10-06 16:20,2026-12-05,60,BOM,DEL,BOM-DEL,AI,Air India,1,7102,INR,0,,21:00,21,23:15,23,False,135,135,0,Boeing 777,112.0,103.0
2026-10-06,2026-10-06 16:20,2026-12-05,60,BOM,DEL,BOM-DEL,AI,Air India,1,7102,INR,0,,21:30,21,23:50,23,False,140,140,0,Airbus A320neo,100.0,103.0
2026-10-06,2026-10-06 16:20,2026-12-05,60,BOM,DEL,BOM-DEL,AI,Air India,1,7102,INR,0,,22:35,22,00:55,0,True,140,140,0,Airbus A321,127.0,103.0
2026-10-06,2026-10-06 16:20,2026-12-05,60,BOM,DEL,BOM-DEL,AI,Air India,1,7102,INR,0,,23:55,23,02:15,2,True,140,140,0,Airbus A320neo,100.0,103.0
2026-10-06,2026-10-06 16:20,2026-12-05,60,BOM,DEL,BOM-DEL,AI,Air India,1,7255,INR,0,,13:00,13,15:15,15,False,135,135,0,Airbus A320neo,100.0,103.0
2026-10-06,2026-10-06 16:20,2026-12-05,60,BOM,DEL,BOM-DEL,AI,Air India,1,7281,INR,0,,08:00,8,10:15,10,False,135,135,0,Airbus A320neo,100.0,103.0
2026-10-06,2026-10-06 16:20,2026-12-05,60,BOM,DEL,BOM-DEL,AI,Air India,1,7281,INR,0,,08:30,8,10:45,10,False,135,135,0,Airbus A320neo,100.0,103.0
2026-10-06,2026-10-06 16:20,2026-12-05,60,BOM,DEL,BOM-DEL,6E,IndiGo,1,7310,INR,0,,13:00,13,15:10,15,False,130,130,0,Airbus A321neo,86.0,103.0
2026-10-06,2026-10-06 16:20,2026-12-05,60,BOM,DEL,BOM-DEL,6E,IndiGo,1,7310,INR,0,,13:45,13,15:55,15,False,130,130,0,Airbus A321neo,86.0,103.0
2026-10-06,2026-10-06 16:20,2026-12-05,60,BOM,DEL,BOM-DEL,6E,IndiGo,1,7310,INR,0,,14:30,14,16:40,16,False,130,130,0,Airbus A321neo,86.0,103.0
2026-10-06,2026-10-06 16:20,2026-12-05,60,BOM,DEL,BOM-DEL,6E,IndiGo,1,7310,INR,0,,16:00,16,18:20,18,False,140,140,0,Airbus A321neo,86.0,103.0
2026-10-06,2026-10-06 16:20,2026-12-05,60,BOM,DEL,BOM-DEL,AI,Air India,1,7339,INR,0,,18:30,18,20:45,20,False,135,135,0,Airbus A321,127.0,103.0
2026-10-06,2026-10-06 16:20,2026-12-05,60,BOM,DEL,BOM-DEL,QP,Akasa Air,1,7382,INR,0,,13:00,13,15:25,15,False,145,145,0,Boeing 737MAX 8 Passenger,89.0,103.0
2026-10-06,2026-10-06 16:20,2026-12-05,60,BOM,DEL,BOM-DEL,QP,Akasa Air,1,7382,INR,0,,15:05,15,17:25,17,False,140,140,0,Boeing 737MAX 8 Passenger,89.0,103.0
2026-10-06,2026-10-06 16:20,2026-12-05,60,BOM,DEL,BOM-DEL,AI,Air India,1,7433,INR,0,,17:30,17,19:45,19,False,135,135,0,Airbus A320neo,100.0,103.0
2026-10-06,2026-10-06 16:20,2026-12-05,60,BOM,DEL,BOM-DEL,AI,Air India,1,7454,INR,0,,07:30,7,09:50,9,False,140,140,0,Airbus A320neo,100.0,103.0
2026-10-06,2026-10-06 16:20,2026-12-05,60,BOM,DEL,BOM-DEL,6E,IndiGo,1,7460,INR,0,,06:00,6,08:10,8,False,130,130,0,Airbus A321neo,86.0,103.0
2026-10-06,2026-10-06 16:20,2026-12-05,60,BOM,DEL,BOM-DEL,6E,IndiGo,1,7460,INR,0,,07:00,7,09:10,9,False,130,130,0,Airbus A321neo,86.0,103.0
2026-10-06,2026-10-06 16:20,2026-12-05,60,BOM,DEL,BOM-DEL,6E,IndiGo,1,7460,INR,0,,08:25,8,10:40,10,False,135,135,0,Airbus A321neo,86.0,103.0
2026-10-06,2026-10-06 16:20,2026-12-05,60,BOM,DEL,BOM-DEL,6E,IndiGo,1,7460,INR,0,,09:15,9,11:25,11,False,130,130,0,Airbus A321neo,86.0,103.0
2026-10-06,2026-10-06 16:20,2026-12-05,60,BOM,DEL,BOM-DEL,6E,IndiGo,1,7460,INR,0,,10:45,10,13:00,13,False,135,135,0,Airbus A321neo,86.0,103.0
2026-10-06,2026-10-06 16:20,2026-12-05,60,BOM,DEL,BOM-DEL,6E,IndiGo,1,7460,INR,0,,11:30,11,13:40,13,False,130,130,0,Airbus A321neo,86.0,103.0
2026-10-06,2026-10-06 16:20,2026-12-05,60,BOM,DEL,BOM-DEL,6E,IndiGo,1,7460,INR,0,,12:15,12,14:25,14,False,130,130,0,Airbus A321neo,86.0,103.0
2026-10-06,2026-10-06 16:20,2026-12-05,60,BOM,DEL,BOM-DEL,6E,IndiGo,1,7460,INR,0,,15:15,15,17:25,17,False,130,130,0,Airbus A321neo,86.0,103.0
2026-10-06,2026-10-06 16:20,2026-12-05,60,BOM,DEL,BOM-DEL,6E,IndiGo,1,7460,INR,0,,16:45,16,18:55,18,False,130,130,0,Airbus A321neo,86.0,103.0
2026-10-06,2026-10-06 16:20,2026-12-05,60,BOM,DEL,BOM-DEL,6E,IndiGo,1,7460,INR,0,,17:30,17,19:40,19,False,130,130,0,Airbus A321neo,86.0,103.0
2026-10-06,2026-10-06 16:20,2026-12-05,60,BOM,DEL,BOM-DEL,6E,IndiGo,1,7460,INR,0,,18:15,18,20:25,20,False,130,130,0,Airbus A321neo,86.0,103.0
2026-10-06,2026-10-06 16:20,2026-12-05,60,BOM,DEL,BOM-DEL,6E,IndiGo,1,7460,INR,0,,19:00,19,21:10,21,False,130,130,0,Airbus A321neo,86.0,103.0
2026-10-06,2026-10-06 16:20,2026-12-05,60,BOM,DEL,BOM-DEL,6E,IndiGo,1,7460,INR,0,,19:45,19,22:00,22,False,135,135,0,Airbus A321neo,86.0,103.0
2026-10-06,2026-10-06 16:20,2026-12-05,60,BOM,DEL,BOM-DEL,6E,IndiGo,1,7460,INR,0,,20:30,20,22:40,22,False,130,130,0,Airbus A321neo,86.0,103.0
2026-10-06,2026-10-06 16:20,2026-12-05,60,BOM,DEL,BOM-DEL,6E,IndiGo,1,7460,INR,0,,21:15,21,23:30,23,False,135,135,0,Airbus A321neo,86.0,103.0
2026-10-06,2026-10-06 16:20,2026-12-05,60,BOM,DEL,BOM-DEL,6E,IndiGo,1,7460,INR,0,,22:30,22,00:35,0,True,125,125,0,Airbus A321neo,86.0,103.0
2026-10-06,2026-10-06 16:20,2026-12-05,60,BOM,DEL,BOM-DEL,QP,Akasa Air,1,7485,INR,0,,10:10,10,12:40,12,False,150,150,0,Boeing 737MAX 8 Passenger,85.0,103.0
2026-10-06,2026-10-06 16:20,2026-12-05,60,BOM,DEL,BOM-DEL,QP,Akasa Air,1,7485,INR,0,,18:35,18,21:00,21,False,145,145,0,Boeing 737MAX 8 Passenger,84.0,103.0
2026-10-06,2026-10-06 16:20,2026-12-05,60,BOM,DEL,BOM-DEL,AI,Air India,1,7575,INR,0,,16:30,16,18:50,18,False,140,140,0,Airbus A321,127.0,103.0
2026-10-06,2026-10-06 16:20,2026-12-05,60,BOM,DEL,BOM-DEL,AI,Air India,1,7575,INR,0,,18:00,18,20:15,20,False,135,135,0,Airbus A320neo,100.0,103.0
2026-10-06,2026-10-06 16:20,2026-12-05,60,BOM,DEL,BOM-DEL,QP,Akasa Air,1,7615,INR,0,,20:55,20,23:15,23,False,140,140,0,Boeing 737MAX 8 Passenger,85.0,103.0
2026-10-06,2026-10-06 16:20,2026-12-05,60,BOM,DEL,BOM-DEL,6E,IndiGo,1,7760,INR,0,,02:50,2,05:05,5,False,135,135,0,Airbus A321neo,86.0,103.0
2026-10-06,2026-10-06 16:20,2026-12-05,60,BOM,DEL,BOM-DEL,6E,IndiGo,1,8060,INR,0,,07:45,7,09:55,9,False,130,130,0,Airbus A321neo,86.0,103.0
2026-10-06,2026-10-06 16:20,2026-12-05,60,BOM,DEL,BOM-DEL,6E,IndiGo,1,8060,INR,0,,10:00,10,12:10,12,False,130,130,0,Airbus A321neo,86.0,103.0
2026-10-06,2026-10-06 16:20,2026-12-05,60,BOM,DEL,BOM-DEL,IX,Air India Express,1,8420,INR,0,,05:30,5,07:55,7,False,145,145,0,Boeing 737MAX 8 Passenger,98.0,103.0
2026-10-06,2026-10-06 16:20,2026-12-05,60,BOM,DEL,BOM-DEL,AI,Air India,1,8646,INR,0,,09:00,9,11:10,11,False,130,130,0,Airbus A321,127.0,103.0
2026-10-06,2026-10-06 16:20,2026-12-05,60,BOM,DEL,BOM-DEL,IX,Air India Express,1,9316,INR,0,,17:20,17,19:35,19,False,135,135,0,Boeing 737MAX 8 Passenger,98.0,103.0
2026-10-06,2026-10-06 16:20,2026-12-05,60,BOM,DEL,BOM-DEL,SG,SpiceJet,1,11456,INR,0,,06:25,6,08:45,8,False,140,140,0,Boeing 737,101.0,103.0
2026-10-06,2026-10-06 16:20,2026-12-05,60,BOM,DEL,BOM-DEL,SG,SpiceJet,1,11456,INR,0,,08:45,8,11:05,11,False,140,140,0,Boeing 737,101.0,103.0
2026-10-06,2026-10-06 16:20,2026-12-05,60,BOM,DEL,BOM-DEL,SG,SpiceJet,1,11456,INR,0,,13:05,13,15:20,15,False,135,135,0,Boeing 737,101.0,103.0
2026-10-06,2026-10-06 16:20,2026-12-05,60,BOM,DEL,BOM-DEL,SG,SpiceJet,1,11456,INR,0,,20:30,20,22:45,22,False,135,135,0,Boeing 737,101.0,103.0
2026-10-06,2026-10-06 16:20,2026-12-05,60,BOM,DEL,BOM-DEL,SG,SpiceJet,1,11456,INR,0,,21:50,21,23:55,23,False,125,125,0,Boeing 737,101.0,103.0
2026-10-06,2026-10-06 16:20,2026-12-05,60,BOM,DEL,BOM-DEL,SG,SpiceJet,1,11456,INR,0,,22:00,22,00:45,0,True,165,165,0,Boeing 737,101.0,103.0
2026-10-06,2026-10-06 16:20,2026-12-05,60,BOM,DEL,BOM-DEL,SG,SpiceJet,1,11456,INR,0,,22:30,22,00:40,0,True,130,130,0,Boeing 737,101.0,103.0
2026-10-06,2026-10-06 16:20,2026-10-07,1,BLR,DEL,BLR-DEL,AI,Air India,1,9722,INR,0,,00:15,0,03:10,3,False,175,175,0,Airbus A320neo,142.0,120.0
2026-10-06,2026-10-06 16:20,2026-10-07,1,BLR,DEL,BLR-DEL,QP,Akasa Air,1,9798,INR,0,,05:00,5,07:50,7,False,170,170,0,Boeing 737MAX 8 Passenger,124.0,120.0
2026-10-06,2026-10-06 16:20,2026-10-07,1,BLR,DEL,BLR-DEL,6E,IndiGo,1,10136,INR,0,,23:30,23,02:20,2,True,170,170,0,Airbus A321neo,122.0,120.0
2026-10-06,2026-10-06 16:20,2026-10-07,1,BLR,DEL,BLR-DEL,AI,Air India,1,10378,INR,0,,22:30,22,01:25,1,True,175,175,0,Airbus A320neo,142.0,120.0
2026-10-06,2026-10-06 16:20,2026-10-07,1,BLR,DEL,BLR-DEL,QP,Akasa Air,1,10512,INR,0,,06:05,6,08:50,8,False,165,165,0,Boeing 737MAX 8 Passenger,119.0,120.0
2026-10-06,2026-10-06 16:20,2026-10-07,1,BLR,DEL,BLR-DEL,6E,IndiGo,1,10689,INR,0,,13:55,13,16:45,16,False,170,170,0,Airbus A321neo,122.0,120.0
2026-10-06,2026-10-06 16:20,2026-10-07,1,BLR,DEL,BLR-DEL,6E,IndiGo,1,10689,INR,0,,22:00,22,00:50,0,True,170,170,0,Airbus A321neo,122.0,120.0
2026-10-06,2026-10-06 16:20,2026-10-07,1,BLR,DEL,BLR-DEL,QP,Akasa Air,1,10701,INR,0,,04:10,4,07:00,7,False,170,170,0,Boeing 737MAX 8 Passenger,124.0,120.0
2026-10-06,2026-10-06 16:20,2026-10-07,1,BLR,DEL,BLR-DEL,AI,Air India,1,10972,INR,0,,14:00,14,16:45,16,False,165,165,0,Airbus A320neo,142.0,120.0
2026-10-06,2026-10-06 16:20,2026-10-07,1,BLR,DEL,BLR-DEL,AI,Air India,1,10972,INR,0,,15:00,15,18:00,18,False,180,180,0,Airbus A320neo,142.0,120.0
2026-10-06,2026-10-06 16:20,2026-10-07,1,BLR,DEL,BLR-DEL,AI,Air India,1,10972,INR,0,,15:30,15,18:15,18,False,165,165,0,Boeing 787,142.0,120.0
2026-10-06,2026-10-06 16:20,2026-10-07,1,BLR,DEL,BLR-DEL,6E,IndiGo,1,11281,INR,0,,12:00,12,14:50,14,False,170,170,0,Airbus A321neo,122.0,120.0
2026-10-06,2026-10-06 16:20,2026-10-07,1,BLR,DEL,BLR-DEL,6E,IndiGo,1,11281,INR,0,,13:10,13,16:05,16,False,175,175,0,Airbus A321neo,122.0,120.0
2026-10-06,2026-10-06 16:20,2026-10-07,1,BLR,DEL,BLR-DEL,6E,IndiGo,1,11281,INR,0,,15:45,15,18:35,18,False,170,170,0,Airbus A321neo,122.0,120.0
2026-10-06,2026-10-06 16:20,2026-10-07,1,BLR,DEL,BLR-DEL,QP,Akasa Air,1,11286,INR,0,,13:50,13,16:35,16,False,165,165,0,Boeing 737MAX 8 Passenger,122.0,120.0
2026-10-06,2026-10-06 16:20,2026-10-07,1,BLR,DEL,BLR-DEL,AI,Air India,1,11602,INR,0,,06:00,6,08:45,8,False,165,165,0,Airbus A320neo,142.0,120.0
2026-10-06,2026-10-06 16:20,2026-10-07,1,BLR,DEL,BLR-DEL,AI,Air India,1,11602,INR,0,,22:00,22,00:55,0,True,175,175,0,Airbus A320neo,142.0,120.0
2026-10-06,2026-10-06 16:20,2026-10-07,1,BLR,DEL,BLR-DEL,QP,Akasa Air,1,11906,INR,0,,18:35,18,21:30,21,False,175,175,0,Boeing 737MAX 8 Passenger,124.0,120.0
2026-10-06,2026-10-06 16:20,2026-10-07,1,BLR,DEL,BLR-DEL,6E,IndiGo,1,12585,INR,0,,10:45,10,13:35,13,False,170,170,0,Airbus A321neo,122.0,120.0
2026-10-06,2026-10-06 16:20,2026-10-07,1,BLR,DEL,BLR-DEL,AI,Air India,1,12993,INR,0,,11:00,11,14:00,14,False,180,180,0,Airbus A320neo,142.0,120.0
2026-10-06,2026-10-06 16:20,2026-10-07,1,BLR,DEL,BLR-DEL,AI,Air India,1,12993,INR,0,,17:25,17,20:30,20,False,185,185,0,Airbus A320neo,142.0,120.0
2026-10-06,2026-10-06 16:20,2026-10-07,1,BLR,DEL,BLR-DEL,AI,Air India,1,12993,INR,0,,19:40,19,22:35,22,False,175,175,0,Airbus A320neo,142.0,120.0
2026-10-06,2026-10-06 16:20,2026-10-07,1,BLR,DEL,BLR-DEL,AI,Air India,1,13219,INR,0,,20:00,20,22:45,22,False,165,165,0,Airbus A320neo,142.0,120.0
2026-10-06,2026-10-06 16:20,2026-10-07,1,BLR,DEL,BLR-DEL,6E,IndiGo,1,14069,INR,0,,18:15,18,21:05,21,False,170,170,0,Airbus A321neo,122.0,120.0
2026-10-06,2026-10-06 16:20,2026-10-07,1,BLR,DEL,BLR-DEL,6E,IndiGo,1,14888,INR,0,,09:30,9,12:30,12,False,180,180,0,Airbus A321neo,122.0,120.0
2026-10-06,2026-10-06 16:20,2026-10-07,1,BLR,DEL,BLR-DEL,AI,Air India,1,15224,INR,0,,10:00,10,13:00,13,False,180,180,0,Airbus A320neo,142.0,120.0
2026-10-06,2026-10-06 16:20,2026-10-07,1,BLR,DEL,BLR-DEL,AI,Air India,1,15224,INR,0,,16:30,16,19:25,19,False,175,175,0,Airbus A320neo,142.0,120.0
2026-10-06,2026-10-06 16:20,2026-10-07,1,BLR,DEL,BLR-DEL,AI,Air India,1,15224,INR,0,,18:20,18,21:10,21,False,170,170,0,Airbus A320neo,142.0,120.0
2026-10-06,2026-10-06 16:20,2026-10-07,1,BLR,DEL,BLR-DEL,6E,IndiGo,1,15762,INR,0,,19:30,19,22:15,22,False,165,165,0,Airbus A321neo,122.0,120.0
2026-10-06,2026-10-06 16:20,2026-10-07,1,BLR,DEL,BLR-DEL,6E,IndiGo,1,16694,INR,0,,08:15,8,11:05,11,False,170,170,0,Airbus A321neo,122.0,120.0
2026-10-06,2026-10-06 16:20,2026-10-07,1,BLR,DEL,BLR-DEL,6E,IndiGo,1,16694,INR,0,,20:40,20,23:30,23,False,170,170,0,Airbus A321neo,122.0,120.0
2026-10-06,2026-10-06 16:20,2026-10-07,1,BLR,DEL,BLR-DEL,AI,Air India,1,20810,INR,0,,07:00,7,10:00,10,False,180,180,0,Airbus A320neo,142.0,120.0
2026-10-06,2026-10-06 16:20,2026-10-07,1,BLR,DEL,BLR-DEL,IX,Air India Express,1,22167,INR,0,,06:40,6,09:25,9,False,165,165,0,Boeing 737MAX 8 Passenger,142.0,120.0
2026-10-06,2026-10-06 16:20,2026-10-07,1,BLR,DEL,BLR-DEL,IX,Air India Express,1,22167,INR,0,,17:35,17,20:25,20,False,170,170,0,Boeing 737MAX 8 Passenger,142.0,120.0
2026-10-06,2026-10-06 16:20,2026-10-09,3,BLR,DEL,BLR-DEL,IX,Air India Express,1,11594,INR,1,COK,08:40,8,14:05,14,False,325,275,50,Boeing 737MAX 8 Passenger | Airbus A320neo,233.0,120.0
2026-10-06,2026-10-06 16:20,2026-10-09,3,BLR,DEL,BLR-DEL,6E,IndiGo,1,11911,INR,0,,01:00,1,03:50,3,False,170,170,0,Airbus A321neo,122.0,120.0
2026-10-06,2026-10-06 16:20,2026-10-09,3,BLR,DEL,BLR-DEL,6E,IndiGo,1,11911,INR,0,,05:05,5,07:55,7,False,170,170,0,Airbus A321neo,122.0,120.0
2026-10-06,2026-10-06 16:20,2026-10-09,3,BLR,DEL,BLR-DEL,QP,Akasa Air,1,12342,INR,0,,04:10,4,07:00,7,False,170,170,0,Boeing 737MAX 8 Passenger,124.0,120.0
2026-10-06,2026-10-06 16:20,2026-10-09,3,BLR,DEL,BLR-DEL,QP,Akasa Air,1,12566,INR,0,,05:30,5,08:25,8,False,175,175,0,Boeing 737MAX 8 Passenger,124.0,120.0
2026-10-06,2026-10-06 16:20,2026-10-09,3,BLR,DEL,BLR-DEL,QP,Akasa Air,1,13510,INR,0,,06:05,6,08:50,8,False,165,165,0,Boeing 737MAX 8 Passenger,119.0,120.0
2026-10-06,2026-10-06 16:20,2026-10-09,3,BLR,DEL,BLR-DEL,AI,Air India,1,13560,INR,0,,00:15,0,03:10,3,False,175,175,0,Airbus A320neo,142.0,120.0
2026-10-06,2026-10-06 16:20,2026-10-09,3,BLR,DEL,BLR-DEL,AI,Air India,1,13560,INR,0,,06:00,6,08:45,8,False,165,165,0,Airbus A320neo,142.0,120.0
2026-10-06,2026-10-06 16:20,2026-10-09,3,BLR,DEL,BLR-DEL,AI,Air India,1,13786,INR,0,,05:30,5,08:25,8,False,175,175,0,Airbus A320neo,142.0,120.0
2026-10-06,2026-10-06 16:20,2026-10-09,3,BLR,DEL,BLR-DEL,QP,Akasa Air,1,15632,INR,0,,13:05,13,16:00,16,False,175,175,0,Boeing 737MAX 8 Passenger,119.0,120.0
2026-10-06,2026-10-06 16:20,2026-10-09,3,BLR,DEL,BLR-DEL,6E,IndiGo,1,15762,INR,0,,10:45,10,13:35,13,False,170,170,0,Airbus A321neo,122.0,120.0
2026-10-06,2026-10-06 16:20,2026-10-09,3,BLR,DEL,BLR-DEL,AI,Air India,1,15907,INR,0,,14:00,14,16:45,16,False,165,165,0,Airbus A320neo,142.0,120.0
2026-10-06,2026-10-06 16:20,2026-10-09,3,BLR,DEL,BLR-DEL,AI,Air India,1,15907,INR,0,,15:30,15,18:15,18,False,165,165,0,Boeing 787,142.0,120.0
2026-10-06,2026-10-06 16:20,2026-10-09,3,BLR,DEL,BLR-DEL,AI,Air India,1,16043,INR,0,,11:00,11,14:00,14,False,180,180,0,Airbus A320neo,142.0,120.0
2026-10-06,2026-10-06 16:20,2026-10-09,3,BLR,DEL,BLR-DEL,AI,Air India,1,16584,INR,0,,15:00,15,18:00,18,False,180,180,0,Airbus A320neo,142.0,120.0
2026-10-06,2026-10-06 16:20,2026-10-09,3,BLR,DEL,BLR-DEL,6E,IndiGo,1,16694,INR,0,,08:15,8,11:05,11,False,170,170,0,Airbus A321neo,122.0,120.0
2026-10-06,2026-10-06 16:20,2026-10-09,3,BLR,DEL,BLR-DEL,6E,IndiGo,1,16694,INR,0,,09:30,9,12:30,12,False,180,180,0,Airbus A321neo,122.0,120.0
2026-10-06,2026-10-06 16:20,2026-10-09,3,BLR,DEL,BLR-DEL,6E,IndiGo,1,16694,INR,0,,13:10,13,16:05,16,False,175,175,0,Airbus A321neo,122.0,120.0
2026-10-06,2026-10-06 16:20,2026-10-09,3,BLR,DEL,BLR-DEL,6E,IndiGo,1,17690,INR,0,,07:00,7,09:50,9,False,170,170,0,Airbus A321neo,122.0,120.0
2026-10-06,2026-10-06 16:20,2026-10-09,3,BLR,DEL,BLR-DEL,6E,IndiGo,1,17690,INR,0,,12:00,12,14:50,14,False,170,170,0,Airbus A321neo,122.0,120.0
2026-10-06,2026-10-06 16:20,2026-10-09,3,BLR,DEL,BLR-DEL,6E,IndiGo,1,17690,INR,0,,13:55,13,16:45,16,False,170,170,0,Airbus A321neo,122.0,120.0
2026-10-06,2026-10-06 16:20,2026-10-09,3,BLR,DEL,BLR-DEL,AI,Air India,1,18715,INR,0,,07:00,7,10:00,10,False,180,180,0,Airbus A320neo,142.0,120.0
2026-10-06,2026-10-06 16:20,2026-10-09,3,BLR,DEL,BLR-DEL,AI,Air India,1,18715,INR,0,,10:00,10,13:00,13,False,180,180,0,Airbus A320neo,142.0,120.0
2026-10-06,2026-10-06 16:20,2026-10-09,3,BLR,DEL,BLR-DEL,AI,Air India,1,18715,INR,0,,16:30,16,19:25,19,False,175,175,0,Airbus A320neo,142.0,120.0
2026-10-06,2026-10-06 16:20,2026-10-09,3,BLR,DEL,BLR-DEL,6E,IndiGo,1,19885,INR,0,,15:45,15,18:35,18,False,170,170,0,Airbus A321neo,122.0,120.0
2026-10-06,2026-10-06 16:20,2026-10-09,3,BLR,DEL,BLR-DEL,AI,Air India,1,21771,INR,0,,22:00,22,00:55,0,True,175,175,0,Airbus A320neo,142.0,120.0
2026-10-06,2026-10-06 16:20,2026-10-09,3,BLR,DEL,BLR-DEL,AI,Air India,1,21771,INR,0,,22:30,22,01:25,1,True,175,175,0,Airbus A321,179.0,120.0
2026-10-06,2026-10-06 16:20,2026-10-09,3,BLR,DEL,BLR-DEL,IX,Air India Express,1,22167,INR,0,,17:35,17,20:25,20,False,170,170,0,Boeing 737MAX 8 Passenger,142.0,120.0
2026-10-06,2026-10-06 16:20,2026-10-09,3,BLR,DEL,BLR-DEL,6E,IndiGo,1,22388,INR,0,,17:00,17,19:50,19,False,170,170,0,Airbus A321neo,122.0,120.0
2026-10-06,2026-10-06 16:20,2026-10-09,3,BLR,DEL,BLR-DEL,6E,IndiGo,1,22388,INR,0,,20:40,20,23:30,23,False,170,170,0,Airbus A321neo,122.0,120.0
2026-10-06,2026-10-06 16:20,2026-10-09,3,BLR,DEL,BLR-DEL,6E,IndiGo,1,22388,INR,0,,23:30,23,02:20,2,True,170,170,0,Airbus A321neo,122.0,120.0
2026-10-06,2026-10-06 16:20,2026-10-09,3,BLR,DEL,BLR-DEL,AI,Air India,1,25834,INR,0,,17:25,17,20:30,20,False,185,185,0,Airbus A320neo,142.0,120.0
2026-10-06,2026-10-06 16:20,2026-10-09,3,BLR,DEL,BLR-DEL,AI,Air India,1,35637,INR,0,,19:40,19,22:35,22,False,175,175,0,Airbus A320neo,142.0,120.0
2026-10-06,2026-10-06 16:20,2026-10-09,3,BLR,DEL,BLR-DEL,AI,Air India,1,35637,INR,0,,20:00,20,22:45,22,False,165,165,0,Airbus A320neo,142.0,120.0
2026-10-06,2026-10-06 16:20,2026-10-09,3,BLR,DEL,BLR-DEL,AI,Air India,1,36605,INR,0,,18:20,18,21:10,21,False,170,170,0,Airbus A320neo,142.0,120.0
2026-10-06,2026-10-06 16:20,2026-10-13,7,BLR,DEL,BLR-DEL,IX,Air India Express,1,8656,INR,0,,01:15,1,04:10,4,False,175,175,0,Airbus A320neo,134.0,120.0
2026-10-06,2026-10-06 16:20,2026-10-13,7,BLR,DEL,BLR-DEL,IX,Air India Express,1,8656,INR,0,,17:35,17,20:25,20,False,170,170,0,Boeing 737MAX 8 Passenger,142.0,120.0
2026-10-06,2026-10-06 16:20,2026-10-13,7,BLR,DEL,BLR-DEL,6E,IndiGo,1,8676,INR,0,,01:00,1,03:50,3,False,170,170,0,Airbus A321neo,122.0,120.0
2026-10-06,2026-10-06 16:20,2026-10-13,7,BLR,DEL,BLR-DEL,6E,IndiGo,1,8676,INR,0,,03:00,3,05:50,5,False,170,170,0,Airbus A321neo,122.0,120.0
2026-10-06,2026-10-06 16:20,2026-10-13,7,BLR,DEL,BLR-DEL,6E,IndiGo,1,8676,INR,0,,05:05,5,07:55,7,False,170,170,0,Airbus A321neo,122.0,120.0
2026-10-06,2026-10-06 16:20,2026-10-13,7,BLR,DEL,BLR-DEL,6E,IndiGo,1,8676,INR,0,,09:30,9,12:30,12,False,180,180,0,Airbus A321neo,122.0,120.0
2026-10-06,2026-10-06 16:20,2026-10-13,7,BLR,DEL,BLR-DEL,6E,IndiGo,1,8676,INR,0,,10:45,10,13:35,13,False,170,170,0,Airbus A321neo,122.0,120.0
2026-10-06,2026-10-06 16:20,2026-10-13,7,BLR,DEL,BLR-DEL,6E,IndiGo,1,8676,INR,0,,12:00,12,14:50,14,False,170,170,0,Airbus A321neo,122.0,120.0
2026-10-06,2026-10-06 16:20,2026-10-13,7,BLR,DEL,BLR-DEL,6E,IndiGo,1,8676,INR,0,,13:10,13,16:05,16,False,175,175,0,Airbus A321neo,122.0,120.0
2026-10-06,2026-10-06 16:20,2026-10-13,7,BLR,DEL,BLR-DEL,6E,IndiGo,1,8676,INR,0,,13:55,13,16:45,16,False,170,170,0,Airbus A321neo,122.0,120.0
2026-10-06,2026-10-06 16:20,2026-10-13,7,BLR,DEL,BLR-DEL,6E,IndiGo,1,8676,INR,0,,15:45,15,18:35,18,False,170,170,0,Airbus A321neo,122.0,120.0
2026-10-06,2026-10-06 16:20,2026-10-13,7,BLR,DEL,BLR-DEL,6E,IndiGo,1,8676,INR,0,,22:00,22,00:50,0,True,170,170,0,Airbus A321neo,122.0,120.0
2026-10-06,2026-10-06 16:20,2026-10-13,7,BLR,DEL,BLR-DEL,AI,Air India,1,8819,INR,0,,00:15,0,03:10,3,False,175,175,0,Airbus A320neo,142.0,120.0
2026-10-06,2026-10-06 16:20,2026-10-13,7,BLR,DEL,BLR-DEL,AI,Air India,1,8819,INR,0,,05:30,5,08:25,8,False,175,175,0,Airbus A320neo,142.0,120.0
2026-10-06,2026-10-06 16:20,2026-10-13,7,BLR,DEL,BLR-DEL,AI,Air India,1,8819,INR,0,,15:30,15,18:15,18,False,165,165,0,Boeing 787,142.0,120.0
2026-10-06,2026-10-06 16:20,2026-10-13,7,BLR,DEL,BLR-DEL,AI,Air India,1,8819,INR,0,,22:00,22,00:55,0,True,175,175,0,Airbus A320neo,142.0,120.0
2026-10-06,2026-10-06 16:20,2026-10-13,7,BLR,DEL,BLR-DEL,6E,IndiGo,1,9131,INR,0,,08:15,8,11:05,11,False,170,170,0,Airbus A321neo,122.0,120.0
2026-10-06,2026-10-06 16:20,2026-10-13,7,BLR,DEL,BLR-DEL,6E,IndiGo,1,9131,INR,0,,17:00,17,19:50,19,False,170,170,0,Airbus A321neo,122.0,120.0
2026-10-06,2026-10-06 16:20,2026-10-13,7,BLR,DEL,BLR-DEL,AI,Air India,1,9460,INR,0,,06:00,6,08:45,8,False,165,165,0,Airbus A320neo,142.0,120.0
2026-10-06,2026-10-06 16:20,2026-10-13,7,BLR,DEL,BLR-DEL,AI,Air India,1,9460,INR,0,,10:00,10,13:00,13,False,180,180,0,Airbus A320neo,142.0,120.0
2026-10-06,2026-10-06 16:20,2026-10-13,7,BLR,DEL,BLR-DEL,AI,Air India,1,9460,INR,0,,11:00,11,14:00,14,False,180,180,0,Airbus A320neo,142.0,120.0
2026-10-06,2026-10-06 16:20,2026-10-13,7,BLR,DEL,BLR-DEL,AI,Air India,1,9460,INR,0,,14:00,14,16:45,16,False,165,165,0,Airbus A320neo,142.0,120.0
2026-10-06,2026-10-06 16:20,2026-10-13,7,BLR,DEL,BLR-DEL,AI,Air India,1,9460,INR,0,,16:30,16,19:25,19,False,175,175,0,Airbus A320neo,142.0,120.0
2026-10-06,2026-10-06 16:20,2026-10-13,7,BLR,DEL,BLR-DEL,AI,Air India,1,9460,INR,0,,19:40,19,22:35,22,False,175,175,0,Airbus A320neo,142.0,120.0
2026-10-06,2026-10-06 16:20,2026-10-13,7,BLR,DEL,BLR-DEL,6E,IndiGo,1,9617,INR,0,,07:00,7,09:50,9,False,170,170,0,Airbus A321neo,122.0,120.0
2026-10-06,2026-10-06 16:20,2026-10-13,7,BLR,DEL,BLR-DEL,6E,IndiGo,1,9617,INR,0,,18:15,18,21:05,21,False,170,170,0,Airbus A321neo,122.0,120.0
2026-10-06,2026-10-06 16:20,2026-10-13,7,BLR,DEL,BLR-DEL,6E,IndiGo,1,9617,INR,0,,19:30,19,22:15,22,False,165,165,0,Airbus A321neo,122.0,120.0
2026-10-06,2026-10-06 16:20,2026-10-13,7,BLR,DEL,BLR-DEL,6E,IndiGo,1,9617,INR,0,,20:40,20,23:30,23,False,170,170,0,Airbus A321neo,122.0,120.0
2026-10-06,2026-10-06 16:20,2026-10-13,7,BLR,DEL,BLR-DEL,QP,Akasa Air,1,9971,INR,0,,04:10,4,07:00,7,False,170,170,0,Boeing 737MAX 8 Passenger,124.0,120.0
2026-10-06,2026-10-06 16:20,2026-10-13,7,BLR,DEL,BLR-DEL,AI,Air India,1,10069,INR,0,,07:00,7,10:00,10,False,180,180,0,Airbus A320neo,142.0,120.0
2026-10-06,2026-10-06 16:20,2026-10-13,7,BLR,DEL,BLR-DEL,AI,Air India,1,10069,INR,0,,17:25,17,20:30,20,False,185,185,0,Airbus A320neo,142.0,120.0
2026-10-06,2026-10-06 16:20,2026-10-13,7,BLR,DEL,BLR-DEL,AI,Air India,1,10069,INR,0,,18:20,18,21:10,21,False,170,170,0,Airbus A320neo,142.0,120.0
2026-10-06,2026-10-06 16:20,2026-10-13,7,BLR,DEL,BLR-DEL,QP,Akasa Air,1,10150,INR,0,,06:05,6,08:50,8,False,165,165,0,Boeing 737MAX 8 Passenger,124.0,120.0
2026-10-06,2026-10-06 16:20,2026-10-13,7,BLR,DEL,BLR-DEL,AI,Air India,1,10814,INR,0,,20:00,20,22:45,22,False,165,165,0,Airbus A320neo,142.0,120.0
2026-10-06,2026-10-06 16:20,2026-10-13,7,BLR,DEL,BLR-DEL,QP,Akasa Air,1,10891,INR,0,,05:00,5,07:50,7,False,170,170,0,Boeing 737MAX 8 Passenger,124.0,120.0
2026-10-06,2026-10-06 16:20,2026-10-20,14,BLR,DEL,BLR-DEL,IX,Air India Express,1,9695,INR,0,,01:15,1,04:10,4,False,175,175,0,Airbus A320neo,134.0,120.0
2026-10-06,2026-10-06 16:20,2026-10-20,14,BLR,DEL,BLR-DEL,AI,Air India,1,9906,INR,0,,00:15,0,03:10,3,False,175,175,0,Airbus A320neo,142.0,120.0
2026-10-06,2026-10-06 16:20,2026-10-20,14,BLR,DEL,BLR-DEL,AI,Air India,1,9906,INR,0,,05:30,5,08:25,8,False,175,175,0,Airbus A320neo,142.0,120.0
2026-10-06,2026-10-06 16:20,2026-10-20,14,BLR,DEL,BLR-DEL,AI,Air India,1,9906,INR,0,,22:00,22,00:55,0,True,175,175,0,Airbus A320neo,142.0,120.0
2026-10-06,2026-10-06 16:20,2026-10-20,14,BLR,DEL,BLR-DEL,AI,Air India,1,9906,INR,0,,22:30,22,01:25,1,True,175,175,0,Airbus A320neo,142.0,120.0
2026-10-06,2026-10-06 16:20,2026-10-20,14,BLR,DEL,BLR-DEL,AI,Air India,1,9911,INR,0,,20:00,20,22:45,22,False,165,165,0,Airbus A320neo,142.0,120.0
2026-10-06,2026-10-06 16:20,2026-10-20,14,BLR,DEL,BLR-DEL,6E,IndiGo,1,9917,INR,0,,01:00,1,03:50,3,False,170,170,0,Airbus A321neo,122.0,120.0
2026-10-06,2026-10-06 16:20,2026-10-20,14,BLR,DEL,BLR-DEL,6E,IndiGo,1,9917,INR,0,,03:00,3,05:50,5,False,170,170,0,Airbus A321neo,122.0,120.0
2026-10-06,2026-10-06 16:20,2026-10-20,14,BLR,DEL,BLR-DEL,6E,IndiGo,1,9917,INR,0,,05:05,5,07:55,7,False,170,170,0,Airbus A321neo,122.0,120.0
2026-10-06,2026-10-06 16:20,2026-10-20,14,BLR,DEL,BLR-DEL,6E,IndiGo,1,9917,INR,0,,07:00,7,09:50,9,False,170,170,0,Airbus A321neo,122.0,120.0
2026-10-06,2026-10-06 16:20,2026-10-20,14,BLR,DEL,BLR-DEL,6E,IndiGo,1,9917,INR,0,,09:30,9,12:30,12,False,180,180,0,Airbus A321neo,122.0,120.0
2026-10-06,2026-10-06 16:20,2026-10-20,14,BLR,DEL,BLR-DEL,6E,IndiGo,1,9917,INR,0,,10:45,10,13:35,13,False,170,170,0,Airbus A321neo,122.0,120.0
2026-10-06,2026-10-06 16:20,2026-10-20,14,BLR,DEL,BLR-DEL,6E,IndiGo,1,9917,INR,0,,12:00,12,14:50,14,False,170,170,0,Airbus A321neo,122.0,120.0
2026-10-06,2026-10-06 16:20,2026-10-20,14,BLR,DEL,BLR-DEL,6E,IndiGo,1,9917,INR,0,,13:10,13,16:05,16,False,175,175,0,Airbus A321neo,122.0,120.0
2026-10-06,2026-10-06 16:20,2026-10-20,14,BLR,DEL,BLR-DEL,6E,IndiGo,1,9917,INR,0,,20:40,20,23:30,23,False,170,170,0,Airbus A321neo,122.0,120.0
2026-10-06,2026-10-06 16:20,2026-10-20,14,BLR,DEL,BLR-DEL,6E,IndiGo,1,9917,INR,0,,22:00,22,00:50,0,True,170,170,0,Airbus A321neo,122.0,120.0
2026-10-06,2026-10-06 16:20,2026-10-20,14,BLR,DEL,BLR-DEL,SG,SpiceJet,1,10066,INR,0,,06:05,6,09:00,9,False,175,175,0,Airbus A320,148.0,120.0
2026-10-06,2026-10-06 16:20,2026-10-20,14,BLR,DEL,BLR-DEL,QP,Akasa Air,1,10150,INR,0,,06:05,6,08:50,8,False,165,165,0,Boeing 737MAX 8 Passenger,119.0,120.0
2026-10-06,2026-10-06 16:20,2026-10-20,14,BLR,DEL,BLR-DEL,6E,IndiGo,1,10218,INR,0,,18:15,18,21:05,21,False,170,170,0,Airbus A321neo,122.0,120.0
2026-10-06,2026-10-06 16:20,2026-10-20,14,BLR,DEL,BLR-DEL,6E,IndiGo,1,10218,INR,0,,23:30,23,02:20,2,True,170,170,0,Airbus A321neo,122.0,120.0
2026-10-06,2026-10-06 16:20,2026-10-20,14,BLR,DEL,BLR-DEL,AI,Air India,1,10231,INR,0,,07:00,7,10:00,10,False,180,180,0,Airbus A320neo,142.0,120.0
2026-10-06,2026-10-06 16:20,2026-10-20,14,BLR,DEL,BLR-DEL,AI,Air India,1,10231,INR,0,,10:00,10,13:00,13,False,180,180,0,Airbus A320neo,142.0,120.0
2026-10-06,2026-10-06 16:20,2026-10-20,14,BLR,DEL,BLR-DEL,AI,Air India,1,10231,INR,0,,11:00,11,14:00,14,False,180,180,0,Airbus A321,179.0,120.0
2026-10-06,2026-10-06 16:20,2026-10-20,14,BLR,DEL,BLR-DEL,AI,Air India,1,10231,INR,0,,16:30,16,19:25,19,False,175,175,0,Airbus A320neo,142.0,120.0
2026-10-06,2026-10-06 16:20,2026-10-20,14,BLR,DEL,BLR-DEL,AI,Air India,1,10231,INR,0,,17:25,17,20:30,20,False,185,185,0,Airbus A320neo,142.0,120.0
2026-10-06,2026-10-06 16:20,2026-10-20,14,BLR,DEL,BLR-DEL,AI,Air India,1,10231,INR,0,,18:20,18,21:10,21,False,170,170,0,Airbus A320neo,142.0,120.0
2026-10-06,2026-10-06 16:20,2026-10-20,14,BLR,DEL,BLR-DEL,AI,Air India,1,10231,INR,0,,19:40,19,22:35,22,False,175,175,0,Airbus A321,179.0,120.0
2026-10-06,2026-10-06 16:20,2026-10-20,14,BLR,DEL,BLR-DEL,QP,Akasa Air,1,10329,INR,0,,05:00,5,07:50,7,False,170,170,0,Boeing 737MAX 8 Passenger,124.0,120.0
2026-10-06,2026-10-06 16:20,2026-10-20,14,BLR,DEL,BLR-DEL,QP,Akasa Air,1,10329,INR,0,,13:05,13,16:00,16,False,175,175,0,Boeing 737MAX 8 Passenger,124.0,120.0
2026-10-06,2026-10-06 16:20,2026-10-20,14,BLR,DEL,BLR-DEL,IX,Air India Express,1,10336,INR,0,,17:35,17,20:25,20,False,170,170,0,Boeing 737MAX 8 Passenger,142.0,120.0
2026-10-06,2026-10-06 16:20,2026-10-20,14,BLR,DEL,BLR-DEL,6E,IndiGo,1,10555,INR,0,,13:55,13,16:45,16,False,170,170,0,Airbus A321neo,122.0,120.0
2026-10-06,2026-10-06 16:20,2026-10-20,14,BLR,DEL,BLR-DEL,6E,IndiGo,1,10555,INR,0,,15:45,15,18:35,18,False,170,170,0,Airbus A321neo,122.0,120.0
2026-10-06,2026-10-06 16:20,2026-10-20,14,BLR,DEL,BLR-DEL,6E,IndiGo,1,10555,INR,0,,17:00,17,19:50,19,False,170,170,0,Airbus A321neo,122.0,120.0
2026-10-06,2026-10-06 16:20,2026-10-20,14,BLR,DEL,BLR-DEL,6E,IndiGo,1,10555,INR,0,,19:30,19,22:15,22,False,165,165,0,Airbus A321neo,122.0,120.0
2026-10-06,2026-10-06 16:20,2026-10-20,14,BLR,DEL,BLR-DEL,AI,Air India,1,10735,INR,0,,14:00,14,16:45,16,False,165,165,0,Airbus A320neo,142.0,120.0
2026-10-06,2026-10-06 16:20,2026-10-20,14,BLR,DEL,BLR-DEL,AI,Air India,1,10735,INR,0,,15:00,15,18:00,18,False,180,180,0,Airbus A320neo,142.0,120.0
2026-10-06,2026-10-06 16:20,2026-10-20,14,BLR,DEL,BLR-DEL,AI,Air India,1,10735,INR,0,,15:30,15,18:05,18,False,155,155,0,Boeing 787,142.0,120.0
2026-10-06,2026-10-06 16:20,2026-10-20,14,BLR,DEL,BLR-DEL,SG,SpiceJet,1,11031,INR,0,,11:00,11,12:55,12,False,115,115,0,Boeing 737,141.0,120.0
2026-10-06,2026-10-06 16:20,2026-10-27,21,BLR,DEL,BLR-DEL,QP,Akasa Air,1,9462,INR,0,,06:10,6,09:00,9,False,170,170,0,Boeing 737MAX 8 Passenger,119.0,120.0
2026-10-06,2026-10-06 16:20,2026-10-27,21,BLR,DEL,BLR-DEL,AI,Air India,1,9607,INR,0,,00:15,0,03:10,3,False,175,175,0,Airbus A320neo,142.0,120.0
2026-10-06,2026-10-06 16:20,2026-10-27,21,BLR,DEL,BLR-DEL,AI,Air India,1,9607,INR,0,,05:00,5,07:55,7,False,175,175,0,Airbus A320neo,142.0,120.0
2026-10-06,2026-10-06 16:20,2026-10-27,21,BLR,DEL,BLR-DEL,AI,Air India,1,9607,INR,0,,07:00,7,09:55,9,False,175,175,0,Airbus A320neo,142.0,120.0
2026-10-06,2026-10-06 16:20,2026-10-27,21,BLR,DEL,BLR-DEL,AI,Air India,1,9607,INR,0,,17:00,17,19:55,19,False,175,175,0,Airbus A320neo,142.0,120.0
2026-10-06,2026-10-06 16:20,2026-10-27,21,BLR,DEL,BLR-DEL,AI,Air India,1,9607,INR,0,,18:00,18,20:55,20,False,175,175,0,Airbus A320neo,142.0,120.0
2026-10-06,2026-10-06 16:20,2026-10-27,21,BLR,DEL,BLR-DEL,AI,Air India,1,9764,INR,0,,08:05,8,11:00,11,False,175,175,0,Airbus A320neo,142.0,120.0
2026-10-06,2026-10-06 16:20,2026-10-27,21,BLR,DEL,BLR-DEL,AI,Air India,1,9764,INR,0,,20:00,20,22:55,22,False,175,175,0,Airbus A320neo,142.0,120.0
2026-10-06,2026-10-06 16:20,2026-10-27,21,BLR,DEL,BLR-DEL,IX,Air India Express,1,9794,INR,1,STV,04:00,4,09:45,9,False,345,240,105,Boeing 737MAX 8 Passenger | Airbus A321,192.0,120.0
2026-10-06,2026-10-06 16:20,2026-10-27,21,BLR,DEL,BLR-DEL,AI,Air India,1,9906,INR,0,,13:00,13,15:55,15,False,175,175,0,Airbus A320neo,142.0,120.0
2026-10-06,2026-10-06 16:20,2026-10-27,21,BLR,DEL,BLR-DEL,AI,Air India,1,9906,INR,0,,14:35,14,17:25,17,False,170,170,0,Boeing 787,142.0,120.0
2026-10-06,2026-10-06 16:20,2026-10-27,21,BLR,DEL,BLR-DEL,AI,Air India,1,9906,INR,0,,16:00,16,18:55,18,False,175,175,0,Airbus A320neo,142.0,120.0
2026-10-06,2026-10-06 16:20,2026-10-27,21,BLR,DEL,BLR-DEL,AI,Air India,1,9906,INR,0,,21:00,21,23:55,23,False,175,175,0,Airbus A320neo,142.0,120.0
2026-10-06,2026-10-06 16:20,2026-10-27,21,BLR,DEL,BLR-DEL,6E,IndiGo,1,9917,INR,0,,00:30,0,03:25,3,False,175,175,0,Airbus A321neo,122.0,120.0
2026-10-06,2026-10-06 16:20,2026-10-27,21,BLR,DEL,BLR-DEL,6E,IndiGo,1,9917,INR,0,,06:45,6,09:35,9,False,170,170,0,Airbus A321neo,122.0,120.0
2026-10-06,2026-10-06 16:20,2026-10-27,21,BLR,DEL,BLR-DEL,6E,IndiGo,1,9917,INR,0,,13:15,13,16:05,16,False,170,170,0,Airbus A321neo,122.0,120.0
2026-10-06,2026-10-06 16:20,2026-10-27,21,BLR,DEL,BLR-DEL,6E,IndiGo,1,9917,INR,0,,15:45,15,18:35,18,False,170,170,0,Airbus A321neo,122.0,120.0
2026-10-06,2026-10-06 16:20,2026-10-27,21,BLR,DEL,BLR-DEL,6E,IndiGo,1,9917,INR,0,,18:05,18,20:55,20,False,170,170,0,Airbus A321neo,122.0,120.0
2026-10-06,2026-10-06 16:20,2026-10-27,21,BLR,DEL,BLR-DEL,6E,IndiGo,1,10218,INR,0,,03:15,3,06:10,6,False,175,175,0,Airbus A321neo,122.0,120.0
2026-10-06,2026-10-06 16:20,2026-10-27,21,BLR,DEL,BLR-DEL,6E,IndiGo,1,10218,INR,0,,09:30,9,12:30,12,False,180,180,0,Airbus A321neo,122.0,120.0
2026-10-06,2026-10-06 16:20,2026-10-27,21,BLR,DEL,BLR-DEL,6E,IndiGo,1,10218,INR,0,,14:30,14,17:20,17,False,170,170,0,Airbus A321neo,122.0,120.0
2026-10-06,2026-10-06 16:20,2026-10-27,21,BLR,DEL,BLR-DEL,6E,IndiGo,1,10218,INR,0,,17:05,17,19:50,19,False,165,165,0,Airbus A321neo,122.0,120.0
2026-10-06,2026-10-06 16:20,2026-10-27,21,BLR,DEL,BLR-DEL,6E,IndiGo,1,10218,INR,0,,19:30,19,22:15,22,False,165,165,0,Airbus A321neo,122.0,120.0
2026-10-06,2026-10-06 16:20,2026-10-27,21,BLR,DEL,BLR-DEL,6E,IndiGo,1,10218,INR,0,,20:45,20,23:35,23,False,170,170,0,Airbus A321neo,122.0,120.0
2026-10-06,2026-10-06 16:20,2026-10-27,21,BLR,DEL,BLR-DEL,6E,IndiGo,1,10218,INR,0,,22:25,22,01:20,1,True,175,175,0,Airbus A321neo,122.0,120.0
2026-10-06,2026-10-06 16:20,2026-10-27,21,BLR,DEL,BLR-DEL,AI,Air India,1,10231,INR,0,,10:00,10,12:55,12,False,175,175,0,Airbus A321,179.0,120.0
2026-10-06,2026-10-06 16:20,2026-10-27,21,BLR,DEL,BLR-DEL,AI,Air India,1,10231,INR,0,,11:00,11,13:55,13,False,175,175,0,Airbus A320neo,142.0,120.0
2026-10-06,2026-10-06 16:20,2026-10-27,21,BLR,DEL,BLR-DEL,AI,Air India,1,10231,INR,0,,22:00,22,00:55,0,True,175,175,0,Airbus A320neo,142.0,120.0
2026-10-06,2026-10-06 16:20,2026-10-27,21,BLR,DEL,BLR-DEL,QP,Akasa Air,1,10329,INR,0,,05:00,5,07:55,7,False,175,175,0,Boeing 737MAX 8 Passenger,124.0,120.0
2026-10-06,2026-10-06 16:20,2026-10-27,21,BLR,DEL,BLR-DEL,QP,Akasa Air,1,10512,INR,0,,13:55,13,16:45,16,False,170,170,0,Boeing 737MAX 8 Passenger,124.0,120.0
2026-10-06,2026-10-06 16:20,2026-10-27,21,BLR,DEL,BLR-DEL,6E,IndiGo,1,10555,INR,0,,08:00,8,11:00,11,False,180,180,0,Airbus A321neo,122.0,120.0
2026-10-06,2026-10-06 16:20,2026-10-27,21,BLR,DEL,BLR-DEL,QP,Akasa Air,1,10701,INR,0,,19:05,19,22:00,22,False,175,175,0,Boeing 737MAX 8 Passenger,124.0,120.0
2026-10-06,2026-10-06 16:20,2026-10-27,21,BLR,DEL,BLR-DEL,6E,IndiGo,1,11066,INR,0,,10:45,10,13:25,13,False,160,160,0,Airbus A321neo,122.0,120.0
2026-10-06,2026-10-06 16:20,2026-10-27,21,BLR,DEL,BLR-DEL,6E,IndiGo,1,11608,INR,0,,12:00,12,15:00,15,False,180,180,0,Airbus A321neo,122.0,120.0
2026-10-06,2026-10-06 16:20,2026-10-27,21,BLR,DEL,BLR-DEL,IX,Air India Express,1,11961,INR,0,,05:30,5,08:30,8,False,180,180,0,Airbus A320neo,139.0,120.0
2026-10-06,2026-10-06 16:20,2026-10-27,21,BLR,DEL,BLR-DEL,IX,Air India Express,1,11961,INR,0,,21:25,21,00:25,0,True,180,180,0,Boeing 737MAX 8 Passenger,142.0,120.0
2026-10-06,2026-10-06 16:20,2026-10-27,21,BLR,DEL,BLR-DEL,IX,Air India Express,1,12571,INR,0,,12:20,12,15:20,15,False,180,180,0,Boeing 737MAX 8 Passenger,142.0,120.0
2026-10-06,2026-10-06 16:20,2026-10-27,21,BLR,DEL,BLR-DEL,SG,SpiceJet,1,16333,INR,0,,12:50,12,14:50,14,False,120,120,0,Boeing 737,141.0,120.0
2026-10-06,2026-10-06 16:20,2026-10-27,21,BLR,DEL,BLR-DEL,SG,SpiceJet,1,19684,INR,0,,06:05,6,09:00,9,False,175,175,0,Airbus A321,151.0,120.0
2026-10-06,2026-10-06 16:20,2026-11-05,30,BLR,DEL,BLR-DEL,IX,Air India Express,1,12462,INR,1,GOX,12:05,12,02:40,2,True,875,255,620,Boeing 737MAX 8 Passenger | Airbus A320neo,175.0,120.0
2026-10-06,2026-10-06 16:20,2026-11-05,30,BLR,DEL,BLR-DEL,6E,IndiGo,1,14242,INR,1,LKO,04:40,4,10:30,10,False,350,225,125,Airbus A321neo | Airbus A321neo,148.0,120.0
2026-10-06,2026-10-06 16:20,2026-11-05,30,BLR,DEL,BLR-DEL,6E,IndiGo,1,15603,INR,0,,00:30,0,03:25,3,False,175,175,0,Airbus A321neo,119.0,120.0
2026-10-06,2026-10-06 16:20,2026-11-05,30,BLR,DEL,BLR-DEL,6E,IndiGo,1,15603,INR,0,,05:35,5,08:25,8,False,170,170,0,Airbus A321neo,119.0,120.0
2026-10-06,2026-10-06 16:20,2026-11-05,30,BLR,DEL,BLR-DEL,6E,IndiGo,1,15603,INR,0,,06:45,6,09:35,9,False,170,170,0,Airbus A321neo,119.0,120.0
2026-10-06,2026-10-06 16:20,2026-11-05,30,BLR,DEL,BLR-DEL,6E,IndiGo,1,15603,INR,0,,09:30,9,12:30,12,False,180,180,0,Airbus A321neo,119.0,120.0
2026-10-06,2026-10-06 16:20,2026-11-05,30,BLR,DEL,BLR-DEL,6E,IndiGo,1,15603,INR,0,,12:00,12,15:00,15,False,180,180,0,Airbus A321neo,119.0,120.0
2026-10-06,2026-10-06 16:20,2026-11-05,30,BLR,DEL,BLR-DEL,6E,IndiGo,1,15603,INR,0,,14:30,14,17:20,17,False,170,170,0,Airbus A321neo,119.0,120.0
2026-10-06,2026-10-06 16:20,2026-11-05,30,BLR,DEL,BLR-DEL,6E,IndiGo,1,15603,INR,0,,15:45,15,18:35,18,False,170,170,0,Airbus A321neo,119.0,120.0
2026-10-06,2026-10-06 16:20,2026-11-05,30,BLR,DEL,BLR-DEL,AI,Air India,1,15634,INR,0,,05:00,5,07:55,7,False,175,175,0,Airbus A320neo,139.0,120.0
2026-10-06,2026-10-06 16:20,2026-11-05,30,BLR,DEL,BLR-DEL,AI,Air India,1,15634,INR,0,,06:00,6,08:45,8,False,165,165,0,Airbus A320neo,139.0,120.0
2026-10-06,2026-10-06 16:20,2026-11-05,30,BLR,DEL,BLR-DEL,AI,Air India,1,15634,INR,0,,10:00,10,12:55,12,False,175,175,0,Airbus A321,176.0,120.0
2026-10-06,2026-10-06 16:20,2026-11-05,30,BLR,DEL,BLR-DEL,AI,Air India,1,15634,INR,0,,11:00,11,13:55,13,False,175,175,0,Airbus A320neo,139.0,120.0
2026-10-06,2026-10-06 16:20,2026-11-05,30,BLR,DEL,BLR-DEL,AI,Air India,1,15634,INR,0,,13:00,13,15:55,15,False,175,175,0,Airbus A320neo,139.0,120.0
2026-10-06,2026-10-06 16:20,2026-11-05,30,BLR,DEL,BLR-DEL,AI,Air India,1,15907,INR,0,,08:05,8,11:00,11,False,175,175,0,Airbus A320neo,139.0,120.0
2026-10-06,2026-10-06 16:20,2026-11-05,30,BLR,DEL,BLR-DEL,IX,Air India Express,1,16193,INR,0,,12:20,12,15:20,15,False,180,180,0,Boeing 737MAX 8 Passenger,137.0,120.0
2026-10-06,2026-10-06 16:20,2026-11-05,30,BLR,DEL,BLR-DEL,QP,Akasa Air,1,16218,INR,0,,05:00,5,07:55,7,False,175,175,0,Boeing 737MAX 8 Passenger,121.0,120.0
2026-10-06,2026-10-06 16:20,2026-11-05,30,BLR,DEL,BLR-DEL,6E,IndiGo,1,16413,INR,0,,03:15,3,06:10,6,False,175,175,0,Airbus A321neo,119.0,120.0
2026-10-06,2026-10-06 16:20,2026-11-05,30,BLR,DEL,BLR-DEL,6E,IndiGo,1,16413,INR,0,,10:45,10,13:25,13,False,160,160,0,Airbus A321neo,119.0,120.0
2026-10-06,2026-10-06 16:20,2026-11-05,30,BLR,DEL,BLR-DEL,6E,IndiGo,1,16413,INR,0,,17:05,17,19:50,19,False,165,165,0,Airbus A321neo,119.0,120.0
2026-10-06,2026-10-06 16:20,2026-11-05,30,BLR,DEL,BLR-DEL,QP,Akasa Air,1,16828,INR,0,,04:10,4,07:00,7,False,170,170,0,Boeing 737MAX 8 Passenger,121.0,120.0
2026-10-06,2026-10-06 16:20,2026-11-05,30,BLR,DEL,BLR-DEL,QP,Akasa Air,1,16828,INR,0,,06:10,6,09:00,9,False,170,170,0,Boeing 737MAX 8 Passenger,116.0,120.0
2026-10-06,2026-10-06 16:20,2026-11-05,30,BLR,DEL,BLR-DEL,AI,Air India,1,17902,INR,0,,00:15,0,03:10,3,False,175,175,0,Airbus A320neo,139.0,120.0
2026-10-06,2026-10-06 16:20,2026-11-05,30,BLR,DEL,BLR-DEL,AI,Air India,1,17902,INR,0,,07:00,7,09:55,9,False,175,175,0,Airbus A320neo,139.0,120.0
2026-10-06,2026-10-06 16:20,2026-11-05,30,BLR,DEL,BLR-DEL,AI,Air India,1,17902,INR,0,,16:00,16,18:55,18,False,175,175,0,Airbus A320neo,139.0,120.0
2026-10-06,2026-10-06 16:20,2026-11-05,30,BLR,DEL,BLR-DEL,AI,Air India,1,17902,INR,0,,17:00,17,19:55,19,False,175,175,0,Airbus A320neo,139.0,120.0
2026-10-06,2026-10-06 16:20,2026-11-05,30,BLR,DEL,BLR-DEL,AI,Air India,1,17902,INR,0,,20:00,20,22:55,22,False,175,175,0,Airbus A320neo,139.0,120.0
2026-10-06,2026-10-06 16:20,2026-11-05,30,BLR,DEL,BLR-DEL,6E,IndiGo,1,18180,INR,0,,08:00,8,11:00,11,False,180,180,0,Airbus A321neo,119.0,120.0
2026-10-06,2026-10-06 16:20,2026-11-05,30,BLR,DEL,BLR-DEL,6E,IndiGo,1,18180,INR,0,,18:05,18,20:55,20,False,170,170,0,Airbus A321neo,119.0,120.0
2026-10-06,2026-10-06 16:20,2026-11-05,30,BLR,DEL,BLR-DEL,IX,Air India Express,1,18492,INR,0,,05:30,5,08:30,8,False,180,180,0,Airbus A320neo,134.0,120.0
2026-10-06,2026-10-06 16:20,2026-11-05,30,BLR,DEL,BLR-DEL,AI,Air India,1,18715,INR,0,,18:00,18,20:55,20,False,175,175,0,Airbus A320neo,139.0,120.0
2026-10-06,2026-10-06 16:20,2026-11-05,30,BLR,DEL,BLR-DEL,6E,IndiGo,1,19143,INR,0,,22:25,22,01:20,1,True,175,175,0,Airbus A321neo,119.0,120.0
2026-10-06,2026-10-06 16:20,2026-11-05,30,BLR,DEL,BLR-DEL,IX,Air India Express,1,19942,INR,0,,21:25,21,00:25,0,True,180,180,0,Boeing 737MAX 8 Passenger,137.0,120.0
2026-10-06,2026-10-06 16:20,2026-11-05,30,BLR,DEL,BLR-DEL,6E,IndiGo,1,20164,INR,0,,19:30,19,22:15,22,False,165,165,0,Airbus A321neo,119.0,120.0
2026-10-06,2026-10-06 16:20,2026-11-05,30,BLR,DEL,BLR-DEL,6E,IndiGo,1,20164,INR,0,,20:45,20,23:35,23,False,170,170,0,Airbus A321neo,119.0,120.0
2026-10-06,2026-10-06 16:20,2026-11-05,30,BLR,DEL,BLR-DEL,AI,Air India,1,20810,INR,0,,21:00,21,23:55,23,False,175,175,0,Airbus A320neo,139.0,120.0
2026-10-06,2026-10-06 16:20,2026-11-05,30,BLR,DEL,BLR-DEL,AI,Air India,1,20810,INR,0,,22:00,22,00:55,0,True,175,175,0,Airbus A320neo,139.0,120.0
2026-10-06,2026-10-06 16:20,2026-11-05,30,BLR,DEL,BLR-DEL,SG,SpiceJet,1,23917,INR,0,,12:50,12,14:50,14,False,120,120,0,Boeing 737,137.0,120.0
2026-10-06,2026-10-06 16:20,2026-11-05,30,BLR,DEL,BLR-DEL,QP,Akasa Air,1,27048,INR,0,,19:05,19,22:00,22,False,175,175,0,Boeing 737MAX 8 Passenger,121.0,120.0
2026-10-06,2026-10-06 16:20,2026-11-05,30,BLR,DEL,BLR-DEL,SG,SpiceJet,1,27339,INR,0,,06:05,6,09:00,9,False,175,175,0,Airbus A321,148.0,120.0
2026-10-06,2026-10-06 16:20,2026-11-20,45,BLR,DEL,BLR-DEL,QP,Akasa Air,1,9628,INR,0,,06:10,6,09:00,9,False,170,170,0,Boeing 737MAX 8 Passenger,116.0,120.0
2026-10-06,2026-10-06 16:20,2026-11-20,45,BLR,DEL,BLR-DEL,AI,Air India,1,9659,INR,0,,00:15,0,03:10,3,False,175,175,0,Airbus A320neo,139.0,120.0
2026-10-06,2026-10-06 16:20,2026-11-20,45,BLR,DEL,BLR-DEL,AI,Air India,1,9659,INR,0,,05:00,5,07:55,7,False,175,175,0,Airbus A320neo,139.0,120.0
2026-10-06,2026-10-06 16:20,2026-11-20,45,BLR,DEL,BLR-DEL,QP,Akasa Air,1,9798,INR,0,,05:00,5,07:55,7,False,175,175,0,Boeing 737MAX 8 Passenger,121.0,120.0
2026-10-06,2026-10-06 16:20,2026-11-20,45,BLR,DEL,BLR-DEL,6E,IndiGo,1,9917,INR,0,,00:30,0,03:25,3,False,175,175,0,Airbus A321neo,119.0,120.0
2026-10-06,2026-10-06 16:20,2026-11-20,45,BLR,DEL,BLR-DEL,AI,Air India,1,10058,INR,0,,07:00,7,09:55,9,False,175,175,0,Airbus A320neo,139.0,120.0
2026-10-06,2026-10-06 16:20,2026-11-20,45,BLR,DEL,BLR-DEL,AI,Air India,1,10294,INR,0,,08:05,8,11:00,11,False,175,175,0,Airbus A320neo,139.0,120.0
2026-10-06,2026-10-06 16:20,2026-11-20,45,BLR,DEL,BLR-DEL,QP,Akasa Air,1,10512,INR,0,,13:55,13,16:45,16,False,170,170,0,Boeing 737MAX 8 Passenger,121.0,120.0
2026-10-06,2026-10-06 16:20,2026-11-20,45,BLR,DEL,BLR-DEL,6E,IndiGo,1,10555,INR,0,,13:15,13,16:05,16,False,170,170,0,Airbus A321neo,119.0,120.0
2026-10-06,2026-10-06 16:20,2026-11-20,45,BLR,DEL,BLR-DEL,6E,IndiGo,1,10555,INR,0,,14:30,14,17:20,17,False,170,170,0,Airbus A321neo,119.0,120.0
2026-10-06,2026-10-06 16:20,2026-11-20,45,BLR,DEL,BLR-DEL,6E,IndiGo,1,10555,INR,0,,19:30,19,22:15,22,False,165,165,0,Airbus A321neo,119.0,120.0
2026-10-06,2026-10-06 16:20,2026-11-20,45,BLR,DEL,BLR-DEL,6E,IndiGo,1,10555,INR,0,,20:45,20,23:35,23,False,170,170,0,Airbus A321neo,119.0,120.0
2026-10-06,2026-10-06 16:20,2026-11-20,45,BLR,DEL,BLR-DEL,6E,IndiGo,1,10555,INR,0,,22:25,22,01:20,1,True,175,175,0,Airbus A321neo,119.0,120.0
2026-10-06,2026-10-06 16:20,2026-11-20,45,BLR,DEL,BLR-DEL,AI,Air India,1,10788,INR,0,,10:00,10,12:55,12,False,175,175,0,Airbus A321,176.0,120.0
2026-10-06,2026-10-06 16:20,2026-11-20,45,BLR,DEL,BLR-DEL,AI,Air India,1,10788,INR,0,,14:35,14,17:25,17,False,170,170,0,Boeing 787,139.0,120.0
2026-10-06,2026-10-06 16:20,2026-11-20,45,BLR,DEL,BLR-DEL,IX,Air India Express,1,10847,INR,0,,21:25,21,00:25,0,True,180,180,0,Boeing 737MAX 8 Passenger,137.0,120.0
2026-10-06,2026-10-06 16:20,2026-11-20,45,BLR,DEL,BLR-DEL,AI,Air India,1,10877,INR,0,,11:00,11,13:55,13,False,175,175,0,Airbus A320neo,139.0,120.0
2026-10-06,2026-10-06 16:20,2026-11-20,45,BLR,DEL,BLR-DEL,QP,Akasa Air,1,10891,INR,0,,19:05,19,22:00,22,False,175,175,0,Boeing 737MAX 8 Passenger,121.0,120.0
2026-10-06,2026-10-06 16:20,2026-11-20,45,BLR,DEL,BLR-DEL,6E,IndiGo,1,11066,INR,0,,10:45,10,13:25,13,False,160,160,0,Airbus A321neo,119.0,120.0
2026-10-06,2026-10-06 16:20,2026-11-20,45,BLR,DEL,BLR-DEL,6E,IndiGo,1,11608,INR,0,,05:35,5,08:25,8,False,170,170,0,Airbus A321neo,119.0,120.0
2026-10-06,2026-10-06 16:20,2026-11-20,45,BLR,DEL,BLR-DEL,6E,IndiGo,1,11608,INR,0,,12:00,12,15:00,15,False,180,180,0,Airbus A321neo,119.0,120.0
2026-10-06,2026-10-06 16:20,2026-11-20,45,BLR,DEL,BLR-DEL,6E,IndiGo,1,11608,INR,0,,15:45,15,18:35,18,False,170,170,0,Airbus A321neo,119.0,120.0
2026-10-06,2026-10-06 16:20,2026-11-20,45,BLR,DEL,BLR-DEL,AI,Air India,1,11749,INR,0,,21:00,21,23:55,23,False,175,175,0,Airbus A320neo,139.0,120.0
2026-10-06,2026-10-06 16:20,2026-11-20,45,BLR,DEL,BLR-DEL,6E,IndiGo,1,12183,INR,0,,08:00,8,11:00,11,False,180,180,0,Airbus A321neo,119.0,120.0
2026-10-06,2026-10-06 16:20,2026-11-20,45,BLR,DEL,BLR-DEL,6E,IndiGo,1,12183,INR,0,,17:05,17,19:50,19,False,165,165,0,Airbus A321neo,119.0,120.0
2026-10-06,2026-10-06 16:20,2026-11-20,45,BLR,DEL,BLR-DEL,6E,IndiGo,1,12183,INR,0,,18:05,18,20:55,20,False,170,170,0,Airbus A321neo,119.0,120.0
2026-10-06,2026-10-06 16:20,2026-11-20,45,BLR,DEL,BLR-DEL,AI,Air India,1,12289,INR,0,,22:00,22,00:55,0,True,175,175,0,Airbus A320neo,139.0,120.0
2026-10-06,2026-10-06 16:20,2026-11-20,45,BLR,DEL,BLR-DEL,6E,IndiGo,1,12791,INR,0,,03:15,3,06:10,6,False,175,175,0,Airbus A321neo,119.0,120.0
2026-10-06,2026-10-06 16:20,2026-11-20,45,BLR,DEL,BLR-DEL,AI,Air India,1,12862,INR,0,,16:00,16,18:55,18,False,175,175,0,Airbus A320neo,139.0,120.0
2026-10-06,2026-10-06 16:20,2026-11-20,45,BLR,DEL,BLR-DEL,AI,Air India,1,12914,INR,0,,13:00,13,15:55,15,False,175,175,0,Airbus A320neo,139.0,120.0
2026-10-06,2026-10-06 16:20,2026-11-20,45,BLR,DEL,BLR-DEL,AI,Air India,1,13460,INR,0,,17:00,17,19:55,19,False,175,175,0,Airbus A320neo,139.0,120.0
2026-10-06,2026-10-06 16:20,2026-11-20,45,BLR,DEL,BLR-DEL,AI,Air India,1,14473,INR,0,,18:00,18,20:55,20,False,175,175,0,Airbus A320neo,139.0,120.0
2026-10-06,2026-10-06 16:20,2026-11-20,45,BLR,DEL,BLR-DEL,AI,Air India,1,14710,INR,0,,20:00,20,22:55,22,False,175,175,0,Airbus A320neo,139.0,120.0
2026-10-06,2026-10-06 16:20,2026-11-20,45,BLR,DEL,BLR-DEL,6E,IndiGo,1,15603,INR,0,,09:30,9,12:30,12,False,180,180,0,Airbus A321neo,119.0,120.0
2026-10-06,2026-10-06 16:20,2026-11-20,45,BLR,DEL,BLR-DEL,SG,SpiceJet,1,18478,INR,0,,06:05,6,09:00,9,False,175,175,0,Airbus A321,148.0,120.0
2026-10-06,2026-10-06 16:20,2026-11-20,45,BLR,DEL,BLR-DEL,SG,SpiceJet,1,18478,INR,0,,12:50,12,14:50,14,False,120,120,0,Boeing 737,137.0,120.0
2026-10-06,2026-10-06 16:20,2026-11-20,45,BLR,DEL,BLR-DEL,SG,SpiceJet,1,18478,INR,0,,21:15,21,00:10,0,True,175,175,0,Boeing 737,137.0,120.0
2026-10-06,2026-10-06 16:20,2026-12-05,60,BLR,DEL,BLR-DEL,QP,Akasa Air,1,9798,INR,0,,04:10,4,07:00,7,False,170,170,0,Boeing 737MAX 8 Passenger,119.0,120.0
2026-10-06,2026-10-06 16:20,2026-12-05,60,BLR,DEL,BLR-DEL,QP,Akasa Air,1,9798,INR,0,,06:10,6,09:00,9,False,170,170,0,Boeing 737MAX 8 Passenger,114.0,120.0
2026-10-06,2026-10-06 16:20,2026-12-05,60,BLR,DEL,BLR-DEL,6E,IndiGo,1,9917,INR,0,,00:30,0,03:25,3,False,175,175,0,Airbus A321neo,116.0,120.0
2026-10-06,2026-10-06 16:20,2026-12-05,60,BLR,DEL,BLR-DEL,6E,IndiGo,1,9917,INR,0,,03:15,3,06:10,6,False,175,175,0,Airbus A321neo,116.0,120.0
2026-10-06,2026-10-06 16:20,2026-12-05,60,BLR,DEL,BLR-DEL,6E,IndiGo,1,9917,INR,0,,06:45,6,09:35,9,False,170,170,0,Airbus A321neo,116.0,120.0
2026-10-06,2026-10-06 16:20,2026-12-05,60,BLR,DEL,BLR-DEL,6E,IndiGo,1,9917,INR,0,,13:15,13,16:05,16,False,170,170,0,Airbus A321neo,116.0,120.0
2026-10-06,2026-10-06 16:20,2026-12-05,60,BLR,DEL,BLR-DEL,6E,IndiGo,1,9917,INR,0,,14:30,14,17:20,17,False,170,170,0,Airbus A321neo,116.0,120.0
2026-10-06,2026-10-06 16:20,2026-12-05,60,BLR,DEL,BLR-DEL,6E,IndiGo,1,9917,INR,0,,15:45,15,18:35,18,False,170,170,0,Airbus A321neo,116.0,120.0
2026-10-06,2026-10-06 16:20,2026-12-05,60,BLR,DEL,BLR-DEL,6E,IndiGo,1,9917,INR,0,,17:05,17,19:50,19,False,165,165,0,Airbus A321neo,116.0,120.0
2026-10-06,2026-10-06 16:20,2026-12-05,60,BLR,DEL,BLR-DEL,6E,IndiGo,1,9917,INR,0,,18:05,18,20:55,20,False,170,170,0,Airbus A321neo,116.0,120.0
2026-10-06,2026-10-06 16:20,2026-12-05,60,BLR,DEL,BLR-DEL,6E,IndiGo,1,9917,INR,0,,19:30,19,22:15,22,False,165,165,0,Airbus A321neo,116.0,120.0
2026-10-06,2026-10-06 16:20,2026-12-05,60,BLR,DEL,BLR-DEL,6E,IndiGo,1,9917,INR,0,,20:45,20,23:35,23,False,170,170,0,Airbus A321neo,116.0,120.0
2026-10-06,2026-10-06 16:20,2026-12-05,60,BLR,DEL,BLR-DEL,6E,IndiGo,1,9917,INR,0,,22:25,22,01:20,1,True,175,175,0,Airbus A321neo,116.0,120.0
2026-10-06,2026-10-06 16:20,2026-12-05,60,BLR,DEL,BLR-DEL,IX,Air India Express,1,9999,INR,0,,21:25,21,00:25,0,True,180,180,0,Boeing 737MAX 8 Passenger,134.0,120.0
2026-10-06,2026-10-06 16:20,2026-12-05,60,BLR,DEL,BLR-DEL,QP,Akasa Air,1,10150,INR,0,,19:05,19,22:00,22,False,175,175,0,Boeing 737MAX 8 Passenger,119.0,120.0
2026-10-06,2026-10-06 16:20,2026-12-05,60,BLR,DEL,BLR-DEL,6E,IndiGo,1,10218,INR,0,,09:30,9,12:30,12,False,180,180,0,Airbus A321neo,116.0,120.0
2026-10-06,2026-10-06 16:20,2026-12-05,60,BLR,DEL,BLR-DEL,6E,IndiGo,1,10218,INR,0,,10:45,10,13:25,13,False,160,160,0,Airbus A321neo,116.0,120.0
2026-10-06,2026-10-06 16:20,2026-12-05,60,BLR,DEL,BLR-DEL,6E,IndiGo,1,10218,INR,0,,12:00,12,15:00,15,False,180,180,0,Airbus A321neo,116.0,120.0
2026-10-06,2026-10-06 16:20,2026-12-05,60,BLR,DEL,BLR-DEL,AI,Air India,1,10279,INR,0,,22:00,22,00:55,0,True,175,175,0,Airbus A320neo,135.0,120.0
2026-10-06,2026-10-06 16:20,2026-12-05,60,BLR,DEL,BLR-DEL,QP,Akasa Air,1,10329,INR,0,,13:55,13,16:45,16,False,170,170,0,Boeing 737MAX 8 Passenger,118.0,120.0
2026-10-06,2026-10-06 16:20,2026-12-05,60,BLR,DEL,BLR-DEL,AI,Air India,1,10447,INR,0,,20:00,20,22:55,22,False,175,175,0,Airbus A320neo,135.0,120.0
2026-10-06,2026-10-06 16:20,2026-12-05,60,BLR,DEL,BLR-DEL,AI,Air India,1,10531,INR,0,,21:00,21,23:55,23,False,175,175,0,Airbus A320neo,135.0,120.0
2026-10-06,2026-10-06 16:20,2026-12-05,60,BLR,DEL,BLR-DEL,6E,IndiGo,1,10555,INR,0,,08:00,8,11:00,11,False,180,180,0,Airbus A321neo,116.0,120.0
2026-10-06,2026-10-06 16:20,2026-12-05,60,BLR,DEL,BLR-DEL,AI,Air India,1,10704,INR,0,,05:00,5,07:55,7,False,175,175,0,Airbus A320neo,135.0,120.0
2026-10-06,2026-10-06 16:20,2026-12-05,60,BLR,DEL,BLR-DEL,AI,Air India,1,11056,INR,0,,14:35,14,17:25,17,False,170,170,0,Boeing 787,135.0,120.0
2026-10-06,2026-10-06 16:20,2026-12-05,60,BLR,DEL,BLR-DEL,AI,Air India,1,11938,INR,0,,08:05,8,11:00,11,False,175,175,0,Airbus A320neo,135.0,120.0
2026-10-06,2026-10-06 16:20,2026-12-05,60,BLR,DEL,BLR-DEL,AI,Air India,1,12095,INR,0,,17:00,17,19:55,19,False,175,175,0,Airbus A320neo,135.0,120.0
2026-10-06,2026-10-06 16:20,2026-12-05,60,BLR,DEL,BLR-DEL,AI,Air India,1,12289,INR,0,,10:00,10,12:55,12,False,175,175,0,Airbus A321,171.0,120.0
2026-10-06,2026-10-06 16:20,2026-12-05,60,BLR,DEL,BLR-DEL,AI,Air India,1,12289,INR,0,,16:00,16,18:55,18,False,175,175,0,Airbus A320neo,135.0,120.0
2026-10-06,2026-10-06 16:20,2026-12-05,60,BLR,DEL,BLR-DEL,AI,Air India,1,12342,INR,0,,18:00,18,20:55,20,False,175,175,0,Airbus A320neo,135.0,120.0
2026-10-06,2026-10-06 16:20,2026-12-05,60,BLR,DEL,BLR-DEL,AI,Air India,1,12447,INR,0,,06:00,6,08:45,8,False,165,165,0,Airbus A320neo,135.0,120.0
2026-10-06,2026-10-06 16:20,2026-12-05,60,BLR,DEL,BLR-DEL,AI,Air India,1,12652,INR,0,,13:00,13,15:55,15,False,175,175,0,Airbus A320neo,135.0,120.0
2026-10-06,2026-10-06 16:20,2026-12-05,60,BLR,DEL,BLR-DEL,AI,Air India,1,12862,INR,0,,11:00,11,13:55,13,False,175,175,0,Airbus A320neo,135.0,120.0
2026-10-06,2026-10-06 16:20,2026-12-05,60,BLR,DEL,BLR-DEL,SG,SpiceJet,1,15381,INR,0,,06:05,6,09:00,9,False,175,175,0,Airbus A321,146.0,120.0
2026-10-06,2026-10-06 16:20,2026-12-05,60,BLR,DEL,BLR-DEL,SG,SpiceJet,1,15381,INR,0,,21:15,21,00:10,0,True,175,175,0,Boeing 737,136.0,120.0
2026-10-06,2026-10-06 16:20,2026-10-07,1,DEL,BLR,DEL-BLR,IX,Air India Express,1,8909,INR,0,,21:00,21,00:05,0,True,185,185,0,Airbus A320neo,134.0,120.0
2026-10-06,2026-10-06 16:20,2026-10-07,1,DEL,BLR,DEL-BLR,6E,IndiGo,1,9140,INR,0,,01:05,1,04:00,4,False,175,175,0,Airbus A321neo,122.0,120.0
2026-10-06,2026-10-06 16:20,2026-10-07,1,DEL,BLR,DEL-BLR,6E,IndiGo,1,9140,INR,0,,03:00,3,05:55,5,False,175,175,0,Airbus A321neo,122.0,120.0
2026-10-06,2026-10-06 16:20,2026-10-07,1,DEL,BLR,DEL-BLR,6E,IndiGo,1,9140,INR,0,,10:45,10,13:40,13,False,175,175,0,Airbus A321neo,122.0,120.0
2026-10-06,2026-10-06 16:20,2026-10-07,1,DEL,BLR,DEL-BLR,6E,IndiGo,1,9140,INR,0,,12:15,12,15:20,15,False,185,185,0,Airbus A321neo,122.0,120.0
2026-10-06,2026-10-06 16:20,2026-10-07,1,DEL,BLR,DEL-BLR,6E,IndiGo,1,9140,INR,0,,14:30,14,17:25,17,False,175,175,0,Airbus A321neo,122.0,120.0
2026-10-06,2026-10-06 16:20,2026-10-07,1,DEL,BLR,DEL-BLR,6E,IndiGo,1,9140,INR,0,,15:45,15,18:40,18,False,175,175,0,Airbus A321neo,122.0,120.0
2026-10-06,2026-10-06 16:20,2026-10-07,1,DEL,BLR,DEL-BLR,6E,IndiGo,1,9140,INR,0,,22:00,22,00:55,0,True,175,175,0,Airbus A321neo,122.0,120.0
2026-10-06,2026-10-06 16:20,2026-10-07,1,DEL,BLR,DEL-BLR,6E,IndiGo,1,9140,INR,0,,23:30,23,02:25,2,True,175,175,0,Airbus A321neo,122.0,120.0
2026-10-06,2026-10-06 16:20,2026-10-07,1,DEL,BLR,DEL-BLR,QP,Akasa Air,1,9179,INR,0,,14:50,14,17:55,17,False,185,185,0,Boeing 737MAX 8 Passenger,124.0,120.0
2026-10-06,2026-10-06 16:20,2026-10-07,1,DEL,BLR,DEL-BLR,QP,Akasa Air,1,9179,INR,0,,21:55,21,00:50,0,True,175,175,0,Boeing 737MAX 8 Passenger,124.0,120.0
2026-10-06,2026-10-06 16:20,2026-10-07,1,DEL,BLR,DEL-BLR,QP,Akasa Air,1,9179,INR,0,,22:55,22,01:45,1,True,170,170,0,Boeing 737MAX 8 Passenger,124.0,120.0
2026-10-06,2026-10-06 16:20,2026-10-07,1,DEL,BLR,DEL-BLR,AI,Air India,1,9182,INR,0,,00:15,0,03:10,3,False,175,175,0,Airbus A320neo,142.0,120.0
2026-10-06,2026-10-06 16:20,2026-10-07,1,DEL,BLR,DEL-BLR,AI,Air India,1,9287,INR,0,,21:30,21,00:25,0,True,175,175,0,Airbus A320neo,142.0,120.0
2026-10-06,2026-10-06 16:20,2026-10-07,1,DEL,BLR,DEL-BLR,AI,Air India,1,9439,INR,0,,15:00,15,17:55,17,False,175,175,0,Airbus A320neo,142.0,120.0
2026-10-06,2026-10-06 16:20,2026-10-07,1,DEL,BLR,DEL-BLR,QP,Akasa Air,1,9508,INR,0,,17:25,17,20:20,20,False,175,175,0,Boeing 737MAX 8 Passenger,122.0,120.0
2026-10-06,2026-10-06 16:20,2026-10-07,1,DEL,BLR,DEL-BLR,QP,Akasa Air,1,9678,INR,0,,20:50,20,23:50,23,False,180,180,0,Boeing 737MAX 8 Passenger,124.0,120.0
2026-10-06,2026-10-06 16:20,2026-10-07,1,DEL,BLR,DEL-BLR,AI,Air India,1,9938,INR,0,,13:00,13,15:55,15,False,175,175,0,Airbus A320neo,142.0,120.0
2026-10-06,2026-10-06 16:20,2026-10-07,1,DEL,BLR,DEL-BLR,6E,IndiGo,1,10082,INR,0,,17:00,17,19:55,19,False,175,175,0,Airbus A321neo,122.0,120.0
2026-10-06,2026-10-06 16:20,2026-10-07,1,DEL,BLR,DEL-BLR,6E,IndiGo,1,10082,INR,0,,18:20,18,21:10,21,False,170,170,0,Airbus A321neo,122.0,120.0
2026-10-06,2026-10-06 16:20,2026-10-07,1,DEL,BLR,DEL-BLR,AI,Air India,1,10285,INR,0,,10:30,10,13:20,13,False,170,170,0,Airbus A320neo,142.0,120.0
2026-10-06,2026-10-06 16:20,2026-10-07,1,DEL,BLR,DEL-BLR,AI,Air India,1,10831,INR,0,,04:30,4,07:20,7,False,170,170,0,Airbus A320neo,142.0,120.0
2026-10-06,2026-10-06 16:20,2026-10-07,1,DEL,BLR,DEL-BLR,AI,Air India,1,10831,INR,0,,16:00,16,18:45,18,False,165,165,0,Airbus A320neo,142.0,120.0
2026-10-06,2026-10-06 16:20,2026-10-07,1,DEL,BLR,DEL-BLR,AI,Air India,1,10831,INR,0,,18:00,18,20:55,20,False,175,175,0,Airbus A320neo,142.0,120.0
2026-10-06,2026-10-06 16:20,2026-10-07,1,DEL,BLR,DEL-BLR,6E,IndiGo,1,11144,INR,0,,09:30,9,12:25,12,False,175,175,0,Airbus A321neo,122.0,120.0
2026-10-06,2026-10-06 16:20,2026-10-07,1,DEL,BLR,DEL-BLR,6E,IndiGo,1,11144,INR,0,,19:30,19,22:25,22,False,175,175,0,Airbus A321neo,122.0,120.0
2026-10-06,2026-10-06 16:20,2026-10-07,1,DEL,BLR,DEL-BLR,6E,IndiGo,1,11144,INR,0,,20:45,20,23:40,23,False,175,175,0,Airbus A321neo,122.0,120.0
2026-10-06,2026-10-06 16:20,2026-10-07,1,DEL,BLR,DEL-BLR,AI,Air India,1,11413,INR,0,,16:30,16,19:15,19,False,165,165,0,Airbus A320neo,142.0,120.0
2026-10-06,2026-10-06 16:20,2026-10-07,1,DEL,BLR,DEL-BLR,AI,Air India,1,13345,INR,0,,09:30,9,12:25,12,False,175,175,0,Airbus A320neo,142.0,120.0
2026-10-06,2026-10-06 16:20,2026-10-07,1,DEL,BLR,DEL-BLR,AI,Air India,1,13345,INR,0,,19:30,19,22:20,22,False,170,170,0,Airbus A320neo,142.0,120.0
2026-10-06,2026-10-06 16:20,2026-10-07,1,DEL,BLR,DEL-BLR,AI,Air India,1,15104,INR,0,,06:30,6,09:25,9,False,175,175,0,Airbus A320neo,142.0,120.0
2026-10-06,2026-10-06 16:20,2026-10-07,1,DEL,BLR,DEL-BLR,AI,Air India,1,15104,INR,0,,08:30,8,11:20,11,False,170,170,0,Boeing 787,143.0,120.0
2026-10-06,2026-10-06 16:20,2026-10-07,1,DEL,BLR,DEL-BLR,6E,IndiGo,1,15219,INR,0,,07:05,7,10:00,10,False,175,175,0,Airbus A321neo,122.0,120.0
2026-10-06,2026-10-06 16:20,2026-10-07,1,DEL,BLR,DEL-BLR,6E,IndiGo,1,15219,INR,0,,08:20,8,11:10,11,False,170,170,0,Airbus A321neo,122.0,120.0
2026-10-06,2026-10-06 16:20,2026-10-07,1,DEL,BLR,DEL-BLR,IX,Air India Express,1,22885,INR,0,,10:25,10,13:20,13,False,175,175,0,Boeing 737MAX 8 Passenger,142.0,120.0
2026-10-06,2026-10-06 16:20,2026-10-09,3,DEL,BLR,DEL-BLR,6E,IndiGo,1,9140,INR,0,,01:05,1,04:00,4,False,175,175,0,Airbus A321neo,122.0,120.0
2026-10-06,2026-10-06 16:20,2026-10-09,3,DEL,BLR,DEL-BLR,6E,IndiGo,1,9140,INR,0,,03:00,3,05:55,5,False,175,175,0,Airbus A321neo,122.0,120.0
2026-10-06,2026-10-06 16:20,2026-10-09,3,DEL,BLR,DEL-BLR,6E,IndiGo,1,9140,INR,0,,05:45,5,08:40,8,False,175,175,0,Airbus A321neo,122.0,120.0
2026-10-06,2026-10-06 16:20,2026-10-09,3,DEL,BLR,DEL-BLR,6E,IndiGo,1,9140,INR,0,,07:05,7,10:00,10,False,175,175,0,Airbus A321neo,122.0,120.0
2026-10-06,2026-10-06 16:20,2026-10-09,3,DEL,BLR,DEL-BLR,6E,IndiGo,1,9140,INR,0,,08:20,8,11:10,11,False,170,170,0,Airbus A321neo,122.0,120.0
2026-10-06,2026-10-06 16:20,2026-10-09,3,DEL,BLR,DEL-BLR,6E,IndiGo,1,9140,INR,0,,10:45,10,13:40,13,False,175,175,0,Airbus A321neo,122.0,120.0
2026-10-06,2026-10-06 16:20,2026-10-09,3,DEL,BLR,DEL-BLR,6E,IndiGo,1,9140,INR,0,,12:15,12,15:20,15,False,185,185,0,Airbus A321neo,122.0,120.0
2026-10-06,2026-10-06 16:20,2026-10-09,3,DEL,BLR,DEL-BLR,6E,IndiGo,1,9140,INR,0,,14:30,14,17:25,17,False,175,175,0,Airbus A321neo,122.0,120.0
2026-10-06,2026-10-06 16:20,2026-10-09,3,DEL,BLR,DEL-BLR,6E,IndiGo,1,9140,INR,0,,15:45,15,18:40,18,False,175,175,0,Airbus A321neo,122.0,120.0
2026-10-06,2026-10-06 16:20,2026-10-09,3,DEL,BLR,DEL-BLR,6E,IndiGo,1,9140,INR,0,,22:00,22,00:55,0,True,175,175,0,Airbus A321neo,122.0,120.0
2026-10-06,2026-10-06 16:20,2026-10-09,3,DEL,BLR,DEL-BLR,6E,IndiGo,1,9140,INR,0,,23:30,23,02:25,2,True,175,175,0,Airbus A321neo,122.0,120.0
2026-10-06,2026-10-06 16:20,2026-10-09,3,DEL,BLR,DEL-BLR,QP,Akasa Air,1,9179,INR,0,,20:50,20,23:45,23,False,175,175,0,Boeing 737MAX 8 Passenger,124.0,120.0
2026-10-06,2026-10-06 16:20,2026-10-09,3,DEL,BLR,DEL-BLR,AI,Air India,1,9182,INR,0,,00:15,0,03:10,3,False,175,175,0,Airbus A320neo,142.0,120.0
2026-10-06,2026-10-06 16:20,2026-10-09,3,DEL,BLR,DEL-BLR,AI,Air India,1,9287,INR,0,,04:30,4,07:20,7,False,170,170,0,Airbus A320neo,142.0,120.0
2026-10-06,2026-10-06 16:20,2026-10-09,3,DEL,BLR,DEL-BLR,AI,Air India,1,9287,INR,0,,06:30,6,09:25,9,False,175,175,0,Airbus A320neo,142.0,120.0
2026-10-06,2026-10-06 16:20,2026-10-09,3,DEL,BLR,DEL-BLR,AI,Air India,1,9287,INR,0,,07:00,7,09:55,9,False,175,175,0,Airbus A320neo,142.0,120.0
2026-10-06,2026-10-06 16:20,2026-10-09,3,DEL,BLR,DEL-BLR,AI,Air India,1,9287,INR,0,,08:30,8,11:20,11,False,170,170,0,Boeing 787,143.0,120.0
2026-10-06,2026-10-06 16:20,2026-10-09,3,DEL,BLR,DEL-BLR,AI,Air India,1,9287,INR,0,,09:30,9,12:25,12,False,175,175,0,Airbus A320neo,142.0,120.0
2026-10-06,2026-10-06 16:20,2026-10-09,3,DEL,BLR,DEL-BLR,AI,Air India,1,9287,INR,0,,10:30,10,13:20,13,False,170,170,0,Airbus A320neo,142.0,120.0
2026-10-06,2026-10-06 16:20,2026-10-09,3,DEL,BLR,DEL-BLR,IX,Air India Express,1,9430,INR,0,,21:00,21,00:05,0,True,185,185,0,Airbus A320neo,134.0,120.0
2026-10-06,2026-10-06 16:20,2026-10-09,3,DEL,BLR,DEL-BLR,AI,Air India,1,9439,INR,0,,13:00,13,15:55,15,False,175,175,0,Airbus A320neo,142.0,120.0
2026-10-06,2026-10-06 16:20,2026-10-09,3,DEL,BLR,DEL-BLR,AI,Air India,1,9439,INR,0,,15:00,15,17:55,17,False,175,175,0,Airbus A320neo,142.0,120.0
2026-10-06,2026-10-06 16:20,2026-10-09,3,DEL,BLR,DEL-BLR,QP,Akasa Air,1,9508,INR,0,,16:40,16,19:40,19,False,180,180,0,Boeing 737MAX 8 Passenger,119.0,120.0
2026-10-06,2026-10-06 16:20,2026-10-09,3,DEL,BLR,DEL-BLR,6E,IndiGo,1,9597,INR,0,,09:30,9,12:25,12,False,175,175,0,Airbus A321neo,122.0,120.0
2026-10-06,2026-10-06 16:20,2026-10-09,3,DEL,BLR,DEL-BLR,QP,Akasa Air,1,9851,INR,0,,14:10,14,16:55,16,False,165,165,0,Boeing 737MAX 8 Passenger,124.0,120.0
2026-10-06,2026-10-06 16:20,2026-10-09,3,DEL,BLR,DEL-BLR,AI,Air India,1,10547,INR,0,,21:30,21,00:25,0,True,175,175,0,Airbus A320neo,142.0,120.0
2026-10-06,2026-10-06 16:20,2026-10-09,3,DEL,BLR,DEL-BLR,QP,Akasa Air,1,10581,INR,0,,21:55,21,00:50,0,True,175,175,0,Boeing 737MAX 8 Passenger,124.0,120.0
2026-10-06,2026-10-06 16:20,2026-10-09,3,DEL,BLR,DEL-BLR,6E,IndiGo,1,10597,INR,0,,17:00,17,19:55,19,False,175,175,0,Airbus A321neo,122.0,120.0
2026-10-06,2026-10-06 16:20,2026-10-09,3,DEL,BLR,DEL-BLR,AI,Air India,1,10831,INR,0,,16:30,16,19:15,19,False,165,165,0,Airbus A320neo,142.0,120.0
2026-10-06,2026-10-06 16:20,2026-10-09,3,DEL,BLR,DEL-BLR,AI,Air India,1,11413,INR,0,,18:00,18,20:55,20,False,175,175,0,Airbus A320neo,142.0,120.0
2026-10-06,2026-10-06 16:20,2026-10-09,3,DEL,BLR,DEL-BLR,6E,IndiGo,1,11726,INR,0,,18:20,18,21:10,21,False,170,170,0,Airbus A321neo,122.0,120.0
2026-10-06,2026-10-06 16:20,2026-10-09,3,DEL,BLR,DEL-BLR,AI,Air India,1,13345,INR,0,,18:30,18,21:25,21,False,175,175,0,Airbus A321,180.0,120.0
2026-10-06,2026-10-06 16:20,2026-10-09,3,DEL,BLR,DEL-BLR,AI,Air India,1,13345,INR,0,,19:00,19,21:55,21,False,175,175,0,Airbus A320neo,142.0,120.0
2026-10-06,2026-10-06 16:20,2026-10-09,3,DEL,BLR,DEL-BLR,6E,IndiGo,1,13694,INR,0,,19:30,19,22:25,22,False,175,175,0,Airbus A321neo,122.0,120.0
2026-10-06,2026-10-06 16:20,2026-10-09,3,DEL,BLR,DEL-BLR,6E,IndiGo,1,13694,INR,0,,20:45,20,23:40,23,False,175,175,0,Airbus A321neo,122.0,120.0
2026-10-06,2026-10-06 16:20,2026-10-09,3,DEL,BLR,DEL-BLR,AI,Air India,1,15377,INR,0,,19:30,19,22:20,22,False,170,170,0,Airbus A320neo,142.0,120.0
2026-10-06,2026-10-06 16:20,2026-10-13,7,DEL,BLR,DEL-BLR,6E,IndiGo,1,9140,INR,0,,01:05,1,04:00,4,False,175,175,0,Airbus A321neo,122.0,120.0
2026-10-06,2026-10-06 16:20,2026-10-13,7,DEL,BLR,DEL-BLR,6E,IndiGo,1,9140,INR,0,,03:00,3,05:55,5,False,175,175,0,Airbus A321neo,122.0,120.0
2026-10-06,2026-10-06 16:20,2026-10-13,7,DEL,BLR,DEL-BLR,6E,IndiGo,1,9140,INR,0,,05:45,5,08:40,8,False,175,175,0,Airbus A321neo,122.0,120.0
2026-10-06,2026-10-06 16:20,2026-10-13,7,DEL,BLR,DEL-BLR,6E,IndiGo,1,9140,INR,0,,07:05,7,10:00,10,False,175,175,0,Airbus A321neo,122.0,120.0
2026-10-06,2026-10-06 16:20,2026-10-13,7,DEL,BLR,DEL-BLR,6E,IndiGo,1,9140,INR,0,,08:20,8,11:10,11,False,170,170,0,Airbus A321neo,122.0,120.0
2026-10-06,2026-10-06 16:20,2026-10-13,7,DEL,BLR,DEL-BLR,6E,IndiGo,1,9140,INR,0,,09:30,9,12:25,12,False,175,175,0,Airbus A321neo,122.0,120.0
2026-10-06,2026-10-06 16:20,2026-10-13,7,DEL,BLR,DEL-BLR,6E,IndiGo,1,9140,INR,0,,10:45,10,13:40,13,False,175,175,0,Airbus A321neo,122.0,120.0
2026-10-06,2026-10-06 16:20,2026-10-13,7,DEL,BLR,DEL-BLR,6E,IndiGo,1,9140,INR,0,,12:15,12,15:20,15,False,185,185,0,Airbus A321neo,122.0,120.0
2026-10-06,2026-10-06 16:20,2026-10-13,7,DEL,BLR,DEL-BLR,6E,IndiGo,1,9140,INR,0,,13:15,13,16:10,16,False,175,175,0,Airbus A321neo,122.0,120.0
2026-10-06,2026-10-06 16:20,2026-10-13,7,DEL,BLR,DEL-BLR,6E,IndiGo,1,9140,INR,0,,14:30,14,17:25,17,False,175,175,0,Airbus A321neo,122.0,120.0
2026-10-06,2026-10-06 16:20,2026-10-13,7,DEL,BLR,DEL-BLR,6E,IndiGo,1,9140,INR,0,,15:45,15,18:40,18,False,175,175,0,Airbus A321neo,122.0,120.0
2026-10-06,2026-10-06 16:20,2026-10-13,7,DEL,BLR,DEL-BLR,6E,IndiGo,1,9140,INR,0,,17:00,17,19:55,19,False,175,175,0,Airbus A321neo,122.0,120.0
2026-10-06,2026-10-06 16:20,2026-10-13,7,DEL,BLR,DEL-BLR,6E,IndiGo,1,9140,INR,0,,19:30,19,22:25,22,False,175,175,0,Airbus A321neo,122.0,120.0
2026-10-06,2026-10-06 16:20,2026-10-13,7,DEL,BLR,DEL-BLR,6E,IndiGo,1,9140,INR,0,,20:45,20,23:40,23,False,175,175,0,Airbus A321neo,122.0,120.0
2026-10-06,2026-10-06 16:20,2026-10-13,7,DEL,BLR,DEL-BLR,6E,IndiGo,1,9140,INR,0,,22:00,22,00:55,0,True,175,175,0,Airbus A321neo,122.0,120.0
2026-10-06,2026-10-06 16:20,2026-10-13,7,DEL,BLR,DEL-BLR,6E,IndiGo,1,9140,INR,0,,23:30,23,02:25,2,True,175,175,0,Airbus A321neo,122.0,120.0
2026-10-06,2026-10-06 16:20,2026-10-13,7,DEL,BLR,DEL-BLR,QP,Akasa Air,1,9179,INR,0,,16:40,16,19:40,19,False,180,180,0,Boeing 737MAX 8 Passenger,117.0,120.0
2026-10-06,2026-10-06 16:20,2026-10-13,7,DEL,BLR,DEL-BLR,IX,Air India Express,1,9190,INR,1,LKO,06:00,6,12:20,12,False,380,245,135,Airbus A320neo | Boeing 737MAX 8 Passenger,183.0,120.0
2026-10-06,2026-10-06 16:20,2026-10-13,7,DEL,BLR,DEL-BLR,AI,Air India,1,9287,INR,0,,00:15,0,03:10,3,False,175,175,0,Airbus A320neo,142.0,120.0
2026-10-06,2026-10-06 16:20,2026-10-13,7,DEL,BLR,DEL-BLR,AI,Air India,1,9287,INR,0,,04:30,4,07:20,7,False,170,170,0,Airbus A320neo,142.0,120.0
2026-10-06,2026-10-06 16:20,2026-10-13,7,DEL,BLR,DEL-BLR,AI,Air India,1,9287,INR,0,,06:30,6,09:25,9,False,175,175,0,Airbus A320neo,142.0,120.0
2026-10-06,2026-10-06 16:20,2026-10-13,7,DEL,BLR,DEL-BLR,AI,Air India,1,9287,INR,0,,07:00,7,09:55,9,False,175,175,0,Airbus A320neo,142.0,120.0
2026-10-06,2026-10-06 16:20,2026-10-13,7,DEL,BLR,DEL-BLR,AI,Air India,1,9287,INR,0,,08:30,8,11:20,11,False,170,170,0,Boeing 787,143.0,120.0
2026-10-06,2026-10-06 16:20,2026-10-13,7,DEL,BLR,DEL-BLR,AI,Air India,1,9287,INR,0,,10:30,10,13:20,13,False,170,170,0,Airbus A320neo,142.0,120.0
2026-10-06,2026-10-06 16:20,2026-10-13,7,DEL,BLR,DEL-BLR,AI,Air India,1,9287,INR,0,,16:30,16,19:15,19,False,165,165,0,Airbus A320neo,142.0,120.0
2026-10-06,2026-10-06 16:20,2026-10-13,7,DEL,BLR,DEL-BLR,AI,Air India,1,9287,INR,0,,18:00,18,20:55,20,False,175,175,0,Airbus A320neo,142.0,120.0
2026-10-06,2026-10-06 16:20,2026-10-13,7,DEL,BLR,DEL-BLR,AI,Air India,1,9287,INR,0,,18:30,18,21:25,21,False,175,175,0,Airbus A320neo,142.0,120.0
2026-10-06,2026-10-06 16:20,2026-10-13,7,DEL,BLR,DEL-BLR,AI,Air India,1,9287,INR,0,,19:00,19,21:55,21,False,175,175,0,Airbus A320neo,142.0,120.0
2026-10-06,2026-10-06 16:20,2026-10-13,7,DEL,BLR,DEL-BLR,AI,Air India,1,9287,INR,0,,19:30,19,22:20,22,False,170,170,0,Airbus A320neo,142.0,120.0
2026-10-06,2026-10-06 16:20,2026-10-13,7,DEL,BLR,DEL-BLR,AI,Air India,1,9287,INR,0,,21:30,21,00:25,0,True,175,175,0,Airbus A320neo,142.0,120.0
2026-10-06,2026-10-06 16:20,2026-10-13,7,DEL,BLR,DEL-BLR,QP,Akasa Air,1,9342,INR,0,,22:55,22,01:45,1,True,170,170,0,Boeing 737MAX 8 Passenger,124.0,120.0
2026-10-06,2026-10-06 16:20,2026-10-13,7,DEL,BLR,DEL-BLR,AI,Air India,1,9439,INR,0,,13:00,13,15:55,15,False,175,175,0,Airbus A320neo,142.0,120.0
2026-10-06,2026-10-06 16:20,2026-10-13,7,DEL,BLR,DEL-BLR,AI,Air India,1,9439,INR,0,,15:00,15,17:55,17,False,175,175,0,Airbus A320neo,142.0,120.0
2026-10-06,2026-10-06 16:20,2026-10-13,7,DEL,BLR,DEL-BLR,QP,Akasa Air,1,9508,INR,0,,20:50,20,23:45,23,False,175,175,0,Boeing 737MAX 8 Passenger,124.0,120.0
2026-10-06,2026-10-06 16:20,2026-10-13,7,DEL,BLR,DEL-BLR,IX,Air India Express,1,10079,INR,0,,10:25,10,13:20,13,False,175,175,0,Boeing 737MAX 8 Passenger,142.0,120.0
2026-10-06,2026-10-06 16:20,2026-10-13,7,DEL,BLR,DEL-BLR,IX,Air India Express,1,10079,INR,0,,22:00,22,00:55,0,True,175,175,0,Boeing 737MAX 8 Passenger,142.0,120.0
2026-10-06,2026-10-06 16:20,2026-10-20,14,DEL,BLR,DEL-BLR,IX,Air India Express,1,9264,INR,1,NMI,18:40,18,08:00,8,True,800,245,555,Airbus A321 | Boeing 737MAX 8 Passenger,193.0,120.0
2026-10-06,2026-10-06 16:20,2026-10-20,14,DEL,BLR,DEL-BLR,AI,Air India,1,9938,INR,0,,09:30,9,12:25,12,False,175,175,0,Airbus A320neo,142.0,120.0
2026-10-06,2026-10-06 16:20,2026-10-20,14,DEL,BLR,DEL-BLR,AI,Air India,1,9938,INR,0,,15:00,15,17:55,17,False,175,175,0,Airbus A320neo,142.0,120.0
2026-10-06,2026-10-06 16:20,2026-10-20,14,DEL,BLR,DEL-BLR,AI,Air India,1,9943,INR,0,,00:15,0,03:10,3,False,175,175,0,Airbus A320neo,142.0,120.0
2026-10-06,2026-10-06 16:20,2026-10-20,14,DEL,BLR,DEL-BLR,AI,Air India,1,9943,INR,0,,04:30,4,07:20,7,False,170,170,0,Airbus A320neo,142.0,120.0
2026-10-06,2026-10-06 16:20,2026-10-20,14,DEL,BLR,DEL-BLR,AI,Air India,1,9943,INR,0,,06:30,6,09:25,9,False,175,175,0,Airbus A320neo,142.0,120.0
2026-10-06,2026-10-06 16:20,2026-10-20,14,DEL,BLR,DEL-BLR,AI,Air India,1,9943,INR,0,,07:00,7,09:55,9,False,175,175,0,Airbus A321,180.0,120.0
2026-10-06,2026-10-06 16:20,2026-10-20,14,DEL,BLR,DEL-BLR,AI,Air India,1,9943,INR,0,,08:30,8,11:20,11,False,170,170,0,Boeing 787,143.0,120.0
2026-10-06,2026-10-06 16:20,2026-10-20,14,DEL,BLR,DEL-BLR,AI,Air India,1,9943,INR,0,,10:30,10,13:20,13,False,170,170,0,Airbus A320neo,142.0,120.0
2026-10-06,2026-10-06 16:20,2026-10-20,14,DEL,BLR,DEL-BLR,AI,Air India,1,9943,INR,0,,16:30,16,19:15,19,False,165,165,0,Airbus A320neo,142.0,120.0
2026-10-06,2026-10-06 16:20,2026-10-20,14,DEL,BLR,DEL-BLR,AI,Air India,1,9943,INR,0,,18:00,18,20:55,20,False,175,175,0,Airbus A320neo,142.0,120.0
2026-10-06,2026-10-06 16:20,2026-10-20,14,DEL,BLR,DEL-BLR,AI,Air India,1,9943,INR,0,,18:30,18,21:25,21,False,175,175,0,Airbus A320neo,142.0,120.0
2026-10-06,2026-10-06 16:20,2026-10-20,14,DEL,BLR,DEL-BLR,AI,Air India,1,9943,INR,0,,19:00,19,21:55,21,False,175,175,0,Airbus A320neo,142.0,120.0
2026-10-06,2026-10-06 16:20,2026-10-20,14,DEL,BLR,DEL-BLR,AI,Air India,1,9943,INR,0,,21:30,21,00:25,0,True,175,175,0,Airbus A320neo,142.0,120.0
2026-10-06,2026-10-06 16:20,2026-10-20,14,DEL,BLR,DEL-BLR,IX,Air India Express,1,10079,INR,0,,10:25,10,13:20,13,False,175,175,0,Boeing 737MAX 8 Passenger,142.0,120.0
2026-10-06,2026-10-06 16:20,2026-10-20,14,DEL,BLR,DEL-BLR,IX,Air India Express,1,10079,INR,0,,22:00,22,00:55,0,True,175,175,0,Boeing 737MAX 8 Passenger,142.0,120.0
2026-10-06,2026-10-06 16:20,2026-10-20,14,DEL,BLR,DEL-BLR,QP,Akasa Air,1,10209,INR,0,,21:55,21,00:50,0,True,175,175,0,Boeing 737MAX 8 Passenger,124.0,120.0
2026-10-06,2026-10-06 16:20,2026-10-20,14,DEL,BLR,DEL-BLR,6E,IndiGo,1,10247,INR,0,,01:05,1,04:00,4,False,175,175,0,Airbus A321neo,122.0,120.0
2026-10-06,2026-10-06 16:20,2026-10-20,14,DEL,BLR,DEL-BLR,6E,IndiGo,1,10247,INR,0,,03:00,3,05:55,5,False,175,175,0,Airbus A321neo,122.0,120.0
2026-10-06,2026-10-06 16:20,2026-10-20,14,DEL,BLR,DEL-BLR,6E,IndiGo,1,10247,INR,0,,05:45,5,08:40,8,False,175,175,0,Airbus A321neo,122.0,120.0
2026-10-06,2026-10-06 16:20,2026-10-20,14,DEL,BLR,DEL-BLR,6E,IndiGo,1,10247,INR,0,,07:05,7,10:00,10,False,175,175,0,Airbus A321neo,122.0,120.0
2026-10-06,2026-10-06 16:20,2026-10-20,14,DEL,BLR,DEL-BLR,6E,IndiGo,1,10247,INR,0,,08:20,8,11:10,11,False,170,170,0,Airbus A321neo,122.0,120.0
2026-10-06,2026-10-06 16:20,2026-10-20,14,DEL,BLR,DEL-BLR,6E,IndiGo,1,10247,INR,0,,09:30,9,12:25,12,False,175,175,0,Airbus A321neo,122.0,120.0
2026-10-06,2026-10-06 16:20,2026-10-20,14,DEL,BLR,DEL-BLR,6E,IndiGo,1,10247,INR,0,,10:45,10,13:40,13,False,175,175,0,Airbus A321neo,122.0,120.0
2026-10-06,2026-10-06 16:20,2026-10-20,14,DEL,BLR,DEL-BLR,6E,IndiGo,1,10247,INR,0,,12:15,12,15:20,15,False,185,185,0,Airbus A321neo,122.0,120.0
2026-10-06,2026-10-06 16:20,2026-10-20,14,DEL,BLR,DEL-BLR,6E,IndiGo,1,10247,INR,0,,13:15,13,16:10,16,False,175,175,0,Airbus A321neo,122.0,120.0
2026-10-06,2026-10-06 16:20,2026-10-20,14,DEL,BLR,DEL-BLR,6E,IndiGo,1,10247,INR,0,,14:30,14,17:25,17,False,175,175,0,Airbus A321neo,122.0,120.0
2026-10-06,2026-10-06 16:20,2026-10-20,14,DEL,BLR,DEL-BLR,6E,IndiGo,1,10247,INR,0,,15:45,15,18:40,18,False,175,175,0,Airbus A321neo,122.0,120.0
2026-10-06,2026-10-06 16:20,2026-10-20,14,DEL,BLR,DEL-BLR,6E,IndiGo,1,10247,INR,0,,20:45,20,23:40,23,False,175,175,0,Airbus A321neo,122.0,120.0
2026-10-06,2026-10-06 16:20,2026-10-20,14,DEL,BLR,DEL-BLR,6E,IndiGo,1,10247,INR,0,,22:00,22,00:55,0,True,175,175,0,Airbus A321neo,122.0,120.0
2026-10-06,2026-10-06 16:20,2026-10-20,14,DEL,BLR,DEL-BLR,6E,IndiGo,1,10247,INR,0,,23:30,23,02:25,2,True,175,175,0,Airbus A321neo,122.0,120.0
2026-10-06,2026-10-06 16:20,2026-10-20,14,DEL,BLR,DEL-BLR,QP,Akasa Air,1,10581,INR,0,,16:40,16,19:40,19,False,180,180,0,Boeing 737MAX 8 Passenger,124.0,120.0
2026-10-06,2026-10-06 16:20,2026-10-20,14,DEL,BLR,DEL-BLR,SG,SpiceJet,1,10636,INR,0,,13:45,13,16:05,16,False,140,140,0,Boeing 737,141.0,120.0
2026-10-06,2026-10-06 16:20,2026-10-20,14,DEL,BLR,DEL-BLR,SG,SpiceJet,1,10636,INR,0,,21:50,21,00:40,0,True,170,170,0,Airbus A320,148.0,120.0
2026-10-06,2026-10-06 16:20,2026-10-20,14,DEL,BLR,DEL-BLR,6E,IndiGo,1,10661,INR,0,,19:30,19,22:25,22,False,175,175,0,Airbus A321neo,122.0,120.0
2026-10-06,2026-10-06 16:20,2026-10-20,14,DEL,BLR,DEL-BLR,AI,Air India,1,10825,INR,0,,19:30,19,22:20,22,False,170,170,0,Airbus A320neo,142.0,120.0
2026-10-06,2026-10-06 16:20,2026-10-20,14,DEL,BLR,DEL-BLR,6E,IndiGo,1,11138,INR,0,,17:00,17,19:55,19,False,175,175,0,Airbus A321neo,122.0,120.0
2026-10-06,2026-10-06 16:20,2026-10-20,14,DEL,BLR,DEL-BLR,QP,Akasa Air,1,11575,INR,0,,20:50,20,23:45,23,False,175,175,0,Boeing 737MAX 8 Passenger,125.0,120.0
2026-10-06,2026-10-06 16:20,2026-10-20,14,DEL,BLR,DEL-BLR,AI,Air India,1,12631,INR,0,,13:00,13,15:55,15,False,175,175,0,Airbus A320neo,142.0,120.0
2026-10-06,2026-10-06 16:20,2026-10-27,21,DEL,BLR,DEL-BLR,IX,Air India Express,1,9264,INR,1,NMI,05:30,5,19:10,19,False,820,235,585,Boeing 737MAX 8 Passenger | Boeing 737MAX 8 Passenger,187.0,120.0
2026-10-06,2026-10-06 16:20,2026-10-27,21,DEL,BLR,DEL-BLR,AI,Air India,1,9943,INR,0,,22:00,22,00:55,0,True,175,175,0,Airbus A320neo,142.0,120.0
2026-10-06,2026-10-06 16:20,2026-10-27,21,DEL,BLR,DEL-BLR,IX,Air India Express,1,10079,INR,0,,07:30,7,10:25,10,False,175,175,0,Boeing 737MAX 8 Passenger,142.0,120.0
2026-10-06,2026-10-06 16:20,2026-10-27,21,DEL,BLR,DEL-BLR,IX,Air India Express,1,10079,INR,0,,08:35,8,11:35,11,False,180,180,0,Boeing 737MAX 8 Passenger,142.0,120.0
2026-10-06,2026-10-06 16:20,2026-10-27,21,DEL,BLR,DEL-BLR,AI,Air India,1,10111,INR,0,,09:30,9,12:20,12,False,170,170,0,Airbus A320neo,142.0,120.0
2026-10-06,2026-10-06 16:20,2026-10-27,21,DEL,BLR,DEL-BLR,6E,IndiGo,1,10247,INR,0,,06:45,6,09:40,9,False,175,175,0,Airbus A321neo,122.0,120.0
2026-10-06,2026-10-06 16:20,2026-10-27,21,DEL,BLR,DEL-BLR,6E,IndiGo,1,10247,INR,0,,08:15,8,11:10,11,False,175,175,0,Airbus A321neo,122.0,120.0
2026-10-06,2026-10-06 16:20,2026-10-27,21,DEL,BLR,DEL-BLR,6E,IndiGo,1,10247,INR,0,,09:30,9,12:25,12,False,175,175,0,Airbus A321neo,122.0,120.0
2026-10-06,2026-10-06 16:20,2026-10-27,21,DEL,BLR,DEL-BLR,6E,IndiGo,1,10247,INR,0,,10:45,10,13:40,13,False,175,175,0,Airbus A321neo,122.0,120.0
2026-10-06,2026-10-06 16:20,2026-10-27,21,DEL,BLR,DEL-BLR,6E,IndiGo,1,10247,INR,0,,13:15,13,16:10,16,False,175,175,0,Airbus A321neo,122.0,120.0
2026-10-06,2026-10-06 16:20,2026-10-27,21,DEL,BLR,DEL-BLR,6E,IndiGo,1,10247,INR,0,,14:20,14,17:20,17,False,180,180,0,Airbus A321neo,122.0,120.0
2026-10-06,2026-10-06 16:20,2026-10-27,21,DEL,BLR,DEL-BLR,6E,IndiGo,1,10247,INR,0,,19:30,19,22:25,22,False,175,175,0,Airbus A321neo,122.0,120.0
2026-10-06,2026-10-06 16:20,2026-10-27,21,DEL,BLR,DEL-BLR,6E,IndiGo,1,10247,INR,0,,20:45,20,23:40,23,False,175,175,0,Airbus A321neo,122.0,120.0
2026-10-06,2026-10-06 16:20,2026-10-27,21,DEL,BLR,DEL-BLR,6E,IndiGo,1,10247,INR,0,,21:55,21,00:55,0,True,180,180,0,Airbus A321neo,122.0,120.0
2026-10-06,2026-10-06 16:20,2026-10-27,21,DEL,BLR,DEL-BLR,6E,IndiGo,1,10247,INR,0,,23:30,23,02:25,2,True,175,175,0,Airbus A321neo,122.0,120.0
2026-10-06,2026-10-06 16:20,2026-10-27,21,DEL,BLR,DEL-BLR,AI,Air India,1,10348,INR,0,,06:00,6,08:50,8,False,170,170,0,Airbus A321,180.0,120.0
2026-10-06,2026-10-06 16:20,2026-10-27,21,DEL,BLR,DEL-BLR,AI,Air India,1,10348,INR,0,,08:35,8,11:20,11,False,165,165,0,Boeing 787,143.0,120.0
2026-10-06,2026-10-06 16:20,2026-10-27,21,DEL,BLR,DEL-BLR,QP,Akasa Air,1,10392,INR,0,,19:05,19,22:00,22,False,175,175,0,Boeing 737MAX 8 Passenger,119.0,120.0
2026-10-06,2026-10-06 16:20,2026-10-27,21,DEL,BLR,DEL-BLR,QP,Akasa Air,1,10581,INR,0,,17:35,17,20:25,20,False,170,170,0,Boeing 737MAX 8 Passenger,124.0,120.0
2026-10-06,2026-10-06 16:20,2026-10-27,21,DEL,BLR,DEL-BLR,6E,IndiGo,1,10661,INR,0,,02:45,2,05:40,5,False,175,175,0,Airbus A321neo,122.0,120.0
2026-10-06,2026-10-06 16:20,2026-10-27,21,DEL,BLR,DEL-BLR,6E,IndiGo,1,10661,INR,0,,15:45,15,18:40,18,False,175,175,0,Airbus A321neo,122.0,120.0
2026-10-06,2026-10-06 16:20,2026-10-27,21,DEL,BLR,DEL-BLR,QP,Akasa Air,1,10771,INR,0,,08:45,8,11:40,11,False,175,175,0,Boeing 737MAX 8 Passenger,125.0,120.0
2026-10-06,2026-10-06 16:20,2026-10-27,21,DEL,BLR,DEL-BLR,AI,Air India,1,10825,INR,0,,07:00,7,09:50,9,False,170,170,0,Airbus A320neo,142.0,120.0
2026-10-06,2026-10-06 16:20,2026-10-27,21,DEL,BLR,DEL-BLR,AI,Air India,1,10825,INR,0,,19:30,19,22:25,22,False,175,175,0,Airbus A320neo,142.0,120.0
2026-10-06,2026-10-06 16:20,2026-10-27,21,DEL,BLR,DEL-BLR,AI,Air India,1,10825,INR,0,,20:30,20,23:25,23,False,175,175,0,Airbus A320neo,142.0,120.0
2026-10-06,2026-10-06 16:20,2026-10-27,21,DEL,BLR,DEL-BLR,QP,Akasa Air,1,10967,INR,0,,20:50,20,23:40,23,False,170,170,0,Boeing 737MAX 8 Passenger,125.0,120.0
2026-10-06,2026-10-06 16:20,2026-10-27,21,DEL,BLR,DEL-BLR,6E,IndiGo,1,11138,INR,0,,12:00,12,14:55,14,False,175,175,0,Airbus A321neo,122.0,120.0
2026-10-06,2026-10-06 16:20,2026-10-27,21,DEL,BLR,DEL-BLR,6E,IndiGo,1,11138,INR,0,,17:00,17,19:55,19,False,175,175,0,Airbus A321neo,122.0,120.0
2026-10-06,2026-10-06 16:20,2026-10-27,21,DEL,BLR,DEL-BLR,AI,Air India,1,11329,INR,0,,00:15,0,03:05,3,False,170,170,0,Airbus A320neo,142.0,120.0
2026-10-06,2026-10-06 16:20,2026-10-27,21,DEL,BLR,DEL-BLR,AI,Air India,1,11329,INR,0,,13:00,13,15:50,15,False,170,170,0,Airbus A320neo,142.0,120.0
2026-10-06,2026-10-06 16:20,2026-10-27,21,DEL,BLR,DEL-BLR,AI,Air India,1,11524,INR,0,,12:00,12,14:50,14,False,170,170,0,Airbus A320neo,142.0,120.0
2026-10-06,2026-10-06 16:20,2026-10-27,21,DEL,BLR,DEL-BLR,6E,IndiGo,1,11639,INR,0,,05:15,5,08:05,8,False,170,170,0,Airbus A321neo,122.0,120.0
2026-10-06,2026-10-06 16:20,2026-10-27,21,DEL,BLR,DEL-BLR,AI,Air India,1,11854,INR,0,,11:00,11,13:50,13,False,170,170,0,Airbus A320neo,142.0,120.0
2026-10-06,2026-10-06 16:20,2026-10-27,21,DEL,BLR,DEL-BLR,AI,Air India,1,12411,INR,0,,18:00,18,20:50,20,False,170,170,0,Airbus A320neo,142.0,120.0
2026-10-06,2026-10-06 16:20,2026-10-27,21,DEL,BLR,DEL-BLR,AI,Air India,1,12631,INR,0,,15:00,15,17:45,17,False,165,165,0,Airbus A320neo,142.0,120.0
2026-10-06,2026-10-06 16:20,2026-10-27,21,DEL,BLR,DEL-BLR,SG,SpiceJet,1,17804,INR,0,,20:50,20,23:40,23,False,170,170,0,Airbus A321,151.0,120.0
2026-10-06,2026-10-06 16:20,2026-10-27,21,DEL,BLR,DEL-BLR,SG,SpiceJet,1,18901,INR,0,,15:40,15,17:40,17,False,120,120,0,Boeing 737,141.0,120.0
2026-10-06,2026-10-06 16:20,2026-11-05,30,DEL,BLR,DEL-BLR,QP,Akasa Air,1,9851,INR,0,,08:45,8,11:40,11,False,175,175,0,Boeing 737MAX 8 Passenger,122.0,120.0
2026-10-06,2026-10-06 16:20,2026-11-05,30,DEL,BLR,DEL-BLR,IX,Air India Express,1,9932,INR,1,GOX,05:35,5,15:25,15,False,590,240,350,Airbus A321 | Boeing 737MAX 8 Passenger,195.0,120.0
2026-10-06,2026-10-06 16:20,2026-11-05,30,DEL,BLR,DEL-BLR,AI,Air India,1,9991,INR,0,,06:00,6,08:50,8,False,170,170,0,Airbus A321,176.0,120.0
2026-10-06,2026-10-06 16:20,2026-11-05,30,DEL,BLR,DEL-BLR,AI,Air India,1,9991,INR,0,,07:00,7,09:50,9,False,170,170,0,Airbus A320neo,139.0,120.0
2026-10-06,2026-10-06 16:20,2026-11-05,30,DEL,BLR,DEL-BLR,AI,Air India,1,9991,INR,0,,08:35,8,11:20,11,False,165,165,0,Boeing 787,140.0,120.0
2026-10-06,2026-10-06 16:20,2026-11-05,30,DEL,BLR,DEL-BLR,AI,Air India,1,9991,INR,0,,09:30,9,12:20,12,False,170,170,0,Airbus A320neo,139.0,120.0
2026-10-06,2026-10-06 16:20,2026-11-05,30,DEL,BLR,DEL-BLR,AI,Air India,1,9991,INR,0,,22:00,22,00:55,0,True,175,175,0,Airbus A320neo,139.0,120.0
2026-10-06,2026-10-06 16:20,2026-11-05,30,DEL,BLR,DEL-BLR,IX,Air India Express,1,10079,INR,0,,07:30,7,10:25,10,False,175,175,0,Boeing 737MAX 8 Passenger,138.0,120.0
2026-10-06,2026-10-06 16:20,2026-11-05,30,DEL,BLR,DEL-BLR,IX,Air India Express,1,10079,INR,0,,08:35,8,11:35,11,False,180,180,0,Boeing 737MAX 8 Passenger,138.0,120.0
2026-10-06,2026-10-06 16:20,2026-11-05,30,DEL,BLR,DEL-BLR,AI,Air India,1,10159,INR,0,,12:00,12,14:50,14,False,170,170,0,Airbus A320neo,139.0,120.0
2026-10-06,2026-10-06 16:20,2026-11-05,30,DEL,BLR,DEL-BLR,6E,IndiGo,1,10247,INR,0,,02:45,2,05:40,5,False,175,175,0,Airbus A321neo,119.0,120.0
2026-10-06,2026-10-06 16:20,2026-11-05,30,DEL,BLR,DEL-BLR,6E,IndiGo,1,10247,INR,0,,05:15,5,08:05,8,False,170,170,0,Airbus A321neo,119.0,120.0
2026-10-06,2026-10-06 16:20,2026-11-05,30,DEL,BLR,DEL-BLR,6E,IndiGo,1,10247,INR,0,,06:45,6,09:40,9,False,175,175,0,Airbus A321neo,119.0,120.0
2026-10-06,2026-10-06 16:20,2026-11-05,30,DEL,BLR,DEL-BLR,6E,IndiGo,1,10247,INR,0,,08:15,8,11:10,11,False,175,175,0,Airbus A321neo,119.0,120.0
2026-10-06,2026-10-06 16:20,2026-11-05,30,DEL,BLR,DEL-BLR,6E,IndiGo,1,10247,INR,0,,09:30,9,12:25,12,False,175,175,0,Airbus A321neo,119.0,120.0
2026-10-06,2026-10-06 16:20,2026-11-05,30,DEL,BLR,DEL-BLR,6E,IndiGo,1,10247,INR,0,,12:00,12,14:55,14,False,175,175,0,Airbus A321neo,119.0,120.0
2026-10-06,2026-10-06 16:20,2026-11-05,30,DEL,BLR,DEL-BLR,6E,IndiGo,1,10247,INR,0,,14:20,14,17:20,17,False,180,180,0,Airbus A321neo,119.0,120.0
2026-10-06,2026-10-06 16:20,2026-11-05,30,DEL,BLR,DEL-BLR,6E,IndiGo,1,10247,INR,0,,15:45,15,18:40,18,False,175,175,0,Airbus A321neo,119.0,120.0
2026-10-06,2026-10-06 16:20,2026-11-05,30,DEL,BLR,DEL-BLR,6E,IndiGo,1,10247,INR,0,,21:55,21,00:55,0,True,180,180,0,Airbus A321neo,119.0,120.0
2026-10-06,2026-10-06 16:20,2026-11-05,30,DEL,BLR,DEL-BLR,QP,Akasa Air,1,10392,INR,0,,17:35,17,20:25,20,False,170,170,0,Boeing 737MAX 8 Passenger,121.0,120.0
2026-10-06,2026-10-06 16:20,2026-11-05,30,DEL,BLR,DEL-BLR,AI,Air India,1,10400,INR,0,,11:00,11,13:50,13,False,170,170,0,Airbus A320neo,139.0,120.0
2026-10-06,2026-10-06 16:20,2026-11-05,30,DEL,BLR,DEL-BLR,AI,Air India,1,10579,INR,0,,15:00,15,17:45,17,False,165,165,0,Airbus A320neo,139.0,120.0
2026-10-06,2026-10-06 16:20,2026-11-05,30,DEL,BLR,DEL-BLR,QP,Akasa Air,1,10581,INR,0,,19:05,19,22:00,22,False,175,175,0,Boeing 737MAX 8 Passenger,116.0,120.0
2026-10-06,2026-10-06 16:20,2026-11-05,30,DEL,BLR,DEL-BLR,QP,Akasa Air,1,10581,INR,0,,20:50,20,23:40,23,False,170,170,0,Boeing 737MAX 8 Passenger,122.0,120.0
2026-10-06,2026-10-06 16:20,2026-11-05,30,DEL,BLR,DEL-BLR,6E,IndiGo,1,10661,INR,0,,10:45,10,13:40,13,False,175,175,0,Airbus A321neo,119.0,120.0
2026-10-06,2026-10-06 16:20,2026-11-05,30,DEL,BLR,DEL-BLR,6E,IndiGo,1,10661,INR,0,,18:20,18,21:10,21,False,170,170,0,Airbus A321neo,119.0,120.0
2026-10-06,2026-10-06 16:20,2026-11-05,30,DEL,BLR,DEL-BLR,6E,IndiGo,1,10661,INR,0,,20:45,20,23:40,23,False,175,175,0,Airbus A321neo,119.0,120.0
2026-10-06,2026-10-06 16:20,2026-11-05,30,DEL,BLR,DEL-BLR,6E,IndiGo,1,10661,INR,0,,23:30,23,02:25,2,True,175,175,0,Airbus A321neo,119.0,120.0
2026-10-06,2026-10-06 16:20,2026-11-05,30,DEL,BLR,DEL-BLR,AI,Air India,1,10878,INR,0,,13:00,13,15:50,15,False,170,170,0,Airbus A320neo,139.0,120.0
2026-10-06,2026-10-06 16:20,2026-11-05,30,DEL,BLR,DEL-BLR,AI,Air India,1,10878,INR,0,,20:30,20,23:25,23,False,175,175,0,Airbus A320neo,139.0,120.0
2026-10-06,2026-10-06 16:20,2026-11-05,30,DEL,BLR,DEL-BLR,6E,IndiGo,1,11138,INR,0,,17:00,17,19:55,19,False,175,175,0,Airbus A321neo,119.0,120.0
2026-10-06,2026-10-06 16:20,2026-11-05,30,DEL,BLR,DEL-BLR,AI,Air India,1,11382,INR,0,,00:15,0,03:05,3,False,170,170,0,Airbus A320neo,139.0,120.0
2026-10-06,2026-10-06 16:20,2026-11-05,30,DEL,BLR,DEL-BLR,6E,IndiGo,1,11639,INR,0,,19:30,19,22:25,22,False,175,175,0,Airbus A321neo,119.0,120.0
2026-10-06,2026-10-06 16:20,2026-11-05,30,DEL,BLR,DEL-BLR,AI,Air India,1,11907,INR,0,,18:00,18,20:50,20,False,170,170,0,Airbus A320neo,139.0,120.0
2026-10-06,2026-10-06 16:20,2026-11-05,30,DEL,BLR,DEL-BLR,AI,Air India,1,11907,INR,0,,19:30,19,22:25,22,False,175,175,0,Airbus A320neo,139.0,120.0
2026-10-06,2026-10-06 16:20,2026-11-05,30,DEL,BLR,DEL-BLR,SG,SpiceJet,1,14967,INR,0,,15:40,15,17:40,17,False,120,120,0,Boeing 737,138.0,120.0
2026-10-06,2026-10-06 16:20,2026-11-05,30,DEL,BLR,DEL-BLR,SG,SpiceJet,1,14967,INR,0,,20:50,20,23:40,23,False,170,170,0,Airbus A321,148.0,120.0
2026-10-06,2026-10-06 16:20,2026-11-20,45,DEL,BLR,DEL-BLR,AI,Air India,1,9838,INR,0,,00:15,0,03:05,3,False,170,170,0,Airbus A320neo,139.0,120.0
2026-10-06,2026-10-06 16:20,2026-11-20,45,DEL,BLR,DEL-BLR,6E,IndiGo,1,10247,INR,0,,02:45,2,05:40,5,False,175,175,0,Airbus A321neo,119.0,120.0
2026-10-06,2026-10-06 16:20,2026-11-20,45,DEL,BLR,DEL-BLR,6E,IndiGo,1,10247,INR,0,,06:45,6,09:40,9,False,175,175,0,Airbus A321neo,119.0,120.0
2026-10-06,2026-10-06 16:20,2026-11-20,45,DEL,BLR,DEL-BLR,IX,Air India Express,1,10492,INR,0,,21:10,21,00:10,0,True,180,180,0,Airbus A320neo,134.0,120.0
2026-10-06,2026-10-06 16:20,2026-11-20,45,DEL,BLR,DEL-BLR,QP,Akasa Air,1,10581,INR,0,,20:50,20,23:40,23,False,170,170,0,Boeing 737MAX 8 Passenger,122.0,120.0
2026-10-06,2026-10-06 16:20,2026-11-20,45,DEL,BLR,DEL-BLR,6E,IndiGo,1,10661,INR,0,,21:55,21,00:55,0,True,180,180,0,Airbus A321neo,119.0,120.0
2026-10-06,2026-10-06 16:20,2026-11-20,45,DEL,BLR,DEL-BLR,QP,Akasa Air,1,10771,INR,0,,19:05,19,22:00,22,False,175,175,0,Boeing 737MAX 8 Passenger,119.0,120.0
2026-10-06,2026-10-06 16:20,2026-11-20,45,DEL,BLR,DEL-BLR,QP,Akasa Air,1,10771,INR,0,,22:55,22,02:00,2,True,185,185,0,Boeing 737MAX 8 Passenger,122.0,120.0
2026-10-06,2026-10-06 16:20,2026-11-20,45,DEL,BLR,DEL-BLR,AI,Air India,1,10878,INR,0,,22:00,22,00:55,0,True,175,175,0,Airbus A320neo,139.0,120.0
2026-10-06,2026-10-06 16:20,2026-11-20,45,DEL,BLR,DEL-BLR,IX,Air India Express,1,10976,INR,0,,07:30,7,10:25,10,False,175,175,0,Boeing 737MAX 8 Passenger,138.0,120.0
2026-10-06,2026-10-06 16:20,2026-11-20,45,DEL,BLR,DEL-BLR,AI,Air India,1,11067,INR,0,,12:00,12,14:50,14,False,170,170,0,Airbus A320neo,139.0,120.0
2026-10-06,2026-10-06 16:20,2026-11-20,45,DEL,BLR,DEL-BLR,AI,Air India,1,11067,INR,0,,20:30,20,23:25,23,False,175,175,0,Airbus A320neo,139.0,120.0
2026-10-06,2026-10-06 16:20,2026-11-20,45,DEL,BLR,DEL-BLR,6E,IndiGo,1,11138,INR,0,,14:20,14,17:20,17,False,180,180,0,Airbus A321neo,119.0,120.0
2026-10-06,2026-10-06 16:20,2026-11-20,45,DEL,BLR,DEL-BLR,6E,IndiGo,1,11138,INR,0,,15:45,15,18:40,18,False,175,175,0,Airbus A321neo,119.0,120.0
2026-10-06,2026-10-06 16:20,2026-11-20,45,DEL,BLR,DEL-BLR,6E,IndiGo,1,11138,INR,0,,17:00,17,19:55,19,False,175,175,0,Airbus A321neo,119.0,120.0
2026-10-06,2026-10-06 16:20,2026-11-20,45,DEL,BLR,DEL-BLR,6E,IndiGo,1,11138,INR,0,,18:20,18,21:10,21,False,170,170,0,Airbus A321neo,119.0,120.0
2026-10-06,2026-10-06 16:20,2026-11-20,45,DEL,BLR,DEL-BLR,AI,Air India,1,11382,INR,0,,08:35,8,11:20,11,False,165,165,0,Boeing 787,140.0,120.0
2026-10-06,2026-10-06 16:20,2026-11-20,45,DEL,BLR,DEL-BLR,AI,Air India,1,11382,INR,0,,09:30,9,12:20,12,False,170,170,0,Airbus A320neo,139.0,120.0
2026-10-06,2026-10-06 16:20,2026-11-20,45,DEL,BLR,DEL-BLR,AI,Air India,1,11382,INR,0,,13:00,13,15:50,15,False,170,170,0,Airbus A320neo,139.0,120.0
2026-10-06,2026-10-06 16:20,2026-11-20,45,DEL,BLR,DEL-BLR,AI,Air India,1,11382,INR,0,,19:30,19,22:25,22,False,175,175,0,Airbus A320neo,139.0,120.0
2026-10-06,2026-10-06 16:20,2026-11-20,45,DEL,BLR,DEL-BLR,AI,Air India,1,11676,INR,0,,21:30,21,00:25,0,True,175,175,0,Airbus A320neo,139.0,120.0
2026-10-06,2026-10-06 16:20,2026-11-20,45,DEL,BLR,DEL-BLR,AI,Air India,1,11907,INR,0,,11:00,11,13:50,13,False,170,170,0,Airbus A320neo,139.0,120.0
2026-10-06,2026-10-06 16:20,2026-11-20,45,DEL,BLR,DEL-BLR,AI,Air India,1,11907,INR,0,,18:00,18,20:50,20,False,170,170,0,Airbus A320neo,139.0,120.0
2026-10-06,2026-10-06 16:20,2026-11-20,45,DEL,BLR,DEL-BLR,QP,Akasa Air,1,12004,INR,0,,08:45,8,11:40,11,False,175,175,0,Boeing 737MAX 8 Passenger,122.0,120.0
2026-10-06,2026-10-06 16:20,2026-11-20,45,DEL,BLR,DEL-BLR,AI,Air India,1,12117,INR,0,,15:00,15,17:45,17,False,165,165,0,Airbus A320neo,139.0,120.0
2026-10-06,2026-10-06 16:20,2026-11-20,45,DEL,BLR,DEL-BLR,6E,IndiGo,1,12168,INR,0,,13:15,13,16:10,16,False,175,175,0,Airbus A321neo,119.0,120.0
2026-10-06,2026-10-06 16:20,2026-11-20,45,DEL,BLR,DEL-BLR,6E,IndiGo,1,12168,INR,0,,20:45,20,23:40,23,False,175,175,0,Airbus A321neo,119.0,120.0
2026-10-06,2026-10-06 16:20,2026-11-20,45,DEL,BLR,DEL-BLR,6E,IndiGo,1,12168,INR,0,,23:30,23,02:25,2,True,175,175,0,Airbus A321neo,119.0,120.0
2026-10-06,2026-10-06 16:20,2026-11-20,45,DEL,BLR,DEL-BLR,AI,Air India,1,12463,INR,0,,07:00,7,09:50,9,False,170,170,0,Airbus A320neo,139.0,120.0
2026-10-06,2026-10-06 16:20,2026-11-20,45,DEL,BLR,DEL-BLR,6E,IndiGo,1,12724,INR,0,,08:15,8,11:10,11,False,175,175,0,Airbus A321neo,119.0,120.0
2026-10-06,2026-10-06 16:20,2026-11-20,45,DEL,BLR,DEL-BLR,6E,IndiGo,1,12724,INR,0,,10:45,10,13:40,13,False,175,175,0,Airbus A321neo,119.0,120.0
2026-10-06,2026-10-06 16:20,2026-11-20,45,DEL,BLR,DEL-BLR,6E,IndiGo,1,12724,INR,0,,12:00,12,14:55,14,False,175,175,0,Airbus A321neo,119.0,120.0
2026-10-06,2026-10-06 16:20,2026-11-20,45,DEL,BLR,DEL-BLR,6E,IndiGo,1,12724,INR,0,,19:30,19,22:25,22,False,175,175,0,Airbus A321neo,119.0,120.0
2026-10-06,2026-10-06 16:20,2026-11-20,45,DEL,BLR,DEL-BLR,6E,IndiGo,1,13311,INR,0,,09:30,9,12:25,12,False,175,175,0,Airbus A321neo,119.0,120.0
2026-10-06,2026-10-06 16:20,2026-11-20,45,DEL,BLR,DEL-BLR,SG,SpiceJet,1,14967,INR,0,,06:30,6,09:25,9,False,175,175,0,Boeing 737,138.0,120.0
2026-10-06,2026-10-06 16:20,2026-11-20,45,DEL,BLR,DEL-BLR,SG,SpiceJet,1,14967,INR,0,,15:40,15,17:40,17,False,120,120,0,Boeing 737,138.0,120.0
2026-10-06,2026-10-06 16:20,2026-11-20,45,DEL,BLR,DEL-BLR,SG,SpiceJet,1,14967,INR,0,,20:50,20,23:40,23,False,170,170,0,Airbus A321,148.0,120.0
2026-10-06,2026-10-06 16:20,2026-12-05,60,DEL,BLR,DEL-BLR,6E,IndiGo,1,10168,INR,1,IXU,17:15,17,21:45,21,False,270,200,70,Airbus A321neo | Airbus A320neo,138.0,120.0
2026-10-06,2026-10-06 16:20,2026-12-05,60,DEL,BLR,DEL-BLR,6E,IndiGo,1,10247,INR,0,,02:45,2,05:40,5,False,175,175,0,Airbus A321neo,117.0,120.0
2026-10-06,2026-10-06 16:20,2026-12-05,60,DEL,BLR,DEL-BLR,6E,IndiGo,1,10247,INR,0,,05:15,5,08:05,8,False,170,170,0,Airbus A321neo,117.0,120.0
2026-10-06,2026-10-06 16:20,2026-12-05,60,DEL,BLR,DEL-BLR,6E,IndiGo,1,10247,INR,0,,06:45,6,09:40,9,False,175,175,0,Airbus A321neo,117.0,120.0
2026-10-06,2026-10-06 16:20,2026-12-05,60,DEL,BLR,DEL-BLR,6E,IndiGo,1,10247,INR,0,,08:15,8,11:10,11,False,175,175,0,Airbus A321neo,117.0,120.0
2026-10-06,2026-10-06 16:20,2026-12-05,60,DEL,BLR,DEL-BLR,6E,IndiGo,1,10247,INR,0,,09:30,9,12:25,12,False,175,175,0,Airbus A321neo,117.0,120.0
2026-10-06,2026-10-06 16:20,2026-12-05,60,DEL,BLR,DEL-BLR,6E,IndiGo,1,10247,INR,0,,14:20,14,17:20,17,False,180,180,0,Airbus A321neo,117.0,120.0
2026-10-06,2026-10-06 16:20,2026-12-05,60,DEL,BLR,DEL-BLR,6E,IndiGo,1,10247,INR,0,,21:55,21,00:55,0,True,180,180,0,Airbus A321neo,117.0,120.0
2026-10-06,2026-10-06 16:20,2026-12-05,60,DEL,BLR,DEL-BLR,6E,IndiGo,1,10661,INR,0,,10:45,10,13:40,13,False,175,175,0,Airbus A321neo,117.0,120.0
2026-10-06,2026-10-06 16:20,2026-12-05,60,DEL,BLR,DEL-BLR,6E,IndiGo,1,10661,INR,0,,12:00,12,14:55,14,False,175,175,0,Airbus A321neo,117.0,120.0
2026-10-06,2026-10-06 16:20,2026-12-05,60,DEL,BLR,DEL-BLR,6E,IndiGo,1,10661,INR,0,,13:15,13,16:10,16,False,175,175,0,Airbus A321neo,117.0,120.0
2026-10-06,2026-10-06 16:20,2026-12-05,60,DEL,BLR,DEL-BLR,6E,IndiGo,1,10661,INR,0,,15:45,15,18:40,18,False,175,175,0,Airbus A321neo,117.0,120.0
2026-10-06,2026-10-06 16:20,2026-12-05,60,DEL,BLR,DEL-BLR,6E,IndiGo,1,10661,INR,0,,17:00,17,19:55,19,False,175,175,0,Airbus A321neo,117.0,120.0
2026-10-06,2026-10-06 16:20,2026-12-05,60,DEL,BLR,DEL-BLR,6E,IndiGo,1,10661,INR,0,,19:30,19,22:25,22,False,175,175,0,Airbus A321neo,117.0,120.0
2026-10-06,2026-10-06 16:20,2026-12-05,60,DEL,BLR,DEL-BLR,6E,IndiGo,1,10661,INR,0,,20:45,20,23:40,23,False,175,175,0,Airbus A321neo,117.0,120.0
2026-10-06,2026-10-06 16:20,2026-12-05,60,DEL,BLR,DEL-BLR,6E,IndiGo,1,11138,INR,0,,18:20,18,21:10,21,False,170,170,0,Airbus A321neo,117.0,120.0
2026-10-06,2026-10-06 16:20,2026-12-05,60,DEL,BLR,DEL-BLR,QP,Akasa Air,1,11166,INR,0,,08:45,8,11:40,11,False,175,175,0,Boeing 737MAX 8 Passenger,119.0,120.0
2026-10-06,2026-10-06 16:20,2026-12-05,60,DEL,BLR,DEL-BLR,QP,Akasa Air,1,11166,INR,0,,20:50,20,23:40,23,False,170,170,0,Boeing 737MAX 8 Passenger,119.0,120.0
2026-10-06,2026-10-06 16:20,2026-12-05,60,DEL,BLR,DEL-BLR,AI,Air India,1,11382,INR,0,,09:30,9,12:20,12,False,170,170,0,Airbus A320neo,135.0,120.0
2026-10-06,2026-10-06 16:20,2026-12-05,60,DEL,BLR,DEL-BLR,QP,Akasa Air,1,11575,INR,0,,17:35,17,20:25,20,False,170,170,0,Boeing 737MAX 8 Passenger,119.0,120.0
2026-10-06,2026-10-06 16:20,2026-12-05,60,DEL,BLR,DEL-BLR,QP,Akasa Air,1,11575,INR,0,,19:05,19,22:00,22,False,175,175,0,Boeing 737MAX 8 Passenger,114.0,120.0
2026-10-06,2026-10-06 16:20,2026-12-05,60,DEL,BLR,DEL-BLR,AI,Air India,1,11907,INR,0,,20:30,20,23:25,23,False,175,175,0,Airbus A320neo,135.0,120.0
2026-10-06,2026-10-06 16:20,2026-12-05,60,DEL,BLR,DEL-BLR,AI,Air India,1,11907,INR,0,,21:30,21,00:25,0,True,175,175,0,Airbus A320neo,135.0,120.0
2026-10-06,2026-10-06 16:20,2026-12-05,60,DEL,BLR,DEL-BLR,IX,Air India Express,1,12504,INR,0,,07:30,7,10:25,10,False,175,175,0,Boeing 737MAX 8 Passenger,134.0,120.0
2026-10-06,2026-10-06 16:20,2026-12-05,60,DEL,BLR,DEL-BLR,IX,Air India Express,1,12504,INR,0,,21:10,21,00:10,0,True,180,180,0,Airbus A320neo,131.0,120.0
2026-10-06,2026-10-06 16:20,2026-12-05,60,DEL,BLR,DEL-BLR,AI,Air India,1,12684,INR,0,,08:35,8,11:20,11,False,165,165,0,Boeing 787,136.0,120.0
2026-10-06,2026-10-06 16:20,2026-12-05,60,DEL,BLR,DEL-BLR,AI,Air India,1,12904,INR,0,,11:00,11,13:50,13,False,170,170,0,Airbus A320neo,135.0,120.0
2026-10-06,2026-10-06 16:20,2026-12-05,60,DEL,BLR,DEL-BLR,AI,Air India,1,13015,INR,0,,12:00,12,14:50,14,False,170,170,0,Airbus A320neo,135.0,120.0
2026-10-06,2026-10-06 16:20,2026-12-05,60,DEL,BLR,DEL-BLR,AI,Air India,1,13398,INR,0,,00:15,0,03:05,3,False,170,170,0,Airbus A320neo,135.0,120.0
2026-10-06,2026-10-06 16:20,2026-12-05,60,DEL,BLR,DEL-BLR,AI,Air India,1,13398,INR,0,,06:00,6,08:50,8,False,170,170,0,Airbus A321,171.0,120.0
2026-10-06,2026-10-06 16:20,2026-12-05,60,DEL,BLR,DEL-BLR,AI,Air India,1,13398,INR,0,,13:00,13,15:50,15,False,170,170,0,Airbus A320neo,135.0,120.0
2026-10-06,2026-10-06 16:20,2026-12-05,60,DEL,BLR,DEL-BLR,AI,Air India,1,13398,INR,0,,18:00,18,20:50,20,False,170,170,0,Airbus A320neo,135.0,120.0
2026-10-06,2026-10-06 16:20,2026-12-05,60,DEL,BLR,DEL-BLR,AI,Air India,1,13398,INR,0,,19:30,19,22:25,22,False,175,175,0,Airbus A320neo,135.0,120.0
2026-10-06,2026-10-06 16:20,2026-12-05,60,DEL,BLR,DEL-BLR,AI,Air India,1,13639,INR,0,,15:00,15,17:45,17,False,165,165,0,Airbus A320neo,135.0,120.0
2026-10-06,2026-10-06 16:20,2026-12-05,60,DEL,BLR,DEL-BLR,SG,SpiceJet,1,16786,INR,0,,06:30,6,09:25,9,False,175,175,0,Boeing 737,136.0,120.0
2026-10-06,2026-10-06 16:20,2026-12-05,60,DEL,BLR,DEL-BLR,SG,SpiceJet,1,16786,INR,0,,20:50,20,23:40,23,False,170,170,0,Airbus A321,146.0,120.0
2026-10-06,2026-10-06 16:20,2026-10-07,1,BOM,BLR,BOM-BLR,QP,Akasa Air,1,6023,INR,0,,00:40,0,02:35,2,False,115,115,0,Boeing 737MAX 8 Passenger,74.0,70.0
2026-10-06,2026-10-06 16:20,2026-10-07,1,BOM,BLR,BOM-BLR,QP,Akasa Air,1,6994,INR,0,,09:25,9,11:25,11,False,120,120,0,Boeing 737MAX 8 Passenger,74.0,70.0
2026-10-06,2026-10-06 16:20,2026-10-07,1,BOM,BLR,BOM-BLR,AI,Air India,1,7059,INR,0,,12:00,12,14:05,14,False,125,125,0,Airbus A320neo,83.0,70.0
2026-10-06,2026-10-06 16:20,2026-10-07,1,BOM,BLR,BOM-BLR,6E,IndiGo,1,7216,INR,0,,11:00,11,12:55,12,False,115,115,0,Airbus A321neo,70.0,70.0
2026-10-06,2026-10-06 16:20,2026-10-07,1,BOM,BLR,BOM-BLR,6E,IndiGo,1,7216,INR,0,,12:30,12,14:25,14,False,115,115,0,Airbus A321neo,70.0,70.0
2026-10-06,2026-10-06 16:20,2026-10-07,1,BOM,BLR,BOM-BLR,6E,IndiGo,1,7216,INR,0,,14:30,14,16:25,16,False,115,115,0,Airbus A321neo,70.0,70.0
2026-10-06,2026-10-06 16:20,2026-10-07,1,BOM,BLR,BOM-BLR,6E,IndiGo,1,7216,INR,0,,15:35,15,17:25,17,False,110,110,0,Airbus A321neo,70.0,70.0
2026-10-06,2026-10-06 16:20,2026-10-07,1,BOM,BLR,BOM-BLR,6E,IndiGo,1,7216,INR,0,,17:00,17,18:55,18,False,115,115,0,Airbus A321neo,70.0,70.0
2026-10-06,2026-10-06 16:20,2026-10-07,1,BOM,BLR,BOM-BLR,6E,IndiGo,1,7216,INR,0,,22:20,22,00:20,0,True,120,120,0,Airbus A321neo,70.0,70.0
2026-10-06,2026-10-06 16:20,2026-10-07,1,BOM,BLR,BOM-BLR,AI,Air India,1,7295,INR,0,,10:00,10,12:05,12,False,125,125,0,Airbus A320neo,83.0,70.0
2026-10-06,2026-10-06 16:20,2026-10-07,1,BOM,BLR,BOM-BLR,AI,Air India,1,7374,INR,0,,23:30,23,01:35,1,True,125,125,0,Airbus A320neo,83.0,70.0
2026-10-06,2026-10-06 16:20,2026-10-07,1,BOM,BLR,BOM-BLR,6E,IndiGo,1,7531,INR,0,,09:50,9,11:55,11,False,125,125,0,Airbus A321neo,70.0,70.0
2026-10-06,2026-10-06 16:20,2026-10-07,1,BOM,BLR,BOM-BLR,QP,Akasa Air,1,7549,INR,0,,23:20,23,01:10,1,True,110,110,0,Boeing 737MAX 8 Passenger,70.0,70.0
2026-10-06,2026-10-06 16:20,2026-10-07,1,BOM,BLR,BOM-BLR,AI,Air India,1,7689,INR,0,,05:30,5,07:35,7,False,125,125,0,Airbus A321,105.0,70.0
2026-10-06,2026-10-06 16:20,2026-10-07,1,BOM,BLR,BOM-BLR,QP,Akasa Air,1,8819,INR,0,,21:45,21,23:35,23,False,110,110,0,Boeing 737MAX 8 Passenger,71.0,70.0
2026-10-06,2026-10-06 16:20,2026-10-07,1,BOM,BLR,BOM-BLR,6E,IndiGo,1,10261,INR,0,,06:15,6,08:00,8,False,105,105,0,Airbus A321neo,70.0,70.0
2026-10-06,2026-10-06 16:20,2026-10-07,1,BOM,BLR,BOM-BLR,6E,IndiGo,1,10261,INR,0,,18:30,18,20:25,20,False,115,115,0,Airbus A321neo,70.0,70.0
2026-10-06,2026-10-06 16:20,2026-10-07,1,BOM,BLR,BOM-BLR,AI,Air India,1,10744,INR,0,,17:30,17,19:35,19,False,125,125,0,Airbus A320neo,83.0,70.0
2026-10-06,2026-10-06 16:20,2026-10-07,1,BOM,BLR,BOM-BLR,6E,IndiGo,1,10891,INR,0,,21:30,21,23:25,23,False,115,115,0,Airbus A321neo,70.0,70.0
2026-10-06,2026-10-06 16:20,2026-10-07,1,BOM,BLR,BOM-BLR,QP,Akasa Air,1,12159,INR,0,,19:40,19,21:45,21,False,125,125,0,Boeing 737MAX 8 Passenger,74.0,70.0
2026-10-06,2026-10-06 16:20,2026-10-07,1,BOM,BLR,BOM-BLR,6E,IndiGo,1,12256,INR,0,,19:50,19,21:45,21,False,115,115,0,Airbus A321neo,70.0,70.0
2026-10-06,2026-10-06 16:20,2026-10-07,1,BOM,BLR,BOM-BLR,QP,Akasa Air,1,16240,INR,0,,08:45,8,10:40,10,False,115,115,0,Boeing 737MAX 8 Passenger,73.0,70.0
2026-10-06,2026-10-06 16:20,2026-10-07,1,BOM,BLR,BOM-BLR,AI,Air India,1,16672,INR,0,,07:55,7,10:05,10,False,130,130,0,Airbus A320neo,83.0,70.0
2026-10-06,2026-10-06 16:20,2026-10-07,1,BOM,BLR,BOM-BLR,AI,Air India,1,17291,INR,0,,06:35,6,08:35,8,False,120,120,0,Airbus A320neo,83.0,70.0
2026-10-06,2026-10-06 16:20,2026-10-07,1,BOM,BLR,BOM-BLR,AI,Air India,1,17449,INR,0,,19:45,19,21:50,21,False,125,125,0,Airbus A320neo,83.0,70.0
2026-10-06,2026-10-06 16:20,2026-10-07,1,BOM,BLR,BOM-BLR,AI,Air India,1,17601,INR,0,,18:30,18,20:35,20,False,125,125,0,Airbus A320neo,83.0,70.0
2026-10-06,2026-10-06 16:20,2026-10-07,1,BOM,BLR,BOM-BLR,AI,Air India,1,19969,INR,0,,20:45,20,22:45,22,False,120,120,0,Airbus A320neo,83.0,70.0
2026-10-06,2026-10-06 16:20,2026-10-09,3,BOM,BLR,BOM-BLR,6E,IndiGo,1,5584,INR,0,,01:10,1,03:05,3,False,115,115,0,Airbus A321neo,70.0,70.0
2026-10-06,2026-10-06 16:20,2026-10-09,3,BOM,BLR,BOM-BLR,QP,Akasa Air,1,6994,INR,0,,09:25,9,11:20,11,False,115,115,0,Boeing 737MAX 8 Passenger,74.0,70.0
2026-10-06,2026-10-06 16:20,2026-10-09,3,BOM,BLR,BOM-BLR,AI,Air India,1,7059,INR,0,,06:35,6,08:35,8,False,120,120,0,Airbus A320neo,83.0,70.0
2026-10-06,2026-10-06 16:20,2026-10-09,3,BOM,BLR,BOM-BLR,AI,Air India,1,7059,INR,0,,07:55,7,10:05,10,False,130,130,0,Airbus A320neo,83.0,70.0
2026-10-06,2026-10-06 16:20,2026-10-09,3,BOM,BLR,BOM-BLR,AI,Air India,1,7059,INR,0,,15:25,15,17:35,17,False,130,130,0,Airbus A320neo,83.0,70.0
2026-10-06,2026-10-06 16:20,2026-10-09,3,BOM,BLR,BOM-BLR,6E,IndiGo,1,7216,INR,0,,06:15,6,08:00,8,False,105,105,0,Airbus A321neo,70.0,70.0
2026-10-06,2026-10-06 16:20,2026-10-09,3,BOM,BLR,BOM-BLR,6E,IndiGo,1,7216,INR,0,,09:50,9,11:55,11,False,125,125,0,Airbus A321neo,70.0,70.0
2026-10-06,2026-10-06 16:20,2026-10-09,3,BOM,BLR,BOM-BLR,6E,IndiGo,1,7216,INR,0,,12:30,12,14:25,14,False,115,115,0,Airbus A321neo,70.0,70.0
2026-10-06,2026-10-06 16:20,2026-10-09,3,BOM,BLR,BOM-BLR,6E,IndiGo,1,7216,INR,0,,14:30,14,16:25,16,False,115,115,0,Airbus A321neo,70.0,70.0
2026-10-06,2026-10-06 16:20,2026-10-09,3,BOM,BLR,BOM-BLR,AI,Air India,1,7295,INR,0,,10:00,10,12:05,12,False,125,125,0,Airbus A320neo,83.0,70.0
2026-10-06,2026-10-06 16:20,2026-10-09,3,BOM,BLR,BOM-BLR,AI,Air India,1,7374,INR,0,,12:00,12,14:05,14,False,125,125,0,Airbus A320neo,83.0,70.0
2026-10-06,2026-10-06 16:20,2026-10-09,3,BOM,BLR,BOM-BLR,AI,Air India,1,7374,INR,0,,23:40,23,01:40,1,True,120,120,0,Airbus A321,109.0,70.0
2026-10-06,2026-10-06 16:20,2026-10-09,3,BOM,BLR,BOM-BLR,AI,Air India,1,7500,INR,0,,23:30,23,01:35,1,True,125,125,0,Airbus A320neo,83.0,70.0
2026-10-06,2026-10-06 16:20,2026-10-09,3,BOM,BLR,BOM-BLR,6E,IndiGo,1,7531,INR,0,,07:45,7,09:45,9,False,120,120,0,Airbus A321neo,70.0,70.0
2026-10-06,2026-10-06 16:20,2026-10-09,3,BOM,BLR,BOM-BLR,6E,IndiGo,1,7531,INR,0,,11:00,11,12:55,12,False,115,115,0,Airbus A321neo,70.0,70.0
2026-10-06,2026-10-06 16:20,2026-10-09,3,BOM,BLR,BOM-BLR,6E,IndiGo,1,9211,INR,0,,15:35,15,17:25,17,False,110,110,0,Airbus A321neo,70.0,70.0
2026-10-06,2026-10-06 16:20,2026-10-09,3,BOM,BLR,BOM-BLR,AI,Air India,1,10744,INR,0,,17:30,17,19:35,19,False,125,125,0,Airbus A320neo,83.0,70.0
2026-10-06,2026-10-06 16:20,2026-10-09,3,BOM,BLR,BOM-BLR,AI,Air India,1,10834,INR,0,,19:45,19,21:50,21,False,125,125,0,Airbus A320neo,83.0,70.0
2026-10-06,2026-10-06 16:20,2026-10-09,3,BOM,BLR,BOM-BLR,AI,Air India,1,10834,INR,0,,20:45,20,22:45,22,False,120,120,0,Airbus A320neo,83.0,70.0
2026-10-06,2026-10-06 16:20,2026-10-09,3,BOM,BLR,BOM-BLR,6E,IndiGo,1,11521,INR,0,,22:20,22,00:20,0,True,120,120,0,Airbus A321neo,70.0,70.0
2026-10-06,2026-10-06 16:20,2026-10-09,3,BOM,BLR,BOM-BLR,QP,Akasa Air,1,13753,INR,0,,21:45,21,23:35,23,False,110,110,0,Boeing 737MAX 8 Passenger,71.0,70.0
2026-10-06,2026-10-06 16:20,2026-10-09,3,BOM,BLR,BOM-BLR,6E,IndiGo,1,13831,INR,0,,17:00,17,18:55,18,False,115,115,0,Airbus A321neo,70.0,70.0
2026-10-06,2026-10-06 16:20,2026-10-09,3,BOM,BLR,BOM-BLR,AI,Air India,1,14992,INR,0,,18:30,18,20:35,20,False,125,125,0,Airbus A320neo,83.0,70.0
2026-10-06,2026-10-06 16:20,2026-10-09,3,BOM,BLR,BOM-BLR,6E,IndiGo,1,15721,INR,0,,18:30,18,20:25,20,False,115,115,0,Airbus A321neo,70.0,70.0
2026-10-06,2026-10-06 16:20,2026-10-09,3,BOM,BLR,BOM-BLR,6E,IndiGo,1,16981,INR,0,,19:50,19,21:45,21,False,115,115,0,Airbus A321neo,70.0,70.0
2026-10-06,2026-10-06 16:20,2026-10-09,3,BOM,BLR,BOM-BLR,QP,Akasa Air,1,17662,INR,0,,19:40,19,21:45,21,False,125,125,0,Boeing 737MAX 8 Passenger,70.0,70.0
2026-10-06,2026-10-06 16:20,2026-10-09,3,BOM,BLR,BOM-BLR,6E,IndiGo,1,18451,INR,0,,21:30,21,23:25,23,False,115,115,0,Airbus A321neo,70.0,70.0
2026-10-06,2026-10-06 16:20,2026-10-13,7,BOM,BLR,BOM-BLR,AI,Air India,1,5048,INR,0,,05:30,5,07:35,7,False,125,125,0,Airbus A321,105.0,70.0
2026-10-06,2026-10-06 16:20,2026-10-13,7,BOM,BLR,BOM-BLR,6E,IndiGo,1,5204,INR,0,,01:10,1,03:05,3,False,115,115,0,Airbus A321neo,70.0,70.0
2026-10-06,2026-10-06 16:20,2026-10-13,7,BOM,BLR,BOM-BLR,QP,Akasa Air,1,5400,INR,0,,00:40,0,02:35,2,False,115,115,0,Boeing 737MAX 8 Passenger,73.0,70.0
2026-10-06,2026-10-06 16:20,2026-10-13,7,BOM,BLR,BOM-BLR,AI,Air India,1,5426,INR,0,,23:30,23,01:35,1,True,125,125,0,Airbus A320neo,83.0,70.0
2026-10-06,2026-10-06 16:20,2026-10-13,7,BOM,BLR,BOM-BLR,AI,Air India,1,6523,INR,0,,06:35,6,08:35,8,False,120,120,0,Airbus A320neo,83.0,70.0
2026-10-06,2026-10-06 16:20,2026-10-13,7,BOM,BLR,BOM-BLR,AI,Air India,1,6733,INR,0,,07:55,7,10:05,10,False,130,130,0,Airbus A320neo,83.0,70.0
2026-10-06,2026-10-06 16:20,2026-10-13,7,BOM,BLR,BOM-BLR,AI,Air India,1,6733,INR,0,,10:00,10,12:05,12,False,125,125,0,Airbus A320neo,83.0,70.0
2026-10-06,2026-10-06 16:20,2026-10-13,7,BOM,BLR,BOM-BLR,AI,Air India,1,7080,INR,0,,12:00,12,14:05,14,False,125,125,0,Airbus A320neo,83.0,70.0
2026-10-06,2026-10-06 16:20,2026-10-13,7,BOM,BLR,BOM-BLR,AI,Air India,1,7080,INR,0,,15:25,15,17:35,17,False,130,130,0,Airbus A320neo,83.0,70.0
2026-10-06,2026-10-06 16:20,2026-10-13,7,BOM,BLR,BOM-BLR,AI,Air India,1,7080,INR,0,,19:45,19,21:50,21,False,125,125,0,Airbus A320neo,83.0,70.0
2026-10-06,2026-10-06 16:20,2026-10-13,7,BOM,BLR,BOM-BLR,6E,IndiGo,1,7216,INR,0,,06:15,6,08:00,8,False,105,105,0,Airbus A321neo,70.0,70.0
2026-10-06,2026-10-06 16:20,2026-10-13,7,BOM,BLR,BOM-BLR,6E,IndiGo,1,7216,INR,0,,07:45,7,09:45,9,False,120,120,0,Airbus A321neo,70.0,70.0
2026-10-06,2026-10-06 16:20,2026-10-13,7,BOM,BLR,BOM-BLR,6E,IndiGo,1,7216,INR,0,,09:50,9,11:55,11,False,125,125,0,Airbus A321neo,70.0,70.0
2026-10-06,2026-10-06 16:20,2026-10-13,7,BOM,BLR,BOM-BLR,6E,IndiGo,1,7216,INR,0,,11:00,11,12:55,12,False,115,115,0,Airbus A321neo,70.0,70.0
2026-10-06,2026-10-06 16:20,2026-10-13,7,BOM,BLR,BOM-BLR,6E,IndiGo,1,7216,INR,0,,12:30,12,14:25,14,False,115,115,0,Airbus A321neo,70.0,70.0
2026-10-06,2026-10-06 16:20,2026-10-13,7,BOM,BLR,BOM-BLR,6E,IndiGo,1,7216,INR,0,,14:30,14,16:25,16,False,115,115,0,Airbus A321neo,70.0,70.0
2026-10-06,2026-10-06 16:20,2026-10-13,7,BOM,BLR,BOM-BLR,6E,IndiGo,1,7216,INR,0,,15:35,15,17:25,17,False,110,110,0,Airbus A321neo,70.0,70.0
2026-10-06,2026-10-06 16:20,2026-10-13,7,BOM,BLR,BOM-BLR,6E,IndiGo,1,7216,INR,0,,17:00,17,18:55,18,False,115,115,0,Airbus A321neo,70.0,70.0
2026-10-06,2026-10-06 16:20,2026-10-13,7,BOM,BLR,BOM-BLR,6E,IndiGo,1,7216,INR,0,,18:30,18,20:15,20,False,105,105,0,Airbus A321neo,70.0,70.0
2026-10-06,2026-10-06 16:20,2026-10-13,7,BOM,BLR,BOM-BLR,6E,IndiGo,1,7216,INR,0,,21:30,21,23:25,23,False,115,115,0,Airbus A321neo,70.0,70.0
2026-10-06,2026-10-06 16:20,2026-10-13,7,BOM,BLR,BOM-BLR,6E,IndiGo,1,7216,INR,0,,22:20,22,00:20,0,True,120,120,0,Airbus A321neo,70.0,70.0
2026-10-06,2026-10-06 16:20,2026-10-13,7,BOM,BLR,BOM-BLR,AI,Air India,1,7316,INR,0,,17:30,17,19:35,19,False,125,125,0,Airbus A320neo,83.0,70.0
2026-10-06,2026-10-06 16:20,2026-10-13,7,BOM,BLR,BOM-BLR,AI,Air India,1,7374,INR,0,,20:45,20,22:45,22,False,120,120,0,Airbus A320neo,83.0,70.0
2026-10-06,2026-10-06 16:20,2026-10-13,7,BOM,BLR,BOM-BLR,6E,IndiGo,1,7531,INR,0,,19:50,19,21:45,21,False,115,115,0,Airbus A321neo,70.0,70.0
2026-10-06,2026-10-06 16:20,2026-10-13,7,BOM,BLR,BOM-BLR,AI,Air India,1,7720,INR,0,,18:30,18,20:35,20,False,125,125,0,Airbus A320neo,83.0,70.0
2026-10-06,2026-10-06 16:20,2026-10-13,7,BOM,BLR,BOM-BLR,QP,Akasa Air,1,7845,INR,0,,19:40,19,21:45,21,False,125,125,0,Boeing 737MAX 8 Passenger,74.0,70.0
2026-10-06,2026-10-06 16:20,2026-10-13,7,BOM,BLR,BOM-BLR,QP,Akasa Air,1,7845,INR,0,,21:45,21,23:35,23,False,110,110,0,Boeing 737MAX 8 Passenger,71.0,70.0
2026-10-06,2026-10-06 16:20,2026-10-13,7,BOM,BLR,BOM-BLR,QP,Akasa Air,1,8480,INR,0,,08:20,8,10:10,10,False,110,110,0,Boeing 737MAX 8 Passenger,71.0,70.0
2026-10-06,2026-10-06 16:20,2026-10-20,14,BOM,BLR,BOM-BLR,QP,Akasa Air,1,5599,INR,0,,00:40,0,02:35,2,False,115,115,0,Boeing 737MAX 8 Passenger,73.0,70.0
2026-10-06,2026-10-06 16:20,2026-10-20,14,BOM,BLR,BOM-BLR,SG,SpiceJet,1,6468,INR,0,,00:45,0,02:45,2,False,120,120,0,Boeing 737,83.0,70.0
2026-10-06,2026-10-06 16:20,2026-10-20,14,BOM,BLR,BOM-BLR,SG,SpiceJet,1,6468,INR,0,,09:00,9,11:00,11,False,120,120,0,Boeing 737,83.0,70.0
2026-10-06,2026-10-06 16:20,2026-10-20,14,BOM,BLR,BOM-BLR,AI,Air India,1,6728,INR,0,,05:30,5,07:35,7,False,125,125,0,Airbus A321,105.0,70.0
2026-10-06,2026-10-06 16:20,2026-10-20,14,BOM,BLR,BOM-BLR,AI,Air India,1,7080,INR,0,,07:55,7,10:05,10,False,130,130,0,Airbus A320neo,83.0,70.0
2026-10-06,2026-10-06 16:20,2026-10-20,14,BOM,BLR,BOM-BLR,6E,IndiGo,1,7216,INR,0,,06:15,6,08:00,8,False,105,105,0,Airbus A321neo,70.0,70.0
2026-10-06,2026-10-06 16:20,2026-10-20,14,BOM,BLR,BOM-BLR,6E,IndiGo,1,7216,INR,0,,07:45,7,09:45,9,False,120,120,0,Airbus A321neo,70.0,70.0
2026-10-06,2026-10-06 16:20,2026-10-20,14,BOM,BLR,BOM-BLR,6E,IndiGo,1,7216,INR,0,,09:50,9,11:55,11,False,125,125,0,Airbus A321neo,70.0,70.0
2026-10-06,2026-10-06 16:20,2026-10-20,14,BOM,BLR,BOM-BLR,6E,IndiGo,1,7216,INR,0,,21:30,21,23:25,23,False,115,115,0,Airbus A321neo,70.0,70.0
2026-10-06,2026-10-06 16:20,2026-10-20,14,BOM,BLR,BOM-BLR,6E,IndiGo,1,7216,INR,0,,22:20,22,00:20,0,True,120,120,0,Airbus A321neo,70.0,70.0
2026-10-06,2026-10-06 16:20,2026-10-20,14,BOM,BLR,BOM-BLR,AI,Air India,1,7316,INR,0,,10:00,10,12:05,12,False,125,125,0,Airbus A320neo,83.0,70.0
2026-10-06,2026-10-06 16:20,2026-10-20,14,BOM,BLR,BOM-BLR,SG,SpiceJet,1,7364,INR,0,,20:50,20,22:50,22,False,120,120,0,Boeing 737,83.0,70.0
2026-10-06,2026-10-06 16:20,2026-10-20,14,BOM,BLR,BOM-BLR,AI,Air India,1,7474,INR,0,,12:00,12,14:05,14,False,125,125,0,Airbus A320neo,83.0,70.0
2026-10-06,2026-10-06 16:20,2026-10-20,14,BOM,BLR,BOM-BLR,AI,Air India,1,7474,INR,0,,23:30,23,01:35,1,True,125,125,0,Airbus A320neo,83.0,70.0
2026-10-06,2026-10-06 16:20,2026-10-20,14,BOM,BLR,BOM-BLR,QP,Akasa Air,1,7549,INR,0,,21:45,21,23:35,23,False,110,110,0,Boeing 737MAX 8 Passenger,71.0,70.0
2026-10-06,2026-10-06 16:20,2026-10-20,14,BOM,BLR,BOM-BLR,AI,Air India,1,7720,INR,0,,06:35,6,08:35,8,False,120,120,0,Airbus A320neo,83.0,70.0
2026-10-06,2026-10-06 16:20,2026-10-20,14,BOM,BLR,BOM-BLR,AI,Air India,1,7783,INR,0,,20:45,20,22:45,22,False,120,120,0,Airbus A320neo,83.0,70.0
2026-10-06,2026-10-06 16:20,2026-10-20,14,BOM,BLR,BOM-BLR,QP,Akasa Air,1,7845,INR,0,,08:20,8,10:10,10,False,110,110,0,Boeing 737MAX 8 Passenger,71.0,70.0
2026-10-06,2026-10-06 16:20,2026-10-20,14,BOM,BLR,BOM-BLR,6E,IndiGo,1,7846,INR,0,,11:00,11,12:55,12,False,115,115,0,Airbus A321neo,70.0,70.0
2026-10-06,2026-10-06 16:20,2026-10-20,14,BOM,BLR,BOM-BLR,6E,IndiGo,1,7846,INR,0,,12:30,12,14:25,14,False,115,115,0,Airbus A321neo,70.0,70.0
2026-10-06,2026-10-06 16:20,2026-10-20,14,BOM,BLR,BOM-BLR,6E,IndiGo,1,7846,INR,0,,14:30,14,16:25,16,False,115,115,0,Airbus A321neo,70.0,70.0
2026-10-06,2026-10-06 16:20,2026-10-20,14,BOM,BLR,BOM-BLR,AI,Air India,1,7894,INR,0,,02:05,2,04:10,4,False,125,125,0,Airbus A320neo,83.0,70.0
2026-10-06,2026-10-06 16:20,2026-10-20,14,BOM,BLR,BOM-BLR,AI,Air India,1,7894,INR,0,,15:25,15,17:35,17,False,130,130,0,Airbus A320neo,83.0,70.0
2026-10-06,2026-10-06 16:20,2026-10-20,14,BOM,BLR,BOM-BLR,AI,Air India,1,7894,INR,0,,19:45,19,21:50,21,False,125,125,0,Airbus A320neo,83.0,70.0
2026-10-06,2026-10-06 16:20,2026-10-20,14,BOM,BLR,BOM-BLR,6E,IndiGo,1,8266,INR,0,,15:35,15,17:25,17,False,110,110,0,Airbus A321neo,70.0,70.0
2026-10-06,2026-10-06 16:20,2026-10-20,14,BOM,BLR,BOM-BLR,6E,IndiGo,1,8686,INR,0,,19:50,19,21:45,21,False,115,115,0,Airbus A321neo,70.0,70.0
2026-10-06,2026-10-06 16:20,2026-10-20,14,BOM,BLR,BOM-BLR,6E,IndiGo,1,9211,INR,0,,18:30,18,20:15,20,False,105,105,0,Airbus A321neo,70.0,70.0
2026-10-06,2026-10-06 16:20,2026-10-20,14,BOM,BLR,BOM-BLR,QP,Akasa Air,1,9546,INR,0,,20:05,20,21:45,21,False,100,100,0,Boeing 737MAX 8 Passenger,74.0,70.0
2026-10-06,2026-10-06 16:20,2026-10-20,14,BOM,BLR,BOM-BLR,6E,IndiGo,1,9736,INR,0,,17:00,17,18:55,18,False,115,115,0,Airbus A321neo,70.0,70.0
2026-10-06,2026-10-06 16:20,2026-10-20,14,BOM,BLR,BOM-BLR,AI,Air India,1,10744,INR,0,,17:30,17,19:35,19,False,125,125,0,Airbus A320neo,83.0,70.0
2026-10-06,2026-10-06 16:20,2026-10-20,14,BOM,BLR,BOM-BLR,AI,Air India,1,10744,INR,0,,18:30,18,20:35,20,False,125,125,0,Airbus A320neo,83.0,70.0
2026-10-06,2026-10-06 16:20,2026-10-27,21,BOM,BLR,BOM-BLR,6E,IndiGo,1,6316,INR,1,HYD,12:00,12,16:05,16,False,245,170,75,Airbus A321neo | Airbus A321neo,110.0,70.0
2026-10-06,2026-10-06 16:20,2026-10-27,21,BOM,BLR,BOM-BLR,6E,IndiGo,1,6316,INR,1,IXE,15:10,15,19:05,19,False,235,145,90,Airbus A321neo | Airbus A321neo,97.0,70.0
2026-10-06,2026-10-06 16:20,2026-10-27,21,BOM,BLR,BOM-BLR,6E,IndiGo,1,6316,INR,1,IXE,19:05,19,22:35,22,False,210,150,60,Airbus A321neo | Airbus A321neo,102.0,70.0
2026-10-06,2026-10-06 16:20,2026-10-27,21,BOM,BLR,BOM-BLR,QP,Akasa Air,1,7845,INR,0,,08:35,8,10:20,10,False,105,105,0,Boeing 737MAX 8 Passenger,73.0,70.0
2026-10-06,2026-10-06 16:20,2026-10-27,21,BOM,BLR,BOM-BLR,QP,Akasa Air,1,7845,INR,0,,08:40,8,10:35,10,False,115,115,0,Boeing 737MAX 8 Passenger,70.0,70.0
2026-10-06,2026-10-06 16:20,2026-10-27,21,BOM,BLR,BOM-BLR,QP,Akasa Air,1,8157,INR,0,,05:45,5,07:35,7,False,110,110,0,Boeing 737MAX 8 Passenger,70.0,70.0
2026-10-06,2026-10-06 16:20,2026-10-27,21,BOM,BLR,BOM-BLR,QP,Akasa Air,1,8157,INR,0,,10:45,10,12:45,12,False,120,120,0,Boeing 737MAX 8 Passenger,73.0,70.0
2026-10-06,2026-10-06 16:20,2026-10-27,21,BOM,BLR,BOM-BLR,QP,Akasa Air,1,8480,INR,0,,19:00,19,20:45,20,False,105,105,0,Boeing 737MAX 8 Passenger,73.0,70.0
2026-10-06,2026-10-06 16:20,2026-10-27,21,BOM,BLR,BOM-BLR,6E,IndiGo,1,8686,INR,0,,11:05,11,12:55,12,False,110,110,0,Airbus A321neo,70.0,70.0
2026-10-06,2026-10-06 16:20,2026-10-27,21,BOM,BLR,BOM-BLR,6E,IndiGo,1,8686,INR,0,,14:55,14,16:50,16,False,115,115,0,Airbus A321neo,70.0,70.0
2026-10-06,2026-10-06 16:20,2026-10-27,21,BOM,BLR,BOM-BLR,6E,IndiGo,1,8686,INR,0,,16:20,16,18:20,18,False,120,120,0,Airbus A321neo,70.0,70.0
2026-10-06,2026-10-06 16:20,2026-10-27,21,BOM,BLR,BOM-BLR,6E,IndiGo,1,8686,INR,0,,17:45,17,19:35,19,False,110,110,0,Airbus A321neo,,70.0
2026-10-06,2026-10-06 16:20,2026-10-27,21,BOM,BLR,BOM-BLR,AI,Air India,1,8818,INR,0,,12:00,12,13:45,13,False,105,105,0,Airbus A320neo,83.0,70.0
2026-10-06,2026-10-06 16:20,2026-10-27,21,BOM,BLR,BOM-BLR,AI,Air India,1,8818,INR,0,,15:35,15,17:25,17,False,110,110,0,Airbus A320neo,83.0,70.0
2026-10-06,2026-10-06 16:20,2026-10-27,21,BOM,BLR,BOM-BLR,AI,Air India,1,9012,INR,0,,11:00,11,12:45,12,False,105,105,0,Airbus A321,109.0,70.0
2026-10-06,2026-10-06 16:20,2026-10-27,21,BOM,BLR,BOM-BLR,AI,Air India,1,9012,INR,0,,14:00,14,15:45,15,False,105,105,0,Airbus A320neo,109.0,70.0
2026-10-06,2026-10-06 16:20,2026-10-27,21,BOM,BLR,BOM-BLR,AI,Air India,1,9012,INR,0,,18:00,18,19:50,19,False,110,110,0,Airbus A320neo,83.0,70.0
2026-10-06,2026-10-06 16:20,2026-10-27,21,BOM,BLR,BOM-BLR,AI,Air India,1,9127,INR,0,,10:00,10,11:45,11,False,105,105,0,Airbus A320neo,83.0,70.0
2026-10-06,2026-10-06 16:20,2026-10-27,21,BOM,BLR,BOM-BLR,AI,Air India,1,9127,INR,0,,17:30,17,19:20,19,False,110,110,0,Airbus A320neo,83.0,70.0
2026-10-06,2026-10-06 16:20,2026-10-27,21,BOM,BLR,BOM-BLR,AI,Air India,1,9127,INR,0,,19:15,19,21:05,21,False,110,110,0,Airbus A320neo,83.0,70.0
2026-10-06,2026-10-06 16:20,2026-10-27,21,BOM,BLR,BOM-BLR,6E,IndiGo,1,9211,INR,0,,00:45,0,02:35,2,False,110,110,0,Airbus A321neo,70.0,70.0
2026-10-06,2026-10-06 16:20,2026-10-27,21,BOM,BLR,BOM-BLR,6E,IndiGo,1,9211,INR,0,,09:40,9,11:30,11,False,110,110,0,Airbus A321neo,70.0,70.0
2026-10-06,2026-10-06 16:20,2026-10-27,21,BOM,BLR,BOM-BLR,6E,IndiGo,1,9211,INR,0,,12:30,12,14:20,14,False,110,110,0,Airbus A321neo,70.0,70.0
2026-10-06,2026-10-06 16:20,2026-10-27,21,BOM,BLR,BOM-BLR,6E,IndiGo,1,9211,INR,0,,22:50,22,00:45,0,True,115,115,0,Airbus A321neo,70.0,70.0
2026-10-06,2026-10-06 16:20,2026-10-27,21,BOM,BLR,BOM-BLR,6E,IndiGo,1,9736,INR,0,,06:00,6,07:50,7,False,110,110,0,Airbus A321neo,70.0,70.0
2026-10-06,2026-10-06 16:20,2026-10-27,21,BOM,BLR,BOM-BLR,6E,IndiGo,1,9736,INR,0,,20:30,20,22:10,22,False,100,100,0,Airbus A321neo,70.0,70.0
2026-10-06,2026-10-06 16:20,2026-10-27,21,BOM,BLR,BOM-BLR,6E,IndiGo,1,10261,INR,0,,18:50,18,20:45,20,False,115,115,0,Airbus A321neo,70.0,70.0
2026-10-06,2026-10-06 16:20,2026-10-27,21,BOM,BLR,BOM-BLR,AI,Air India,1,10377,INR,0,,02:05,2,03:50,3,False,105,105,0,Airbus A320neo,83.0,70.0
2026-10-06,2026-10-06 16:20,2026-10-27,21,BOM,BLR,BOM-BLR,AI,Air India,1,10377,INR,0,,07:55,7,09:40,9,False,105,105,0,Airbus A320neo,83.0,70.0
2026-10-06,2026-10-06 16:20,2026-10-27,21,BOM,BLR,BOM-BLR,AI,Air India,1,10744,INR,0,,06:35,6,08:20,8,False,105,105,0,Airbus A320neo,83.0,70.0
2026-10-06,2026-10-06 16:20,2026-10-27,21,BOM,BLR,BOM-BLR,6E,IndiGo,1,10891,INR,0,,02:15,2,04:05,4,False,110,110,0,Airbus A321neo,70.0,70.0
2026-10-06,2026-10-06 16:20,2026-10-27,21,BOM,BLR,BOM-BLR,6E,IndiGo,1,10891,INR,0,,07:30,7,09:15,9,False,105,105,0,Airbus A321neo,70.0,70.0
2026-10-06,2026-10-06 16:20,2026-10-27,21,BOM,BLR,BOM-BLR,SG,SpiceJet,1,14261,INR,0,,18:20,18,20:20,20,False,120,120,0,Airbus A320,86.0,70.0
2026-10-06,2026-10-06 16:20,2026-10-27,21,BOM,BLR,BOM-BLR,SG,SpiceJet,1,18690,INR,0,,05:45,5,07:45,7,False,120,120,0,Airbus A320,86.0,70.0
2026-10-06,2026-10-06 16:20,2026-10-27,21,BOM,BLR,BOM-BLR,SG,SpiceJet,1,18690,INR,0,,23:15,23,01:10,1,True,115,115,0,Boeing 737,83.0,70.0
2026-10-06,2026-10-06 16:20,2026-11-05,30,BOM,BLR,BOM-BLR,6E,IndiGo,1,6080,INR,1,GOI,04:30,4,09:15,9,False,285,135,150,Airbus A320neo | Airbus A321neo,93.0,70.0
2026-10-06,2026-10-06 16:20,2026-11-05,30,BOM,BLR,BOM-BLR,6E,IndiGo,1,6080,INR,1,GOI,13:55,13,19:15,19,False,320,145,175,Airbus A321neo | Airbus A321neo,89.0,70.0
2026-10-06,2026-10-06 16:20,2026-11-05,30,BOM,BLR,BOM-BLR,6E,IndiGo,1,6316,INR,1,HYD,05:30,5,09:35,9,False,245,175,70,Airbus A321neo | Airbus A320neo,107.0,70.0
2026-10-06,2026-10-06 16:20,2026-11-05,30,BOM,BLR,BOM-BLR,6E,IndiGo,1,6316,INR,1,HYD,10:10,10,14:45,14,False,275,175,100,Airbus A321neo | Airbus A321neo,103.0,70.0
2026-10-06,2026-10-06 16:20,2026-11-05,30,BOM,BLR,BOM-BLR,6E,IndiGo,1,6526,INR,1,GOI,11:35,11,15:30,15,False,235,145,90,Airbus A320neo | Airbus A321neo,93.0,70.0
2026-10-06,2026-10-06 16:20,2026-11-05,30,BOM,BLR,BOM-BLR,6E,IndiGo,1,6526,INR,1,GOI,17:20,17,22:05,22,False,285,155,130,Airbus A320neo | Airbus A321neo,93.0,70.0
2026-10-06,2026-10-06 16:20,2026-11-05,30,BOM,BLR,BOM-BLR,6E,IndiGo,1,6631,INR,1,MAA,13:05,13,17:25,17,False,260,200,60,Airbus A321neo | Airbus A321neo,115.0,70.0
2026-10-06,2026-10-06 16:20,2026-11-05,30,BOM,BLR,BOM-BLR,6E,IndiGo,1,6762,INR,1,HYD,15:05,15,19:20,19,False,255,170,85,Airbus A321neo | Airbus A320neo,107.0,70.0
2026-10-06,2026-10-06 16:20,2026-11-05,30,BOM,BLR,BOM-BLR,6E,IndiGo,1,6762,INR,1,HYD,16:40,16,20:55,20,False,255,190,65,Airbus A321neo | Airbus A321neo,103.0,70.0
2026-10-06,2026-10-06 16:20,2026-11-05,30,BOM,BLR,BOM-BLR,QP,Akasa Air,1,8480,INR,0,,23:10,23,01:00,1,True,110,110,0,Boeing 737MAX 8 Passenger,71.0,70.0
2026-10-06,2026-10-06 16:20,2026-11-05,30,BOM,BLR,BOM-BLR,6E,IndiGo,1,8686,INR,0,,00:45,0,02:35,2,False,110,110,0,Airbus A321neo,69.0,70.0
2026-10-06,2026-10-06 16:20,2026-11-05,30,BOM,BLR,BOM-BLR,6E,IndiGo,1,8686,INR,0,,22:50,22,00:45,0,True,115,115,0,Airbus A321neo,69.0,70.0
2026-10-06,2026-10-06 16:20,2026-11-05,30,BOM,BLR,BOM-BLR,AI,Air India,1,8875,INR,0,,02:05,2,03:50,3,False,105,105,0,Airbus A320neo,81.0,70.0
2026-10-06,2026-10-06 16:20,2026-11-05,30,BOM,BLR,BOM-BLR,QP,Akasa Air,1,9175,INR,0,,21:10,21,23:00,23,False,110,110,0,Boeing 737MAX 8 Passenger,71.0,70.0
2026-10-06,2026-10-06 16:20,2026-11-05,30,BOM,BLR,BOM-BLR,6E,IndiGo,1,9211,INR,0,,21:45,21,23:35,23,False,110,110,0,Airbus A321neo,69.0,70.0
2026-10-06,2026-10-06 16:20,2026-11-05,30,BOM,BLR,BOM-BLR,QP,Akasa Air,1,9546,INR,0,,19:00,19,20:45,20,False,105,105,0,Boeing 737MAX 8 Passenger,71.0,70.0
2026-10-06,2026-10-06 16:20,2026-11-05,30,BOM,BLR,BOM-BLR,6E,IndiGo,1,9736,INR,0,,06:00,6,07:50,7,False,110,110,0,Airbus A321neo,69.0,70.0
2026-10-06,2026-10-06 16:20,2026-11-05,30,BOM,BLR,BOM-BLR,6E,IndiGo,1,9736,INR,0,,07:30,7,09:15,9,False,105,105,0,Airbus A321neo,69.0,70.0
2026-10-06,2026-10-06 16:20,2026-11-05,30,BOM,BLR,BOM-BLR,6E,IndiGo,1,9736,INR,0,,14:55,14,16:50,16,False,115,115,0,Airbus A321neo,69.0,70.0
2026-10-06,2026-10-06 16:20,2026-11-05,30,BOM,BLR,BOM-BLR,6E,IndiGo,1,9736,INR,0,,18:50,18,20:45,20,False,115,115,0,Airbus A321neo,69.0,70.0
2026-10-06,2026-10-06 16:20,2026-11-05,30,BOM,BLR,BOM-BLR,QP,Akasa Air,1,9934,INR,0,,08:35,8,10:20,10,False,105,105,0,Boeing 737MAX 8 Passenger,71.0,70.0
2026-10-06,2026-10-06 16:20,2026-11-05,30,BOM,BLR,BOM-BLR,6E,IndiGo,1,10261,INR,0,,02:15,2,04:05,4,False,110,110,0,Airbus A321neo,69.0,70.0
2026-10-06,2026-10-06 16:20,2026-11-05,30,BOM,BLR,BOM-BLR,6E,IndiGo,1,10261,INR,0,,09:40,9,11:30,11,False,110,110,0,Airbus A321neo,69.0,70.0
2026-10-06,2026-10-06 16:20,2026-11-05,30,BOM,BLR,BOM-BLR,6E,IndiGo,1,10261,INR,0,,11:05,11,12:55,12,False,110,110,0,Airbus A321neo,69.0,70.0
2026-10-06,2026-10-06 16:20,2026-11-05,30,BOM,BLR,BOM-BLR,AI,Air India,1,10429,INR,0,,07:55,7,09:40,9,False,105,105,0,Airbus A320neo,81.0,70.0
2026-10-06,2026-10-06 16:20,2026-11-05,30,BOM,BLR,BOM-BLR,AI,Air India,1,10429,INR,0,,11:00,11,12:45,12,False,105,105,0,Airbus A321,107.0,70.0
2026-10-06,2026-10-06 16:20,2026-11-05,30,BOM,BLR,BOM-BLR,AI,Air India,1,10429,INR,0,,12:00,12,13:45,13,False,105,105,0,Airbus A320neo,81.0,70.0
2026-10-06,2026-10-06 16:20,2026-11-05,30,BOM,BLR,BOM-BLR,AI,Air India,1,10429,INR,0,,14:00,14,15:45,15,False,105,105,0,Airbus A320neo,107.0,70.0
2026-10-06,2026-10-06 16:20,2026-11-05,30,BOM,BLR,BOM-BLR,AI,Air India,1,10429,INR,0,,15:35,15,17:25,17,False,110,110,0,Airbus A320neo,81.0,70.0
2026-10-06,2026-10-06 16:20,2026-11-05,30,BOM,BLR,BOM-BLR,AI,Air India,1,10429,INR,0,,18:00,18,19:50,19,False,110,110,0,Airbus A320neo,81.0,70.0
2026-10-06,2026-10-06 16:20,2026-11-05,30,BOM,BLR,BOM-BLR,AI,Air India,1,10802,INR,0,,06:35,6,08:20,8,False,105,105,0,Airbus A320neo,81.0,70.0
2026-10-06,2026-10-06 16:20,2026-11-05,30,BOM,BLR,BOM-BLR,AI,Air India,1,10802,INR,0,,10:00,10,11:45,11,False,105,105,0,Airbus A320neo,81.0,70.0
2026-10-06,2026-10-06 16:20,2026-11-05,30,BOM,BLR,BOM-BLR,AI,Air India,1,10802,INR,0,,17:30,17,19:20,19,False,110,110,0,Airbus A320neo,81.0,70.0
2026-10-06,2026-10-06 16:20,2026-11-05,30,BOM,BLR,BOM-BLR,6E,IndiGo,1,10891,INR,0,,12:30,12,14:20,14,False,110,110,0,Airbus A321neo,69.0,70.0
2026-10-06,2026-10-06 16:20,2026-11-05,30,BOM,BLR,BOM-BLR,6E,IndiGo,1,10891,INR,0,,20:30,20,22:10,22,False,100,100,0,Airbus A321neo,69.0,70.0
2026-10-06,2026-10-06 16:20,2026-11-05,30,BOM,BLR,BOM-BLR,AI,Air India,1,10891,INR,0,,20:45,20,22:35,22,False,110,110,0,Airbus A320neo,81.0,70.0
2026-10-06,2026-10-06 16:20,2026-11-05,30,BOM,BLR,BOM-BLR,AI,Air India,1,10986,INR,0,,19:15,19,21:05,21,False,110,110,0,Airbus A320neo,81.0,70.0
2026-10-06,2026-10-06 16:20,2026-11-05,30,BOM,BLR,BOM-BLR,SG,SpiceJet,1,14261,INR,0,,05:45,5,07:45,7,False,120,120,0,Airbus A320,84.0,70.0
2026-10-06,2026-10-06 16:20,2026-11-05,30,BOM,BLR,BOM-BLR,SG,SpiceJet,1,14261,INR,0,,18:20,18,20:20,20,False,120,120,0,Airbus A320,84.0,70.0
2026-10-06,2026-10-06 16:20,2026-11-05,30,BOM,BLR,BOM-BLR,SG,SpiceJet,1,14261,INR,0,,23:15,23,01:10,1,True,115,115,0,Boeing 737,81.0,70.0
2026-10-06,2026-10-06 16:20,2026-11-05,30,BOM,BLR,BOM-BLR,6E,IndiGo,1,16981,INR,0,,16:20,16,18:20,18,False,120,120,0,Airbus A321neo,69.0,70.0
2026-10-06,2026-10-06 16:20,2026-11-20,45,BOM,BLR,BOM-BLR,6E,IndiGo,1,6080,INR,1,GOI,04:30,4,09:15,9,False,285,135,150,Airbus A320neo | Airbus A321neo,93.0,70.0
2026-10-06,2026-10-06 16:20,2026-11-20,45,BOM,BLR,BOM-BLR,AI,Air India,1,7526,INR,0,,02:05,2,03:50,3,False,105,105,0,Airbus A320neo,81.0,70.0
2026-10-06,2026-10-06 16:20,2026-11-20,45,BOM,BLR,BOM-BLR,6E,IndiGo,1,7531,INR,0,,02:15,2,04:05,4,False,110,110,0,Airbus A321neo,69.0,70.0
2026-10-06,2026-10-06 16:20,2026-11-20,45,BOM,BLR,BOM-BLR,6E,IndiGo,1,7846,INR,0,,00:45,0,02:35,2,False,110,110,0,Airbus A321neo,69.0,70.0
2026-10-06,2026-10-06 16:20,2026-11-20,45,BOM,BLR,BOM-BLR,6E,IndiGo,1,7846,INR,0,,14:55,14,16:50,16,False,115,115,0,Airbus A321neo,69.0,70.0
2026-10-06,2026-10-06 16:20,2026-11-20,45,BOM,BLR,BOM-BLR,6E,IndiGo,1,7846,INR,0,,16:20,16,18:20,18,False,120,120,0,Airbus A321neo,69.0,70.0
2026-10-06,2026-10-06 16:20,2026-11-20,45,BOM,BLR,BOM-BLR,6E,IndiGo,1,7846,INR,0,,21:45,21,23:35,23,False,110,110,0,Airbus A321neo,69.0,70.0
2026-10-06,2026-10-06 16:20,2026-11-20,45,BOM,BLR,BOM-BLR,6E,IndiGo,1,7846,INR,0,,22:50,22,00:45,0,True,115,115,0,Airbus A321neo,69.0,70.0
2026-10-06,2026-10-06 16:20,2026-11-20,45,BOM,BLR,BOM-BLR,AI,Air India,1,7946,INR,0,,15:35,15,17:25,17,False,110,110,0,Airbus A320neo,81.0,70.0
2026-10-06,2026-10-06 16:20,2026-11-20,45,BOM,BLR,BOM-BLR,AI,Air India,1,7946,INR,0,,18:00,18,19:50,19,False,110,110,0,Airbus A320neo,81.0,70.0
2026-10-06,2026-10-06 16:20,2026-11-20,45,BOM,BLR,BOM-BLR,AI,Air India,1,7946,INR,0,,23:40,23,01:40,1,True,120,120,0,Airbus A321,107.0,70.0
2026-10-06,2026-10-06 16:20,2026-11-20,45,BOM,BLR,BOM-BLR,QP,Akasa Air,1,8157,INR,0,,19:00,19,20:45,20,False,105,105,0,Boeing 737MAX 8 Passenger,71.0,70.0
2026-10-06,2026-10-06 16:20,2026-11-20,45,BOM,BLR,BOM-BLR,AI,Air India,1,8219,INR,0,,17:30,17,19:20,19,False,110,110,0,Airbus A320neo,81.0,70.0
2026-10-06,2026-10-06 16:20,2026-11-20,45,BOM,BLR,BOM-BLR,6E,IndiGo,1,8266,INR,0,,20:30,20,22:10,22,False,100,100,0,Airbus A321neo,69.0,70.0
2026-10-06,2026-10-06 16:20,2026-11-20,45,BOM,BLR,BOM-BLR,AI,Air India,1,8287,INR,0,,20:45,20,22:35,22,False,110,110,0,Airbus A320neo,81.0,70.0
2026-10-06,2026-10-06 16:20,2026-11-20,45,BOM,BLR,BOM-BLR,AI,Air India,1,8356,INR,0,,19:15,19,21:05,21,False,110,110,0,Airbus A320neo,81.0,70.0
2026-10-06,2026-10-06 16:20,2026-11-20,45,BOM,BLR,BOM-BLR,6E,IndiGo,1,8686,INR,0,,06:00,6,07:50,7,False,110,110,0,Airbus A321neo,69.0,70.0
2026-10-06,2026-10-06 16:20,2026-11-20,45,BOM,BLR,BOM-BLR,6E,IndiGo,1,8686,INR,0,,12:30,12,14:20,14,False,110,110,0,Airbus A321neo,69.0,70.0
2026-10-06,2026-10-06 16:20,2026-11-20,45,BOM,BLR,BOM-BLR,6E,IndiGo,1,8686,INR,0,,18:50,18,20:45,20,False,115,115,0,Airbus A321neo,69.0,70.0
2026-10-06,2026-10-06 16:20,2026-11-20,45,BOM,BLR,BOM-BLR,QP,Akasa Air,1,8819,INR,0,,08:35,8,10:20,10,False,105,105,0,Boeing 737MAX 8 Passenger,71.0,70.0
2026-10-06,2026-10-06 16:20,2026-11-20,45,BOM,BLR,BOM-BLR,AI,Air India,1,8875,INR,0,,06:35,6,08:20,8,False,105,105,0,Airbus A320neo,81.0,70.0
2026-10-06,2026-10-06 16:20,2026-11-20,45,BOM,BLR,BOM-BLR,AI,Air India,1,8875,INR,0,,12:00,12,13:45,13,False,105,105,0,Airbus A320neo,81.0,70.0
2026-10-06,2026-10-06 16:20,2026-11-20,45,BOM,BLR,BOM-BLR,6E,IndiGo,1,9211,INR,0,,07:30,7,09:15,9,False,105,105,0,Airbus A321neo,69.0,70.0
2026-10-06,2026-10-06 16:20,2026-11-20,45,BOM,BLR,BOM-BLR,6E,IndiGo,1,9211,INR,0,,11:05,11,12:55,12,False,110,110,0,Airbus A321neo,69.0,70.0
2026-10-06,2026-10-06 16:20,2026-11-20,45,BOM,BLR,BOM-BLR,6E,IndiGo,1,9736,INR,0,,09:40,9,11:30,11,False,110,110,0,Airbus A321neo,69.0,70.0
2026-10-06,2026-10-06 16:20,2026-11-20,45,BOM,BLR,BOM-BLR,AI,Air India,1,10429,INR,0,,07:55,7,09:40,9,False,105,105,0,Airbus A320neo,81.0,70.0
2026-10-06,2026-10-06 16:20,2026-11-20,45,BOM,BLR,BOM-BLR,AI,Air India,1,10429,INR,0,,11:00,11,12:45,12,False,105,105,0,Airbus A321,107.0,70.0
2026-10-06,2026-10-06 16:20,2026-11-20,45,BOM,BLR,BOM-BLR,AI,Air India,1,10802,INR,0,,10:00,10,11:45,11,False,105,105,0,Airbus A320neo,81.0,70.0
2026-10-06,2026-10-06 16:20,2026-11-20,45,BOM,BLR,BOM-BLR,SG,SpiceJet,1,13069,INR,0,,05:45,5,07:45,7,False,120,120,0,Airbus A320,84.0,70.0
2026-10-06,2026-10-06 16:20,2026-11-20,45,BOM,BLR,BOM-BLR,SG,SpiceJet,1,13069,INR,0,,18:20,18,20:20,20,False,120,120,0,Airbus A320,84.0,70.0
2026-10-06,2026-10-06 16:20,2026-11-20,45,BOM,BLR,BOM-BLR,SG,SpiceJet,1,13069,INR,0,,23:15,23,01:10,1,True,115,115,0,Boeing 737,81.0,70.0
2026-10-06,2026-10-06 16:20,2026-12-05,60,BOM,BLR,BOM-BLR,6E,IndiGo,1,6080,INR,1,GOI,13:55,13,19:15,19,False,320,145,175,Airbus A321neo | Airbus A321neo,87.0,70.0
2026-10-06,2026-10-06 16:20,2026-12-05,60,BOM,BLR,BOM-BLR,6E,IndiGo,1,7531,INR,0,,00:45,0,02:35,2,False,110,110,0,Airbus A321neo,67.0,70.0
2026-10-06,2026-10-06 16:20,2026-12-05,60,BOM,BLR,BOM-BLR,6E,IndiGo,1,7531,INR,0,,02:15,2,04:05,4,False,110,110,0,Airbus A321neo,67.0,70.0
2026-10-06,2026-10-06 16:20,2026-12-05,60,BOM,BLR,BOM-BLR,6E,IndiGo,1,7531,INR,0,,20:30,20,22:10,22,False,100,100,0,Airbus A321neo,67.0,70.0
2026-10-06,2026-10-06 16:20,2026-12-05,60,BOM,BLR,BOM-BLR,6E,IndiGo,1,7531,INR,0,,21:45,21,23:35,23,False,110,110,0,Airbus A321neo,67.0,70.0
2026-10-06,2026-10-06 16:20,2026-12-05,60,BOM,BLR,BOM-BLR,6E,IndiGo,1,7531,INR,0,,22:50,22,00:45,0,True,115,115,0,Airbus A321neo,67.0,70.0
2026-10-06,2026-10-06 16:20,2026-12-05,60,BOM,BLR,BOM-BLR,QP,Akasa Air,1,7845,INR,0,,08:35,8,10:20,10,False,105,105,0,Boeing 737MAX 8 Passenger,69.0,70.0
2026-10-06,2026-10-06 16:20,2026-12-05,60,BOM,BLR,BOM-BLR,6E,IndiGo,1,7846,INR,0,,04:25,4,06:10,6,False,105,105,0,Airbus A321neo,67.0,70.0
2026-10-06,2026-10-06 16:20,2026-12-05,60,BOM,BLR,BOM-BLR,6E,IndiGo,1,7846,INR,0,,14:55,14,16:50,16,False,115,115,0,Airbus A321neo,67.0,70.0
2026-10-06,2026-10-06 16:20,2026-12-05,60,BOM,BLR,BOM-BLR,6E,IndiGo,1,7846,INR,0,,18:50,18,20:45,20,False,115,115,0,Airbus A321neo,67.0,70.0
2026-10-06,2026-10-06 16:20,2026-12-05,60,BOM,BLR,BOM-BLR,AI,Air India,1,7946,INR,0,,18:00,18,19:50,19,False,110,110,0,Airbus A320neo,79.0,70.0
2026-10-06,2026-10-06 16:20,2026-12-05,60,BOM,BLR,BOM-BLR,AI,Air India,1,8083,INR,0,,15:35,15,17:25,17,False,110,110,0,Airbus A320neo,79.0,70.0
2026-10-06,2026-10-06 16:20,2026-12-05,60,BOM,BLR,BOM-BLR,QP,Akasa Air,1,8157,INR,0,,08:15,8,10:05,10,False,110,110,0,Boeing 737MAX 8 Passenger,71.0,70.0
2026-10-06,2026-10-06 16:20,2026-12-05,60,BOM,BLR,BOM-BLR,6E,IndiGo,1,8266,INR,0,,07:30,7,09:15,9,False,105,105,0,Airbus A321neo,67.0,70.0
2026-10-06,2026-10-06 16:20,2026-12-05,60,BOM,BLR,BOM-BLR,6E,IndiGo,1,8266,INR,0,,09:40,9,11:30,11,False,110,110,0,Airbus A321neo,67.0,70.0
2026-10-06,2026-10-06 16:20,2026-12-05,60,BOM,BLR,BOM-BLR,6E,IndiGo,1,8266,INR,0,,12:30,12,14:20,14,False,110,110,0,Airbus A321neo,67.0,70.0
2026-10-06,2026-10-06 16:20,2026-12-05,60,BOM,BLR,BOM-BLR,6E,IndiGo,1,8266,INR,0,,17:45,17,19:35,19,False,110,110,0,Airbus A321neo,,70.0
2026-10-06,2026-10-06 16:20,2026-12-05,60,BOM,BLR,BOM-BLR,AI,Air India,1,8398,INR,0,,06:35,6,08:20,8,False,105,105,0,Airbus A320neo,79.0,70.0
2026-10-06,2026-10-06 16:20,2026-12-05,60,BOM,BLR,BOM-BLR,AI,Air India,1,8398,INR,0,,07:55,7,09:40,9,False,105,105,0,Airbus A320neo,79.0,70.0
2026-10-06,2026-10-06 16:20,2026-12-05,60,BOM,BLR,BOM-BLR,AI,Air India,1,8539,INR,0,,12:00,12,13:45,13,False,105,105,0,Airbus A320neo,79.0,70.0
2026-10-06,2026-10-06 16:20,2026-12-05,60,BOM,BLR,BOM-BLR,AI,Air India,1,8681,INR,0,,10:00,10,11:45,11,False,105,105,0,Airbus A320neo,79.0,70.0
2026-10-06,2026-10-06 16:20,2026-12-05,60,BOM,BLR,BOM-BLR,AI,Air India,1,8681,INR,0,,17:30,17,19:20,19,False,110,110,0,Airbus A320neo,79.0,70.0
2026-10-06,2026-10-06 16:20,2026-12-05,60,BOM,BLR,BOM-BLR,6E,IndiGo,1,8686,INR,0,,11:05,11,12:55,12,False,110,110,0,Airbus A321neo,67.0,70.0
2026-10-06,2026-10-06 16:20,2026-12-05,60,BOM,BLR,BOM-BLR,AI,Air India,1,8875,INR,0,,02:05,2,03:50,3,False,105,105,0,Airbus A320neo,79.0,70.0
2026-10-06,2026-10-06 16:20,2026-12-05,60,BOM,BLR,BOM-BLR,AI,Air India,1,8875,INR,0,,11:00,11,12:45,12,False,105,105,0,Airbus A321,104.0,70.0
2026-10-06,2026-10-06 16:20,2026-12-05,60,BOM,BLR,BOM-BLR,6E,IndiGo,1,9211,INR,0,,06:00,6,07:50,7,False,110,110,0,Airbus A321neo,67.0,70.0
2026-10-06,2026-10-06 16:20,2026-12-05,60,BOM,BLR,BOM-BLR,AI,Air India,1,10802,INR,0,,19:15,19,21:05,21,False,110,110,0,Airbus A320neo,79.0,70.0
2026-10-06,2026-10-06 16:20,2026-12-05,60,BOM,BLR,BOM-BLR,SG,SpiceJet,1,11995,INR,0,,05:45,5,07:45,7,False,120,120,0,Airbus A320,83.0,70.0
2026-10-06,2026-10-06 16:20,2026-12-05,60,BOM,BLR,BOM-BLR,SG,SpiceJet,1,11995,INR,0,,18:20,18,20:20,20,False,120,120,0,Airbus A320,83.0,70.0
2026-10-06,2026-10-06 16:20,2026-12-05,60,BOM,BLR,BOM-BLR,SG,SpiceJet,1,11995,INR,0,,23:15,23,01:10,1,True,115,115,0,Boeing 737,80.0,70.0
2026-10-06,2026-10-06 16:20,2026-10-07,1,DEL,CCU,DEL-CCU,AI,Air India,1,8924,INR,0,,16:15,16,18:35,18,False,140,140,0,Airbus A320neo,114.0,98.0
2026-10-06,2026-10-06 16:20,2026-10-07,1,DEL,CCU,DEL-CCU,AI,Air India,1,8924,INR,0,,21:00,21,23:20,23,False,140,140,0,Airbus A320neo,114.0,98.0
2026-10-06,2026-10-06 16:20,2026-10-07,1,DEL,CCU,DEL-CCU,6E,IndiGo,1,9181,INR,0,,02:45,2,05:00,5,False,135,135,0,Airbus A321neo,97.0,98.0
2026-10-06,2026-10-06 16:20,2026-10-07,1,DEL,CCU,DEL-CCU,6E,IndiGo,1,9181,INR,0,,05:00,5,07:15,7,False,135,135,0,Airbus A321neo,97.0,98.0
2026-10-06,2026-10-06 16:20,2026-10-07,1,DEL,CCU,DEL-CCU,6E,IndiGo,1,9181,INR,0,,14:25,14,16:45,16,False,140,140,0,Airbus A321neo,97.0,98.0
2026-10-06,2026-10-06 16:20,2026-10-07,1,DEL,CCU,DEL-CCU,6E,IndiGo,1,9181,INR,0,,16:00,16,18:15,18,False,135,135,0,Airbus A321neo,97.0,98.0
2026-10-06,2026-10-06 16:20,2026-10-07,1,DEL,CCU,DEL-CCU,6E,IndiGo,1,9181,INR,0,,17:55,17,20:15,20,False,140,140,0,Airbus A321neo,97.0,98.0
2026-10-06,2026-10-06 16:20,2026-10-07,1,DEL,CCU,DEL-CCU,6E,IndiGo,1,9181,INR,0,,19:30,19,21:45,21,False,135,135,0,Airbus A321neo,97.0,98.0
2026-10-06,2026-10-06 16:20,2026-10-07,1,DEL,CCU,DEL-CCU,6E,IndiGo,1,9181,INR,0,,21:50,21,00:05,0,True,135,135,0,Airbus A321neo,97.0,98.0
2026-10-06,2026-10-06 16:20,2026-10-07,1,DEL,CCU,DEL-CCU,6E,IndiGo,1,9181,INR,0,,23:30,23,01:45,1,True,135,135,0,Airbus A321neo,97.0,98.0
2026-10-06,2026-10-06 16:20,2026-10-07,1,DEL,CCU,DEL-CCU,QP,Akasa Air,1,9191,INR,0,,17:00,17,19:15,19,False,135,135,0,Boeing 737MAX 8 Passenger,100.0,98.0
2026-10-06,2026-10-06 16:20,2026-10-07,1,DEL,CCU,DEL-CCU,6E,IndiGo,1,9759,INR,0,,07:20,7,09:40,9,False,140,140,0,Airbus A321neo,97.0,98.0
2026-10-06,2026-10-06 16:20,2026-10-07,1,DEL,CCU,DEL-CCU,6E,IndiGo,1,9759,INR,0,,10:15,10,12:30,12,False,135,135,0,Airbus A321neo,97.0,98.0
2026-10-06,2026-10-06 16:20,2026-10-07,1,DEL,CCU,DEL-CCU,6E,IndiGo,1,10231,INR,0,,08:30,8,10:45,10,False,135,135,0,Airbus A321neo,97.0,98.0
2026-10-06,2026-10-06 16:20,2026-10-07,1,DEL,CCU,DEL-CCU,AI,Air India,1,10294,INR,0,,13:00,13,15:20,15,False,140,140,0,Airbus A320neo,114.0,98.0
2026-10-06,2026-10-06 16:20,2026-10-07,1,DEL,CCU,DEL-CCU,AI,Air India,1,11376,INR,0,,09:55,9,12:15,12,False,140,140,0,Airbus A320neo,114.0,98.0
2026-10-06,2026-10-06 16:20,2026-10-07,1,DEL,CCU,DEL-CCU,AI,Air India,1,12158,INR,0,,18:00,18,20:20,20,False,140,140,0,Airbus A320neo,114.0,98.0
2026-10-06,2026-10-06 16:20,2026-10-07,1,DEL,CCU,DEL-CCU,AI,Air India,1,17161,INR,0,,02:30,2,04:50,4,False,140,140,0,Airbus A320neo,114.0,98.0
2026-10-06,2026-10-06 16:20,2026-10-07,1,DEL,CCU,DEL-CCU,AI,Air India,1,17161,INR,0,,06:40,6,08:50,8,False,130,130,0,Airbus A320neo,114.0,98.0
2026-10-06,2026-10-06 16:20,2026-10-07,1,DEL,CCU,DEL-CCU,AI,Air India,1,21996,INR,0,,12:10,12,14:25,14,False,135,135,0,Airbus A321,145.0,98.0
2026-10-06,2026-10-06 16:20,2026-10-09,3,DEL,CCU,DEL-CCU,AI,Air India,1,8924,INR,0,,09:55,9,12:15,12,False,140,140,0,Airbus A320neo,114.0,98.0
2026-10-06,2026-10-06 16:20,2026-10-09,3,DEL,CCU,DEL-CCU,AI,Air India,1,8924,INR,0,,12:10,12,14:25,14,False,135,135,0,Airbus A321,145.0,98.0
2026-10-06,2026-10-06 16:20,2026-10-09,3,DEL,CCU,DEL-CCU,6E,IndiGo,1,9181,INR,0,,02:45,2,05:00,5,False,135,135,0,Airbus A321neo,97.0,98.0
2026-10-06,2026-10-06 16:20,2026-10-09,3,DEL,CCU,DEL-CCU,6E,IndiGo,1,9759,INR,0,,08:30,8,10:45,10,False,135,135,0,Airbus A321neo,97.0,98.0
2026-10-06,2026-10-06 16:20,2026-10-09,3,DEL,CCU,DEL-CCU,AI,Air India,1,10026,INR,0,,06:40,6,08:50,8,False,130,130,0,Airbus A320neo,114.0,98.0
2026-10-06,2026-10-06 16:20,2026-10-09,3,DEL,CCU,DEL-CCU,6E,IndiGo,1,10231,INR,0,,07:20,7,09:40,9,False,140,140,0,Airbus A321neo,97.0,98.0
2026-10-06,2026-10-06 16:20,2026-10-09,3,DEL,CCU,DEL-CCU,QP,Akasa Air,1,10241,INR,0,,17:00,17,19:15,19,False,135,135,0,Boeing 737MAX 8 Passenger,100.0,98.0
2026-10-06,2026-10-06 16:20,2026-10-09,3,DEL,CCU,DEL-CCU,6E,IndiGo,1,10756,INR,0,,12:45,12,15:05,15,False,140,140,0,Airbus A321neo,97.0,98.0
2026-10-06,2026-10-06 16:20,2026-10-09,3,DEL,CCU,DEL-CCU,6E,IndiGo,1,10756,INR,0,,16:00,16,18:15,18,False,135,135,0,Airbus A321neo,97.0,98.0
2026-10-06,2026-10-06 16:20,2026-10-09,3,DEL,CCU,DEL-CCU,6E,IndiGo,1,10756,INR,0,,17:55,17,20:15,20,False,140,140,0,Airbus A321neo,97.0,98.0
2026-10-06,2026-10-06 16:20,2026-10-09,3,DEL,CCU,DEL-CCU,6E,IndiGo,1,10756,INR,0,,23:30,23,01:45,1,True,135,135,0,Airbus A321neo,97.0,98.0
2026-10-06,2026-10-06 16:20,2026-10-09,3,DEL,CCU,DEL-CCU,SG,SpiceJet,1,10942,INR,0,,20:10,20,22:30,22,False,140,140,0,Airbus A320,119.0,98.0
2026-10-06,2026-10-06 16:20,2026-10-09,3,DEL,CCU,DEL-CCU,6E,IndiGo,1,11386,INR,0,,19:30,19,21:45,21,False,135,135,0,Airbus A321neo,97.0,98.0
2026-10-06,2026-10-06 16:20,2026-10-09,3,DEL,CCU,DEL-CCU,AI,Air India,1,12090,INR,0,,13:00,13,15:20,15,False,140,140,0,Airbus A320neo,114.0,98.0
2026-10-06,2026-10-06 16:20,2026-10-09,3,DEL,CCU,DEL-CCU,AI,Air India,1,12090,INR,0,,16:15,16,18:35,18,False,140,140,0,Airbus A320neo,114.0,98.0
2026-10-06,2026-10-06 16:20,2026-10-09,3,DEL,CCU,DEL-CCU,6E,IndiGo,1,12909,INR,0,,10:15,10,12:30,12,False,135,135,0,Airbus A321neo,97.0,98.0
2026-10-06,2026-10-06 16:20,2026-10-09,3,DEL,CCU,DEL-CCU,6E,IndiGo,1,12909,INR,0,,14:25,14,16:45,16,False,140,140,0,Airbus A321neo,97.0,98.0
2026-10-06,2026-10-06 16:20,2026-10-09,3,DEL,CCU,DEL-CCU,6E,IndiGo,1,12909,INR,0,,21:50,21,00:05,0,True,135,135,0,Airbus A321neo,97.0,98.0
2026-10-06,2026-10-06 16:20,2026-10-09,3,DEL,CCU,DEL-CCU,AI,Air India,1,13155,INR,0,,19:40,19,21:50,21,False,130,130,0,Airbus A320neo,114.0,98.0
2026-10-06,2026-10-06 16:20,2026-10-09,3,DEL,CCU,DEL-CCU,AI,Air India,1,14163,INR,0,,18:00,18,20:20,20,False,140,140,0,Airbus A320neo,114.0,98.0
2026-10-06,2026-10-06 16:20,2026-10-09,3,DEL,CCU,DEL-CCU,AI,Air India,1,14163,INR,0,,21:00,21,23:20,23,False,140,140,0,Airbus A320neo,114.0,98.0
2026-10-06,2026-10-06 16:20,2026-10-13,7,DEL,CCU,DEL-CCU,SG,SpiceJet,1,8996,INR,0,,21:40,21,23:55,23,False,135,135,0,Boeing 737,135.0,98.0
2026-10-06,2026-10-06 16:20,2026-10-13,7,DEL,CCU,DEL-CCU,SG,SpiceJet,1,8996,INR,0,,22:30,22,00:50,0,True,140,140,0,,,98.0
2026-10-06,2026-10-06 16:20,2026-10-13,7,DEL,CCU,DEL-CCU,6E,IndiGo,1,9181,INR,0,,02:45,2,05:00,5,False,135,135,0,Airbus A321neo,97.0,98.0
2026-10-06,2026-10-06 16:20,2026-10-13,7,DEL,CCU,DEL-CCU,6E,IndiGo,1,9181,INR,0,,16:00,16,18:15,18,False,135,135,0,Airbus A321neo,97.0,98.0
2026-10-06,2026-10-06 16:20,2026-10-13,7,DEL,CCU,DEL-CCU,6E,IndiGo,1,9181,INR,0,,17:55,17,20:15,20,False,140,140,0,Airbus A321neo,97.0,98.0
2026-10-06,2026-10-06 16:20,2026-10-13,7,DEL,CCU,DEL-CCU,6E,IndiGo,1,9181,INR,0,,19:30,19,21:45,21,False,135,135,0,Airbus A321neo,97.0,98.0
2026-10-06,2026-10-06 16:20,2026-10-13,7,DEL,CCU,DEL-CCU,6E,IndiGo,1,9181,INR,0,,23:30,23,01:45,1,True,135,135,0,Airbus A321neo,97.0,98.0
2026-10-06,2026-10-06 16:20,2026-10-13,7,DEL,CCU,DEL-CCU,AI,Air India,1,9186,INR,0,,06:40,6,08:50,8,False,130,130,0,Airbus A320neo,114.0,98.0
2026-10-06,2026-10-06 16:20,2026-10-13,7,DEL,CCU,DEL-CCU,AI,Air India,1,9186,INR,0,,12:10,12,14:25,14,False,135,135,0,Airbus A321,145.0,98.0
2026-10-06,2026-10-06 16:20,2026-10-13,7,DEL,CCU,DEL-CCU,6E,IndiGo,1,9444,INR,0,,07:20,7,09:40,9,False,140,140,0,Airbus A321neo,97.0,98.0
2026-10-06,2026-10-06 16:20,2026-10-13,7,DEL,CCU,DEL-CCU,6E,IndiGo,1,9444,INR,0,,08:30,8,10:45,10,False,135,135,0,Airbus A321neo,97.0,98.0
2026-10-06,2026-10-06 16:20,2026-10-13,7,DEL,CCU,DEL-CCU,6E,IndiGo,1,9444,INR,0,,10:15,10,12:30,12,False,135,135,0,Airbus A321neo,97.0,98.0
2026-10-06,2026-10-06 16:20,2026-10-13,7,DEL,CCU,DEL-CCU,6E,IndiGo,1,9444,INR,0,,12:45,12,15:05,15,False,140,140,0,Airbus A321neo,97.0,98.0
2026-10-06,2026-10-06 16:20,2026-10-13,7,DEL,CCU,DEL-CCU,6E,IndiGo,1,9444,INR,0,,14:25,14,16:45,16,False,140,140,0,Airbus A321neo,97.0,98.0
2026-10-06,2026-10-06 16:20,2026-10-13,7,DEL,CCU,DEL-CCU,6E,IndiGo,1,9444,INR,0,,21:50,21,00:05,0,True,135,135,0,Airbus A321neo,97.0,98.0
2026-10-06,2026-10-06 16:20,2026-10-13,7,DEL,CCU,DEL-CCU,QP,Akasa Air,1,9527,INR,0,,17:00,17,19:15,19,False,135,135,0,Boeing 737MAX 8 Passenger,100.0,98.0
2026-10-06,2026-10-06 16:20,2026-10-13,7,DEL,CCU,DEL-CCU,AI,Air India,1,10026,INR,0,,09:55,9,12:15,12,False,140,140,0,Airbus A320neo,114.0,98.0
2026-10-06,2026-10-06 16:20,2026-10-13,7,DEL,CCU,DEL-CCU,AI,Air India,1,10641,INR,0,,19:40,19,21:50,21,False,130,130,0,Airbus A320neo,114.0,98.0
2026-10-06,2026-10-06 16:20,2026-10-13,7,DEL,CCU,DEL-CCU,AI,Air India,1,12930,INR,0,,13:00,13,15:20,15,False,140,140,0,Airbus A320neo,114.0,98.0
2026-10-06,2026-10-06 16:20,2026-10-13,7,DEL,CCU,DEL-CCU,AI,Air India,1,14163,INR,0,,18:00,18,20:20,20,False,140,140,0,Airbus A320neo,114.0,98.0
2026-10-06,2026-10-06 16:20,2026-10-13,7,DEL,CCU,DEL-CCU,AI,Air India,1,18279,INR,0,,16:15,16,18:35,18,False,140,140,0,Airbus A320neo,114.0,98.0
2026-10-06,2026-10-06 16:20,2026-10-20,14,DEL,CCU,DEL-CCU,AI,Air India,1,8924,INR,0,,02:30,2,04:50,4,False,140,140,0,Airbus A320neo,114.0,98.0
2026-10-06,2026-10-06 16:20,2026-10-20,14,DEL,CCU,DEL-CCU,AI,Air India,1,8924,INR,0,,16:15,16,18:35,18,False,140,140,0,Airbus A320neo,114.0,98.0
2026-10-06,2026-10-06 16:20,2026-10-20,14,DEL,CCU,DEL-CCU,AI,Air India,1,8924,INR,0,,18:00,18,20:20,20,False,140,140,0,Airbus A320neo,114.0,98.0
2026-10-06,2026-10-06 16:20,2026-10-20,14,DEL,CCU,DEL-CCU,AI,Air India,1,9155,INR,0,,09:55,9,12:15,12,False,140,140,0,Airbus A320neo,114.0,98.0
2026-10-06,2026-10-06 16:20,2026-10-20,14,DEL,CCU,DEL-CCU,AI,Air India,1,9155,INR,0,,13:00,13,15:20,15,False,140,140,0,Airbus A320neo,114.0,98.0
2026-10-06,2026-10-06 16:20,2026-10-20,14,DEL,CCU,DEL-CCU,AI,Air India,1,9155,INR,0,,19:40,19,21:50,21,False,130,130,0,Airbus A320neo,114.0,98.0
2026-10-06,2026-10-06 16:20,2026-10-20,14,DEL,CCU,DEL-CCU,AI,Air India,1,9155,INR,0,,21:00,21,23:20,23,False,140,140,0,Airbus A320neo,114.0,98.0
2026-10-06,2026-10-06 16:20,2026-10-20,14,DEL,CCU,DEL-CCU,6E,IndiGo,1,9181,INR,0,,02:45,2,05:00,5,False,135,135,0,Airbus A321neo,97.0,98.0
2026-10-06,2026-10-06 16:20,2026-10-20,14,DEL,CCU,DEL-CCU,6E,IndiGo,1,9181,INR,0,,07:20,7,09:40,9,False,140,140,0,Airbus A321neo,97.0,98.0
2026-10-06,2026-10-06 16:20,2026-10-20,14,DEL,CCU,DEL-CCU,6E,IndiGo,1,9181,INR,0,,10:15,10,12:30,12,False,135,135,0,Airbus A321neo,97.0,98.0
2026-10-06,2026-10-06 16:20,2026-10-20,14,DEL,CCU,DEL-CCU,6E,IndiGo,1,9181,INR,0,,23:30,23,01:45,1,True,135,135,0,Airbus A321neo,97.0,98.0
2026-10-06,2026-10-06 16:20,2026-10-20,14,DEL,CCU,DEL-CCU,AI,Air India,1,9186,INR,0,,12:10,12,14:25,14,False,135,135,0,Airbus A321,145.0,98.0
2026-10-06,2026-10-06 16:20,2026-10-20,14,DEL,CCU,DEL-CCU,SG,SpiceJet,1,9312,INR,0,,06:10,6,08:30,8,False,140,140,0,Boeing 737,135.0,98.0
2026-10-06,2026-10-06 16:20,2026-10-20,14,DEL,CCU,DEL-CCU,SG,SpiceJet,1,9312,INR,0,,20:10,20,22:30,22,False,140,140,0,Boeing 737,135.0,98.0
2026-10-06,2026-10-06 16:20,2026-10-20,14,DEL,CCU,DEL-CCU,SG,SpiceJet,1,9312,INR,0,,20:30,20,23:00,23,False,150,150,0,Boeing 737,113.0,98.0
2026-10-06,2026-10-06 16:20,2026-10-20,14,DEL,CCU,DEL-CCU,6E,IndiGo,1,9444,INR,0,,12:45,12,15:05,15,False,140,140,0,Airbus A321neo,97.0,98.0
2026-10-06,2026-10-06 16:20,2026-10-20,14,DEL,CCU,DEL-CCU,QP,Akasa Air,1,9527,INR,0,,17:00,17,19:15,19,False,135,135,0,Boeing 737MAX 8 Passenger,96.0,98.0
2026-10-06,2026-10-06 16:20,2026-10-20,14,DEL,CCU,DEL-CCU,6E,IndiGo,1,10231,INR,0,,05:00,5,07:15,7,False,135,135,0,Airbus A321neo,97.0,98.0
2026-10-06,2026-10-06 16:20,2026-10-20,14,DEL,CCU,DEL-CCU,6E,IndiGo,1,10231,INR,0,,14:25,14,16:45,16,False,140,140,0,Airbus A321neo,97.0,98.0
2026-10-06,2026-10-06 16:20,2026-10-20,14,DEL,CCU,DEL-CCU,6E,IndiGo,1,10231,INR,0,,17:55,17,20:15,20,False,140,140,0,Airbus A321neo,97.0,98.0
2026-10-06,2026-10-06 16:20,2026-10-20,14,DEL,CCU,DEL-CCU,6E,IndiGo,1,10756,INR,0,,21:50,21,00:05,0,True,135,135,0,Airbus A321neo,97.0,98.0
2026-10-06,2026-10-06 16:20,2026-10-20,14,DEL,CCU,DEL-CCU,6E,IndiGo,1,11386,INR,0,,16:00,16,18:15,18,False,135,135,0,Airbus A321neo,97.0,98.0
2026-10-06,2026-10-06 16:20,2026-10-20,14,DEL,CCU,DEL-CCU,6E,IndiGo,1,12121,INR,0,,19:30,19,21:45,21,False,135,135,0,Airbus A321neo,97.0,98.0
2026-10-06,2026-10-06 16:20,2026-10-27,21,DEL,CCU,DEL-CCU,6E,IndiGo,1,11386,INR,0,,03:00,3,05:10,5,False,130,130,0,Airbus A321neo,97.0,98.0
2026-10-06,2026-10-06 16:20,2026-10-27,21,DEL,CCU,DEL-CCU,6E,IndiGo,1,11386,INR,0,,06:15,6,08:25,8,False,130,130,0,Airbus A321neo,97.0,98.0
2026-10-06,2026-10-06 16:20,2026-10-27,21,DEL,CCU,DEL-CCU,6E,IndiGo,1,11386,INR,0,,10:30,10,12:40,12,False,130,130,0,Airbus A321neo,97.0,98.0
2026-10-06,2026-10-06 16:20,2026-10-27,21,DEL,CCU,DEL-CCU,AI,Air India,1,11680,INR,0,,09:30,9,11:45,11,False,135,135,0,Airbus A320neo,114.0,98.0
2026-10-06,2026-10-06 16:20,2026-10-27,21,DEL,CCU,DEL-CCU,AI,Air India,1,11885,INR,0,,18:00,18,20:10,20,False,130,130,0,Airbus A320neo,114.0,98.0
2026-10-06,2026-10-06 16:20,2026-10-27,21,DEL,CCU,DEL-CCU,6E,IndiGo,1,12121,INR,0,,23:45,23,01:55,1,True,130,130,0,Airbus A321neo,97.0,98.0
2026-10-06,2026-10-06 16:20,2026-10-27,21,DEL,CCU,DEL-CCU,AI,Air India,1,12158,INR,0,,06:45,6,09:00,9,False,135,135,0,Airbus A320neo,114.0,98.0
2026-10-06,2026-10-06 16:20,2026-10-27,21,DEL,CCU,DEL-CCU,QP,Akasa Air,1,12755,INR,0,,20:55,20,23:25,23,False,150,150,0,Boeing 737MAX 8 Passenger,100.0,98.0
2026-10-06,2026-10-06 16:20,2026-10-27,21,DEL,CCU,DEL-CCU,6E,IndiGo,1,12909,INR,0,,22:15,22,00:25,0,True,130,130,0,Airbus A321neo,97.0,98.0
2026-10-06,2026-10-06 16:20,2026-10-27,21,DEL,CCU,DEL-CCU,AI,Air India,1,13155,INR,0,,16:15,16,18:25,18,False,130,130,0,Airbus A320neo,114.0,98.0
2026-10-06,2026-10-06 16:20,2026-10-27,21,DEL,CCU,DEL-CCU,AI,Air India,1,13155,INR,0,,21:40,21,23:50,23,False,130,130,0,Airbus A320neo,114.0,98.0
2026-10-06,2026-10-06 16:20,2026-10-27,21,DEL,CCU,DEL-CCU,AI,Air India,1,13260,INR,0,,13:00,13,15:10,15,False,130,130,0,Airbus A320neo,114.0,98.0
2026-10-06,2026-10-06 16:20,2026-10-27,21,DEL,CCU,DEL-CCU,6E,IndiGo,1,13696,INR,0,,08:30,8,10:40,10,False,130,130,0,Airbus A321neo,97.0,98.0
2026-10-06,2026-10-06 16:20,2026-10-27,21,DEL,CCU,DEL-CCU,AI,Air India,1,14116,INR,0,,19:40,19,21:50,21,False,130,130,0,Airbus A320neo,114.0,98.0
2026-10-06,2026-10-06 16:20,2026-10-27,21,DEL,CCU,DEL-CCU,6E,IndiGo,1,14536,INR,0,,12:20,12,14:25,14,False,125,125,0,Airbus A321neo,97.0,98.0
2026-10-06,2026-10-06 16:20,2026-10-27,21,DEL,CCU,DEL-CCU,6E,IndiGo,1,14536,INR,0,,14:00,14,16:10,16,False,130,130,0,Airbus A321neo,97.0,98.0
2026-10-06,2026-10-06 16:20,2026-10-27,21,DEL,CCU,DEL-CCU,6E,IndiGo,1,15429,INR,0,,15:30,15,17:40,17,False,130,130,0,Airbus A321neo,97.0,98.0
2026-10-06,2026-10-06 16:20,2026-10-27,21,DEL,CCU,DEL-CCU,6E,IndiGo,1,15429,INR,0,,17:15,17,19:35,19,False,140,140,0,Airbus A321neo,97.0,98.0
2026-10-06,2026-10-06 16:20,2026-10-27,21,DEL,CCU,DEL-CCU,6E,IndiGo,1,19471,INR,0,,19:30,19,21:40,21,False,130,130,0,Airbus A321neo,97.0,98.0
2026-10-06,2026-10-06 16:20,2026-10-27,21,DEL,CCU,DEL-CCU,SG,SpiceJet,1,25072,INR,0,,07:00,7,09:25,9,False,145,145,0,Boeing 737,113.0,98.0
2026-10-06,2026-10-06 16:20,2026-11-05,30,DEL,CCU,DEL-CCU,6E,IndiGo,1,11522,INR,1,IXB,14:50,14,19:45,19,False,295,185,110,Airbus A321neo | Airbus A321neo,132.0,98.0
2026-10-06,2026-10-06 16:20,2026-11-05,30,DEL,CCU,DEL-CCU,AI,Air India,1,12210,INR,0,,06:45,6,09:00,9,False,135,135,0,Airbus A320neo,112.0,98.0
2026-10-06,2026-10-06 16:20,2026-11-05,30,DEL,CCU,DEL-CCU,AI,Air India,1,12252,INR,0,,19:40,19,21:50,21,False,130,130,0,Airbus A320neo,112.0,98.0
2026-10-06,2026-10-06 16:20,2026-11-05,30,DEL,CCU,DEL-CCU,AI,Air India,1,12541,INR,0,,09:30,9,11:45,11,False,135,135,0,Airbus A320neo,112.0,98.0
2026-10-06,2026-10-06 16:20,2026-11-05,30,DEL,CCU,DEL-CCU,AI,Air India,1,12762,INR,0,,18:00,18,20:10,20,False,130,130,0,Airbus A320neo,112.0,98.0
2026-10-06,2026-10-06 16:20,2026-11-05,30,DEL,CCU,DEL-CCU,AI,Air India,1,13155,INR,0,,11:40,11,13:55,13,False,135,135,0,Airbus A320neo,112.0,98.0
2026-10-06,2026-10-06 16:20,2026-11-05,30,DEL,CCU,DEL-CCU,AI,Air India,1,13155,INR,0,,16:15,16,18:25,18,False,130,130,0,Airbus A320neo,112.0,98.0
2026-10-06,2026-10-06 16:20,2026-11-05,30,DEL,CCU,DEL-CCU,6E,IndiGo,1,13696,INR,0,,03:00,3,05:10,5,False,130,130,0,Airbus A321neo,95.0,98.0
2026-10-06,2026-10-06 16:20,2026-11-05,30,DEL,CCU,DEL-CCU,6E,IndiGo,1,13696,INR,0,,04:45,4,06:55,6,False,130,130,0,Airbus A321neo,95.0,98.0
2026-10-06,2026-10-06 16:20,2026-11-05,30,DEL,CCU,DEL-CCU,6E,IndiGo,1,13696,INR,0,,06:15,6,08:25,8,False,130,130,0,Airbus A321neo,95.0,98.0
2026-10-06,2026-10-06 16:20,2026-11-05,30,DEL,CCU,DEL-CCU,6E,IndiGo,1,13696,INR,0,,08:30,8,10:40,10,False,130,130,0,Airbus A321neo,95.0,98.0
2026-10-06,2026-10-06 16:20,2026-11-05,30,DEL,CCU,DEL-CCU,6E,IndiGo,1,13696,INR,0,,10:30,10,12:40,12,False,130,130,0,Airbus A321neo,95.0,98.0
2026-10-06,2026-10-06 16:20,2026-11-05,30,DEL,CCU,DEL-CCU,6E,IndiGo,1,13696,INR,0,,14:00,14,16:10,16,False,130,130,0,Airbus A321neo,95.0,98.0
2026-10-06,2026-10-06 16:20,2026-11-05,30,DEL,CCU,DEL-CCU,AI,Air India,1,14163,INR,0,,21:40,21,23:50,23,False,130,130,0,Airbus A320neo,112.0,98.0
2026-10-06,2026-10-06 16:20,2026-11-05,30,DEL,CCU,DEL-CCU,6E,IndiGo,1,14536,INR,0,,22:15,22,00:25,0,True,130,130,0,Airbus A321neo,95.0,98.0
2026-10-06,2026-10-06 16:20,2026-11-05,30,DEL,CCU,DEL-CCU,6E,IndiGo,1,14536,INR,0,,23:45,23,01:55,1,True,130,130,0,Airbus A321neo,95.0,98.0
2026-10-06,2026-10-06 16:20,2026-11-05,30,DEL,CCU,DEL-CCU,QP,Akasa Air,1,14755,INR,0,,20:55,20,23:25,23,False,150,150,0,Boeing 737MAX 8 Passenger,98.0,98.0
2026-10-06,2026-10-06 16:20,2026-11-05,30,DEL,CCU,DEL-CCU,6E,IndiGo,1,16321,INR,0,,15:30,15,17:40,17,False,130,130,0,Airbus A321neo,95.0,98.0
2026-10-06,2026-10-06 16:20,2026-11-05,30,DEL,CCU,DEL-CCU,6E,IndiGo,1,16321,INR,0,,17:15,17,19:35,19,False,140,140,0,Airbus A321neo,95.0,98.0
2026-10-06,2026-10-06 16:20,2026-11-05,30,DEL,CCU,DEL-CCU,6E,IndiGo,1,16321,INR,0,,19:30,19,21:40,21,False,130,130,0,Airbus A321neo,95.0,98.0
2026-10-06,2026-10-06 16:20,2026-11-05,30,DEL,CCU,DEL-CCU,SG,SpiceJet,1,22055,INR,0,,07:00,7,09:25,9,False,145,145,0,Boeing 737,111.0,98.0
2026-10-06,2026-10-06 16:20,2026-11-20,45,DEL,CCU,DEL-CCU,AI,Air India,1,10079,INR,0,,21:40,21,23:50,23,False,130,130,0,Airbus A320neo,112.0,98.0
2026-10-06,2026-10-06 16:20,2026-11-20,45,DEL,CCU,DEL-CCU,6E,IndiGo,1,10231,INR,0,,03:00,3,05:10,5,False,130,130,0,Airbus A321neo,95.0,98.0
2026-10-06,2026-10-06 16:20,2026-11-20,45,DEL,CCU,DEL-CCU,6E,IndiGo,1,10231,INR,0,,04:45,4,06:55,6,False,130,130,0,Airbus A321neo,95.0,98.0
2026-10-06,2026-10-06 16:20,2026-11-20,45,DEL,CCU,DEL-CCU,6E,IndiGo,1,10231,INR,0,,14:00,14,16:10,16,False,130,130,0,Airbus A321neo,95.0,98.0
2026-10-06,2026-10-06 16:20,2026-11-20,45,DEL,CCU,DEL-CCU,6E,IndiGo,1,10231,INR,0,,15:30,15,17:40,17,False,130,130,0,Airbus A321neo,95.0,98.0
2026-10-06,2026-10-06 16:20,2026-11-20,45,DEL,CCU,DEL-CCU,6E,IndiGo,1,10231,INR,0,,17:15,17,19:35,19,False,140,140,0,Airbus A321neo,95.0,98.0
2026-10-06,2026-10-06 16:20,2026-11-20,45,DEL,CCU,DEL-CCU,6E,IndiGo,1,10231,INR,0,,19:30,19,21:40,21,False,130,130,0,Airbus A321neo,95.0,98.0
2026-10-06,2026-10-06 16:20,2026-11-20,45,DEL,CCU,DEL-CCU,6E,IndiGo,1,10231,INR,0,,22:15,22,00:25,0,True,130,130,0,Airbus A321neo,95.0,98.0
2026-10-06,2026-10-06 16:20,2026-11-20,45,DEL,CCU,DEL-CCU,6E,IndiGo,1,10231,INR,0,,23:45,23,01:55,1,True,130,130,0,Airbus A321neo,95.0,98.0
2026-10-06,2026-10-06 16:20,2026-11-20,45,DEL,CCU,DEL-CCU,AI,Air India,1,10347,INR,0,,19:40,19,21:50,21,False,130,130,0,Airbus A320neo,112.0,98.0
2026-10-06,2026-10-06 16:20,2026-11-20,45,DEL,CCU,DEL-CCU,QP,Akasa Air,1,10620,INR,0,,20:55,20,23:25,23,False,150,150,0,Boeing 737MAX 8 Passenger,98.0,98.0
2026-10-06,2026-10-06 16:20,2026-11-20,45,DEL,CCU,DEL-CCU,AI,Air India,1,10693,INR,0,,11:40,11,13:55,13,False,135,135,0,Airbus A320neo,112.0,98.0
2026-10-06,2026-10-06 16:20,2026-11-20,45,DEL,CCU,DEL-CCU,AI,Air India,1,10693,INR,0,,16:15,16,18:25,18,False,130,130,0,Airbus A320neo,112.0,98.0
2026-10-06,2026-10-06 16:20,2026-11-20,45,DEL,CCU,DEL-CCU,6E,IndiGo,1,10756,INR,0,,06:15,6,08:25,8,False,130,130,0,Airbus A321neo,95.0,98.0
2026-10-06,2026-10-06 16:20,2026-11-20,45,DEL,CCU,DEL-CCU,6E,IndiGo,1,10756,INR,0,,12:20,12,14:25,14,False,125,125,0,Airbus A321neo,95.0,98.0
2026-10-06,2026-10-06 16:20,2026-11-20,45,DEL,CCU,DEL-CCU,AI,Air India,1,10982,INR,0,,13:00,13,15:10,15,False,130,130,0,Airbus A320neo,112.0,98.0
2026-10-06,2026-10-06 16:20,2026-11-20,45,DEL,CCU,DEL-CCU,6E,IndiGo,1,11386,INR,0,,10:30,10,12:40,12,False,130,130,0,Airbus A321neo,95.0,98.0
2026-10-06,2026-10-06 16:20,2026-11-20,45,DEL,CCU,DEL-CCU,AI,Air India,1,11428,INR,0,,06:45,6,09:00,9,False,135,135,0,Airbus A320neo,112.0,98.0
2026-10-06,2026-10-06 16:20,2026-11-20,45,DEL,CCU,DEL-CCU,AI,Air India,1,11738,INR,0,,09:30,9,11:45,11,False,135,135,0,Airbus A320neo,112.0,98.0
2026-10-06,2026-10-06 16:20,2026-11-20,45,DEL,CCU,DEL-CCU,SG,SpiceJet,1,13609,INR,0,,07:00,7,09:25,9,False,145,145,0,Boeing 737,111.0,98.0
2026-10-06,2026-10-06 16:20,2026-12-05,60,DEL,CCU,DEL-CCU,AI,Air India,1,10079,INR,0,,11:40,11,13:55,13,False,135,135,0,Airbus A320neo,108.0,98.0
2026-10-06,2026-10-06 16:20,2026-12-05,60,DEL,CCU,DEL-CCU,AI,Air India,1,10079,INR,0,,18:00,18,20:10,20,False,130,130,0,Airbus A320neo,108.0,98.0
2026-10-06,2026-10-06 16:20,2026-12-05,60,DEL,CCU,DEL-CCU,6E,IndiGo,1,10231,INR,0,,03:00,3,05:10,5,False,130,130,0,Airbus A321neo,93.0,98.0
2026-10-06,2026-10-06 16:20,2026-12-05,60,DEL,CCU,DEL-CCU,6E,IndiGo,1,10231,INR,0,,04:45,4,06:55,6,False,130,130,0,Airbus A321neo,93.0,98.0
2026-10-06,2026-10-06 16:20,2026-12-05,60,DEL,CCU,DEL-CCU,6E,IndiGo,1,10231,INR,0,,06:15,6,08:25,8,False,130,130,0,Airbus A321neo,93.0,98.0
2026-10-06,2026-10-06 16:20,2026-12-05,60,DEL,CCU,DEL-CCU,6E,IndiGo,1,10231,INR,0,,10:30,10,12:40,12,False,130,130,0,Airbus A321neo,93.0,98.0
2026-10-06,2026-10-06 16:20,2026-12-05,60,DEL,CCU,DEL-CCU,6E,IndiGo,1,10231,INR,0,,12:20,12,14:25,14,False,125,125,0,Airbus A321neo,93.0,98.0
2026-10-06,2026-10-06 16:20,2026-12-05,60,DEL,CCU,DEL-CCU,6E,IndiGo,1,10231,INR,0,,14:00,14,16:10,16,False,130,130,0,Airbus A321neo,93.0,98.0
2026-10-06,2026-10-06 16:20,2026-12-05,60,DEL,CCU,DEL-CCU,6E,IndiGo,1,10231,INR,0,,15:30,15,17:40,17,False,130,130,0,Airbus A321neo,93.0,98.0
2026-10-06,2026-10-06 16:20,2026-12-05,60,DEL,CCU,DEL-CCU,6E,IndiGo,1,10231,INR,0,,17:15,17,19:35,19,False,140,140,0,Airbus A321neo,93.0,98.0
2026-10-06,2026-10-06 16:20,2026-12-05,60,DEL,CCU,DEL-CCU,6E,IndiGo,1,10231,INR,0,,19:30,19,21:40,21,False,130,130,0,Airbus A321neo,93.0,98.0
2026-10-06,2026-10-06 16:20,2026-12-05,60,DEL,CCU,DEL-CCU,6E,IndiGo,1,10231,INR,0,,22:15,22,00:25,0,True,130,130,0,Airbus A321neo,93.0,98.0
2026-10-06,2026-10-06 16:20,2026-12-05,60,DEL,CCU,DEL-CCU,6E,IndiGo,1,10231,INR,0,,23:45,23,01:55,1,True,130,130,0,Airbus A321neo,93.0,98.0
2026-10-06,2026-10-06 16:20,2026-12-05,60,DEL,CCU,DEL-CCU,AI,Air India,1,10257,INR,0,,21:40,21,23:50,23,False,130,130,0,Airbus A320neo,108.0,98.0
2026-10-06,2026-10-06 16:20,2026-12-05,60,DEL,CCU,DEL-CCU,QP,Akasa Air,1,10430,INR,0,,08:50,8,11:10,11,False,140,140,0,Boeing 737MAX 8 Passenger,96.0,98.0
2026-10-06,2026-10-06 16:20,2026-12-05,60,DEL,CCU,DEL-CCU,AI,Air India,1,10982,INR,0,,09:30,9,11:45,11,False,135,135,0,Airbus A320neo,108.0,98.0
2026-10-06,2026-10-06 16:20,2026-12-05,60,DEL,CCU,DEL-CCU,AI,Air India,1,10982,INR,0,,13:00,13,15:10,15,False,130,130,0,Airbus A320neo,108.0,98.0
2026-10-06,2026-10-06 16:20,2026-12-05,60,DEL,CCU,DEL-CCU,AI,Air India,1,10982,INR,0,,19:40,19,21:50,21,False,130,130,0,Airbus A320neo,108.0,98.0
2026-10-06,2026-10-06 16:20,2026-12-05,60,DEL,CCU,DEL-CCU,AI,Air India,1,11428,INR,0,,16:15,16,18:25,18,False,130,130,0,Airbus A320neo,108.0,98.0
2026-10-06,2026-10-06 16:20,2026-12-05,60,DEL,CCU,DEL-CCU,SG,SpiceJet,1,13609,INR,0,,07:00,7,09:25,9,False,145,145,0,Boeing 737,109.0,98.0
2026-10-06,2026-10-06 16:20,2026-12-05,60,DEL,CCU,DEL-CCU,6E,IndiGo,1,20731,INR,0,,11:35,11,14:00,14,False,145,145,0,Airbus A321neo,,98.0
2026-10-06,2026-10-06 16:20,2026-10-07,1,PNQ,DEL,PNQ-DEL,AI,Air India,1,7037,INR,0,,00:35,0,03:00,3,False,145,145,0,Airbus A320neo,110.0,98.0
2026-10-06,2026-10-06 16:20,2026-10-07,1,PNQ,DEL,PNQ-DEL,AI,Air India,1,7037,INR,0,,04:55,4,07:15,7,False,140,140,0,Airbus A320neo,110.0,98.0
2026-10-06,2026-10-06 16:20,2026-10-07,1,PNQ,DEL,PNQ-DEL,AI,Air India,1,7037,INR,0,,05:15,5,07:40,7,False,145,145,0,Airbus A320neo,110.0,98.0
2026-10-06,2026-10-06 16:20,2026-10-07,1,PNQ,DEL,PNQ-DEL,6E,IndiGo,1,7329,INR,0,,00:15,0,02:30,2,False,135,135,0,Airbus A321neo,94.0,98.0
2026-10-06,2026-10-06 16:20,2026-10-07,1,PNQ,DEL,PNQ-DEL,6E,IndiGo,1,7329,INR,0,,01:45,1,04:00,4,False,135,135,0,Airbus A321neo,94.0,98.0
2026-10-06,2026-10-06 16:20,2026-10-07,1,PNQ,DEL,PNQ-DEL,AI,Air India,1,7358,INR,0,,20:30,20,22:55,22,False,145,145,0,Airbus A320neo,110.0,98.0
2026-10-06,2026-10-06 16:20,2026-10-07,1,PNQ,DEL,PNQ-DEL,AI,Air India,1,7536,INR,0,,15:50,15,18:15,18,False,145,145,0,Airbus A320neo,110.0,98.0
2026-10-06,2026-10-06 16:20,2026-10-07,1,PNQ,DEL,PNQ-DEL,6E,IndiGo,1,7623,INR,0,,08:50,8,11:05,11,False,135,135,0,Airbus A321neo,94.0,98.0
2026-10-06,2026-10-06 16:20,2026-10-07,1,PNQ,DEL,PNQ-DEL,6E,IndiGo,1,7623,INR,0,,14:45,14,16:45,16,False,120,120,0,Airbus A321neo,94.0,98.0
2026-10-06,2026-10-06 16:20,2026-10-07,1,PNQ,DEL,PNQ-DEL,6E,IndiGo,1,7623,INR,0,,21:00,21,23:15,23,False,135,135,0,Airbus A321neo,94.0,98.0
2026-10-06,2026-10-06 16:20,2026-10-07,1,PNQ,DEL,PNQ-DEL,QP,Akasa Air,1,7755,INR,0,,07:50,7,10:10,10,False,140,140,0,Boeing 737MAX 8 Passenger,93.0,98.0
2026-10-06,2026-10-06 16:20,2026-10-07,1,PNQ,DEL,PNQ-DEL,AI,Air India,1,7762,INR,0,,18:45,18,21:10,21,False,145,145,0,Airbus A320neo,110.0,98.0
2026-10-06,2026-10-06 16:20,2026-10-07,1,PNQ,DEL,PNQ-DEL,6E,IndiGo,1,7843,INR,0,,05:05,5,07:15,7,False,130,130,0,Airbus A321neo,94.0,98.0
2026-10-06,2026-10-06 16:20,2026-10-07,1,PNQ,DEL,PNQ-DEL,6E,IndiGo,1,7843,INR,0,,19:10,19,21:25,21,False,135,135,0,Airbus A321neo,94.0,98.0
2026-10-06,2026-10-06 16:20,2026-10-07,1,PNQ,DEL,PNQ-DEL,AI,Air India,1,7893,INR,0,,07:40,7,10:05,10,False,145,145,0,Airbus A320neo,110.0,98.0
2026-10-06,2026-10-06 16:20,2026-10-07,1,PNQ,DEL,PNQ-DEL,6E,IndiGo,1,8158,INR,0,,07:25,7,09:40,9,False,135,135,0,Airbus A321neo,94.0,98.0
2026-10-06,2026-10-06 16:20,2026-10-07,1,PNQ,DEL,PNQ-DEL,IX,Air India Express,1,8808,INR,0,,18:50,18,21:15,21,False,145,145,0,Boeing 737MAX 8 Passenger,111.0,98.0
2026-10-06,2026-10-06 16:20,2026-10-07,1,PNQ,DEL,PNQ-DEL,IX,Air India Express,1,21542,INR,0,,07:40,7,10:00,10,False,140,140,0,Boeing 737MAX 8 Passenger,111.0,98.0
2026-10-06,2026-10-06 16:20,2026-10-07,1,PNQ,DEL,PNQ-DEL,AI,Air India,1,24126,INR,0,,08:45,8,11:10,11,False,145,145,0,Airbus A320neo,110.0,98.0
2026-10-06,2026-10-06 16:20,2026-10-09,3,PNQ,DEL,PNQ-DEL,6E,IndiGo,1,7329,INR,0,,00:15,0,02:30,2,False,135,135,0,Airbus A321neo,94.0,98.0
2026-10-06,2026-10-06 16:20,2026-10-09,3,PNQ,DEL,PNQ-DEL,6E,IndiGo,1,7329,INR,0,,01:45,1,04:00,4,False,135,135,0,Airbus A321neo,94.0,98.0
2026-10-06,2026-10-06 16:20,2026-10-09,3,PNQ,DEL,PNQ-DEL,6E,IndiGo,1,7843,INR,0,,07:25,7,09:40,9,False,135,135,0,Airbus A321neo,94.0,98.0
2026-10-06,2026-10-06 16:20,2026-10-09,3,PNQ,DEL,PNQ-DEL,6E,IndiGo,1,7843,INR,0,,12:25,12,14:40,14,False,135,135,0,Airbus A321neo,94.0,98.0
2026-10-06,2026-10-06 16:20,2026-10-09,3,PNQ,DEL,PNQ-DEL,AI,Air India,1,8418,INR,0,,07:40,7,10:05,10,False,145,145,0,Airbus A320neo,110.0,98.0
2026-10-06,2026-10-06 16:20,2026-10-09,3,PNQ,DEL,PNQ-DEL,AI,Air India,1,8555,INR,0,,08:45,8,11:10,11,False,145,145,0,Airbus A320neo,110.0,98.0
2026-10-06,2026-10-06 16:20,2026-10-09,3,PNQ,DEL,PNQ-DEL,6E,IndiGo,1,8683,INR,0,,08:50,8,11:05,11,False,135,135,0,Airbus A321neo,94.0,98.0
2026-10-06,2026-10-06 16:20,2026-10-09,3,PNQ,DEL,PNQ-DEL,IX,Air India Express,1,8687,INR,1,IDR,08:10,8,12:20,12,False,250,210,40,Boeing 737MAX 8 Passenger | Boeing 737MAX 8 Passenger,135.0,98.0
2026-10-06,2026-10-06 16:20,2026-10-09,3,PNQ,DEL,PNQ-DEL,QP,Akasa Air,1,9235,INR,0,,07:50,7,10:10,10,False,140,140,0,Boeing 737MAX 8 Passenger,93.0,98.0
2026-10-06,2026-10-06 16:20,2026-10-09,3,PNQ,DEL,PNQ-DEL,IX,Air India Express,1,9418,INR,0,,07:40,7,10:00,10,False,140,140,0,Boeing 737MAX 8 Passenger,111.0,98.0
2026-10-06,2026-10-06 16:20,2026-10-09,3,PNQ,DEL,PNQ-DEL,6E,IndiGo,1,10048,INR,0,,14:45,14,16:45,16,False,120,120,0,Airbus A321neo,94.0,98.0
2026-10-06,2026-10-06 16:20,2026-10-09,3,PNQ,DEL,PNQ-DEL,6E,IndiGo,1,11781,INR,0,,21:00,21,23:15,23,False,135,135,0,Airbus A321neo,94.0,98.0
2026-10-06,2026-10-06 16:20,2026-10-09,3,PNQ,DEL,PNQ-DEL,QP,Akasa Air,1,12660,INR,0,,21:05,21,23:30,23,False,145,145,0,Boeing 737MAX 8 Passenger,93.0,98.0
2026-10-06,2026-10-06 16:20,2026-10-09,3,PNQ,DEL,PNQ-DEL,AI,Air India,1,13778,INR,0,,22:00,22,00:25,0,True,145,145,0,Airbus A320neo,110.0,98.0
2026-10-06,2026-10-06 16:20,2026-10-09,3,PNQ,DEL,PNQ-DEL,AI,Air India,1,14020,INR,0,,15:50,15,18:15,18,False,145,145,0,Airbus A320neo,110.0,98.0
2026-10-06,2026-10-06 16:20,2026-10-09,3,PNQ,DEL,PNQ-DEL,6E,IndiGo,1,14892,INR,0,,19:10,19,21:25,21,False,135,135,0,Airbus A321neo,94.0,98.0
2026-10-06,2026-10-06 16:20,2026-10-09,3,PNQ,DEL,PNQ-DEL,AI,Air India,1,17879,INR,0,,20:30,20,22:55,22,False,145,145,0,Airbus A320neo,110.0,98.0
2026-10-06,2026-10-06 16:20,2026-10-09,3,PNQ,DEL,PNQ-DEL,AI,Air India,1,21186,INR,0,,18:45,18,21:10,21,False,145,145,0,Airbus A320neo,110.0,98.0
2026-10-06,2026-10-06 16:20,2026-10-09,3,PNQ,DEL,PNQ-DEL,IX,Air India Express,1,21542,INR,0,,18:50,18,21:15,21,False,145,145,0,Boeing 737MAX 8 Passenger,111.0,98.0
2026-10-06,2026-10-06 16:20,2026-10-13,7,PNQ,DEL,PNQ-DEL,AI,Air India,1,7037,INR,0,,22:00,22,00:25,0,True,145,145,0,Airbus A320neo,110.0,98.0
2026-10-06,2026-10-06 16:20,2026-10-13,7,PNQ,DEL,PNQ-DEL,AI,Air India,1,7158,INR,0,,20:30,20,22:55,22,False,145,145,0,Airbus A320neo,110.0,98.0
2026-10-06,2026-10-06 16:20,2026-10-13,7,PNQ,DEL,PNQ-DEL,6E,IndiGo,1,7329,INR,0,,00:15,0,02:30,2,False,135,135,0,Airbus A321neo,94.0,98.0
2026-10-06,2026-10-06 16:20,2026-10-13,7,PNQ,DEL,PNQ-DEL,6E,IndiGo,1,7329,INR,0,,01:45,1,04:00,4,False,135,135,0,Airbus A321neo,94.0,98.0
2026-10-06,2026-10-06 16:20,2026-10-13,7,PNQ,DEL,PNQ-DEL,6E,IndiGo,1,7329,INR,0,,21:00,21,23:15,23,False,135,135,0,Airbus A321neo,94.0,98.0
2026-10-06,2026-10-06 16:20,2026-10-13,7,PNQ,DEL,PNQ-DEL,AI,Air India,1,7358,INR,0,,07:40,7,10:05,10,False,145,145,0,Airbus A320neo,110.0,98.0
2026-10-06,2026-10-06 16:20,2026-10-13,7,PNQ,DEL,PNQ-DEL,AI,Air India,1,7536,INR,0,,15:50,15,18:15,18,False,145,145,0,Airbus A320neo,110.0,98.0
2026-10-06,2026-10-06 16:20,2026-10-13,7,PNQ,DEL,PNQ-DEL,AI,Air India,1,7578,INR,0,,08:45,8,11:10,11,False,145,145,0,Airbus A320neo,110.0,98.0
2026-10-06,2026-10-06 16:20,2026-10-13,7,PNQ,DEL,PNQ-DEL,6E,IndiGo,1,7623,INR,0,,07:25,7,09:40,9,False,135,135,0,Airbus A321neo,94.0,98.0
2026-10-06,2026-10-06 16:20,2026-10-13,7,PNQ,DEL,PNQ-DEL,6E,IndiGo,1,7623,INR,0,,08:50,8,11:05,11,False,135,135,0,Airbus A321neo,94.0,98.0
2026-10-06,2026-10-06 16:20,2026-10-13,7,PNQ,DEL,PNQ-DEL,6E,IndiGo,1,7623,INR,0,,12:25,12,14:40,14,False,135,135,0,Airbus A321neo,94.0,98.0
2026-10-06,2026-10-06 16:20,2026-10-13,7,PNQ,DEL,PNQ-DEL,6E,IndiGo,1,7623,INR,0,,14:45,14,16:45,16,False,120,120,0,Airbus A321neo,94.0,98.0
2026-10-06,2026-10-06 16:20,2026-10-13,7,PNQ,DEL,PNQ-DEL,6E,IndiGo,1,7623,INR,0,,19:10,19,21:25,21,False,135,135,0,Airbus A321neo,94.0,98.0
2026-10-06,2026-10-06 16:20,2026-10-13,7,PNQ,DEL,PNQ-DEL,SG,SpiceJet,1,7649,INR,0,,18:20,18,20:50,20,False,150,150,0,,,98.0
2026-10-06,2026-10-06 16:20,2026-10-13,7,PNQ,DEL,PNQ-DEL,QP,Akasa Air,1,7670,INR,0,,07:50,7,10:10,10,False,140,140,0,Boeing 737MAX 8 Passenger,93.0,98.0
2026-10-06,2026-10-06 16:20,2026-10-13,7,PNQ,DEL,PNQ-DEL,QP,Akasa Air,1,7670,INR,0,,21:05,21,23:30,23,False,145,145,0,Boeing 737MAX 8 Passenger,98.0,98.0
2026-10-06,2026-10-06 16:20,2026-10-13,7,PNQ,DEL,PNQ-DEL,AI,Air India,1,7762,INR,0,,18:45,18,21:10,21,False,145,145,0,Airbus A320neo,110.0,98.0
2026-10-06,2026-10-06 16:20,2026-10-13,7,PNQ,DEL,PNQ-DEL,IX,Air India Express,1,7990,INR,0,,18:50,18,21:15,21,False,145,145,0,Boeing 737MAX 8 Passenger,111.0,98.0
2026-10-06,2026-10-06 16:20,2026-10-13,7,PNQ,DEL,PNQ-DEL,IX,Air India Express,1,8975,INR,0,,07:40,7,10:00,10,False,140,140,0,Boeing 737MAX 8 Passenger,111.0,98.0
2026-10-06,2026-10-06 16:20,2026-10-20,14,PNQ,DEL,PNQ-DEL,6E,IndiGo,1,7329,INR,0,,00:15,0,02:30,2,False,135,135,0,Airbus A321neo,94.0,98.0
2026-10-06,2026-10-06 16:20,2026-10-20,14,PNQ,DEL,PNQ-DEL,6E,IndiGo,1,7329,INR,0,,01:45,1,04:00,4,False,135,135,0,Airbus A321neo,94.0,98.0
2026-10-06,2026-10-06 16:20,2026-10-20,14,PNQ,DEL,PNQ-DEL,6E,IndiGo,1,7329,INR,0,,07:25,7,09:40,9,False,135,135,0,Airbus A321neo,94.0,98.0
2026-10-06,2026-10-06 16:20,2026-10-20,14,PNQ,DEL,PNQ-DEL,6E,IndiGo,1,7329,INR,0,,19:10,19,21:25,21,False,135,135,0,Airbus A321neo,94.0,98.0
2026-10-06,2026-10-06 16:20,2026-10-20,14,PNQ,DEL,PNQ-DEL,6E,IndiGo,1,7329,INR,0,,21:00,21,23:15,23,False,135,135,0,Airbus A321neo,94.0,98.0
2026-10-06,2026-10-06 16:20,2026-10-20,14,PNQ,DEL,PNQ-DEL,IX,Air India Express,1,7456,INR,0,,18:50,18,21:15,21,False,145,145,0,Boeing 737MAX 8 Passenger,111.0,98.0
2026-10-06,2026-10-06 16:20,2026-10-20,14,PNQ,DEL,PNQ-DEL,6E,IndiGo,1,7623,INR,0,,12:25,12,14:40,14,False,135,135,0,Airbus A321neo,94.0,98.0
2026-10-06,2026-10-06 16:20,2026-10-20,14,PNQ,DEL,PNQ-DEL,QP,Akasa Air,1,7670,INR,0,,21:05,21,23:30,23,False,145,145,0,Boeing 737MAX 8 Passenger,93.0,98.0
2026-10-06,2026-10-06 16:20,2026-10-20,14,PNQ,DEL,PNQ-DEL,6E,IndiGo,1,7843,INR,0,,14:45,14,16:45,16,False,120,120,0,Airbus A321neo,94.0,98.0
2026-10-06,2026-10-06 16:20,2026-10-20,14,PNQ,DEL,PNQ-DEL,AI,Air India,1,8203,INR,0,,00:35,0,03:00,3,False,145,145,0,Airbus A320neo,110.0,98.0
2026-10-06,2026-10-06 16:20,2026-10-20,14,PNQ,DEL,PNQ-DEL,AI,Air India,1,8203,INR,0,,04:55,4,07:15,7,False,140,140,0,Airbus A320neo,110.0,98.0
2026-10-06,2026-10-06 16:20,2026-10-20,14,PNQ,DEL,PNQ-DEL,AI,Air India,1,8203,INR,0,,05:15,5,07:40,7,False,145,145,0,Airbus A320neo,110.0,98.0
2026-10-06,2026-10-06 16:20,2026-10-20,14,PNQ,DEL,PNQ-DEL,AI,Air India,1,8203,INR,0,,22:00,22,00:25,0,True,145,145,0,Airbus A320neo,110.0,98.0
2026-10-06,2026-10-06 16:20,2026-10-20,14,PNQ,DEL,PNQ-DEL,AI,Air India,1,8313,INR,0,,07:40,7,10:05,10,False,145,145,0,Airbus A321,140.0,98.0
2026-10-06,2026-10-06 16:20,2026-10-20,14,PNQ,DEL,PNQ-DEL,AI,Air India,1,8313,INR,0,,08:45,8,11:10,11,False,145,145,0,Airbus A320neo,110.0,98.0
2026-10-06,2026-10-06 16:20,2026-10-20,14,PNQ,DEL,PNQ-DEL,AI,Air India,1,8313,INR,0,,20:30,20,22:55,22,False,145,145,0,Airbus A320neo,110.0,98.0
2026-10-06,2026-10-06 16:20,2026-10-20,14,PNQ,DEL,PNQ-DEL,SG,SpiceJet,1,8479,INR,0,,18:45,18,21:00,21,False,135,135,0,Airbus A320,115.0,98.0
2026-10-06,2026-10-06 16:20,2026-10-20,14,PNQ,DEL,PNQ-DEL,AI,Air India,1,8518,INR,0,,15:50,15,18:15,18,False,145,145,0,Airbus A320neo,110.0,98.0
2026-10-06,2026-10-06 16:20,2026-10-20,14,PNQ,DEL,PNQ-DEL,AI,Air India,1,8518,INR,0,,18:45,18,21:10,21,False,145,145,0,Airbus A320neo,110.0,98.0
2026-10-06,2026-10-06 16:20,2026-10-20,14,PNQ,DEL,PNQ-DEL,SG,SpiceJet,1,8836,INR,0,,05:55,5,08:30,8,False,155,155,0,Boeing 737,110.0,98.0
2026-10-06,2026-10-06 16:20,2026-10-27,21,PNQ,DEL,PNQ-DEL,AI,Air India,1,8203,INR,0,,00:35,0,02:50,2,False,135,135,0,Airbus A320neo,110.0,98.0
2026-10-06,2026-10-06 16:20,2026-10-27,21,PNQ,DEL,PNQ-DEL,AI,Air India,1,8203,INR,0,,05:15,5,07:30,7,False,135,135,0,Airbus A320neo,110.0,98.0
2026-10-06,2026-10-06 16:20,2026-10-27,21,PNQ,DEL,PNQ-DEL,AI,Air India,1,8313,INR,0,,07:40,7,10:00,10,False,140,140,0,Airbus A321,140.0,98.0
2026-10-06,2026-10-06 16:20,2026-10-27,21,PNQ,DEL,PNQ-DEL,AI,Air India,1,8518,INR,0,,15:50,15,18:10,18,False,140,140,0,Airbus A320neo,110.0,98.0
2026-10-06,2026-10-06 16:20,2026-10-27,21,PNQ,DEL,PNQ-DEL,AI,Air India,1,8518,INR,0,,18:45,18,21:00,21,False,135,135,0,Airbus A320neo,110.0,98.0
2026-10-06,2026-10-06 16:20,2026-10-27,21,PNQ,DEL,PNQ-DEL,AI,Air India,1,8518,INR,0,,20:30,20,22:45,22,False,135,135,0,Airbus A320neo,110.0,98.0
2026-10-06,2026-10-06 16:20,2026-10-27,21,PNQ,DEL,PNQ-DEL,6E,IndiGo,1,8579,INR,0,,00:10,0,02:15,2,False,125,125,0,Airbus A321neo,94.0,98.0
2026-10-06,2026-10-06 16:20,2026-10-27,21,PNQ,DEL,PNQ-DEL,6E,IndiGo,1,8579,INR,0,,05:05,5,07:15,7,False,130,130,0,Airbus A321neo,94.0,98.0
2026-10-06,2026-10-06 16:20,2026-10-27,21,PNQ,DEL,PNQ-DEL,6E,IndiGo,1,8579,INR,0,,07:30,7,09:40,9,False,130,130,0,Airbus A321neo,94.0,98.0
2026-10-06,2026-10-06 16:20,2026-10-27,21,PNQ,DEL,PNQ-DEL,6E,IndiGo,1,8579,INR,0,,12:10,12,14:25,14,False,135,135,0,Airbus A321neo,94.0,98.0
2026-10-06,2026-10-06 16:20,2026-10-27,21,PNQ,DEL,PNQ-DEL,6E,IndiGo,1,8579,INR,0,,14:25,14,16:35,16,False,130,130,0,Airbus A321neo,94.0,98.0
2026-10-06,2026-10-06 16:20,2026-10-27,21,PNQ,DEL,PNQ-DEL,6E,IndiGo,1,8579,INR,0,,19:15,19,21:25,21,False,130,130,0,Airbus A321neo,94.0,98.0
2026-10-06,2026-10-06 16:20,2026-10-27,21,PNQ,DEL,PNQ-DEL,6E,IndiGo,1,8579,INR,0,,21:35,21,23:55,23,False,140,140,0,Airbus A321neo,94.0,98.0
2026-10-06,2026-10-06 16:20,2026-10-27,21,PNQ,DEL,PNQ-DEL,QP,Akasa Air,1,8773,INR,0,,08:50,8,11:15,11,False,145,145,0,Boeing 737MAX 8 Passenger,96.0,98.0
2026-10-06,2026-10-06 16:20,2026-10-27,21,PNQ,DEL,PNQ-DEL,AI,Air India,1,8880,INR,0,,08:45,8,11:05,11,False,140,140,0,Airbus A320neo,110.0,98.0
2026-10-06,2026-10-06 16:20,2026-10-27,21,PNQ,DEL,PNQ-DEL,IX,Air India Express,1,8975,INR,0,,18:05,18,20:15,20,False,130,130,0,Airbus A320neo,108.0,98.0
2026-10-06,2026-10-06 16:20,2026-10-27,21,PNQ,DEL,PNQ-DEL,6E,IndiGo,1,9142,INR,0,,08:40,8,10:50,10,False,130,130,0,Airbus A321neo,94.0,98.0
2026-10-06,2026-10-06 16:20,2026-10-27,21,PNQ,DEL,PNQ-DEL,IX,Air India Express,1,9583,INR,0,,01:20,1,03:45,3,False,145,145,0,Airbus A320neo,108.0,98.0
2026-10-06,2026-10-06 16:20,2026-10-27,21,PNQ,DEL,PNQ-DEL,IX,Air India Express,1,9583,INR,0,,13:45,13,16:10,16,False,145,145,0,Airbus A321,123.0,98.0
2026-10-06,2026-10-06 16:20,2026-10-27,21,PNQ,DEL,PNQ-DEL,SG,SpiceJet,1,12379,INR,0,,22:50,22,01:10,1,True,140,140,0,Boeing 737,131.0,98.0
2026-10-06,2026-10-06 16:20,2026-10-27,21,PNQ,DEL,PNQ-DEL,SG,SpiceJet,1,14074,INR,0,,05:55,5,08:30,8,False,155,155,0,Boeing 737,110.0,98.0
2026-10-06,2026-10-06 16:20,2026-10-27,21,PNQ,DEL,PNQ-DEL,SG,SpiceJet,1,14074,INR,0,,17:50,17,20:05,20,False,135,135,0,Boeing 737,110.0,98.0
2026-10-06,2026-10-06 16:20,2026-10-27,21,PNQ,DEL,PNQ-DEL,SG,SpiceJet,1,15037,INR,0,,23:55,23,02:15,2,True,140,140,0,Boeing 737,131.0,98.0
2026-10-06,2026-10-06 16:20,2026-10-27,21,PNQ,DEL,PNQ-DEL,6E,IndiGo,1,24156,INR,0,,22:50,22,01:05,1,True,135,135,0,Airbus A321neo,,98.0
2026-10-06,2026-10-06 16:20,2026-11-05,30,PNQ,DEL,PNQ-DEL,6E,IndiGo,1,14619,INR,0,,00:10,0,02:15,2,False,125,125,0,Airbus A321neo,92.0,98.0
2026-10-06,2026-10-06 16:20,2026-11-05,30,PNQ,DEL,PNQ-DEL,6E,IndiGo,1,14619,INR,0,,05:05,5,07:15,7,False,130,130,0,Airbus A321neo,92.0,98.0
2026-10-06,2026-10-06 16:20,2026-11-05,30,PNQ,DEL,PNQ-DEL,6E,IndiGo,1,14619,INR,0,,07:30,7,09:40,9,False,130,130,0,Airbus A321neo,92.0,98.0
2026-10-06,2026-10-06 16:20,2026-11-05,30,PNQ,DEL,PNQ-DEL,AI,Air India,1,15411,INR,0,,00:35,0,02:50,2,False,135,135,0,Airbus A320neo,108.0,98.0
2026-10-06,2026-10-06 16:20,2026-11-05,30,PNQ,DEL,PNQ-DEL,6E,IndiGo,1,16828,INR,0,,12:10,12,14:25,14,False,135,135,0,Airbus A321neo,92.0,98.0
2026-10-06,2026-10-06 16:20,2026-11-05,30,PNQ,DEL,PNQ-DEL,AI,Air India,1,18036,INR,0,,08:45,8,11:05,11,False,140,140,0,Airbus A320neo,108.0,98.0
2026-10-06,2026-10-06 16:20,2026-11-05,30,PNQ,DEL,PNQ-DEL,AI,Air India,1,18036,INR,0,,22:00,22,00:15,0,True,135,135,0,Airbus A320neo,108.0,98.0
2026-10-06,2026-10-06 16:20,2026-11-05,30,PNQ,DEL,PNQ-DEL,6E,IndiGo,1,18071,INR,0,,08:40,8,10:50,10,False,130,130,0,Airbus A321neo,92.0,98.0
2026-10-06,2026-10-06 16:20,2026-11-05,30,PNQ,DEL,PNQ-DEL,6E,IndiGo,1,18071,INR,0,,14:25,14,16:35,16,False,130,130,0,Airbus A321neo,92.0,98.0
2026-10-06,2026-10-06 16:20,2026-11-05,30,PNQ,DEL,PNQ-DEL,6E,IndiGo,1,18071,INR,0,,19:15,19,21:25,21,False,130,130,0,Airbus A321neo,92.0,98.0
2026-10-06,2026-10-06 16:20,2026-11-05,30,PNQ,DEL,PNQ-DEL,6E,IndiGo,1,18071,INR,0,,21:35,21,23:55,23,False,140,140,0,Airbus A321neo,92.0,98.0
2026-10-06,2026-10-06 16:20,2026-11-05,30,PNQ,DEL,PNQ-DEL,AI,Air India,1,18509,INR,0,,15:50,15,18:10,18,False,140,140,0,Airbus A320neo,108.0,98.0
2026-10-06,2026-10-06 16:20,2026-11-05,30,PNQ,DEL,PNQ-DEL,AI,Air India,1,18509,INR,0,,18:45,18,21:00,21,False,135,135,0,Airbus A320neo,108.0,98.0
2026-10-06,2026-10-06 16:20,2026-11-05,30,PNQ,DEL,PNQ-DEL,AI,Air India,1,18509,INR,0,,20:30,20,22:45,22,False,135,135,0,Airbus A320neo,108.0,98.0
2026-10-06,2026-10-06 16:20,2026-11-05,30,PNQ,DEL,PNQ-DEL,IX,Air India Express,1,23367,INR,0,,01:20,1,03:45,3,False,145,145,0,Airbus A320neo,104.0,98.0
2026-10-06,2026-10-06 16:20,2026-11-05,30,PNQ,DEL,PNQ-DEL,IX,Air India Express,1,23367,INR,0,,13:45,13,16:10,16,False,145,145,0,Airbus A321,119.0,98.0
2026-10-06,2026-10-06 16:20,2026-11-05,30,PNQ,DEL,PNQ-DEL,IX,Air India Express,1,23367,INR,0,,18:05,18,20:15,20,False,130,130,0,Airbus A320neo,104.0,98.0
2026-10-06,2026-10-06 16:20,2026-11-05,30,PNQ,DEL,PNQ-DEL,6E,IndiGo,1,24156,INR,0,,22:50,22,01:05,1,True,135,135,0,Airbus A321neo,,98.0
2026-10-06,2026-10-06 16:20,2026-11-05,30,PNQ,DEL,PNQ-DEL,QP,Akasa Air,1,26045,INR,0,,08:50,8,11:15,11,False,145,145,0,Boeing 737MAX 8 Passenger,93.0,98.0
2026-10-06,2026-10-06 16:20,2026-11-05,30,PNQ,DEL,PNQ-DEL,SG,SpiceJet,1,30855,INR,0,,05:55,5,08:30,8,False,155,155,0,Boeing 737,107.0,98.0
2026-10-06,2026-10-06 16:20,2026-11-05,30,PNQ,DEL,PNQ-DEL,SG,SpiceJet,1,30855,INR,0,,17:50,17,20:05,20,False,135,135,0,Boeing 737,107.0,98.0
2026-10-06,2026-10-06 16:20,2026-11-05,30,PNQ,DEL,PNQ-DEL,SG,SpiceJet,1,30855,INR,0,,22:50,22,01:10,1,True,140,140,0,Boeing 737,128.0,98.0
2026-10-06,2026-10-06 16:20,2026-11-05,30,PNQ,DEL,PNQ-DEL,SG,SpiceJet,1,30855,INR,0,,23:55,23,02:15,2,True,140,140,0,Boeing 737,128.0,98.0
2026-10-06,2026-10-06 16:20,2026-11-20,45,PNQ,DEL,PNQ-DEL,6E,IndiGo,1,8800,INR,1,JAI,02:00,2,09:35,9,False,455,170,285,Airbus A320neo | Airbus A321neo,112.0,98.0
2026-10-06,2026-10-06 16:20,2026-11-20,45,PNQ,DEL,PNQ-DEL,6E,IndiGo,1,8800,INR,1,BDQ,06:15,6,14:00,14,False,465,160,305,Airbus A321neo | Airbus A320neo,112.0,98.0
2026-10-06,2026-10-06 16:20,2026-11-20,45,PNQ,DEL,PNQ-DEL,6E,IndiGo,1,9037,INR,1,AMD,04:30,4,09:15,9,False,285,175,110,Airbus A321neo | Airbus A321neo,113.0,98.0
2026-10-06,2026-10-06 16:20,2026-11-20,45,PNQ,DEL,PNQ-DEL,6E,IndiGo,1,9751,INR,0,,07:30,7,09:40,9,False,130,130,0,Airbus A321neo,92.0,98.0
2026-10-06,2026-10-06 16:20,2026-11-20,45,PNQ,DEL,PNQ-DEL,6E,IndiGo,1,9751,INR,0,,12:10,12,14:25,14,False,135,135,0,Airbus A321neo,92.0,98.0
2026-10-06,2026-10-06 16:20,2026-11-20,45,PNQ,DEL,PNQ-DEL,6E,IndiGo,1,9751,INR,0,,14:25,14,16:35,16,False,130,130,0,Airbus A321neo,92.0,98.0
2026-10-06,2026-10-06 16:20,2026-11-20,45,PNQ,DEL,PNQ-DEL,AI,Air India,1,10376,INR,0,,22:00,22,00:15,0,True,135,135,0,Airbus A320neo,108.0,98.0
2026-10-06,2026-10-06 16:20,2026-11-20,45,PNQ,DEL,PNQ-DEL,6E,IndiGo,1,10410,INR,0,,01:50,1,03:55,3,False,125,125,0,Airbus A321neo,92.0,98.0
2026-10-06,2026-10-06 16:20,2026-11-20,45,PNQ,DEL,PNQ-DEL,6E,IndiGo,1,10410,INR,0,,19:15,19,21:25,21,False,130,130,0,Airbus A321neo,92.0,98.0
2026-10-06,2026-10-06 16:20,2026-11-20,45,PNQ,DEL,PNQ-DEL,6E,IndiGo,1,10410,INR,0,,21:35,21,23:55,23,False,140,140,0,Airbus A321neo,92.0,98.0
2026-10-06,2026-10-06 16:20,2026-11-20,45,PNQ,DEL,PNQ-DEL,AI,Air India,1,10917,INR,0,,00:35,0,02:50,2,False,135,135,0,Airbus A320neo,108.0,98.0
2026-10-06,2026-10-06 16:20,2026-11-20,45,PNQ,DEL,PNQ-DEL,IX,Air India Express,1,10957,INR,0,,01:20,1,03:45,3,False,145,145,0,Airbus A320neo,104.0,98.0
2026-10-06,2026-10-06 16:20,2026-11-20,45,PNQ,DEL,PNQ-DEL,IX,Air India Express,1,10957,INR,0,,18:05,18,20:15,20,False,130,130,0,Airbus A320neo,104.0,98.0
2026-10-06,2026-10-06 16:20,2026-11-20,45,PNQ,DEL,PNQ-DEL,6E,IndiGo,1,11124,INR,0,,00:10,0,02:15,2,False,125,125,0,Airbus A321neo,92.0,98.0
2026-10-06,2026-10-06 16:20,2026-11-20,45,PNQ,DEL,PNQ-DEL,AI,Air India,1,11295,INR,0,,20:30,20,22:45,22,False,135,135,0,Airbus A320neo,108.0,98.0
2026-10-06,2026-10-06 16:20,2026-11-20,45,PNQ,DEL,PNQ-DEL,AI,Air India,1,11390,INR,0,,18:45,18,21:00,21,False,135,135,0,Airbus A320neo,108.0,98.0
2026-10-06,2026-10-06 16:20,2026-11-20,45,PNQ,DEL,PNQ-DEL,AI,Air India,1,11689,INR,0,,07:40,7,10:00,10,False,140,140,0,Airbus A321,137.0,98.0
2026-10-06,2026-10-06 16:20,2026-11-20,45,PNQ,DEL,PNQ-DEL,AI,Air India,1,12098,INR,0,,15:50,15,18:10,18,False,140,140,0,Airbus A320neo,108.0,98.0
2026-10-06,2026-10-06 16:20,2026-11-20,45,PNQ,DEL,PNQ-DEL,6E,IndiGo,1,12734,INR,0,,08:40,8,10:50,10,False,130,130,0,Airbus A321neo,92.0,98.0
2026-10-06,2026-10-06 16:20,2026-11-20,45,PNQ,DEL,PNQ-DEL,AI,Air India,1,12917,INR,0,,08:45,8,11:05,11,False,140,140,0,Airbus A320neo,108.0,98.0
2026-10-06,2026-10-06 16:20,2026-11-20,45,PNQ,DEL,PNQ-DEL,SG,SpiceJet,1,16086,INR,0,,05:55,5,08:30,8,False,155,155,0,Boeing 737,107.0,98.0
2026-10-06,2026-10-06 16:20,2026-11-20,45,PNQ,DEL,PNQ-DEL,SG,SpiceJet,1,16086,INR,0,,17:50,17,20:05,20,False,135,135,0,Boeing 737,107.0,98.0
2026-10-06,2026-10-06 16:20,2026-11-20,45,PNQ,DEL,PNQ-DEL,SG,SpiceJet,1,16086,INR,0,,22:50,22,01:10,1,True,140,140,0,Boeing 737,128.0,98.0
2026-10-06,2026-10-06 16:20,2026-11-20,45,PNQ,DEL,PNQ-DEL,SG,SpiceJet,1,16086,INR,0,,23:55,23,02:15,2,True,140,140,0,Boeing 737,128.0,98.0
2026-10-06,2026-10-06 16:20,2026-11-20,45,PNQ,DEL,PNQ-DEL,6E,IndiGo,1,24156,INR,0,,22:50,22,01:05,1,True,135,135,0,Airbus A321neo,,98.0
2026-10-06,2026-10-06 16:20,2026-12-05,60,PNQ,DEL,PNQ-DEL,6E,IndiGo,1,8579,INR,0,,00:10,0,02:15,2,False,125,125,0,Airbus A321neo,90.0,98.0
2026-10-06,2026-10-06 16:20,2026-12-05,60,PNQ,DEL,PNQ-DEL,6E,IndiGo,1,8579,INR,0,,21:35,21,23:55,23,False,140,140,0,Airbus A321neo,90.0,98.0
2026-10-06,2026-10-06 16:20,2026-12-05,60,PNQ,DEL,PNQ-DEL,IX,Air India Express,1,8975,INR,0,,18:05,18,20:15,20,False,130,130,0,Airbus A320neo,102.0,98.0
2026-10-06,2026-10-06 16:20,2026-12-05,60,PNQ,DEL,PNQ-DEL,6E,IndiGo,1,9142,INR,0,,19:15,19,21:25,21,False,130,130,0,Airbus A321neo,90.0,98.0
2026-10-06,2026-10-06 16:20,2026-12-05,60,PNQ,DEL,PNQ-DEL,AI,Air India,1,9158,INR,0,,20:30,20,22:45,22,False,135,135,0,Airbus A320neo,105.0,98.0
2026-10-06,2026-10-06 16:20,2026-12-05,60,PNQ,DEL,PNQ-DEL,AI,Air India,1,9305,INR,0,,18:45,18,21:00,21,False,135,135,0,Airbus A320neo,105.0,98.0
2026-10-06,2026-10-06 16:20,2026-12-05,60,PNQ,DEL,PNQ-DEL,AI,Air India,1,9626,INR,0,,07:40,7,10:00,10,False,140,140,0,Airbus A321,133.0,98.0
2026-10-06,2026-10-06 16:20,2026-12-05,60,PNQ,DEL,PNQ-DEL,QP,Akasa Air,1,9725,INR,0,,08:50,8,11:15,11,False,145,145,0,Boeing 737MAX 8 Passenger,91.0,98.0
2026-10-06,2026-10-06 16:20,2026-12-05,60,PNQ,DEL,PNQ-DEL,6E,IndiGo,1,9751,INR,0,,05:05,5,07:15,7,False,130,130,0,Airbus A321neo,90.0,98.0
2026-10-06,2026-10-06 16:20,2026-12-05,60,PNQ,DEL,PNQ-DEL,6E,IndiGo,1,9751,INR,0,,07:30,7,09:40,9,False,130,130,0,Airbus A321neo,90.0,98.0
2026-10-06,2026-10-06 16:20,2026-12-05,60,PNQ,DEL,PNQ-DEL,AI,Air India,1,10203,INR,0,,00:35,0,02:50,2,False,135,135,0,Airbus A320neo,105.0,98.0
2026-10-06,2026-10-06 16:20,2026-12-05,60,PNQ,DEL,PNQ-DEL,AI,Air India,1,10917,INR,0,,05:15,5,07:30,7,False,135,135,0,Airbus A320neo,105.0,98.0
2026-10-06,2026-10-06 16:20,2026-12-05,60,PNQ,DEL,PNQ-DEL,6E,IndiGo,1,11124,INR,0,,08:40,8,10:50,10,False,130,130,0,Airbus A321neo,90.0,98.0
2026-10-06,2026-10-06 16:20,2026-12-05,60,PNQ,DEL,PNQ-DEL,AI,Air India,1,11201,INR,0,,08:45,8,11:05,11,False,140,140,0,Airbus A320neo,105.0,98.0
2026-10-06,2026-10-06 16:20,2026-12-05,60,PNQ,DEL,PNQ-DEL,SG,SpiceJet,1,14074,INR,0,,05:55,5,08:30,8,False,155,155,0,Boeing 737,106.0,98.0
2026-10-06,2026-10-06 16:20,2026-12-05,60,PNQ,DEL,PNQ-DEL,SG,SpiceJet,1,14074,INR,0,,22:50,22,01:10,1,True,140,140,0,Boeing 737,127.0,98.0
2026-10-06,2026-10-06 16:20,2026-12-05,60,PNQ,DEL,PNQ-DEL,SG,SpiceJet,1,14074,INR,0,,23:55,23,02:15,2,True,140,140,0,Boeing 737,127.0,98.0
2026-10-06,2026-10-06 16:20,2026-12-05,60,PNQ,DEL,PNQ-DEL,6E,IndiGo,1,24156,INR,0,,22:50,22,01:05,1,True,135,135,0,Airbus A321neo,,98.0
2026-10-06,2026-10-06 16:20,2026-10-07,1,HYD,DEL,HYD-DEL,AI,Air India,1,8280,INR,0,,05:30,5,07:55,7,False,145,145,0,Airbus A320neo,112.0,113.0
2026-10-06,2026-10-06 16:20,2026-10-07,1,HYD,DEL,HYD-DEL,AI,Air India,1,8396,INR,0,,13:30,13,16:05,16,False,155,155,0,Airbus A320neo,112.0,113.0
2026-10-06,2026-10-06 16:20,2026-10-07,1,HYD,DEL,HYD-DEL,AI,Air India,1,8396,INR,0,,18:25,18,21:00,21,False,155,155,0,Airbus A320neo,112.0,113.0
2026-10-06,2026-10-06 16:20,2026-10-07,1,HYD,DEL,HYD-DEL,AI,Air India,1,8396,INR,0,,21:30,21,23:55,23,False,145,145,0,Airbus A320neo,112.0,113.0
2026-10-06,2026-10-06 16:20,2026-10-07,1,HYD,DEL,HYD-DEL,AI,Air India,1,8527,INR,0,,10:35,10,13:05,13,False,150,150,0,Airbus A320neo,112.0,113.0
2026-10-06,2026-10-06 16:20,2026-10-07,1,HYD,DEL,HYD-DEL,AI,Air India,1,8527,INR,0,,17:30,17,20:00,20,False,150,150,0,Airbus A320neo,112.0,113.0
2026-10-06,2026-10-06 16:20,2026-10-07,1,HYD,DEL,HYD-DEL,6E,IndiGo,1,8654,INR,0,,02:15,2,04:40,4,False,145,145,0,Airbus A321neo,96.0,113.0
2026-10-06,2026-10-06 16:20,2026-10-07,1,HYD,DEL,HYD-DEL,6E,IndiGo,1,8654,INR,0,,05:20,5,07:45,7,False,145,145,0,Airbus A321neo,96.0,113.0
2026-10-06,2026-10-06 16:20,2026-10-07,1,HYD,DEL,HYD-DEL,6E,IndiGo,1,8654,INR,0,,10:00,10,12:30,12,False,150,150,0,Airbus A321neo,96.0,113.0
2026-10-06,2026-10-06 16:20,2026-10-07,1,HYD,DEL,HYD-DEL,6E,IndiGo,1,8654,INR,0,,11:35,11,13:55,13,False,140,140,0,Airbus A321neo,96.0,113.0
2026-10-06,2026-10-06 16:20,2026-10-07,1,HYD,DEL,HYD-DEL,6E,IndiGo,1,8654,INR,0,,13:00,13,15:25,15,False,145,145,0,Airbus A321neo,96.0,113.0
2026-10-06,2026-10-06 16:20,2026-10-07,1,HYD,DEL,HYD-DEL,6E,IndiGo,1,8654,INR,0,,16:25,16,18:55,18,False,150,150,0,Airbus A321neo,96.0,113.0
2026-10-06,2026-10-06 16:20,2026-10-07,1,HYD,DEL,HYD-DEL,6E,IndiGo,1,8654,INR,0,,17:45,17,20:10,20,False,145,145,0,Airbus A321neo,96.0,113.0
2026-10-06,2026-10-06 16:20,2026-10-07,1,HYD,DEL,HYD-DEL,6E,IndiGo,1,8654,INR,0,,19:10,19,21:40,21,False,150,150,0,Airbus A321neo,96.0,113.0
2026-10-06,2026-10-06 16:20,2026-10-07,1,HYD,DEL,HYD-DEL,6E,IndiGo,1,8654,INR,0,,21:00,21,23:25,23,False,145,145,0,Airbus A321neo,96.0,113.0
2026-10-06,2026-10-06 16:20,2026-10-07,1,HYD,DEL,HYD-DEL,6E,IndiGo,1,8654,INR,0,,23:50,23,02:05,2,True,135,135,0,Airbus A321neo,96.0,113.0
2026-10-06,2026-10-06 16:20,2026-10-07,1,HYD,DEL,HYD-DEL,AI,Air India,1,8868,INR,0,,12:45,12,15:05,15,False,140,140,0,Airbus A320neo,112.0,113.0
2026-10-06,2026-10-06 16:20,2026-10-07,1,HYD,DEL,HYD-DEL,QP,Akasa Air,1,8997,INR,0,,17:30,17,20:00,20,False,150,150,0,Boeing 737MAX 8 Passenger,99.0,113.0
2026-10-06,2026-10-06 16:20,2026-10-07,1,HYD,DEL,HYD-DEL,AI,Air India,1,9299,INR,0,,07:15,7,09:35,9,False,140,140,0,Airbus A320neo,112.0,113.0
2026-10-06,2026-10-06 16:20,2026-10-07,1,HYD,DEL,HYD-DEL,AI,Air India,1,9530,INR,0,,08:35,8,10:55,10,False,140,140,0,Airbus A320neo,112.0,113.0
2026-10-06,2026-10-06 16:20,2026-10-07,1,HYD,DEL,HYD-DEL,6E,IndiGo,1,9634,INR,0,,06:25,6,08:45,8,False,140,140,0,Airbus A321neo,96.0,113.0
2026-10-06,2026-10-06 16:20,2026-10-07,1,HYD,DEL,HYD-DEL,AI,Air India,1,9918,INR,0,,19:50,19,22:25,22,False,155,155,0,Airbus A350,110.0,113.0
2026-10-06,2026-10-06 16:20,2026-10-07,1,HYD,DEL,HYD-DEL,6E,IndiGo,1,10175,INR,0,,08:30,8,10:55,10,False,145,145,0,Airbus A321neo,96.0,113.0
2026-10-06,2026-10-06 16:20,2026-10-09,3,HYD,DEL,HYD-DEL,6E,IndiGo,1,12427,INR,1,RJA,08:00,8,13:10,13,False,310,210,100,Airbus A320neo | Airbus A320,167.0,113.0
2026-10-06,2026-10-06 16:20,2026-10-09,3,HYD,DEL,HYD-DEL,AI,Air India,1,12543,INR,0,,12:45,12,15:05,15,False,140,140,0,Airbus A320neo,112.0,113.0
2026-10-06,2026-10-06 16:20,2026-10-09,3,HYD,DEL,HYD-DEL,6E,IndiGo,1,12749,INR,0,,06:25,6,08:45,8,False,140,140,0,Airbus A321neo,96.0,113.0
2026-10-06,2026-10-06 16:20,2026-10-09,3,HYD,DEL,HYD-DEL,6E,IndiGo,1,12749,INR,0,,08:30,8,10:55,10,False,145,145,0,Airbus A321neo,96.0,113.0
2026-10-06,2026-10-06 16:20,2026-10-09,3,HYD,DEL,HYD-DEL,6E,IndiGo,1,12749,INR,0,,10:00,10,12:30,12,False,150,150,0,Airbus A321neo,96.0,113.0
2026-10-06,2026-10-06 16:20,2026-10-09,3,HYD,DEL,HYD-DEL,6E,IndiGo,1,12749,INR,0,,13:00,13,15:25,15,False,145,145,0,Airbus A321neo,96.0,113.0
2026-10-06,2026-10-06 16:20,2026-10-09,3,HYD,DEL,HYD-DEL,AI,Air India,1,13226,INR,0,,13:30,13,16:05,16,False,155,155,0,Airbus A320neo,112.0,113.0
2026-10-06,2026-10-06 16:20,2026-10-09,3,HYD,DEL,HYD-DEL,6E,IndiGo,1,13510,INR,0,,11:35,11,13:55,13,False,140,140,0,Airbus A321neo,96.0,113.0
2026-10-06,2026-10-06 16:20,2026-10-09,3,HYD,DEL,HYD-DEL,AI,Air India,1,14465,INR,0,,05:30,5,07:55,7,False,145,145,0,Airbus A320neo,112.0,113.0
2026-10-06,2026-10-06 16:20,2026-10-09,3,HYD,DEL,HYD-DEL,AI,Air India,1,14848,INR,0,,07:15,7,09:35,9,False,140,140,0,Airbus A320neo,112.0,113.0
2026-10-06,2026-10-06 16:20,2026-10-09,3,HYD,DEL,HYD-DEL,6E,IndiGo,1,16124,INR,0,,05:20,5,07:45,7,False,145,145,0,Airbus A321neo,96.0,113.0
2026-10-06,2026-10-06 16:20,2026-10-09,3,HYD,DEL,HYD-DEL,6E,IndiGo,1,16124,INR,0,,16:25,16,18:55,18,False,150,150,0,Airbus A321neo,96.0,113.0
2026-10-06,2026-10-06 16:20,2026-10-09,3,HYD,DEL,HYD-DEL,6E,IndiGo,1,17121,INR,0,,17:45,17,20:10,20,False,145,145,0,Airbus A321neo,96.0,113.0
2026-10-06,2026-10-06 16:20,2026-10-09,3,HYD,DEL,HYD-DEL,AI,Air India,1,17221,INR,0,,08:35,8,10:55,10,False,140,140,0,Airbus A320neo,112.0,113.0
2026-10-06,2026-10-06 16:20,2026-10-09,3,HYD,DEL,HYD-DEL,QP,Akasa Air,1,17558,INR,0,,17:30,17,20:00,20,False,150,150,0,Boeing 737MAX 8 Passenger,99.0,113.0
2026-10-06,2026-10-06 16:20,2026-10-09,3,HYD,DEL,HYD-DEL,6E,IndiGo,1,18187,INR,0,,23:50,23,02:05,2,True,135,135,0,Airbus A321neo,96.0,113.0
2026-10-06,2026-10-06 16:20,2026-10-09,3,HYD,DEL,HYD-DEL,6E,IndiGo,1,19329,INR,0,,02:15,2,04:40,4,False,145,145,0,Airbus A321neo,96.0,113.0
2026-10-06,2026-10-06 16:20,2026-10-09,3,HYD,DEL,HYD-DEL,AI,Air India,1,20109,INR,0,,17:30,17,20:00,20,False,150,150,0,Airbus A320neo,112.0,113.0
2026-10-06,2026-10-06 16:20,2026-10-09,3,HYD,DEL,HYD-DEL,6E,IndiGo,1,20550,INR,0,,19:10,19,21:40,21,False,150,150,0,Airbus A321neo,96.0,113.0
2026-10-06,2026-10-06 16:20,2026-10-09,3,HYD,DEL,HYD-DEL,6E,IndiGo,1,21856,INR,0,,21:00,21,23:25,23,False,145,145,0,Airbus A321neo,96.0,113.0
2026-10-06,2026-10-06 16:20,2026-10-09,3,HYD,DEL,HYD-DEL,AI,Air India,1,23332,INR,0,,19:25,19,22:00,22,False,155,155,0,Airbus A350,110.0,113.0
2026-10-06,2026-10-06 16:20,2026-10-09,3,HYD,DEL,HYD-DEL,AI,Air India,1,23332,INR,0,,21:30,21,23:55,23,False,145,145,0,Airbus A320neo,112.0,113.0
2026-10-06,2026-10-06 16:20,2026-10-09,3,HYD,DEL,HYD-DEL,AI,Air India,1,23752,INR,0,,18:25,18,21:00,21,False,155,155,0,Airbus A320neo,112.0,113.0
2026-10-06,2026-10-06 16:20,2026-10-13,7,HYD,DEL,HYD-DEL,6E,IndiGo,1,8654,INR,0,,17:45,17,20:10,20,False,145,145,0,Airbus A321neo,96.0,113.0
2026-10-06,2026-10-06 16:20,2026-10-13,7,HYD,DEL,HYD-DEL,6E,IndiGo,1,8654,INR,0,,19:10,19,21:40,21,False,150,150,0,Airbus A321neo,96.0,113.0
2026-10-06,2026-10-06 16:20,2026-10-13,7,HYD,DEL,HYD-DEL,AI,Air India,1,8868,INR,0,,05:30,5,07:55,7,False,145,145,0,Airbus A320neo,112.0,113.0
2026-10-06,2026-10-06 16:20,2026-10-13,7,HYD,DEL,HYD-DEL,AI,Air India,1,8868,INR,0,,21:30,21,23:55,23,False,145,145,0,Airbus A320neo,112.0,113.0
2026-10-06,2026-10-06 16:20,2026-10-13,7,HYD,DEL,HYD-DEL,6E,IndiGo,1,9127,INR,0,,02:15,2,04:40,4,False,145,145,0,Airbus A321neo,96.0,113.0
2026-10-06,2026-10-06 16:20,2026-10-13,7,HYD,DEL,HYD-DEL,AI,Air India,1,9378,INR,0,,12:45,12,15:05,15,False,140,140,0,Airbus A320neo,112.0,113.0
2026-10-06,2026-10-06 16:20,2026-10-13,7,HYD,DEL,HYD-DEL,AI,Air India,1,9378,INR,0,,13:30,13,16:05,16,False,155,155,0,Airbus A320neo,112.0,113.0
2026-10-06,2026-10-06 16:20,2026-10-13,7,HYD,DEL,HYD-DEL,6E,IndiGo,1,9634,INR,0,,05:20,5,07:45,7,False,145,145,0,Airbus A321neo,96.0,113.0
2026-10-06,2026-10-06 16:20,2026-10-13,7,HYD,DEL,HYD-DEL,6E,IndiGo,1,9634,INR,0,,13:00,13,15:25,15,False,145,145,0,Airbus A321neo,96.0,113.0
2026-10-06,2026-10-06 16:20,2026-10-13,7,HYD,DEL,HYD-DEL,6E,IndiGo,1,9634,INR,0,,14:40,14,16:55,16,False,135,135,0,Airbus A321neo,96.0,113.0
2026-10-06,2026-10-06 16:20,2026-10-13,7,HYD,DEL,HYD-DEL,6E,IndiGo,1,9634,INR,0,,16:25,16,18:55,18,False,150,150,0,Airbus A321neo,96.0,113.0
2026-10-06,2026-10-06 16:20,2026-10-13,7,HYD,DEL,HYD-DEL,6E,IndiGo,1,9634,INR,0,,21:00,21,23:25,23,False,145,145,0,Airbus A321neo,96.0,113.0
2026-10-06,2026-10-06 16:20,2026-10-13,7,HYD,DEL,HYD-DEL,QP,Akasa Air,1,9957,INR,0,,06:00,6,08:15,8,False,135,135,0,Boeing 737MAX 8 Passenger,99.0,113.0
2026-10-06,2026-10-06 16:20,2026-10-13,7,HYD,DEL,HYD-DEL,QP,Akasa Air,1,10480,INR,0,,17:30,17,20:00,20,False,150,150,0,Boeing 737MAX 8 Passenger,99.0,113.0
2026-10-06,2026-10-06 16:20,2026-10-13,7,HYD,DEL,HYD-DEL,6E,IndiGo,1,11375,INR,0,,08:30,8,10:55,10,False,145,145,0,Airbus A321neo,96.0,113.0
2026-10-06,2026-10-06 16:20,2026-10-13,7,HYD,DEL,HYD-DEL,6E,IndiGo,1,11375,INR,0,,10:00,10,12:30,12,False,150,150,0,Airbus A321neo,96.0,113.0
2026-10-06,2026-10-06 16:20,2026-10-13,7,HYD,DEL,HYD-DEL,6E,IndiGo,1,11375,INR,0,,11:35,11,13:55,13,False,140,140,0,Airbus A321neo,96.0,113.0
2026-10-06,2026-10-06 16:20,2026-10-13,7,HYD,DEL,HYD-DEL,AI,Air India,1,11478,INR,0,,08:35,8,10:55,10,False,140,140,0,Airbus A320neo,112.0,113.0
2026-10-06,2026-10-06 16:20,2026-10-13,7,HYD,DEL,HYD-DEL,AI,Air India,1,11478,INR,0,,10:35,10,13:05,13,False,150,150,0,Airbus A320neo,112.0,113.0
2026-10-06,2026-10-06 16:20,2026-10-13,7,HYD,DEL,HYD-DEL,AI,Air India,1,11577,INR,0,,07:15,7,09:35,9,False,140,140,0,Airbus A320neo,112.0,113.0
2026-10-06,2026-10-06 16:20,2026-10-13,7,HYD,DEL,HYD-DEL,6E,IndiGo,1,13510,INR,0,,06:25,6,08:45,8,False,140,140,0,Airbus A321neo,96.0,113.0
2026-10-06,2026-10-06 16:20,2026-10-20,14,HYD,DEL,HYD-DEL,AI,Air India,1,8396,INR,0,,05:30,5,07:55,7,False,145,145,0,Airbus A320neo,112.0,113.0
2026-10-06,2026-10-06 16:20,2026-10-20,14,HYD,DEL,HYD-DEL,AI,Air India,1,8527,INR,0,,17:30,17,20:00,20,False,150,150,0,Airbus A320neo,112.0,113.0
2026-10-06,2026-10-06 16:20,2026-10-20,14,HYD,DEL,HYD-DEL,AI,Air India,1,8595,INR,0,,07:15,7,09:35,9,False,140,140,0,Airbus A320neo,112.0,113.0
2026-10-06,2026-10-06 16:20,2026-10-20,14,HYD,DEL,HYD-DEL,6E,IndiGo,1,8654,INR,0,,05:20,5,07:45,7,False,145,145,0,Airbus A321neo,96.0,113.0
2026-10-06,2026-10-06 16:20,2026-10-20,14,HYD,DEL,HYD-DEL,6E,IndiGo,1,8654,INR,0,,06:25,6,08:45,8,False,140,140,0,Airbus A321neo,96.0,113.0
2026-10-06,2026-10-06 16:20,2026-10-20,14,HYD,DEL,HYD-DEL,6E,IndiGo,1,8654,INR,0,,11:35,11,13:55,13,False,140,140,0,Airbus A321neo,96.0,113.0
2026-10-06,2026-10-06 16:20,2026-10-20,14,HYD,DEL,HYD-DEL,6E,IndiGo,1,8654,INR,0,,21:00,21,23:25,23,False,145,145,0,Airbus A321neo,96.0,113.0
2026-10-06,2026-10-06 16:20,2026-10-20,14,HYD,DEL,HYD-DEL,6E,IndiGo,1,8654,INR,0,,23:50,23,02:05,2,True,135,135,0,Airbus A321neo,96.0,113.0
2026-10-06,2026-10-06 16:20,2026-10-20,14,HYD,DEL,HYD-DEL,AI,Air India,1,9010,INR,0,,08:35,8,10:55,10,False,140,140,0,Airbus A320neo,112.0,113.0
2026-10-06,2026-10-06 16:20,2026-10-20,14,HYD,DEL,HYD-DEL,6E,IndiGo,1,9127,INR,0,,08:30,8,10:55,10,False,145,145,0,Airbus A321neo,96.0,113.0
2026-10-06,2026-10-06 16:20,2026-10-20,14,HYD,DEL,HYD-DEL,6E,IndiGo,1,9127,INR,0,,16:25,16,18:55,18,False,150,150,0,Airbus A321neo,96.0,113.0
2026-10-06,2026-10-06 16:20,2026-10-20,14,HYD,DEL,HYD-DEL,6E,IndiGo,1,9127,INR,0,,17:45,17,20:10,20,False,145,145,0,Airbus A321neo,96.0,113.0
2026-10-06,2026-10-06 16:20,2026-10-20,14,HYD,DEL,HYD-DEL,AI,Air India,1,9378,INR,0,,19:25,19,22:00,22,False,155,155,0,Airbus A350,110.0,113.0
2026-10-06,2026-10-06 16:20,2026-10-20,14,HYD,DEL,HYD-DEL,AI,Air India,1,9530,INR,0,,10:35,10,13:05,13,False,150,150,0,Airbus A320neo,112.0,113.0
2026-10-06,2026-10-06 16:20,2026-10-20,14,HYD,DEL,HYD-DEL,6E,IndiGo,1,9634,INR,0,,10:00,10,12:30,12,False,150,150,0,Airbus A321neo,96.0,113.0
2026-10-06,2026-10-06 16:20,2026-10-20,14,HYD,DEL,HYD-DEL,6E,IndiGo,1,9634,INR,0,,13:00,13,15:25,15,False,145,145,0,Airbus A321neo,96.0,113.0
2026-10-06,2026-10-06 16:20,2026-10-20,14,HYD,DEL,HYD-DEL,6E,IndiGo,1,9634,INR,0,,19:10,19,21:40,21,False,150,150,0,Airbus A321neo,96.0,113.0
2026-10-06,2026-10-06 16:20,2026-10-20,14,HYD,DEL,HYD-DEL,QP,Akasa Air,1,10128,INR,0,,17:30,17,20:00,20,False,150,150,0,Boeing 737MAX 8 Passenger,99.0,113.0
2026-10-06,2026-10-06 16:20,2026-10-20,14,HYD,DEL,HYD-DEL,6E,IndiGo,1,10175,INR,0,,02:15,2,04:40,4,False,145,145,0,Airbus A321neo,96.0,113.0
2026-10-06,2026-10-06 16:20,2026-10-20,14,HYD,DEL,HYD-DEL,AI,Air India,1,10496,INR,0,,12:45,12,15:05,15,False,140,140,0,Airbus A320neo,112.0,113.0
2026-10-06,2026-10-06 16:20,2026-10-20,14,HYD,DEL,HYD-DEL,AI,Air India,1,10496,INR,0,,13:30,13,16:05,16,False,155,155,0,Airbus A320neo,112.0,113.0
2026-10-06,2026-10-06 16:20,2026-10-27,21,HYD,DEL,HYD-DEL,AI,Air India,1,9378,INR,0,,12:45,12,15:05,15,False,140,140,0,Airbus A320neo,112.0,113.0
2026-10-06,2026-10-06 16:20,2026-10-27,21,HYD,DEL,HYD-DEL,AI,Air India,1,9378,INR,0,,14:55,14,17:15,17,False,140,140,0,Airbus A320neo,112.0,113.0
2026-10-06,2026-10-06 16:20,2026-10-27,21,HYD,DEL,HYD-DEL,AI,Air India,1,9378,INR,0,,19:25,19,21:45,21,False,140,140,0,Airbus A350,110.0,113.0
2026-10-06,2026-10-06 16:20,2026-10-27,21,HYD,DEL,HYD-DEL,AI,Air India,1,9378,INR,0,,21:30,21,23:50,23,False,140,140,0,Airbus A321,143.0,113.0
2026-10-06,2026-10-06 16:20,2026-10-27,21,HYD,DEL,HYD-DEL,AI,Air India,1,9378,INR,0,,22:30,22,00:50,0,True,140,140,0,Airbus A320neo,112.0,113.0
2026-10-06,2026-10-06 16:20,2026-10-27,21,HYD,DEL,HYD-DEL,AI,Air India,1,9530,INR,0,,08:35,8,10:55,10,False,140,140,0,Airbus A320neo,112.0,113.0
2026-10-06,2026-10-06 16:20,2026-10-27,21,HYD,DEL,HYD-DEL,AI,Air India,1,9530,INR,0,,10:15,10,12:35,12,False,140,140,0,Airbus A320neo,112.0,113.0
2026-10-06,2026-10-06 16:20,2026-10-27,21,HYD,DEL,HYD-DEL,6E,IndiGo,1,9634,INR,0,,01:40,1,04:00,4,False,140,140,0,Airbus A321neo,96.0,113.0
2026-10-06,2026-10-06 16:20,2026-10-27,21,HYD,DEL,HYD-DEL,6E,IndiGo,1,9634,INR,0,,05:05,5,07:25,7,False,140,140,0,Airbus A321neo,96.0,113.0
2026-10-06,2026-10-06 16:20,2026-10-27,21,HYD,DEL,HYD-DEL,6E,IndiGo,1,9634,INR,0,,06:45,6,09:05,9,False,140,140,0,Airbus A321neo,96.0,113.0
2026-10-06,2026-10-06 16:20,2026-10-27,21,HYD,DEL,HYD-DEL,6E,IndiGo,1,9634,INR,0,,09:40,9,12:10,12,False,150,150,0,Airbus A321neo,96.0,113.0
2026-10-06,2026-10-06 16:20,2026-10-27,21,HYD,DEL,HYD-DEL,6E,IndiGo,1,9634,INR,0,,14:40,14,16:55,16,False,135,135,0,Airbus A321neo,96.0,113.0
2026-10-06,2026-10-06 16:20,2026-10-27,21,HYD,DEL,HYD-DEL,6E,IndiGo,1,9634,INR,0,,16:30,16,18:50,18,False,140,140,0,Airbus A321neo,96.0,113.0
2026-10-06,2026-10-06 16:20,2026-10-27,21,HYD,DEL,HYD-DEL,6E,IndiGo,1,9634,INR,0,,19:15,19,21:25,21,False,130,130,0,Airbus A321neo,96.0,113.0
2026-10-06,2026-10-06 16:20,2026-10-27,21,HYD,DEL,HYD-DEL,6E,IndiGo,1,9634,INR,0,,21:10,21,23:25,23,False,135,135,0,Airbus A321neo,96.0,113.0
2026-10-06,2026-10-06 16:20,2026-10-27,21,HYD,DEL,HYD-DEL,6E,IndiGo,1,9634,INR,0,,22:40,22,00:55,0,True,135,135,0,Airbus A321neo,96.0,113.0
2026-10-06,2026-10-06 16:20,2026-10-27,21,HYD,DEL,HYD-DEL,QP,Akasa Air,1,9789,INR,0,,17:25,17,19:55,19,False,150,150,0,Boeing 737MAX 8 Passenger,99.0,113.0
2026-10-06,2026-10-06 16:20,2026-10-27,21,HYD,DEL,HYD-DEL,AI,Air India,1,9918,INR,0,,18:30,18,20:50,20,False,140,140,0,Airbus A320neo,112.0,113.0
2026-10-06,2026-10-06 16:20,2026-10-27,21,HYD,DEL,HYD-DEL,6E,IndiGo,1,10175,INR,0,,08:30,8,10:50,10,False,140,140,0,Airbus A321neo,96.0,113.0
2026-10-06,2026-10-06 16:20,2026-10-27,21,HYD,DEL,HYD-DEL,6E,IndiGo,1,10175,INR,0,,13:00,13,15:20,15,False,140,140,0,Airbus A321neo,96.0,113.0
2026-10-06,2026-10-06 16:20,2026-10-27,21,HYD,DEL,HYD-DEL,6E,IndiGo,1,10754,INR,0,,11:45,11,13:55,13,False,130,130,0,Airbus A321neo,96.0,113.0
2026-10-06,2026-10-06 16:20,2026-11-05,30,HYD,DEL,HYD-DEL,6E,IndiGo,1,11296,INR,1,AMD,06:10,6,11:35,11,False,325,205,120,Airbus A320neo | Airbus A321neo,138.0,113.0
2026-10-06,2026-10-06 16:20,2026-11-05,30,HYD,DEL,HYD-DEL,6E,IndiGo,1,11296,INR,1,AMD,08:45,8,13:55,13,False,310,210,100,Airbus A321neo | Airbus A321neo,134.0,113.0
2026-10-06,2026-10-06 16:20,2026-11-05,30,HYD,DEL,HYD-DEL,6E,IndiGo,1,12749,INR,0,,09:40,9,12:10,12,False,150,150,0,Airbus A321neo,94.0,113.0
2026-10-06,2026-10-06 16:20,2026-11-05,30,HYD,DEL,HYD-DEL,6E,IndiGo,1,12749,INR,0,,13:00,13,15:20,15,False,140,140,0,Airbus A321neo,94.0,113.0
2026-10-06,2026-10-06 16:20,2026-11-05,30,HYD,DEL,HYD-DEL,AI,Air India,1,13278,INR,0,,22:30,22,00:50,0,True,140,140,0,Airbus A320neo,110.0,113.0
2026-10-06,2026-10-06 16:20,2026-11-05,30,HYD,DEL,HYD-DEL,QP,Akasa Air,1,13386,INR,0,,06:00,6,08:15,8,False,135,135,0,Boeing 737MAX 8 Passenger,96.0,113.0
2026-10-06,2026-10-06 16:20,2026-11-05,30,HYD,DEL,HYD-DEL,6E,IndiGo,1,13510,INR,0,,08:30,8,10:50,10,False,140,140,0,Airbus A321neo,94.0,113.0
2026-10-06,2026-10-06 16:20,2026-11-05,30,HYD,DEL,HYD-DEL,6E,IndiGo,1,13510,INR,0,,16:30,16,18:50,18,False,140,140,0,Airbus A321neo,94.0,113.0
2026-10-06,2026-10-06 16:20,2026-11-05,30,HYD,DEL,HYD-DEL,AI,Air India,1,13630,INR,0,,21:30,21,23:50,23,False,140,140,0,Airbus A321,140.0,113.0
2026-10-06,2026-10-06 16:20,2026-11-05,30,HYD,DEL,HYD-DEL,6E,IndiGo,1,14322,INR,0,,14:40,14,16:55,16,False,135,135,0,Airbus A321neo,94.0,113.0
2026-10-06,2026-10-06 16:20,2026-11-05,30,HYD,DEL,HYD-DEL,6E,IndiGo,1,14322,INR,0,,17:50,17,20:05,20,False,135,135,0,Airbus A321neo,94.0,113.0
2026-10-06,2026-10-06 16:20,2026-11-05,30,HYD,DEL,HYD-DEL,AI,Air India,1,14465,INR,0,,14:55,14,17:15,17,False,140,140,0,Airbus A320neo,110.0,113.0
2026-10-06,2026-10-06 16:20,2026-11-05,30,HYD,DEL,HYD-DEL,AI,Air India,1,14465,INR,0,,19:25,19,21:45,21,False,140,140,0,Airbus A350,108.0,113.0
2026-10-06,2026-10-06 16:20,2026-11-05,30,HYD,DEL,HYD-DEL,AI,Air India,1,14722,INR,0,,08:35,8,10:55,10,False,140,140,0,Airbus A320neo,110.0,113.0
2026-10-06,2026-10-06 16:20,2026-11-05,30,HYD,DEL,HYD-DEL,AI,Air India,1,15105,INR,0,,18:30,18,20:50,20,False,140,140,0,Airbus A320neo,110.0,113.0
2026-10-06,2026-10-06 16:20,2026-11-05,30,HYD,DEL,HYD-DEL,6E,IndiGo,1,15193,INR,0,,01:40,1,04:00,4,False,140,140,0,Airbus A321neo,94.0,113.0
2026-10-06,2026-10-06 16:20,2026-11-05,30,HYD,DEL,HYD-DEL,6E,IndiGo,1,15193,INR,0,,05:05,5,07:25,7,False,140,140,0,Airbus A321neo,94.0,113.0
2026-10-06,2026-10-06 16:20,2026-11-05,30,HYD,DEL,HYD-DEL,6E,IndiGo,1,15193,INR,0,,06:45,6,09:05,9,False,140,140,0,Airbus A321neo,94.0,113.0
2026-10-06,2026-10-06 16:20,2026-11-05,30,HYD,DEL,HYD-DEL,6E,IndiGo,1,15193,INR,0,,19:15,19,21:25,21,False,130,130,0,Airbus A321neo,94.0,113.0
2026-10-06,2026-10-06 16:20,2026-11-05,30,HYD,DEL,HYD-DEL,6E,IndiGo,1,15193,INR,0,,21:10,21,23:25,23,False,135,135,0,Airbus A321neo,94.0,113.0
2026-10-06,2026-10-06 16:20,2026-11-05,30,HYD,DEL,HYD-DEL,6E,IndiGo,1,15193,INR,0,,22:40,22,00:55,0,True,135,135,0,Airbus A321neo,94.0,113.0
2026-10-06,2026-10-06 16:20,2026-11-20,45,HYD,DEL,HYD-DEL,AI,Air India,1,9430,INR,0,,05:30,5,07:50,7,False,140,140,0,Airbus A320neo,110.0,113.0
2026-10-06,2026-10-06 16:20,2026-11-20,45,HYD,DEL,HYD-DEL,AI,Air India,1,9430,INR,0,,22:30,22,00:50,0,True,140,140,0,Airbus A320neo,110.0,113.0
2026-10-06,2026-10-06 16:20,2026-11-20,45,HYD,DEL,HYD-DEL,QP,Akasa Air,1,9462,INR,0,,06:00,6,08:15,8,False,135,135,0,Boeing 737MAX 8 Passenger,96.0,113.0
2026-10-06,2026-10-06 16:20,2026-11-20,45,HYD,DEL,HYD-DEL,AI,Air India,1,9582,INR,0,,08:35,8,10:55,10,False,140,140,0,Airbus A320neo,110.0,113.0
2026-10-06,2026-10-06 16:20,2026-11-20,45,HYD,DEL,HYD-DEL,6E,IndiGo,1,9634,INR,0,,01:40,1,04:00,4,False,140,140,0,Airbus A321neo,94.0,113.0
2026-10-06,2026-10-06 16:20,2026-11-20,45,HYD,DEL,HYD-DEL,6E,IndiGo,1,9634,INR,0,,05:05,5,07:25,7,False,140,140,0,Airbus A321neo,94.0,113.0
2026-10-06,2026-10-06 16:20,2026-11-20,45,HYD,DEL,HYD-DEL,6E,IndiGo,1,9634,INR,0,,06:45,6,09:05,9,False,140,140,0,Airbus A321neo,94.0,113.0
2026-10-06,2026-10-06 16:20,2026-11-20,45,HYD,DEL,HYD-DEL,6E,IndiGo,1,9634,INR,0,,13:00,13,15:20,15,False,140,140,0,Airbus A321neo,94.0,113.0
2026-10-06,2026-10-06 16:20,2026-11-20,45,HYD,DEL,HYD-DEL,6E,IndiGo,1,9634,INR,0,,16:30,16,18:50,18,False,140,140,0,Airbus A321neo,94.0,113.0
2026-10-06,2026-10-06 16:20,2026-11-20,45,HYD,DEL,HYD-DEL,6E,IndiGo,1,9634,INR,0,,17:50,17,20:05,20,False,135,135,0,Airbus A321neo,94.0,113.0
2026-10-06,2026-10-06 16:20,2026-11-20,45,HYD,DEL,HYD-DEL,6E,IndiGo,1,9634,INR,0,,21:10,21,23:25,23,False,135,135,0,Airbus A321neo,94.0,113.0
2026-10-06,2026-10-06 16:20,2026-11-20,45,HYD,DEL,HYD-DEL,6E,IndiGo,1,9634,INR,0,,22:40,22,00:55,0,True,135,135,0,Airbus A321neo,94.0,113.0
2026-10-06,2026-10-06 16:20,2026-11-20,45,HYD,DEL,HYD-DEL,AI,Air India,1,9661,INR,0,,21:30,21,23:50,23,False,140,140,0,Airbus A321,140.0,113.0
2026-10-06,2026-10-06 16:20,2026-11-20,45,HYD,DEL,HYD-DEL,AI,Air India,1,9819,INR,0,,18:30,18,20:50,20,False,140,140,0,Airbus A320neo,110.0,113.0
2026-10-06,2026-10-06 16:20,2026-11-20,45,HYD,DEL,HYD-DEL,AI,Air India,1,9971,INR,0,,14:55,14,17:15,17,False,140,140,0,Airbus A320neo,110.0,113.0
2026-10-06,2026-10-06 16:20,2026-11-20,45,HYD,DEL,HYD-DEL,AI,Air India,1,10134,INR,0,,10:15,10,12:35,12,False,140,140,0,Airbus A320neo,110.0,113.0
2026-10-06,2026-10-06 16:20,2026-11-20,45,HYD,DEL,HYD-DEL,6E,IndiGo,1,10175,INR,0,,09:40,9,12:10,12,False,150,150,0,Airbus A321neo,94.0,113.0
2026-10-06,2026-10-06 16:20,2026-11-20,45,HYD,DEL,HYD-DEL,6E,IndiGo,1,10175,INR,0,,14:40,14,16:55,16,False,135,135,0,Airbus A321neo,94.0,113.0
2026-10-06,2026-10-06 16:20,2026-11-20,45,HYD,DEL,HYD-DEL,6E,IndiGo,1,10175,INR,0,,19:15,19,21:25,21,False,130,130,0,Airbus A321neo,94.0,113.0
2026-10-06,2026-10-06 16:20,2026-11-20,45,HYD,DEL,HYD-DEL,AI,Air India,1,10218,INR,0,,19:25,19,21:45,21,False,140,140,0,Airbus A350,108.0,113.0
2026-10-06,2026-10-06 16:20,2026-11-20,45,HYD,DEL,HYD-DEL,6E,IndiGo,1,10754,INR,0,,08:30,8,10:50,10,False,140,140,0,Airbus A321neo,94.0,113.0
2026-10-06,2026-10-06 16:20,2026-11-20,45,HYD,DEL,HYD-DEL,SG,SpiceJet,1,13107,INR,0,,19:30,19,21:55,21,False,145,145,0,Boeing 737,109.0,113.0
2026-10-06,2026-10-06 16:20,2026-12-05,60,HYD,DEL,HYD-DEL,AI,Air India,1,9430,INR,0,,14:55,14,17:15,17,False,140,140,0,Airbus A320neo,107.0,113.0
2026-10-06,2026-10-06 16:20,2026-12-05,60,HYD,DEL,HYD-DEL,AI,Air India,1,9430,INR,0,,18:30,18,20:50,20,False,140,140,0,Airbus A320neo,107.0,113.0
2026-10-06,2026-10-06 16:20,2026-12-05,60,HYD,DEL,HYD-DEL,AI,Air India,1,9430,INR,0,,21:30,21,23:50,23,False,140,140,0,Airbus A321,136.0,113.0
2026-10-06,2026-10-06 16:20,2026-12-05,60,HYD,DEL,HYD-DEL,AI,Air India,1,9430,INR,0,,22:30,22,00:50,0,True,140,140,0,Airbus A320neo,107.0,113.0
2026-10-06,2026-10-06 16:20,2026-12-05,60,HYD,DEL,HYD-DEL,6E,IndiGo,1,9634,INR,0,,11:45,11,13:55,13,False,130,130,0,Airbus A321neo,92.0,113.0
2026-10-06,2026-10-06 16:20,2026-12-05,60,HYD,DEL,HYD-DEL,6E,IndiGo,1,9634,INR,0,,14:40,14,16:55,16,False,135,135,0,Airbus A321neo,92.0,113.0
2026-10-06,2026-10-06 16:20,2026-12-05,60,HYD,DEL,HYD-DEL,6E,IndiGo,1,9634,INR,0,,17:50,17,20:05,20,False,135,135,0,Airbus A321neo,92.0,113.0
2026-10-06,2026-10-06 16:20,2026-12-05,60,HYD,DEL,HYD-DEL,6E,IndiGo,1,9634,INR,0,,21:10,21,23:25,23,False,135,135,0,Airbus A321neo,92.0,113.0
2026-10-06,2026-10-06 16:20,2026-12-05,60,HYD,DEL,HYD-DEL,6E,IndiGo,1,9634,INR,0,,22:40,22,00:55,0,True,135,135,0,Airbus A321neo,92.0,113.0
2026-10-06,2026-10-06 16:20,2026-12-05,60,HYD,DEL,HYD-DEL,QP,Akasa Air,1,9789,INR,0,,06:00,6,08:15,8,False,135,135,0,Boeing 737MAX 8 Passenger,95.0,113.0
2026-10-06,2026-10-06 16:20,2026-12-05,60,HYD,DEL,HYD-DEL,AI,Air India,1,9971,INR,0,,19:25,19,21:45,21,False,140,140,0,Airbus A350,104.0,113.0
2026-10-06,2026-10-06 16:20,2026-12-05,60,HYD,DEL,HYD-DEL,6E,IndiGo,1,10175,INR,0,,01:40,1,04:00,4,False,140,140,0,Airbus A321neo,92.0,113.0
2026-10-06,2026-10-06 16:20,2026-12-05,60,HYD,DEL,HYD-DEL,6E,IndiGo,1,10175,INR,0,,05:05,5,07:25,7,False,140,140,0,Airbus A321neo,92.0,113.0
2026-10-06,2026-10-06 16:20,2026-12-05,60,HYD,DEL,HYD-DEL,6E,IndiGo,1,10175,INR,0,,06:45,6,09:05,9,False,140,140,0,Airbus A321neo,92.0,113.0
2026-10-06,2026-10-06 16:20,2026-12-05,60,HYD,DEL,HYD-DEL,6E,IndiGo,1,10175,INR,0,,08:30,8,10:50,10,False,140,140,0,Airbus A321neo,92.0,113.0
2026-10-06,2026-10-06 16:20,2026-12-05,60,HYD,DEL,HYD-DEL,6E,IndiGo,1,10175,INR,0,,09:40,9,12:10,12,False,150,150,0,Airbus A321neo,92.0,113.0
2026-10-06,2026-10-06 16:20,2026-12-05,60,HYD,DEL,HYD-DEL,6E,IndiGo,1,10175,INR,0,,16:30,16,18:50,18,False,140,140,0,Airbus A321neo,92.0,113.0
2026-10-06,2026-10-06 16:20,2026-12-05,60,HYD,DEL,HYD-DEL,6E,IndiGo,1,10175,INR,0,,19:15,19,21:25,21,False,130,130,0,Airbus A321neo,92.0,113.0
2026-10-06,2026-10-06 16:20,2026-12-05,60,HYD,DEL,HYD-DEL,AI,Air India,1,10218,INR,0,,05:30,5,07:50,7,False,140,140,0,Airbus A320neo,107.0,113.0
2026-10-06,2026-10-06 16:20,2026-12-05,60,HYD,DEL,HYD-DEL,AI,Air India,1,10386,INR,0,,08:35,8,10:55,10,False,140,140,0,Airbus A320neo,107.0,113.0
2026-10-06,2026-10-06 16:20,2026-12-05,60,HYD,DEL,HYD-DEL,AI,Air India,1,10386,INR,0,,10:15,10,12:35,12,False,140,140,0,Airbus A320neo,107.0,113.0
2026-10-06,2026-10-06 16:20,2026-12-05,60,HYD,DEL,HYD-DEL,SG,SpiceJet,1,13107,INR,0,,19:30,19,21:55,21,False,145,145,0,Boeing 737,108.0,113.0
